date,year,month,day,x_bng,y_bng,latitude,longitude,dist_from_uni_m,rainfall_mm
2023-01-01,2023,1,1,257500.0,662500.0,55.83467987242347,-4.275570996161421,4290.841991963815,0.1675152707579178
2023-01-01,2023,1,1,262500.0,662500.0,55.83613012441601,-4.195793465818992,2929.3898682148815,0.1666926059372691
2023-01-01,2023,1,1,257500.0,667500.0,55.879574159628305,-4.278197631229293,4283.844651711825,0.16746626480770185
2023-01-01,2023,1,1,262500.0,667500.0,55.88102684588964,-4.198328199669799,2919.1308638017586,0.15720209168466878
2023-01-02,2023,1,2,257500.0,662500.0,55.83467987242347,-4.275570996161421,4290.841991963815,0.5736699455996134
2023-01-02,2023,1,2,262500.0,662500.0,55.83613012441601,-4.195793465818992,2929.3898682148815,0.46074335842816294
2023-01-02,2023,1,2,257500.0,667500.0,55.879574159628305,-4.278197631229293,4283.844651711825,0.766972477002521
2023-01-02,2023,1,2,262500.0,667500.0,55.88102684588964,-4.198328199669799,2919.1308638017586,0.6560589518602332
2023-01-03,2023,1,3,257500.0,662500.0,55.83467987242347,-4.275570996161421,4290.841991963815,9.312789132748152
2023-01-03,2023,1,3,262500.0,662500.0,55.83613012441601,-4.195793465818992,2929.3898682148815,6.745653566820489
2023-01-03,2023,1,3,257500.0,667500.0,55.879574159628305,-4.278197631229293,4283.844651711825,11.3381151538366
2023-01-03,2023,1,3,262500.0,667500.0,55.88102684588964,-4.198328199669799,2919.1308638017586,9.29945292936749
2023-01-04,2023,1,4,257500.0,662500.0,55.83467987242347,-4.275570996161421,4290.841991963815,1.5780720857784274
2023-01-04,2023,1,4,262500.0,662500.0,55.83613012441601,-4.195793465818992,2929.3898682148815,0.8928149573850267
2023-01-04,2023,1,4,257500.0,667500.0,55.879574159628305,-4.278197631229293,4283.844651711825,1.279643941415151
2023-01-04,2023,1,4,262500.0,667500.0,55.88102684588964,-4.198328199669799,2919.1308638017586,1.1432881012905172
2023-01-05,2023,1,5,257500.0,662500.0,55.83467987242347,-4.275570996161421,4290.841991963815,9.71686967585447
2023-01-05,2023,1,5,262500.0,662500.0,55.83613012441601,-4.195793465818992,2929.3898682148815,9.461843153163077
2023-01-05,2023,1,5,257500.0,667500.0,55.879574159628305,-4.278197631229293,4283.844651711825,7.742297393157463
2023-01-05,2023,1,5,262500.0,667500.0,55.88102684588964,-4.198328199669799,2919.1308638017586,9.405333444030266
2023-01-06,2023,1,6,257500.0,662500.0,55.83467987242347,-4.275570996161421,4290.841991963815,6.977404226653875
2023-01-06,2023,1,6,262500.0,662500.0,55.83613012441601,-4.195793465818992,2929.3898682148815,5.7605302673043095
2023-01-06,2023,1,6,257500.0,667500.0,55.879574159628305,-4.278197631229293,4283.844651711825,7.737501231733382
2023-01-06,2023,1,6,262500.0,667500.0,55.88102684588964,-4.198328199669799,2919.1308638017586,6.877929078665993
2023-01-07,2023,1,7,257500.0,662500.0,55.83467987242347,-4.275570996161421,4290.841991963815,1.3207625346292222
2023-01-07,2023,1,7,262500.0,662500.0,55.83613012441601,-4.195793465818992,2929.3898682148815,0.9877611159782981
2023-01-07,2023,1,7,257500.0,667500.0,55.879574159628305,-4.278197631229293,4283.844651711825,1.2567600920443085
2023-01-07,2023,1,7,262500.0,667500.0,55.88102684588964,-4.198328199669799,2919.1308638017586,1.1953249054773167
2023-01-08,2023,1,8,257500.0,662500.0,55.83467987242347,-4.275570996161421,4290.841991963815,2.238948681040284
2023-01-08,2023,1,8,262500.0,662500.0,55.83613012441601,-4.195793465818992,2929.3898682148815,1.642163673866794
2023-01-08,2023,1,8,257500.0,667500.0,55.879574159628305,-4.278197631229293,4283.844651711825,2.7297172698359726
2023-01-08,2023,1,8,262500.0,667500.0,55.88102684588964,-4.198328199669799,2919.1308638017586,2.1297020209952855
2023-01-09,2023,1,9,257500.0,662500.0,55.83467987242347,-4.275570996161421,4290.841991963815,6.651628282636074
2023-01-09,2023,1,9,262500.0,662500.0,55.83613012441601,-4.195793465818992,2929.3898682148815,6.438422293598905
2023-01-09,2023,1,9,257500.0,667500.0,55.879574159628305,-4.278197631229293,4283.844651711825,6.683414939780847
2023-01-09,2023,1,9,262500.0,667500.0,55.88102684588964,-4.198328199669799,2919.1308638017586,6.226279769902201
2023-01-10,2023,1,10,257500.0,662500.0,55.83467987242347,-4.275570996161421,4290.841991963815,13.3451909746217
2023-01-10,2023,1,10,262500.0,662500.0,55.83613012441601,-4.195793465818992,2929.3898682148815,11.906164155083463
2023-01-10,2023,1,10,257500.0,667500.0,55.879574159628305,-4.278197631229293,4283.844651711825,15.67894568564053
2023-01-10,2023,1,10,262500.0,667500.0,55.88102684588964,-4.198328199669799,2919.1308638017586,13.341273735862234
2023-01-11,2023,1,11,257500.0,662500.0,55.83467987242347,-4.275570996161421,4290.841991963815,3.7245072113027686
2023-01-11,2023,1,11,262500.0,662500.0,55.83613012441601,-4.195793465818992,2929.3898682148815,3.0917574049141057
2023-01-11,2023,1,11,257500.0,667500.0,55.879574159628305,-4.278197631229293,4283.844651711825,4.5194876510941215
2023-01-11,2023,1,11,262500.0,667500.0,55.88102684588964,-4.198328199669799,2919.1308638017586,4.345066154097258
2023-01-12,2023,1,12,257500.0,662500.0,55.83467987242347,-4.275570996161421,4290.841991963815,8.968669520743324
2023-01-12,2023,1,12,262500.0,662500.0,55.83613012441601,-4.195793465818992,2929.3898682148815,7.4785099001844095
2023-01-12,2023,1,12,257500.0,667500.0,55.879574159628305,-4.278197631229293,4283.844651711825,9.29033657742908
2023-01-12,2023,1,12,262500.0,667500.0,55.88102684588964,-4.198328199669799,2919.1308638017586,8.803374334050947
2023-01-13,2023,1,13,257500.0,662500.0,55.83467987242347,-4.275570996161421,4290.841991963815,10.53442298566801
2023-01-13,2023,1,13,262500.0,662500.0,55.83613012441601,-4.195793465818992,2929.3898682148815,9.50993272680992
2023-01-13,2023,1,13,257500.0,667500.0,55.879574159628305,-4.278197631229293,4283.844651711825,11.969109240427356
2023-01-13,2023,1,13,262500.0,667500.0,55.88102684588964,-4.198328199669799,2919.1308638017586,11.30866968318562
2023-01-14,2023,1,14,257500.0,662500.0,55.83467987242347,-4.275570996161421,4290.841991963815,8.961898871341193
2023-01-14,2023,1,14,262500.0,662500.0,55.83613012441601,-4.195793465818992,2929.3898682148815,7.049371107250293
2023-01-14,2023,1,14,257500.0,667500.0,55.879574159628305,-4.278197631229293,4283.844651711825,6.425148467550077
2023-01-14,2023,1,14,262500.0,667500.0,55.88102684588964,-4.198328199669799,2919.1308638017586,7.173835608613014
2023-01-15,2023,1,15,257500.0,662500.0,55.83467987242347,-4.275570996161421,4290.841991963815,0.2766154017679717
2023-01-15,2023,1,15,262500.0,662500.0,55.83613012441601,-4.195793465818992,2929.3898682148815,0.28562456775205725
2023-01-15,2023,1,15,257500.0,667500.0,55.879574159628305,-4.278197631229293,4283.844651711825,0.12449497812855301
2023-01-15,2023,1,15,262500.0,667500.0,55.88102684588964,-4.198328199669799,2919.1308638017586,0.2750003445039206
2023-01-16,2023,1,16,257500.0,662500.0,55.83467987242347,-4.275570996161421,4290.841991963815,0.0003480401994089951
2023-01-16,2023,1,16,262500.0,662500.0,55.83613012441601,-4.195793465818992,2929.3898682148815,9.490823134451128e-05
2023-01-16,2023,1,16,257500.0,667500.0,55.879574159628305,-4.278197631229293,4283.844651711825,0.0003075003699223709
2023-01-16,2023,1,16,262500.0,667500.0,55.88102684588964,-4.198328199669799,2919.1308638017586,0.000450730447239257
2023-01-17,2023,1,17,257500.0,662500.0,55.83467987242347,-4.275570996161421,4290.841991963815,0.012002327419936579
2023-01-17,2023,1,17,262500.0,662500.0,55.83613012441601,-4.195793465818992,2929.3898682148815,0.0024710656204035963
2023-01-17,2023,1,17,257500.0,667500.0,55.879574159628305,-4.278197631229293,4283.844651711825,0.010970017159583633
2023-01-17,2023,1,17,262500.0,667500.0,55.88102684588964,-4.198328199669799,2919.1308638017586,0.010553195292272943
2023-01-18,2023,1,18,257500.0,662500.0,55.83467987242347,-4.275570996161421,4290.841991963815,0.000992563412502457
2023-01-18,2023,1,18,262500.0,662500.0,55.83613012441601,-4.195793465818992,2929.3898682148815,0.00019491339262212774
2023-01-18,2023,1,18,257500.0,667500.0,55.879574159628305,-4.278197631229293,4283.844651711825,0.0014020400504314145
2023-01-18,2023,1,18,262500.0,667500.0,55.88102684588964,-4.198328199669799,2919.1308638017586,0.0013869529877492408
2023-01-19,2023,1,19,257500.0,662500.0,55.83467987242347,-4.275570996161421,4290.841991963815,0.0042856052451372365
2023-01-19,2023,1,19,262500.0,662500.0,55.83613012441601,-4.195793465818992,2929.3898682148815,0.0016855475632658974
2023-01-19,2023,1,19,257500.0,667500.0,55.879574159628305,-4.278197631229293,4283.844651711825,0.0044674751253402905
2023-01-19,2023,1,19,262500.0,667500.0,55.88102684588964,-4.198328199669799,2919.1308638017586,0.00944928925990614
2023-01-20,2023,1,20,257500.0,662500.0,55.83467987242347,-4.275570996161421,4290.841991963815,0.15123672364594737
2023-01-20,2023,1,20,262500.0,662500.0,55.83613012441601,-4.195793465818992,2929.3898682148815,0.19837289179446033
2023-01-20,2023,1,20,257500.0,667500.0,55.879574159628305,-4.278197631229293,4283.844651711825,0.17164439558812375
2023-01-20,2023,1,20,262500.0,667500.0,55.88102684588964,-4.198328199669799,2919.1308638017586,0.18043357921419612
2023-01-21,2023,1,21,257500.0,662500.0,55.83467987242347,-4.275570996161421,4290.841991963815,0.4628196376055908
2023-01-21,2023,1,21,262500.0,662500.0,55.83613012441601,-4.195793465818992,2929.3898682148815,0.23816788392851204
2023-01-21,2023,1,21,257500.0,667500.0,55.879574159628305,-4.278197631229293,4283.844651711825,0.8937631910652724
2023-01-21,2023,1,21,262500.0,667500.0,55.88102684588964,-4.198328199669799,2919.1308638017586,0.5637498082974937
2023-01-22,2023,1,22,257500.0,662500.0,55.83467987242347,-4.275570996161421,4290.841991963815,1.3801589970991723
2023-01-22,2023,1,22,262500.0,662500.0,55.83613012441601,-4.195793465818992,2929.3898682148815,0.1626222505148556
2023-01-22,2023,1,22,257500.0,667500.0,55.879574159628305,-4.278197631229293,4283.844651711825,1.9482414297222426
2023-01-22,2023,1,22,262500.0,667500.0,55.88102684588964,-4.198328199669799,2919.1308638017586,1.3329256503607496
2023-01-23,2023,1,23,257500.0,662500.0,55.83467987242347,-4.275570996161421,4290.841991963815,0.5159667064399311
2023-01-23,2023,1,23,262500.0,662500.0,55.83613012441601,-4.195793465818992,2929.3898682148815,0.2467367063936874
2023-01-23,2023,1,23,257500.0,667500.0,55.879574159628305,-4.278197631229293,4283.844651711825,0.914597517845131
2023-01-23,2023,1,23,262500.0,667500.0,55.88102684588964,-4.198328199669799,2919.1308638017586,0.6078280555482606
2023-01-24,2023,1,24,257500.0,662500.0,55.83467987242347,-4.275570996161421,4290.841991963815,1.6666003088828185
2023-01-24,2023,1,24,262500.0,662500.0,55.83613012441601,-4.195793465818992,2929.3898682148815,1.1167829629002146
2023-01-24,2023,1,24,257500.0,667500.0,55.879574159628305,-4.278197631229293,4283.844651711825,2.061455612979745
2023-01-24,2023,1,24,262500.0,667500.0,55.88102684588964,-4.198328199669799,2919.1308638017586,2.178643354867125
2023-01-25,2023,1,25,257500.0,662500.0,55.83467987242347,-4.275570996161421,4290.841991963815,0.030197474134033744
2023-01-25,2023,1,25,262500.0,662500.0,55.83613012441601,-4.195793465818992,2929.3898682148815,0.012067772439128674
2023-01-25,2023,1,25,257500.0,667500.0,55.879574159628305,-4.278197631229293,4283.844651711825,0.022077171386054584
2023-01-25,2023,1,25,262500.0,667500.0,55.88102684588964,-4.198328199669799,2919.1308638017586,0.03769775903901046
2023-01-26,2023,1,26,257500.0,662500.0,55.83467987242347,-4.275570996161421,4290.841991963815,0.1605105667684718
2023-01-26,2023,1,26,262500.0,662500.0,55.83613012441601,-4.195793465818992,2929.3898682148815,0.1640045562235664
2023-01-26,2023,1,26,257500.0,667500.0,55.879574159628305,-4.278197631229293,4283.844651711825,0.15490325824945528
2023-01-26,2023,1,26,262500.0,667500.0,55.88102684588964,-4.198328199669799,2919.1308638017586,0.13542732984288294
2023-01-27,2023,1,27,257500.0,662500.0,55.83467987242347,-4.275570996161421,4290.841991963815,0.729291502692848
2023-01-27,2023,1,27,262500.0,662500.0,55.83613012441601,-4.195793465818992,2929.3898682148815,0.8047286920889922
2023-01-27,2023,1,27,257500.0,667500.0,55.879574159628305,-4.278197631229293,4283.844651711825,0.9716482266726033
2023-01-27,2023,1,27,262500.0,667500.0,55.88102684588964,-4.198328199669799,2919.1308638017586,0.7900519405605526
2023-01-28,2023,1,28,257500.0,662500.0,55.83467987242347,-4.275570996161421,4290.841991963815,0.04318545362430294
2023-01-28,2023,1,28,262500.0,662500.0,55.83613012441601,-4.195793465818992,2929.3898682148815,0.004036630098388921
2023-01-28,2023,1,28,257500.0,667500.0,55.879574159628305,-4.278197631229293,4283.844651711825,0.01907962289900686
2023-01-28,2023,1,28,262500.0,667500.0,55.88102684588964,-4.198328199669799,2919.1308638017586,0.03803209365158474
2023-01-29,2023,1,29,257500.0,662500.0,55.83467987242347,-4.275570996161421,4290.841991963815,4.233939424460979
2023-01-29,2023,1,29,262500.0,662500.0,55.83613012441601,-4.195793465818992,2929.3898682148815,4.094379354641128
2023-01-29,2023,1,29,257500.0,667500.0,55.879574159628305,-4.278197631229293,4283.844651711825,4.372565829066834
2023-01-29,2023,1,29,262500.0,667500.0,55.88102684588964,-4.198328199669799,2919.1308638017586,3.9547491513765025
2023-01-30,2023,1,30,257500.0,662500.0,55.83467987242347,-4.275570996161421,4290.841991963815,4.870767175635468
2023-01-30,2023,1,30,262500.0,662500.0,55.83613012441601,-4.195793465818992,2929.3898682148815,4.531931043246491
2023-01-30,2023,1,30,257500.0,667500.0,55.879574159628305,-4.278197631229293,4283.844651711825,5.259401668352934
2023-01-30,2023,1,30,262500.0,667500.0,55.88102684588964,-4.198328199669799,2919.1308638017586,5.412863846728842
2023-01-31,2023,1,31,257500.0,662500.0,55.83467987242347,-4.275570996161421,4290.841991963815,15.343873959013676
2023-01-31,2023,1,31,262500.0,662500.0,55.83613012441601,-4.195793465818992,2929.3898682148815,16.24251613446776
2023-01-31,2023,1,31,257500.0,667500.0,55.879574159628305,-4.278197631229293,4283.844651711825,15.377922881091314
2023-01-31,2023,1,31,262500.0,667500.0,55.88102684588964,-4.198328199669799,2919.1308638017586,15.447877840080539
2023-02-01,2023,2,1,257500.0,662500.0,55.83467987242347,-4.275570996161421,4290.841991963815,4.072086024769757
2023-02-01,2023,2,1,262500.0,662500.0,55.83613012441601,-4.195793465818992,2929.3898682148815,3.4740060200029905
2023-02-01,2023,2,1,257500.0,667500.0,55.879574159628305,-4.278197631229293,4283.844651711825,4.40936077408063
2023-02-01,2023,2,1,262500.0,667500.0,55.88102684588964,-4.198328199669799,2919.1308638017586,4.40048346398494
2023-02-02,2023,2,2,257500.0,662500.0,55.83467987242347,-4.275570996161421,4290.841991963815,3.321292947563593
2023-02-02,2023,2,2,262500.0,662500.0,55.83613012441601,-4.195793465818992,2929.3898682148815,3.43299122856902
2023-02-02,2023,2,2,257500.0,667500.0,55.879574159628305,-4.278197631229293,4283.844651711825,1.574354575269861
2023-02-02,2023,2,2,262500.0,667500.0,55.88102684588964,-4.198328199669799,2919.1308638017586,2.3923669213736627
2023-02-03,2023,2,3,257500.0,662500.0,55.83467987242347,-4.275570996161421,4290.841991963815,0.13699296061090963
2023-02-03,2023,2,3,262500.0,662500.0,55.83613012441601,-4.195793465818992,2929.3898682148815,0.08128021472073538
2023-02-03,2023,2,3,257500.0,667500.0,55.879574159628305,-4.278197631229293,4283.844651711825,0.3433774940440209
2023-02-03,2023,2,3,262500.0,667500.0,55.88102684588964,-4.198328199669799,2919.1308638017586,0.2629046512751981
2023-02-04,2023,2,4,257500.0,662500.0,55.83467987242347,-4.275570996161421,4290.841991963815,0.9521621224163941
2023-02-04,2023,2,4,262500.0,662500.0,55.83613012441601,-4.195793465818992,2929.3898682148815,0.8393996315048847
2023-02-04,2023,2,4,257500.0,667500.0,55.879574159628305,-4.278197631229293,4283.844651711825,0.9326915875597148
2023-02-04,2023,2,4,262500.0,667500.0,55.88102684588964,-4.198328199669799,2919.1308638017586,0.9777238371833179
2023-02-05,2023,2,5,257500.0,662500.0,55.83467987242347,-4.275570996161421,4290.841991963815,0.07865133243392125
2023-02-05,2023,2,5,262500.0,662500.0,55.83613012441601,-4.195793465818992,2929.3898682148815,0.1924752397336074
2023-02-05,2023,2,5,257500.0,667500.0,55.879574159628305,-4.278197631229293,4283.844651711825,0.06316377556674505
2023-02-05,2023,2,5,262500.0,667500.0,55.88102684588964,-4.198328199669799,2919.1308638017586,0.1605406839140366
2023-02-06,2023,2,6,257500.0,662500.0,55.83467987242347,-4.275570996161421,4290.841991963815,0.06448296068564412
2023-02-06,2023,2,6,262500.0,662500.0,55.83613012441601,-4.195793465818992,2929.3898682148815,0.009548441626399909
2023-02-06,2023,2,6,257500.0,667500.0,55.879574159628305,-4.278197631229293,4283.844651711825,0.050454224577187436
2023-02-06,2023,2,6,262500.0,667500.0,55.88102684588964,-4.198328199669799,2919.1308638017586,0.05438462592824556
2023-02-07,2023,2,7,257500.0,662500.0,55.83467987242347,-4.275570996161421,4290.841991963815,0.07967424313760105
2023-02-07,2023,2,7,262500.0,662500.0,55.83613012441601,-4.195793465818992,2929.3898682148815,0.05226715648163208
2023-02-07,2023,2,7,257500.0,667500.0,55.879574159628305,-4.278197631229293,4283.844651711825,0.2728257629865661
2023-02-07,2023,2,7,262500.0,667500.0,55.88102684588964,-4.198328199669799,2919.1308638017586,0.20892419515009686
2023-02-08,2023,2,8,257500.0,662500.0,55.83467987242347,-4.275570996161421,4290.841991963815,2.8140469954945075
2023-02-08,2023,2,8,262500.0,662500.0,55.83613012441601,-4.195793465818992,2929.3898682148815,2.6002544594516257
2023-02-08,2023,2,8,257500.0,667500.0,55.879574159628305,-4.278197631229293,4283.844651711825,2.889164313584838
2023-02-08,2023,2,8,262500.0,667500.0,55.88102684588964,-4.198328199669799,2919.1308638017586,2.871908727937758
2023-02-09,2023,2,9,257500.0,662500.0,55.83467987242347,-4.275570996161421,4290.841991963815,1.0681414138105092
2023-02-09,2023,2,9,262500.0,662500.0,55.83613012441601,-4.195793465818992,2929.3898682148815,0.44438393609660837
2023-02-09,2023,2,9,257500.0,667500.0,55.879574159628305,-4.278197631229293,4283.844651711825,0.7523772323598786
2023-02-09,2023,2,9,262500.0,667500.0,55.88102684588964,-4.198328199669799,2919.1308638017586,0.8894763967434635
2023-02-10,2023,2,10,257500.0,662500.0,55.83467987242347,-4.275570996161421,4290.841991963815,1.1788260159056796
2023-02-10,2023,2,10,262500.0,662500.0,55.83613012441601,-4.195793465818992,2929.3898682148815,0.6573069298206979
2023-02-10,2023,2,10,257500.0,667500.0,55.879574159628305,-4.278197631229293,4283.844651711825,0.7993500112549756
2023-02-10,2023,2,10,262500.0,667500.0,55.88102684588964,-4.198328199669799,2919.1308638017586,1.132439636100388
2023-02-11,2023,2,11,257500.0,662500.0,55.83467987242347,-4.275570996161421,4290.841991963815,0.23397825912261205
2023-02-11,2023,2,11,262500.0,662500.0,55.83613012441601,-4.195793465818992,2929.3898682148815,0.1717977616973076
2023-02-11,2023,2,11,257500.0,667500.0,55.879574159628305,-4.278197631229293,4283.844651711825,0.09677089033419921
2023-02-11,2023,2,11,262500.0,667500.0,55.88102684588964,-4.198328199669799,2919.1308638017586,0.14207165360263066
2023-02-12,2023,2,12,257500.0,662500.0,55.83467987242347,-4.275570996161421,4290.841991963815,0.00021852011153225914
2023-02-12,2023,2,12,262500.0,662500.0,55.83613012441601,-4.195793465818992,2929.3898682148815,0.00010402384897860331
2023-02-12,2023,2,12,257500.0,667500.0,55.879574159628305,-4.278197631229293,4283.844651711825,0.0013693894715007687
2023-02-12,2023,2,12,262500.0,667500.0,55.88102684588964,-4.198328199669799,2919.1308638017586,0.0013853049075243883
2023-02-13,2023,2,13,257500.0,662500.0,55.83467987242347,-4.275570996161421,4290.841991963815,3.2301870289258215e-05
2023-02-13,2023,2,13,262500.0,662500.0,55.83613012441601,-4.195793465818992,2929.3898682148815,4.5433968932273896e-05
2023-02-13,2023,2,13,257500.0,667500.0,55.879574159628305,-4.278197631229293,4283.844651711825,0.00010695006355488172
2023-02-13,2023,2,13,262500.0,667500.0,55.88102684588964,-4.198328199669799,2919.1308638017586,0.0002502005532679992
2023-02-14,2023,2,14,257500.0,662500.0,55.83467987242347,-4.275570996161421,4290.841991963815,1.850628108603428
2023-02-14,2023,2,14,262500.0,662500.0,55.83613012441601,-4.195793465818992,2929.3898682148815,1.3979631626761975
2023-02-14,2023,2,14,257500.0,667500.0,55.879574159628305,-4.278197631229293,4283.844651711825,1.7565170702708228
2023-02-14,2023,2,14,262500.0,667500.0,55.88102684588964,-4.198328199669799,2919.1308638017586,1.6010035684385078
2023-02-15,2023,2,15,257500.0,662500.0,55.83467987242347,-4.275570996161421,4290.841991963815,0.5592334195584746
2023-02-15,2023,2,15,262500.0,662500.0,55.83613012441601,-4.195793465818992,2929.3898682148815,0.5292777422070764
2023-02-15,2023,2,15,257500.0,667500.0,55.879574159628305,-4.278197631229293,4283.844651711825,0.907218033308099
2023-02-15,2023,2,15,262500.0,667500.0,55.88102684588964,-4.198328199669799,2919.1308638017586,0.8334185403271751
2023-02-16,2023,2,16,257500.0,662500.0,55.83467987242347,-4.275570996161421,4290.841991963815,12.29574692446481
2023-02-16,2023,2,16,262500.0,662500.0,55.83613012441601,-4.195793465818992,2929.3898682148815,9.704802807378165
2023-02-16,2023,2,16,257500.0,667500.0,55.879574159628305,-4.278197631229293,4283.844651711825,13.067240263127204
2023-02-16,2023,2,16,262500.0,667500.0,55.88102684588964,-4.198328199669799,2919.1308638017586,12.926827301275141
2023-02-17,2023,2,17,257500.0,662500.0,55.83467987242347,-4.275570996161421,4290.841991963815,10.615844477359683
2023-02-17,2023,2,17,262500.0,662500.0,55.83613012441601,-4.195793465818992,2929.3898682148815,10.856382471003897
2023-02-17,2023,2,17,257500.0,667500.0,55.879574159628305,-4.278197631229293,4283.844651711825,10.86782990178456
2023-02-17,2023,2,17,262500.0,667500.0,55.88102684588964,-4.198328199669799,2919.1308638017586,11.331649647400537
2023-02-18,2023,2,18,257500.0,662500.0,55.83467987242347,-4.275570996161421,4290.841991963815,3.7342695672354145
2023-02-18,2023,2,18,262500.0,662500.0,55.83613012441601,-4.195793465818992,2929.3898682148815,3.2430712616373167
2023-02-18,2023,2,18,257500.0,667500.0,55.879574159628305,-4.278197631229293,4283.844651711825,3.259964388165128
2023-02-18,2023,2,18,262500.0,667500.0,55.88102684588964,-4.198328199669799,2919.1308638017586,3.252161071809742
2023-02-19,2023,2,19,257500.0,662500.0,55.83467987242347,-4.275570996161421,4290.841991963815,0.16791863453750977
2023-02-19,2023,2,19,262500.0,662500.0,55.83613012441601,-4.195793465818992,2929.3898682148815,0.04688350148077956
2023-02-19,2023,2,19,257500.0,667500.0,55.879574159628305,-4.278197631229293,4283.844651711825,0.4390142232986164
2023-02-19,2023,2,19,262500.0,667500.0,55.88102684588964,-4.198328199669799,2919.1308638017586,0.5900627124494084
2023-02-20,2023,2,20,257500.0,662500.0,55.83467987242347,-4.275570996161421,4290.841991963815,1.5096210743426755
2023-02-20,2023,2,20,262500.0,662500.0,55.83613012441601,-4.195793465818992,2929.3898682148815,0.2291890710514375
2023-02-20,2023,2,20,257500.0,667500.0,55.879574159628305,-4.278197631229293,4283.844651711825,1.549710867495838
2023-02-20,2023,2,20,262500.0,667500.0,55.88102684588964,-4.198328199669799,2919.1308638017586,1.5338138929489014
2023-02-21,2023,2,21,257500.0,662500.0,55.83467987242347,-4.275570996161421,4290.841991963815,2.5186159530962393
2023-02-21,2023,2,21,262500.0,662500.0,55.83613012441601,-4.195793465818992,2929.3898682148815,2.400076348603782
2023-02-21,2023,2,21,257500.0,667500.0,55.879574159628305,-4.278197631229293,4283.844651711825,2.035323236065961
2023-02-21,2023,2,21,262500.0,667500.0,55.88102684588964,-4.198328199669799,2919.1308638017586,2.329109960251168
2023-02-22,2023,2,22,257500.0,662500.0,55.83467987242347,-4.275570996161421,4290.841991963815,0.003665844948217821
2023-02-22,2023,2,22,262500.0,662500.0,55.83613012441601,-4.195793465818992,2929.3898682148815,0.0031685843278651247
2023-02-22,2023,2,22,257500.0,667500.0,55.879574159628305,-4.278197631229293,4283.844651711825,0.006689142234093265
2023-02-22,2023,2,22,262500.0,667500.0,55.88102684588964,-4.198328199669799,2919.1308638017586,0.012991154521718838
2023-02-23,2023,2,23,257500.0,662500.0,55.83467987242347,-4.275570996161421,4290.841991963815,0.05089642315870215
2023-02-23,2023,2,23,262500.0,662500.0,55.83613012441601,-4.195793465818992,2929.3898682148815,0.003240339389224478
2023-02-23,2023,2,23,257500.0,667500.0,55.879574159628305,-4.278197631229293,4283.844651711825,0.01812335041028209
2023-02-23,2023,2,23,262500.0,667500.0,55.88102684588964,-4.198328199669799,2919.1308638017586,0.011914729112608385
2023-02-24,2023,2,24,257500.0,662500.0,55.83467987242347,-4.275570996161421,4290.841991963815,4.343387307514662e-06
2023-02-24,2023,2,24,262500.0,662500.0,55.83613012441601,-4.195793465818992,2929.3898682148815,0.0
2023-02-24,2023,2,24,257500.0,667500.0,55.879574159628305,-4.278197631229293,4283.844651711825,1.7800386917140443e-05
2023-02-24,2023,2,24,262500.0,667500.0,55.88102684588964,-4.198328199669799,2919.1308638017586,2.8347867954679247e-06
2023-02-25,2023,2,25,257500.0,662500.0,55.83467987242347,-4.275570996161421,4290.841991963815,7.030191756875226e-05
2023-02-25,2023,2,25,262500.0,662500.0,55.83613012441601,-4.195793465818992,2929.3898682148815,5.479855651736206e-05
2023-02-25,2023,2,25,257500.0,667500.0,55.879574159628305,-4.278197631229293,4283.844651711825,0.00015556673965004276
2023-02-25,2023,2,25,262500.0,667500.0,55.88102684588964,-4.198328199669799,2919.1308638017586,0.0002230681942254136
2023-02-26,2023,2,26,257500.0,662500.0,55.83467987242347,-4.275570996161421,4290.841991963815,8.701954096817587e-05
2023-02-26,2023,2,26,262500.0,662500.0,55.83613012441601,-4.195793465818992,2929.3898682148815,0.00012365641536783026
2023-02-26,2023,2,26,257500.0,667500.0,55.879574159628305,-4.278197631229293,4283.844651711825,0.00019485795189009398
2023-02-26,2023,2,26,262500.0,667500.0,55.88102684588964,-4.198328199669799,2919.1308638017586,0.0004971785879462672
2023-02-27,2023,2,27,257500.0,662500.0,55.83467987242347,-4.275570996161421,4290.841991963815,0.00949807121404429
2023-02-27,2023,2,27,262500.0,662500.0,55.83613012441601,-4.195793465818992,2929.3898682148815,0.005180219571978714
2023-02-27,2023,2,27,257500.0,667500.0,55.879574159628305,-4.278197631229293,4283.844651711825,0.010418644424103765
2023-02-27,2023,2,27,262500.0,667500.0,55.88102684588964,-4.198328199669799,2919.1308638017586,0.01441784316707543
2023-02-28,2023,2,28,257500.0,662500.0,55.83467987242347,-4.275570996161421,4290.841991963815,3.066806557291466e-05
2023-02-28,2023,2,28,262500.0,662500.0,55.83613012441601,-4.195793465818992,2929.3898682148815,3.413007973934351e-05
2023-02-28,2023,2,28,257500.0,667500.0,55.879574159628305,-4.278197631229293,4283.844651711825,5.4240440224464544e-05
2023-02-28,2023,2,28,262500.0,667500.0,55.88102684588964,-4.198328199669799,2919.1308638017586,9.621194689868855e-05
2023-03-01,2023,3,1,257500.0,662500.0,55.83467987242347,-4.275570996161421,4290.841991963815,0.001364856957853119
2023-03-01,2023,3,1,262500.0,662500.0,55.83613012441601,-4.195793465818992,2929.3898682148815,0.0024067518137401876
2023-03-01,2023,3,1,257500.0,667500.0,55.879574159628305,-4.278197631229293,4283.844651711825,0.0032698222778251565
2023-03-01,2023,3,1,262500.0,667500.0,55.88102684588964,-4.198328199669799,2919.1308638017586,0.012355447903987406
2023-03-02,2023,3,2,257500.0,662500.0,55.83467987242347,-4.275570996161421,4290.841991963815,0.025948428112086624
2023-03-02,2023,3,2,262500.0,662500.0,55.83613012441601,-4.195793465818992,2929.3898682148815,0.05944757599791611
2023-03-02,2023,3,2,257500.0,667500.0,55.879574159628305,-4.278197631229293,4283.844651711825,0.043697873917422414
2023-03-02,2023,3,2,262500.0,667500.0,55.88102684588964,-4.198328199669799,2919.1308638017586,0.13628368840817143
2023-03-03,2023,3,3,257500.0,662500.0,55.83467987242347,-4.275570996161421,4290.841991963815,3.8737984504125815e-06
2023-03-03,2023,3,3,262500.0,662500.0,55.83613012441601,-4.195793465818992,2929.3898682148815,0.0
2023-03-03,2023,3,3,257500.0,667500.0,55.879574159628305,-4.278197631229293,4283.844651711825,0.0
2023-03-03,2023,3,3,262500.0,667500.0,55.88102684588964,-4.198328199669799,2919.1308638017586,0.0
2023-03-04,2023,3,4,257500.0,662500.0,55.83467987242347,-4.275570996161421,4290.841991963815,0.0008245820319259791
2023-03-04,2023,3,4,262500.0,662500.0,55.83613012441601,-4.195793465818992,2929.3898682148815,0.00041309711975206045
2023-03-04,2023,3,4,257500.0,667500.0,55.879574159628305,-4.278197631229293,4283.844651711825,0.0015732503351994017
2023-03-04,2023,3,4,262500.0,667500.0,55.88102684588964,-4.198328199669799,2919.1308638017586,0.0016855924578640911
2023-03-05,2023,3,5,257500.0,662500.0,55.83467987242347,-4.275570996161421,4290.841991963815,1.101276577522477
2023-03-05,2023,3,5,262500.0,662500.0,55.83613012441601,-4.195793465818992,2929.3898682148815,1.3417063585042928
2023-03-05,2023,3,5,257500.0,667500.0,55.879574159628305,-4.278197631229293,4283.844651711825,0.5656201242899047
2023-03-05,2023,3,5,262500.0,667500.0,55.88102684588964,-4.198328199669799,2919.1308638017586,1.2227023169400861
2023-03-06,2023,3,6,257500.0,662500.0,55.83467987242347,-4.275570996161421,4290.841991963815,0.0005719223842710125
2023-03-06,2023,3,6,262500.0,662500.0,55.83613012441601,-4.195793465818992,2929.3898682148815,0.0005117993050696916
2023-03-06,2023,3,6,257500.0,667500.0,55.879574159628305,-4.278197631229293,4283.844651711825,0.0013002729038212376
2023-03-06,2023,3,6,262500.0,667500.0,55.88102684588964,-4.198328199669799,2919.1308638017586,0.0025356682661616735
2023-03-07,2023,3,7,257500.0,662500.0,55.83467987242347,-4.275570996161421,4290.841991963815,0.006161392804086941
2023-03-07,2023,3,7,262500.0,662500.0,55.83613012441601,-4.195793465818992,2929.3898682148815,0.0015873092255706117
2023-03-07,2023,3,7,257500.0,667500.0,55.879574159628305,-4.278197631229293,4283.844651711825,0.005288979231418287
2023-03-07,2023,3,7,262500.0,667500.0,55.88102684588964,-4.198328199669799,2919.1308638017586,0.005277150106270571
2023-03-08,2023,3,8,257500.0,662500.0,55.83467987242347,-4.275570996161421,4290.841991963815,0.00017271837997046631
2023-03-08,2023,3,8,262500.0,662500.0,55.83613012441601,-4.195793465818992,2929.3898682148815,0.00018706086127510602
2023-03-08,2023,3,8,257500.0,667500.0,55.879574159628305,-4.278197631229293,4283.844651711825,0.00048095699246854246
2023-03-08,2023,3,8,262500.0,667500.0,55.88102684588964,-4.198328199669799,2919.1308638017586,0.001146295826082429
2023-03-09,2023,3,9,257500.0,662500.0,55.83467987242347,-4.275570996161421,4290.841991963815,0.8817856957559712
2023-03-09,2023,3,9,262500.0,662500.0,55.83613012441601,-4.195793465818992,2929.3898682148815,1.4596749183433015
2023-03-09,2023,3,9,257500.0,667500.0,55.879574159628305,-4.278197631229293,4283.844651711825,0.5432254638040163
2023-03-09,2023,3,9,262500.0,667500.0,55.88102684588964,-4.198328199669799,2919.1308638017586,1.0934524136260921
2023-03-10,2023,3,10,257500.0,662500.0,55.83467987242347,-4.275570996161421,4290.841991963815,0.0003983156367093228
2023-03-10,2023,3,10,262500.0,662500.0,55.83613012441601,-4.195793465818992,2929.3898682148815,0.00017215011031146023
2023-03-10,2023,3,10,257500.0,667500.0,55.879574159628305,-4.278197631229293,4283.844651711825,0.0011435460334071259
2023-03-10,2023,3,10,262500.0,667500.0,55.88102684588964,-4.198328199669799,2919.1308638017586,0.0009685050484466718
2023-03-11,2023,3,11,257500.0,662500.0,55.83467987242347,-4.275570996161421,4290.841991963815,3.9934732847999004
2023-03-11,2023,3,11,262500.0,662500.0,55.83613012441601,-4.195793465818992,2929.3898682148815,3.8220958590996577
2023-03-11,2023,3,11,257500.0,667500.0,55.879574159628305,-4.278197631229293,4283.844651711825,3.9732277562784954
2023-03-11,2023,3,11,262500.0,667500.0,55.88102684588964,-4.198328199669799,2919.1308638017586,4.034729445450717
2023-03-12,2023,3,12,257500.0,662500.0,55.83467987242347,-4.275570996161421,4290.841991963815,18.52296091662235
2023-03-12,2023,3,12,262500.0,662500.0,55.83613012441601,-4.195793465818992,2929.3898682148815,15.330141055658846
2023-03-12,2023,3,12,257500.0,667500.0,55.879574159628305,-4.278197631229293,4283.844651711825,21.00962189592774
2023-03-12,2023,3,12,262500.0,667500.0,55.88102684588964,-4.198328199669799,2919.1308638017586,20.328558885068123
2023-03-13,2023,3,13,257500.0,662500.0,55.83467987242347,-4.275570996161421,4290.841991963815,6.096923081589213
2023-03-13,2023,3,13,262500.0,662500.0,55.83613012441601,-4.195793465818992,2929.3898682148815,6.280204410230274
2023-03-13,2023,3,13,257500.0,667500.0,55.879574159628305,-4.278197631229293,4283.844651711825,5.22919081442823
2023-03-13,2023,3,13,262500.0,667500.0,55.88102684588964,-4.198328199669799,2919.1308638017586,6.238108927464695
2023-03-14,2023,3,14,257500.0,662500.0,55.83467987242347,-4.275570996161421,4290.841991963815,2.347199923632488
2023-03-14,2023,3,14,262500.0,662500.0,55.83613012441601,-4.195793465818992,2929.3898682148815,2.5845816346238317
2023-03-14,2023,3,14,257500.0,667500.0,55.879574159628305,-4.278197631229293,4283.844651711825,2.2375505492325067
2023-03-14,2023,3,14,262500.0,667500.0,55.88102684588964,-4.198328199669799,2919.1308638017586,2.1370772712648485
2023-03-15,2023,3,15,257500.0,662500.0,55.83467987242347,-4.275570996161421,4290.841991963815,10.904780244831485
2023-03-15,2023,3,15,262500.0,662500.0,55.83613012441601,-4.195793465818992,2929.3898682148815,10.25361059532542
2023-03-15,2023,3,15,257500.0,667500.0,55.879574159628305,-4.278197631229293,4283.844651711825,10.806917212184294
2023-03-15,2023,3,15,262500.0,667500.0,55.88102684588964,-4.198328199669799,2919.1308638017586,11.29135435172965
2023-03-16,2023,3,16,257500.0,662500.0,55.83467987242347,-4.275570996161421,4290.841991963815,5.349265677988385
2023-03-16,2023,3,16,262500.0,662500.0,55.83613012441601,-4.195793465818992,2929.3898682148815,4.7008291986494966
2023-03-16,2023,3,16,257500.0,667500.0,55.879574159628305,-4.278197631229293,4283.844651711825,5.59753972996706
2023-03-16,2023,3,16,262500.0,667500.0,55.88102684588964,-4.198328199669799,2919.1308638017586,5.2942147093402365
2023-03-17,2023,3,17,257500.0,662500.0,55.83467987242347,-4.275570996161421,4290.841991963815,6.407001292873915
2023-03-17,2023,3,17,262500.0,662500.0,55.83613012441601,-4.195793465818992,2929.3898682148815,5.479232922096686
2023-03-17,2023,3,17,257500.0,667500.0,55.879574159628305,-4.278197631229293,4283.844651711825,9.312527520505862
2023-03-17,2023,3,17,262500.0,667500.0,55.88102684588964,-4.198328199669799,2919.1308638017586,7.178775622696179
2023-03-18,2023,3,18,257500.0,662500.0,55.83467987242347,-4.275570996161421,4290.841991963815,1.768921178439854
2023-03-18,2023,3,18,262500.0,662500.0,55.83613012441601,-4.195793465818992,2929.3898682148815,1.8297857328395053
2023-03-18,2023,3,18,257500.0,667500.0,55.879574159628305,-4.278197631229293,4283.844651711825,1.719713110591985
2023-03-18,2023,3,18,262500.0,667500.0,55.88102684588964,-4.198328199669799,2919.1308638017586,2.0499404038833866
2023-03-19,2023,3,19,257500.0,662500.0,55.83467987242347,-4.275570996161421,4290.841991963815,2.329054356852694
2023-03-19,2023,3,19,262500.0,662500.0,55.83613012441601,-4.195793465818992,2929.3898682148815,1.9886751396201074
2023-03-19,2023,3,19,257500.0,667500.0,55.879574159628305,-4.278197631229293,4283.844651711825,2.6839059974072996
2023-03-19,2023,3,19,262500.0,667500.0,55.88102684588964,-4.198328199669799,2919.1308638017586,2.41530636491191
2023-03-20,2023,3,20,257500.0,662500.0,55.83467987242347,-4.275570996161421,4290.841991963815,4.287318582928237
2023-03-20,2023,3,20,262500.0,662500.0,55.83613012441601,-4.195793465818992,2929.3898682148815,2.9948271988630712
2023-03-20,2023,3,20,257500.0,667500.0,55.879574159628305,-4.278197631229293,4283.844651711825,4.314356546992399
2023-03-20,2023,3,20,262500.0,667500.0,55.88102684588964,-4.198328199669799,2919.1308638017586,4.062319448692303
2023-03-21,2023,3,21,257500.0,662500.0,55.83467987242347,-4.275570996161421,4290.841991963815,7.080503510981154
2023-03-21,2023,3,21,262500.0,662500.0,55.83613012441601,-4.195793465818992,2929.3898682148815,4.639197515832837
2023-03-21,2023,3,21,257500.0,667500.0,55.879574159628305,-4.278197631229293,4283.844651711825,6.851565877217229
2023-03-21,2023,3,21,262500.0,667500.0,55.88102684588964,-4.198328199669799,2919.1308638017586,5.954165958086916
2023-03-22,2023,3,22,257500.0,662500.0,55.83467987242347,-4.275570996161421,4290.841991963815,5.21591120601693
2023-03-22,2023,3,22,262500.0,662500.0,55.83613012441601,-4.195793465818992,2929.3898682148815,4.41793779823861
2023-03-22,2023,3,22,257500.0,667500.0,55.879574159628305,-4.278197631229293,4283.844651711825,5.352147071514046
2023-03-22,2023,3,22,262500.0,667500.0,55.88102684588964,-4.198328199669799,2919.1308638017586,5.121344124370911
2023-03-23,2023,3,23,257500.0,662500.0,55.83467987242347,-4.275570996161421,4290.841991963815,5.752124739689148
2023-03-23,2023,3,23,262500.0,662500.0,55.83613012441601,-4.195793465818992,2929.3898682148815,5.976365205552127
2023-03-23,2023,3,23,257500.0,667500.0,55.879574159628305,-4.278197631229293,4283.844651711825,6.197761252777641
2023-03-23,2023,3,23,262500.0,667500.0,55.88102684588964,-4.198328199669799,2919.1308638017586,6.704357680038897
2023-03-24,2023,3,24,257500.0,662500.0,55.83467987242347,-4.275570996161421,4290.841991963815,4.581234747051328
2023-03-24,2023,3,24,262500.0,662500.0,55.83613012441601,-4.195793465818992,2929.3898682148815,4.284092447266626
2023-03-24,2023,3,24,257500.0,667500.0,55.879574159628305,-4.278197631229293,4283.844651711825,4.579130216177769
2023-03-24,2023,3,24,262500.0,667500.0,55.88102684588964,-4.198328199669799,2919.1308638017586,4.683732687828255
2023-03-25,2023,3,25,257500.0,662500.0,55.83467987242347,-4.275570996161421,4290.841991963815,9.509883872646645
2023-03-25,2023,3,25,262500.0,662500.0,55.83613012441601,-4.195793465818992,2929.3898682148815,7.722901075010913
2023-03-25,2023,3,25,257500.0,667500.0,55.879574159628305,-4.278197631229293,4283.844651711825,8.084952545331717
2023-03-25,2023,3,25,262500.0,667500.0,55.88102684588964,-4.198328199669799,2919.1308638017586,7.705284717243704
2023-03-26,2023,3,26,257500.0,662500.0,55.83467987242347,-4.275570996161421,4290.841991963815,0.000445890233246714
2023-03-26,2023,3,26,262500.0,662500.0,55.83613012441601,-4.195793465818992,2929.3898682148815,0.0004597428473544037
2023-03-26,2023,3,26,257500.0,667500.0,55.879574159628305,-4.278197631229293,4283.844651711825,0.001963778275769321
2023-03-26,2023,3,26,262500.0,667500.0,55.88102684588964,-4.198328199669799,2919.1308638017586,0.003426669225092542
2023-03-27,2023,3,27,257500.0,662500.0,55.83467987242347,-4.275570996161421,4290.841991963815,1.5934824135115884
2023-03-27,2023,3,27,262500.0,662500.0,55.83613012441601,-4.195793465818992,2929.3898682148815,0.9861923558637499
2023-03-27,2023,3,27,257500.0,667500.0,55.879574159628305,-4.278197631229293,4283.844651711825,1.75477120038907
2023-03-27,2023,3,27,262500.0,667500.0,55.88102684588964,-4.198328199669799,2919.1308638017586,1.5356888120780574
2023-03-28,2023,3,28,257500.0,662500.0,55.83467987242347,-4.275570996161421,4290.841991963815,1.3757586235839034
2023-03-28,2023,3,28,262500.0,662500.0,55.83613012441601,-4.195793465818992,2929.3898682148815,1.3969241347124302
2023-03-28,2023,3,28,257500.0,667500.0,55.879574159628305,-4.278197631229293,4283.844651711825,2.631567247062424
2023-03-28,2023,3,28,262500.0,667500.0,55.88102684588964,-4.198328199669799,2919.1308638017586,2.4097295358793853
2023-03-29,2023,3,29,257500.0,662500.0,55.83467987242347,-4.275570996161421,4290.841991963815,1.7221384009780552
2023-03-29,2023,3,29,262500.0,662500.0,55.83613012441601,-4.195793465818992,2929.3898682148815,2.2658055800157433
2023-03-29,2023,3,29,257500.0,667500.0,55.879574159628305,-4.278197631229293,4283.844651711825,1.5892619555962109
2023-03-29,2023,3,29,262500.0,667500.0,55.88102684588964,-4.198328199669799,2919.1308638017586,2.0930729215590644
2023-03-30,2023,3,30,257500.0,662500.0,55.83467987242347,-4.275570996161421,4290.841991963815,0.08518484533732153
2023-03-30,2023,3,30,262500.0,662500.0,55.83613012441601,-4.195793465818992,2929.3898682148815,0.19999122807678477
2023-03-30,2023,3,30,257500.0,667500.0,55.879574159628305,-4.278197631229293,4283.844651711825,0.06639096033609324
2023-03-30,2023,3,30,262500.0,667500.0,55.88102684588964,-4.198328199669799,2919.1308638017586,0.17403755131947557
2023-03-31,2023,3,31,257500.0,662500.0,55.83467987242347,-4.275570996161421,4290.841991963815,0.005307870435733677
2023-03-31,2023,3,31,262500.0,662500.0,55.83613012441601,-4.195793465818992,2929.3898682148815,0.007558536327118805
2023-03-31,2023,3,31,257500.0,667500.0,55.879574159628305,-4.278197631229293,4283.844651711825,0.014958902942545347
2023-03-31,2023,3,31,262500.0,667500.0,55.88102684588964,-4.198328199669799,2919.1308638017586,0.05285422788715193
2023-04-01,2023,4,1,257500.0,662500.0,55.83467987242347,-4.275570996161421,4290.841991963815,4.892104899169417e-05
2023-04-01,2023,4,1,262500.0,662500.0,55.83613012441601,-4.195793465818992,2929.3898682148815,7.488806289465498e-05
2023-04-01,2023,4,1,257500.0,667500.0,55.879574159628305,-4.278197631229293,4283.844651711825,0.00011545170034031928
2023-04-01,2023,4,1,262500.0,667500.0,55.88102684588964,-4.198328199669799,2919.1308638017586,0.00032281898432091546
2023-04-02,2023,4,2,257500.0,662500.0,55.83467987242347,-4.275570996161421,4290.841991963815,0.0
2023-04-02,2023,4,2,262500.0,662500.0,55.83613012441601,-4.195793465818992,2929.3898682148815,4.22422271935774e-06
2023-04-02,2023,4,2,257500.0,667500.0,55.879574159628305,-4.278197631229293,4283.844651711825,0.0
2023-04-02,2023,4,2,262500.0,667500.0,55.88102684588964,-4.198328199669799,2919.1308638017586,5.007117208874812e-06
2023-04-03,2023,4,3,257500.0,662500.0,55.83467987242347,-4.275570996161421,4290.841991963815,0.0009046000978087193
2023-04-03,2023,4,3,262500.0,662500.0,55.83613012441601,-4.195793465818992,2929.3898682148815,0.0010780917133187296
2023-04-03,2023,4,3,257500.0,667500.0,55.879574159628305,-4.278197631229293,4283.844651711825,0.0024234484204849016
2023-04-03,2023,4,3,262500.0,667500.0,55.88102684588964,-4.198328199669799,2919.1308638017586,0.004896903959309137
2023-04-04,2023,4,4,257500.0,662500.0,55.83467987242347,-4.275570996161421,4290.841991963815,1.234436820734655
2023-04-04,2023,4,4,262500.0,662500.0,55.83613012441601,-4.195793465818992,2929.3898682148815,0.7892658703666221
2023-04-04,2023,4,4,257500.0,667500.0,55.879574159628305,-4.278197631229293,4283.844651711825,2.0913798050207215
2023-04-04,2023,4,4,262500.0,667500.0,55.88102684588964,-4.198328199669799,2919.1308638017586,2.007683747863412
2023-04-05,2023,4,5,257500.0,662500.0,55.83467987242347,-4.275570996161421,4290.841991963815,5.067061972498223
2023-04-05,2023,4,5,262500.0,662500.0,55.83613012441601,-4.195793465818992,2929.3898682148815,5.5824705367748875
2023-04-05,2023,4,5,257500.0,667500.0,55.879574159628305,-4.278197631229293,4283.844651711825,5.1232024173131885
2023-04-05,2023,4,5,262500.0,667500.0,55.88102684588964,-4.198328199669799,2919.1308638017586,5.375916444122325
2023-04-06,2023,4,6,257500.0,662500.0,55.83467987242347,-4.275570996161421,4290.841991963815,0.007903502549135234
2023-04-06,2023,4,6,262500.0,662500.0,55.83613012441601,-4.195793465818992,2929.3898682148815,0.003480784366656279
2023-04-06,2023,4,6,257500.0,667500.0,55.879574159628305,-4.278197631229293,4283.844651711825,0.008886986984092793
2023-04-06,2023,4,6,262500.0,667500.0,55.88102684588964,-4.198328199669799,2919.1308638017586,0.00897365530798347
2023-04-07,2023,4,7,257500.0,662500.0,55.83467987242347,-4.275570996161421,4290.841991963815,0.0026912524622434487
2023-04-07,2023,4,7,262500.0,662500.0,55.83613012441601,-4.195793465818992,2929.3898682148815,0.035175170600003816
2023-04-07,2023,4,7,257500.0,667500.0,55.879574159628305,-4.278197631229293,4283.844651711825,0.004721803081343744
2023-04-07,2023,4,7,262500.0,667500.0,55.88102684588964,-4.198328199669799,2919.1308638017586,0.027471242842799
2023-04-08,2023,4,8,257500.0,662500.0,55.83467987242347,-4.275570996161421,4290.841991963815,8.04688046367208e-05
2023-04-08,2023,4,8,262500.0,662500.0,55.83613012441601,-4.195793465818992,2929.3898682148815,0.00011177678864524126
2023-04-08,2023,4,8,257500.0,667500.0,55.879574159628305,-4.278197631229293,4283.844651711825,0.0001547710260149519
2023-04-08,2023,4,8,262500.0,667500.0,55.88102684588964,-4.198328199669799,2919.1308638017586,0.00032295901854926395
2023-04-09,2023,4,9,257500.0,662500.0,55.83467987242347,-4.275570996161421,4290.841991963815,2.6497559080107926
2023-04-09,2023,4,9,262500.0,662500.0,55.83613012441601,-4.195793465818992,2929.3898682148815,2.0309621158910707
2023-04-09,2023,4,9,257500.0,667500.0,55.879574159628305,-4.278197631229293,4283.844651711825,3.470817316597586
2023-04-09,2023,4,9,262500.0,667500.0,55.88102684588964,-4.198328199669799,2919.1308638017586,2.7349534811287715
2023-04-10,2023,4,10,257500.0,662500.0,55.83467987242347,-4.275570996161421,4290.841991963815,1.5347861268559995
2023-04-10,2023,4,10,262500.0,662500.0,55.83613012441601,-4.195793465818992,2929.3898682148815,1.538102270481257
2023-04-10,2023,4,10,257500.0,667500.0,55.879574159628305,-4.278197631229293,4283.844651711825,1.6995826734372774
2023-04-10,2023,4,10,262500.0,667500.0,55.88102684588964,-4.198328199669799,2919.1308638017586,1.8717634563182433
2023-04-11,2023,4,11,257500.0,662500.0,55.83467987242347,-4.275570996161421,4290.841991963815,14.89696948654817
2023-04-11,2023,4,11,262500.0,662500.0,55.83613012441601,-4.195793465818992,2929.3898682148815,15.959751854799203
2023-04-11,2023,4,11,257500.0,667500.0,55.879574159628305,-4.278197631229293,4283.844651711825,16.53712320962525
2023-04-11,2023,4,11,262500.0,667500.0,55.88102684588964,-4.198328199669799,2919.1308638017586,16.457188076878527
2023-04-12,2023,4,12,257500.0,662500.0,55.83467987242347,-4.275570996161421,4290.841991963815,1.380259413830915
2023-04-12,2023,4,12,262500.0,662500.0,55.83613012441601,-4.195793465818992,2929.3898682148815,0.6611446764628188
2023-04-12,2023,4,12,257500.0,667500.0,55.879574159628305,-4.278197631229293,4283.844651711825,2.2482127181109273
2023-04-12,2023,4,12,262500.0,667500.0,55.88102684588964,-4.198328199669799,2919.1308638017586,1.3126286467129662
2023-04-13,2023,4,13,257500.0,662500.0,55.83467987242347,-4.275570996161421,4290.841991963815,1.1775953787748226
2023-04-13,2023,4,13,262500.0,662500.0,55.83613012441601,-4.195793465818992,2929.3898682148815,1.595764749113267
2023-04-13,2023,4,13,257500.0,667500.0,55.879574159628305,-4.278197631229293,4283.844651711825,1.171216997213288
2023-04-13,2023,4,13,262500.0,667500.0,55.88102684588964,-4.198328199669799,2919.1308638017586,1.3646422904143276
2023-04-14,2023,4,14,257500.0,662500.0,55.83467987242347,-4.275570996161421,4290.841991963815,2.781486514470027
2023-04-14,2023,4,14,262500.0,662500.0,55.83613012441601,-4.195793465818992,2929.3898682148815,3.934772102366296
2023-04-14,2023,4,14,257500.0,667500.0,55.879574159628305,-4.278197631229293,4283.844651711825,4.643724617664592
2023-04-14,2023,4,14,262500.0,667500.0,55.88102684588964,-4.198328199669799,2919.1308638017586,3.1193461674527705
2023-04-15,2023,4,15,257500.0,662500.0,55.83467987242347,-4.275570996161421,4290.841991963815,0.0017524797051672967
2023-04-15,2023,4,15,262500.0,662500.0,55.83613012441601,-4.195793465818992,2929.3898682148815,0.002826009120758461
2023-04-15,2023,4,15,257500.0,667500.0,55.879574159628305,-4.278197631229293,4283.844651711825,0.004724913941751037
2023-04-15,2023,4,15,262500.0,667500.0,55.88102684588964,-4.198328199669799,2919.1308638017586,0.00810730997072006
2023-04-16,2023,4,16,257500.0,662500.0,55.83467987242347,-4.275570996161421,4290.841991963815,0.07826134977163969
2023-04-16,2023,4,16,262500.0,662500.0,55.83613012441601,-4.195793465818992,2929.3898682148815,0.013194369647366635
2023-04-16,2023,4,16,257500.0,667500.0,55.879574159628305,-4.278197631229293,4283.844651711825,0.23442500251415954
2023-04-16,2023,4,16,262500.0,667500.0,55.88102684588964,-4.198328199669799,2919.1308638017586,0.11127808828417753
2023-04-17,2023,4,17,257500.0,662500.0,55.83467987242347,-4.275570996161421,4290.841991963815,0.1314623666560577
2023-04-17,2023,4,17,262500.0,662500.0,55.83613012441601,-4.195793465818992,2929.3898682148815,0.20802220418494488
2023-04-17,2023,4,17,257500.0,667500.0,55.879574159628305,-4.278197631229293,4283.844651711825,0.18696512993651287
2023-04-17,2023,4,17,262500.0,667500.0,55.88102684588964,-4.198328199669799,2919.1308638017586,0.21890371341863724
2023-04-18,2023,4,18,257500.0,662500.0,55.83467987242347,-4.275570996161421,4290.841991963815,0.00014393827436797184
2023-04-18,2023,4,18,262500.0,662500.0,55.83613012441601,-4.195793465818992,2929.3898682148815,0.0002050001996103615
2023-04-18,2023,4,18,257500.0,667500.0,55.879574159628305,-4.278197631229293,4283.844651711825,0.00023544361681851955
2023-04-18,2023,4,18,262500.0,667500.0,55.88102684588964,-4.198328199669799,2919.1308638017586,0.000510767962971569
2023-04-19,2023,4,19,257500.0,662500.0,55.83467987242347,-4.275570996161421,4290.841991963815,0.0
2023-04-19,2023,4,19,262500.0,662500.0,55.83613012441601,-4.195793465818992,2929.3898682148815,0.0
2023-04-19,2023,4,19,257500.0,667500.0,55.879574159628305,-4.278197631229293,4283.844651711825,0.0
2023-04-19,2023,4,19,262500.0,667500.0,55.88102684588964,-4.198328199669799,2919.1308638017586,0.0
2023-04-20,2023,4,20,257500.0,662500.0,55.83467987242347,-4.275570996161421,4290.841991963815,0.0
2023-04-20,2023,4,20,262500.0,662500.0,55.83613012441601,-4.195793465818992,2929.3898682148815,0.0
2023-04-20,2023,4,20,257500.0,667500.0,55.879574159628305,-4.278197631229293,4283.844651711825,0.0
2023-04-20,2023,4,20,262500.0,667500.0,55.88102684588964,-4.198328199669799,2919.1308638017586,0.0
2023-04-21,2023,4,21,257500.0,662500.0,55.83467987242347,-4.275570996161421,4290.841991963815,3.580640649534771e-05
2023-04-21,2023,4,21,262500.0,662500.0,55.83613012441601,-4.195793465818992,2929.3898682148815,4.534024856682757e-05
2023-04-21,2023,4,21,257500.0,667500.0,55.879574159628305,-4.278197631229293,4283.844651711825,7.565024282139787e-05
2023-04-21,2023,4,21,262500.0,667500.0,55.88102684588964,-4.198328199669799,2919.1308638017586,0.00015308144168012412
2023-04-22,2023,4,22,257500.0,662500.0,55.83467987242347,-4.275570996161421,4290.841991963815,0.002517711140958292
2023-04-22,2023,4,22,262500.0,662500.0,55.83613012441601,-4.195793465818992,2929.3898682148815,0.0037823651943074124
2023-04-22,2023,4,22,257500.0,667500.0,55.879574159628305,-4.278197631229293,4283.844651711825,0.005748198874905767
2023-04-22,2023,4,22,262500.0,667500.0,55.88102684588964,-4.198328199669799,2919.1308638017586,0.014961393663014695
2023-04-23,2023,4,23,257500.0,662500.0,55.83467987242347,-4.275570996161421,4290.841991963815,0.016811306748472744
2023-04-23,2023,4,23,262500.0,662500.0,55.83613012441601,-4.195793465818992,2929.3898682148815,0.02387041597060803
2023-04-23,2023,4,23,257500.0,667500.0,55.879574159628305,-4.278197631229293,4283.844651711825,0.030026574126273523
2023-04-23,2023,4,23,262500.0,667500.0,55.88102684588964,-4.198328199669799,2919.1308638017586,0.07676907770108782
2023-04-24,2023,4,24,257500.0,662500.0,55.83467987242347,-4.275570996161421,4290.841991963815,0.7035017704478908
2023-04-24,2023,4,24,262500.0,662500.0,55.83613012441601,-4.195793465818992,2929.3898682148815,1.3432880294548035
2023-04-24,2023,4,24,257500.0,667500.0,55.879574159628305,-4.278197631229293,4283.844651711825,0.3636823227828471
2023-04-24,2023,4,24,262500.0,667500.0,55.88102684588964,-4.198328199669799,2919.1308638017586,0.7321964697865657
2023-04-25,2023,4,25,257500.0,662500.0,55.83467987242347,-4.275570996161421,4290.841991963815,0.0
2023-04-25,2023,4,25,262500.0,662500.0,55.83613012441601,-4.195793465818992,2929.3898682148815,0.0
2023-04-25,2023,4,25,257500.0,667500.0,55.879574159628305,-4.278197631229293,4283.844651711825,0.0
2023-04-25,2023,4,25,262500.0,667500.0,55.88102684588964,-4.198328199669799,2919.1308638017586,0.0
2023-04-26,2023,4,26,257500.0,662500.0,55.83467987242347,-4.275570996161421,4290.841991963815,0.260689700557884
2023-04-26,2023,4,26,262500.0,662500.0,55.83613012441601,-4.195793465818992,2929.3898682148815,0.23024184642575932
2023-04-26,2023,4,26,257500.0,667500.0,55.879574159628305,-4.278197631229293,4283.844651711825,0.2318327205746443
2023-04-26,2023,4,26,262500.0,667500.0,55.88102684588964,-4.198328199669799,2919.1308638017586,0.2521763031788398
2023-04-27,2023,4,27,257500.0,662500.0,55.83467987242347,-4.275570996161421,4290.841991963815,2.1892893986892106
2023-04-27,2023,4,27,262500.0,662500.0,55.83613012441601,-4.195793465818992,2929.3898682148815,1.9222037655358244
2023-04-27,2023,4,27,257500.0,667500.0,55.879574159628305,-4.278197631229293,4283.844651711825,2.921159988473817
2023-04-27,2023,4,27,262500.0,667500.0,55.88102684588964,-4.198328199669799,2919.1308638017586,2.446519701721606
2023-04-28,2023,4,28,257500.0,662500.0,55.83467987242347,-4.275570996161421,4290.841991963815,0.957437752756075
2023-04-28,2023,4,28,262500.0,662500.0,55.83613012441601,-4.195793465818992,2929.3898682148815,1.1147285791429664
2023-04-28,2023,4,28,257500.0,667500.0,55.879574159628305,-4.278197631229293,4283.844651711825,1.1828424572453176
2023-04-28,2023,4,28,262500.0,667500.0,55.88102684588964,-4.198328199669799,2919.1308638017586,0.9544249370554705
2023-04-29,2023,4,29,257500.0,662500.0,55.83467987242347,-4.275570996161421,4290.841991963815,6.695041941100738
2023-04-29,2023,4,29,262500.0,662500.0,55.83613012441601,-4.195793465818992,2929.3898682148815,8.024481641665409
2023-04-29,2023,4,29,257500.0,667500.0,55.879574159628305,-4.278197631229293,4283.844651711825,6.06974733717842
2023-04-29,2023,4,29,262500.0,667500.0,55.88102684588964,-4.198328199669799,2919.1308638017586,6.987689500324691
2023-04-30,2023,4,30,257500.0,662500.0,55.83467987242347,-4.275570996161421,4290.841991963815,1.8250761110584872
2023-04-30,2023,4,30,262500.0,662500.0,55.83613012441601,-4.195793465818992,2929.3898682148815,1.914782722376199
2023-04-30,2023,4,30,257500.0,667500.0,55.879574159628305,-4.278197631229293,4283.844651711825,2.0640049018053714
2023-04-30,2023,4,30,262500.0,667500.0,55.88102684588964,-4.198328199669799,2919.1308638017586,2.085491194499789
2023-05-01,2023,5,1,257500.0,662500.0,55.83467987242347,-4.275570996161421,4290.841991963815,1.7761563949973753
2023-05-01,2023,5,1,262500.0,662500.0,55.83613012441601,-4.195793465818992,2929.3898682148815,2.3004606279305175
2023-05-01,2023,5,1,257500.0,667500.0,55.879574159628305,-4.278197631229293,4283.844651711825,1.3101026473010422
2023-05-01,2023,5,1,262500.0,667500.0,55.88102684588964,-4.198328199669799,2919.1308638017586,1.5270577274664374
2023-05-02,2023,5,2,257500.0,662500.0,55.83467987242347,-4.275570996161421,4290.841991963815,0.0034395535225302206
2023-05-02,2023,5,2,262500.0,662500.0,55.83613012441601,-4.195793465818992,2929.3898682148815,0.0021418678571148136
2023-05-02,2023,5,2,257500.0,667500.0,55.879574159628305,-4.278197631229293,4283.844651711825,0.003835472746666524
2023-05-02,2023,5,2,262500.0,667500.0,55.88102684588964,-4.198328199669799,2919.1308638017586,0.011307273498812317
2023-05-03,2023,5,3,257500.0,662500.0,55.83467987242347,-4.275570996161421,4290.841991963815,0.11043890646863956
2023-05-03,2023,5,3,262500.0,662500.0,55.83613012441601,-4.195793465818992,2929.3898682148815,0.075024224006386
2023-05-03,2023,5,3,257500.0,667500.0,55.879574159628305,-4.278197631229293,4283.844651711825,0.558226039839745
2023-05-03,2023,5,3,262500.0,667500.0,55.88102684588964,-4.198328199669799,2919.1308638017586,0.2506879695341445
2023-05-04,2023,5,4,257500.0,662500.0,55.83467987242347,-4.275570996161421,4290.841991963815,0.04444057984632903
2023-05-04,2023,5,4,262500.0,662500.0,55.83613012441601,-4.195793465818992,2929.3898682148815,0.04400736596368411
2023-05-04,2023,5,4,257500.0,667500.0,55.879574159628305,-4.278197631229293,4283.844651711825,0.15155049220291736
2023-05-04,2023,5,4,262500.0,667500.0,55.88102684588964,-4.198328199669799,2919.1308638017586,0.1757456939382957
2023-05-05,2023,5,5,257500.0,662500.0,55.83467987242347,-4.275570996161421,4290.841991963815,0.8242493882341796
2023-05-05,2023,5,5,262500.0,662500.0,55.83613012441601,-4.195793465818992,2929.3898682148815,1.0465237144992845
2023-05-05,2023,5,5,257500.0,667500.0,55.879574159628305,-4.278197631229293,4283.844651711825,1.6318260132037683
2023-05-05,2023,5,5,262500.0,667500.0,55.88102684588964,-4.198328199669799,2919.1308638017586,1.5509217949242466
2023-05-06,2023,5,6,257500.0,662500.0,55.83467987242347,-4.275570996161421,4290.841991963815,2.2037357170762513
2023-05-06,2023,5,6,262500.0,662500.0,55.83613012441601,-4.195793465818992,2929.3898682148815,1.6297656661803797
2023-05-06,2023,5,6,257500.0,667500.0,55.879574159628305,-4.278197631229293,4283.844651711825,2.313136802714464
2023-05-06,2023,5,6,262500.0,667500.0,55.88102684588964,-4.198328199669799,2919.1308638017586,1.9984235686409708
2023-05-07,2023,5,7,257500.0,662500.0,55.83467987242347,-4.275570996161421,4290.841991963815,7.858837518594589
2023-05-07,2023,5,7,262500.0,662500.0,55.83613012441601,-4.195793465818992,2929.3898682148815,8.257854815112264
2023-05-07,2023,5,7,257500.0,667500.0,55.879574159628305,-4.278197631229293,4283.844651711825,9.077829595204532
2023-05-07,2023,5,7,262500.0,667500.0,55.88102684588964,-4.198328199669799,2919.1308638017586,9.034962798371687
2023-05-08,2023,5,8,257500.0,662500.0,55.83467987242347,-4.275570996161421,4290.841991963815,10.736418527513031
2023-05-08,2023,5,8,262500.0,662500.0,55.83613012441601,-4.195793465818992,2929.3898682148815,10.111354536669005
2023-05-08,2023,5,8,257500.0,667500.0,55.879574159628305,-4.278197631229293,4283.844651711825,11.545470938204573
2023-05-08,2023,5,8,262500.0,667500.0,55.88102684588964,-4.198328199669799,2919.1308638017586,10.624658330208975
2023-05-09,2023,5,9,257500.0,662500.0,55.83467987242347,-4.275570996161421,4290.841991963815,0.4994097554637587
2023-05-09,2023,5,9,262500.0,662500.0,55.83613012441601,-4.195793465818992,2929.3898682148815,0.487154727663246
2023-05-09,2023,5,9,257500.0,667500.0,55.879574159628305,-4.278197631229293,4283.844651711825,1.2651296297285464
2023-05-09,2023,5,9,262500.0,667500.0,55.88102684588964,-4.198328199669799,2919.1308638017586,0.783817164469526
2023-05-10,2023,5,10,257500.0,662500.0,55.83467987242347,-4.275570996161421,4290.841991963815,0.22840305849489126
2023-05-10,2023,5,10,262500.0,662500.0,55.83613012441601,-4.195793465818992,2929.3898682148815,0.054517185839353076
2023-05-10,2023,5,10,257500.0,667500.0,55.879574159628305,-4.278197631229293,4283.844651711825,0.8933023511506967
2023-05-10,2023,5,10,262500.0,667500.0,55.88102684588964,-4.198328199669799,2919.1308638017586,0.5763578144421174
2023-05-11,2023,5,11,257500.0,662500.0,55.83467987242347,-4.275570996161421,4290.841991963815,0.19505711719128857
2023-05-11,2023,5,11,262500.0,662500.0,55.83613012441601,-4.195793465818992,2929.3898682148815,0.18957077984676843
2023-05-11,2023,5,11,257500.0,667500.0,55.879574159628305,-4.278197631229293,4283.844651711825,0.08673246457331661
2023-05-11,2023,5,11,262500.0,667500.0,55.88102684588964,-4.198328199669799,2919.1308638017586,0.13675842696492413
2023-05-12,2023,5,12,257500.0,662500.0,55.83467987242347,-4.275570996161421,4290.841991963815,0.0003740121396212563
2023-05-12,2023,5,12,262500.0,662500.0,55.83613012441601,-4.195793465818992,2929.3898682148815,9.788502792697759e-05
2023-05-12,2023,5,12,257500.0,667500.0,55.879574159628305,-4.278197631229293,4283.844651711825,0.00032124748836297325
2023-05-12,2023,5,12,262500.0,667500.0,55.88102684588964,-4.198328199669799,2919.1308638017586,0.0003652692380424064
2023-05-13,2023,5,13,257500.0,662500.0,55.83467987242347,-4.275570996161421,4290.841991963815,0.00275997311098016
2023-05-13,2023,5,13,262500.0,662500.0,55.83613012441601,-4.195793465818992,2929.3898682148815,0.0004355271245553587
2023-05-13,2023,5,13,257500.0,667500.0,55.879574159628305,-4.278197631229293,4283.844651711825,0.0033817306226586554
2023-05-13,2023,5,13,262500.0,667500.0,55.88102684588964,-4.198328199669799,2919.1308638017586,0.0030504131122571793
2023-05-14,2023,5,14,257500.0,662500.0,55.83467987242347,-4.275570996161421,4290.841991963815,0.14858962553060728
2023-05-14,2023,5,14,262500.0,662500.0,55.83613012441601,-4.195793465818992,2929.3898682148815,0.1667896813858609
2023-05-14,2023,5,14,257500.0,667500.0,55.879574159628305,-4.278197631229293,4283.844651711825,0.06655768017761167
2023-05-14,2023,5,14,262500.0,667500.0,55.88102684588964,-4.198328199669799,2919.1308638017586,0.10685670096344098
2023-05-15,2023,5,15,257500.0,662500.0,55.83467987242347,-4.275570996161421,4290.841991963815,0.010109129007610608
2023-05-15,2023,5,15,262500.0,662500.0,55.83613012441601,-4.195793465818992,2929.3898682148815,0.0019101136642665252
2023-05-15,2023,5,15,257500.0,667500.0,55.879574159628305,-4.278197631229293,4283.844651711825,0.0062956169329890154
2023-05-15,2023,5,15,262500.0,667500.0,55.88102684588964,-4.198328199669799,2919.1308638017586,0.006105946637225889
2023-05-16,2023,5,16,257500.0,662500.0,55.83467987242347,-4.275570996161421,4290.841991963815,0.015652684849011122
2023-05-16,2023,5,16,262500.0,662500.0,55.83613012441601,-4.195793465818992,2929.3898682148815,0.002899363997846113
2023-05-16,2023,5,16,257500.0,667500.0,55.879574159628305,-4.278197631229293,4283.844651711825,0.006564752236854173
2023-05-16,2023,5,16,262500.0,667500.0,55.88102684588964,-4.198328199669799,2919.1308638017586,0.00626187452445115
2023-05-17,2023,5,17,257500.0,662500.0,55.83467987242347,-4.275570996161421,4290.841991963815,0.3363768376451105
2023-05-17,2023,5,17,262500.0,662500.0,55.83613012441601,-4.195793465818992,2929.3898682148815,0.22194238319162155
2023-05-17,2023,5,17,257500.0,667500.0,55.879574159628305,-4.278197631229293,4283.844651711825,0.12993916021482596
2023-05-17,2023,5,17,262500.0,667500.0,55.88102684588964,-4.198328199669799,2919.1308638017586,0.18375336401221506
2023-05-18,2023,5,18,257500.0,662500.0,55.83467987242347,-4.275570996161421,4290.841991963815,0.030527471685360262
2023-05-18,2023,5,18,262500.0,662500.0,55.83613012441601,-4.195793465818992,2929.3898682148815,0.009401919937182946
2023-05-18,2023,5,18,257500.0,667500.0,55.879574159628305,-4.278197631229293,4283.844651711825,0.022064265973998267
2023-05-18,2023,5,18,262500.0,667500.0,55.88102684588964,-4.198328199669799,2919.1308638017586,0.04864763812427134
2023-05-19,2023,5,19,257500.0,662500.0,55.83467987242347,-4.275570996161421,4290.841991963815,7.935881311019827e-05
2023-05-19,2023,5,19,262500.0,662500.0,55.83613012441601,-4.195793465818992,2929.3898682148815,0.0
2023-05-19,2023,5,19,257500.0,667500.0,55.879574159628305,-4.278197631229293,4283.844651711825,2.5216372963558448e-05
2023-05-19,2023,5,19,262500.0,667500.0,55.88102684588964,-4.198328199669799,2919.1308638017586,4.59518237853872e-06
2023-05-20,2023,5,20,257500.0,662500.0,55.83467987242347,-4.275570996161421,4290.841991963815,4.106960087135612
2023-05-20,2023,5,20,262500.0,662500.0,55.83613012441601,-4.195793465818992,2929.3898682148815,3.522864625109868
2023-05-20,2023,5,20,257500.0,667500.0,55.879574159628305,-4.278197631229293,4283.844651711825,5.7059463136434285
2023-05-20,2023,5,20,262500.0,667500.0,55.88102684588964,-4.198328199669799,2919.1308638017586,4.373193555888327
2023-05-21,2023,5,21,257500.0,662500.0,55.83467987242347,-4.275570996161421,4290.841991963815,0.1712770049147821
2023-05-21,2023,5,21,262500.0,662500.0,55.83613012441601,-4.195793465818992,2929.3898682148815,0.16803878605134545
2023-05-21,2023,5,21,257500.0,667500.0,55.879574159628305,-4.278197631229293,4283.844651711825,0.07827129986836182
2023-05-21,2023,5,21,262500.0,667500.0,55.88102684588964,-4.198328199669799,2919.1308638017586,0.12220245917843985
2023-05-22,2023,5,22,257500.0,662500.0,55.83467987242347,-4.275570996161421,4290.841991963815,0.0008975039341953242
2023-05-22,2023,5,22,262500.0,662500.0,55.83613012441601,-4.195793465818992,2929.3898682148815,0.0007290346465282325
2023-05-22,2023,5,22,257500.0,667500.0,55.879574159628305,-4.278197631229293,4283.844651711825,0.0007269228699393785
2023-05-22,2023,5,22,262500.0,667500.0,55.88102684588964,-4.198328199669799,2919.1308638017586,0.001595882384787043
2023-05-23,2023,5,23,257500.0,662500.0,55.83467987242347,-4.275570996161421,4290.841991963815,0.00023132741855113126
2023-05-23,2023,5,23,262500.0,662500.0,55.83613012441601,-4.195793465818992,2929.3898682148815,3.8063635079265596e-05
2023-05-23,2023,5,23,257500.0,667500.0,55.879574159628305,-4.278197631229293,4283.844651711825,0.00032218105051379486
2023-05-23,2023,5,23,262500.0,667500.0,55.88102684588964,-4.198328199669799,2919.1308638017586,0.0002943918032708041
2023-05-24,2023,5,24,257500.0,662500.0,55.83467987242347,-4.275570996161421,4290.841991963815,0.0
2023-05-24,2023,5,24,262500.0,662500.0,55.83613012441601,-4.195793465818992,2929.3898682148815,0.0
2023-05-24,2023,5,24,257500.0,667500.0,55.879574159628305,-4.278197631229293,4283.844651711825,3.766361839123461e-07
2023-05-24,2023,5,24,262500.0,667500.0,55.88102684588964,-4.198328199669799,2919.1308638017586,0.0
2023-05-25,2023,5,25,257500.0,662500.0,55.83467987242347,-4.275570996161421,4290.841991963815,0.0
2023-05-25,2023,5,25,262500.0,662500.0,55.83613012441601,-4.195793465818992,2929.3898682148815,1.7318897934071572e-05
2023-05-25,2023,5,25,257500.0,667500.0,55.879574159628305,-4.278197631229293,4283.844651711825,0.0
2023-05-25,2023,5,25,262500.0,667500.0,55.88102684588964,-4.198328199669799,2919.1308638017586,7.055015003397268e-05
2023-05-26,2023,5,26,257500.0,662500.0,55.83467987242347,-4.275570996161421,4290.841991963815,0.0
2023-05-26,2023,5,26,262500.0,662500.0,55.83613012441601,-4.195793465818992,2929.3898682148815,0.0
2023-05-26,2023,5,26,257500.0,667500.0,55.879574159628305,-4.278197631229293,4283.844651711825,0.0
2023-05-26,2023,5,26,262500.0,667500.0,55.88102684588964,-4.198328199669799,2919.1308638017586,0.0
2023-05-27,2023,5,27,257500.0,662500.0,55.83467987242347,-4.275570996161421,4290.841991963815,0.004892288477651835
2023-05-27,2023,5,27,262500.0,662500.0,55.83613012441601,-4.195793465818992,2929.3898682148815,0.0005294494493864275
2023-05-27,2023,5,27,257500.0,667500.0,55.879574159628305,-4.278197631229293,4283.844651711825,0.005768200249620462
2023-05-27,2023,5,27,262500.0,667500.0,55.88102684588964,-4.198328199669799,2919.1308638017586,0.0034970047557958085
2023-05-28,2023,5,28,257500.0,662500.0,55.83467987242347,-4.275570996161421,4290.841991963815,0.0
2023-05-28,2023,5,28,262500.0,662500.0,55.83613012441601,-4.195793465818992,2929.3898682148815,0.0
2023-05-28,2023,5,28,257500.0,667500.0,55.879574159628305,-4.278197631229293,4283.844651711825,0.0
2023-05-28,2023,5,28,262500.0,667500.0,55.88102684588964,-4.198328199669799,2919.1308638017586,0.0
2023-05-29,2023,5,29,257500.0,662500.0,55.83467987242347,-4.275570996161421,4290.841991963815,0.0
2023-05-29,2023,5,29,262500.0,662500.0,55.83613012441601,-4.195793465818992,2929.3898682148815,0.0
2023-05-29,2023,5,29,257500.0,667500.0,55.879574159628305,-4.278197631229293,4283.844651711825,0.0
2023-05-29,2023,5,29,262500.0,667500.0,55.88102684588964,-4.198328199669799,2919.1308638017586,0.0
2023-05-30,2023,5,30,257500.0,662500.0,55.83467987242347,-4.275570996161421,4290.841991963815,0.0
2023-05-30,2023,5,30,262500.0,662500.0,55.83613012441601,-4.195793465818992,2929.3898682148815,0.0
2023-05-30,2023,5,30,257500.0,667500.0,55.879574159628305,-4.278197631229293,4283.844651711825,0.0
2023-05-30,2023,5,30,262500.0,667500.0,55.88102684588964,-4.198328199669799,2919.1308638017586,0.0
2023-05-31,2023,5,31,257500.0,662500.0,55.83467987242347,-4.275570996161421,4290.841991963815,0.0
2023-05-31,2023,5,31,262500.0,662500.0,55.83613012441601,-4.195793465818992,2929.3898682148815,0.0
2023-05-31,2023,5,31,257500.0,667500.0,55.879574159628305,-4.278197631229293,4283.844651711825,0.0
2023-05-31,2023,5,31,262500.0,667500.0,55.88102684588964,-4.198328199669799,2919.1308638017586,0.0
2023-06-01,2023,6,1,257500.0,662500.0,55.83467987242347,-4.275570996161421,4290.841991963815,0.06900962032642946
2023-06-01,2023,6,1,262500.0,662500.0,55.83613012441601,-4.195793465818992,2929.3898682148815,0.004042543747396849
2023-06-01,2023,6,1,257500.0,667500.0,55.879574159628305,-4.278197631229293,4283.844651711825,0.016579247575849627
2023-06-01,2023,6,1,262500.0,667500.0,55.88102684588964,-4.198328199669799,2919.1308638017586,0.01159809961706533
2023-06-02,2023,6,2,257500.0,662500.0,55.83467987242347,-4.275570996161421,4290.841991963815,0.0010191502592085113
2023-06-02,2023,6,2,262500.0,662500.0,55.83613012441601,-4.195793465818992,2929.3898682148815,0.00045463884146485254
2023-06-02,2023,6,2,257500.0,667500.0,55.879574159628305,-4.278197631229293,4283.844651711825,0.0009022270511210885
2023-06-02,2023,6,2,262500.0,667500.0,55.88102684588964,-4.198328199669799,2919.1308638017586,0.0016572157544819906
2023-06-03,2023,6,3,257500.0,662500.0,55.83467987242347,-4.275570996161421,4290.841991963815,0.0
2023-06-03,2023,6,3,262500.0,662500.0,55.83613012441601,-4.195793465818992,2929.3898682148815,0.0
2023-06-03,2023,6,3,257500.0,667500.0,55.879574159628305,-4.278197631229293,4283.844651711825,0.0
2023-06-03,2023,6,3,262500.0,667500.0,55.88102684588964,-4.198328199669799,2919.1308638017586,0.0
2023-06-04,2023,6,4,257500.0,662500.0,55.83467987242347,-4.275570996161421,4290.841991963815,0.0
2023-06-04,2023,6,4,262500.0,662500.0,55.83613012441601,-4.195793465818992,2929.3898682148815,0.0
2023-06-04,2023,6,4,257500.0,667500.0,55.879574159628305,-4.278197631229293,4283.844651711825,0.0
2023-06-04,2023,6,4,262500.0,667500.0,55.88102684588964,-4.198328199669799,2919.1308638017586,0.0
2023-06-05,2023,6,5,257500.0,662500.0,55.83467987242347,-4.275570996161421,4290.841991963815,8.982203856368036e-05
2023-06-05,2023,6,5,262500.0,662500.0,55.83613012441601,-4.195793465818992,2929.3898682148815,2.6261721146858793e-05
2023-06-05,2023,6,5,257500.0,667500.0,55.879574159628305,-4.278197631229293,4283.844651711825,6.842340630754069e-05
2023-06-05,2023,6,5,262500.0,667500.0,55.88102684588964,-4.198328199669799,2919.1308638017586,9.149139666062231e-05
2023-06-06,2023,6,6,257500.0,662500.0,55.83467987242347,-4.275570996161421,4290.841991963815,0.012834466088367039
2023-06-06,2023,6,6,262500.0,662500.0,55.83613012441601,-4.195793465818992,2929.3898682148815,0.060371305614921114
2023-06-06,2023,6,6,257500.0,667500.0,55.879574159628305,-4.278197631229293,4283.844651711825,0.011468084916607247
2023-06-06,2023,6,6,262500.0,667500.0,55.88102684588964,-4.198328199669799,2919.1308638017586,0.054375710934202945
2023-06-07,2023,6,7,257500.0,662500.0,55.83467987242347,-4.275570996161421,4290.841991963815,0.0
2023-06-07,2023,6,7,262500.0,662500.0,55.83613012441601,-4.195793465818992,2929.3898682148815,0.0
2023-06-07,2023,6,7,257500.0,667500.0,55.879574159628305,-4.278197631229293,4283.844651711825,0.0
2023-06-07,2023,6,7,262500.0,667500.0,55.88102684588964,-4.198328199669799,2919.1308638017586,0.0
2023-06-08,2023,6,8,257500.0,662500.0,55.83467987242347,-4.275570996161421,4290.841991963815,0.0
2023-06-08,2023,6,8,262500.0,662500.0,55.83613012441601,-4.195793465818992,2929.3898682148815,0.0
2023-06-08,2023,6,8,257500.0,667500.0,55.879574159628305,-4.278197631229293,4283.844651711825,0.0
2023-06-08,2023,6,8,262500.0,667500.0,55.88102684588964,-4.198328199669799,2919.1308638017586,0.0
2023-06-09,2023,6,9,257500.0,662500.0,55.83467987242347,-4.275570996161421,4290.841991963815,0.0
2023-06-09,2023,6,9,262500.0,662500.0,55.83613012441601,-4.195793465818992,2929.3898682148815,0.0
2023-06-09,2023,6,9,257500.0,667500.0,55.879574159628305,-4.278197631229293,4283.844651711825,0.0
2023-06-09,2023,6,9,262500.0,667500.0,55.88102684588964,-4.198328199669799,2919.1308638017586,0.0
2023-06-10,2023,6,10,257500.0,662500.0,55.83467987242347,-4.275570996161421,4290.841991963815,2.8613836706012004
2023-06-10,2023,6,10,262500.0,662500.0,55.83613012441601,-4.195793465818992,2929.3898682148815,2.7421159177114296
2023-06-10,2023,6,10,257500.0,667500.0,55.879574159628305,-4.278197631229293,4283.844651711825,2.27928598285933
2023-06-10,2023,6,10,262500.0,667500.0,55.88102684588964,-4.198328199669799,2919.1308638017586,2.642965050059178
2023-06-11,2023,6,11,257500.0,662500.0,55.83467987242347,-4.275570996161421,4290.841991963815,0.011098865910690344
2023-06-11,2023,6,11,262500.0,662500.0,55.83613012441601,-4.195793465818992,2929.3898682148815,0.0038273452825885114
2023-06-11,2023,6,11,257500.0,667500.0,55.879574159628305,-4.278197631229293,4283.844651711825,0.008712030394772334
2023-06-11,2023,6,11,262500.0,667500.0,55.88102684588964,-4.198328199669799,2919.1308638017586,0.011991314450059598
2023-06-12,2023,6,12,257500.0,662500.0,55.83467987242347,-4.275570996161421,4290.841991963815,0.03563136512554245
2023-06-12,2023,6,12,262500.0,662500.0,55.83613012441601,-4.195793465818992,2929.3898682148815,0.00631809743798081
2023-06-12,2023,6,12,257500.0,667500.0,55.879574159628305,-4.278197631229293,4283.844651711825,0.027224252640229967
2023-06-12,2023,6,12,262500.0,667500.0,55.88102684588964,-4.198328199669799,2919.1308638017586,0.02561042238718607
2023-06-13,2023,6,13,257500.0,662500.0,55.83467987242347,-4.275570996161421,4290.841991963815,0.0072108410832806905
2023-06-13,2023,6,13,262500.0,662500.0,55.83613012441601,-4.195793465818992,2929.3898682148815,0.001344720344281307
2023-06-13,2023,6,13,257500.0,667500.0,55.879574159628305,-4.278197631229293,4283.844651711825,0.006454801040192635
2023-06-13,2023,6,13,262500.0,667500.0,55.88102684588964,-4.198328199669799,2919.1308638017586,0.006593498929080898
2023-06-14,2023,6,14,257500.0,662500.0,55.83467987242347,-4.275570996161421,4290.841991963815,0.0
2023-06-14,2023,6,14,262500.0,662500.0,55.83613012441601,-4.195793465818992,2929.3898682148815,7.152552974331523e-06
2023-06-14,2023,6,14,257500.0,667500.0,55.879574159628305,-4.278197631229293,4283.844651711825,0.0
2023-06-14,2023,6,14,262500.0,667500.0,55.88102684588964,-4.198328199669799,2919.1308638017586,9.85586404305888e-06
2023-06-15,2023,6,15,257500.0,662500.0,55.83467987242347,-4.275570996161421,4290.841991963815,0.0
2023-06-15,2023,6,15,262500.0,662500.0,55.83613012441601,-4.195793465818992,2929.3898682148815,0.0
2023-06-15,2023,6,15,257500.0,667500.0,55.879574159628305,-4.278197631229293,4283.844651711825,0.0
2023-06-15,2023,6,15,262500.0,667500.0,55.88102684588964,-4.198328199669799,2919.1308638017586,0.0
2023-06-16,2023,6,16,257500.0,662500.0,55.83467987242347,-4.275570996161421,4290.841991963815,1.1996018231332044
2023-06-16,2023,6,16,262500.0,662500.0,55.83613012441601,-4.195793465818992,2929.3898682148815,0.6901175685332586
2023-06-16,2023,6,16,257500.0,667500.0,55.879574159628305,-4.278197631229293,4283.844651711825,5.159414823451779
2023-06-16,2023,6,16,262500.0,667500.0,55.88102684588964,-4.198328199669799,2919.1308638017586,1.5374146208443535
2023-06-17,2023,6,17,257500.0,662500.0,55.83467987242347,-4.275570996161421,4290.841991963815,0.6501960813959355
2023-06-17,2023,6,17,262500.0,662500.0,55.83613012441601,-4.195793465818992,2929.3898682148815,0.15265685990799563
2023-06-17,2023,6,17,257500.0,667500.0,55.879574159628305,-4.278197631229293,4283.844651711825,0.40551873778662806
2023-06-17,2023,6,17,262500.0,667500.0,55.88102684588964,-4.198328199669799,2919.1308638017586,0.30432198184566456
2023-06-18,2023,6,18,257500.0,662500.0,55.83467987242347,-4.275570996161421,4290.841991963815,12.97910438789932
2023-06-18,2023,6,18,262500.0,662500.0,55.83613012441601,-4.195793465818992,2929.3898682148815,13.464496066968156
2023-06-18,2023,6,18,257500.0,667500.0,55.879574159628305,-4.278197631229293,4283.844651711825,14.87259830318749
2023-06-18,2023,6,18,262500.0,667500.0,55.88102684588964,-4.198328199669799,2919.1308638017586,17.02583325932487
2023-06-19,2023,6,19,257500.0,662500.0,55.83467987242347,-4.275570996161421,4290.841991963815,1.222845024299645
2023-06-19,2023,6,19,262500.0,662500.0,55.83613012441601,-4.195793465818992,2929.3898682148815,1.6115610037915682
2023-06-19,2023,6,19,257500.0,667500.0,55.879574159628305,-4.278197631229293,4283.844651711825,0.6970737274010737
2023-06-19,2023,6,19,262500.0,667500.0,55.88102684588964,-4.198328199669799,2919.1308638017586,1.3046642108215636
2023-06-20,2023,6,20,257500.0,662500.0,55.83467987242347,-4.275570996161421,4290.841991963815,9.46585106586449
2023-06-20,2023,6,20,262500.0,662500.0,55.83613012441601,-4.195793465818992,2929.3898682148815,11.341143009476628
2023-06-20,2023,6,20,257500.0,667500.0,55.879574159628305,-4.278197631229293,4283.844651711825,7.728554177040792
2023-06-20,2023,6,20,262500.0,667500.0,55.88102684588964,-4.198328199669799,2919.1308638017586,8.454740738595765
2023-06-21,2023,6,21,257500.0,662500.0,55.83467987242347,-4.275570996161421,4290.841991963815,1.247232988747636
2023-06-21,2023,6,21,262500.0,662500.0,55.83613012441601,-4.195793465818992,2929.3898682148815,1.342625540560446
2023-06-21,2023,6,21,257500.0,667500.0,55.879574159628305,-4.278197631229293,4283.844651711825,0.6197398615901505
2023-06-21,2023,6,21,262500.0,667500.0,55.88102684588964,-4.198328199669799,2919.1308638017586,0.9842031955111193
2023-06-22,2023,6,22,257500.0,662500.0,55.83467987242347,-4.275570996161421,4290.841991963815,1.0385724433672219
2023-06-22,2023,6,22,262500.0,662500.0,55.83613012441601,-4.195793465818992,2929.3898682148815,0.69166762747339
2023-06-22,2023,6,22,257500.0,667500.0,55.879574159628305,-4.278197631229293,4283.844651711825,2.0427512409030375
2023-06-22,2023,6,22,262500.0,667500.0,55.88102684588964,-4.198328199669799,2919.1308638017586,1.5881853405089592
2023-06-23,2023,6,23,257500.0,662500.0,55.83467987242347,-4.275570996161421,4290.841991963815,3.367677200394423
2023-06-23,2023,6,23,262500.0,662500.0,55.83613012441601,-4.195793465818992,2929.3898682148815,2.576251552393107
2023-06-23,2023,6,23,257500.0,667500.0,55.879574159628305,-4.278197631229293,4283.844651711825,5.9879919300293505
2023-06-23,2023,6,23,262500.0,667500.0,55.88102684588964,-4.198328199669799,2919.1308638017586,4.269779364429374
2023-06-24,2023,6,24,257500.0,662500.0,55.83467987242347,-4.275570996161421,4290.841991963815,0.00048124936591450735
2023-06-24,2023,6,24,262500.0,662500.0,55.83613012441601,-4.195793465818992,2929.3898682148815,0.0001915445602227605
2023-06-24,2023,6,24,257500.0,667500.0,55.879574159628305,-4.278197631229293,4283.844651711825,0.00064235322107622
2023-06-24,2023,6,24,262500.0,667500.0,55.88102684588964,-4.198328199669799,2919.1308638017586,0.0010431028830603516
2023-06-25,2023,6,25,257500.0,662500.0,55.83467987242347,-4.275570996161421,4290.841991963815,7.07766046549691
2023-06-25,2023,6,25,262500.0,662500.0,55.83613012441601,-4.195793465818992,2929.3898682148815,7.162488626100505
2023-06-25,2023,6,25,257500.0,667500.0,55.879574159628305,-4.278197631229293,4283.844651711825,6.397817313161971
2023-06-25,2023,6,25,262500.0,667500.0,55.88102684588964,-4.198328199669799,2919.1308638017586,6.867191402832806
2023-06-26,2023,6,26,257500.0,662500.0,55.83467987242347,-4.275570996161421,4290.841991963815,4.589990889796421
2023-06-26,2023,6,26,262500.0,662500.0,55.83613012441601,-4.195793465818992,2929.3898682148815,4.269723171753795
2023-06-26,2023,6,26,257500.0,667500.0,55.879574159628305,-4.278197631229293,4283.844651711825,5.451104596654486
2023-06-26,2023,6,26,262500.0,667500.0,55.88102684588964,-4.198328199669799,2919.1308638017586,4.363701426289728
2023-06-27,2023,6,27,257500.0,662500.0,55.83467987242347,-4.275570996161421,4290.841991963815,7.690264283994827
2023-06-27,2023,6,27,262500.0,662500.0,55.83613012441601,-4.195793465818992,2929.3898682148815,7.618740901585605
2023-06-27,2023,6,27,257500.0,667500.0,55.879574159628305,-4.278197631229293,4283.844651711825,9.279835227832145
2023-06-27,2023,6,27,262500.0,667500.0,55.88102684588964,-4.198328199669799,2919.1308638017586,8.700985156338353
2023-06-28,2023,6,28,257500.0,662500.0,55.83467987242347,-4.275570996161421,4290.841991963815,2.3943332295066724
2023-06-28,2023,6,28,262500.0,662500.0,55.83613012441601,-4.195793465818992,2929.3898682148815,2.304111433764937
2023-06-28,2023,6,28,257500.0,667500.0,55.879574159628305,-4.278197631229293,4283.844651711825,1.2823832445452923
2023-06-28,2023,6,28,262500.0,667500.0,55.88102684588964,-4.198328199669799,2919.1308638017586,1.8788610142702704
2023-06-29,2023,6,29,257500.0,662500.0,55.83467987242347,-4.275570996161421,4290.841991963815,0.18001334829546722
2023-06-29,2023,6,29,262500.0,662500.0,55.83613012441601,-4.195793465818992,2929.3898682148815,0.0246156471807982
2023-06-29,2023,6,29,257500.0,667500.0,55.879574159628305,-4.278197631229293,4283.844651711825,0.1324137300604988
2023-06-29,2023,6,29,262500.0,667500.0,55.88102684588964,-4.198328199669799,2919.1308638017586,0.1914446314016469
2023-06-30,2023,6,30,257500.0,662500.0,55.83467987242347,-4.275570996161421,4290.841991963815,9.080526841697527
2023-06-30,2023,6,30,262500.0,662500.0,55.83613012441601,-4.195793465818992,2929.3898682148815,8.69148885321484
2023-06-30,2023,6,30,257500.0,667500.0,55.879574159628305,-4.278197631229293,4283.844651711825,11.167581819364518
2023-06-30,2023,6,30,262500.0,667500.0,55.88102684588964,-4.198328199669799,2919.1308638017586,9.795487815502675
2023-07-01,2023,7,1,257500.0,662500.0,55.83467987242347,-4.275570996161421,4290.841991963815,2.065334711488885
2023-07-01,2023,7,1,262500.0,662500.0,55.83613012441601,-4.195793465818992,2929.3898682148815,1.9820751645751495
2023-07-01,2023,7,1,257500.0,667500.0,55.879574159628305,-4.278197631229293,4283.844651711825,1.9867282835043572
2023-07-01,2023,7,1,262500.0,667500.0,55.88102684588964,-4.198328199669799,2919.1308638017586,2.18627228093913
2023-07-02,2023,7,2,257500.0,662500.0,55.83467987242347,-4.275570996161421,4290.841991963815,6.477582294956678
2023-07-02,2023,7,2,262500.0,662500.0,55.83613012441601,-4.195793465818992,2929.3898682148815,7.165606078329617
2023-07-02,2023,7,2,257500.0,667500.0,55.879574159628305,-4.278197631229293,4283.844651711825,5.566834284462252
2023-07-02,2023,7,2,262500.0,667500.0,55.88102684588964,-4.198328199669799,2919.1308638017586,6.2547130878219654
2023-07-03,2023,7,3,257500.0,662500.0,55.83467987242347,-4.275570996161421,4290.841991963815,1.5731678579514667
2023-07-03,2023,7,3,262500.0,662500.0,55.83613012441601,-4.195793465818992,2929.3898682148815,1.6600437903815086
2023-07-03,2023,7,3,257500.0,667500.0,55.879574159628305,-4.278197631229293,4283.844651711825,2.411367779915064
2023-07-03,2023,7,3,262500.0,667500.0,55.88102684588964,-4.198328199669799,2919.1308638017586,1.8992104875985443
2023-07-04,2023,7,4,257500.0,662500.0,55.83467987242347,-4.275570996161421,4290.841991963815,1.809835114596257
2023-07-04,2023,7,4,262500.0,662500.0,55.83613012441601,-4.195793465818992,2929.3898682148815,2.167153620494392
2023-07-04,2023,7,4,257500.0,667500.0,55.879574159628305,-4.278197631229293,4283.844651711825,4.3699108748935505
2023-07-04,2023,7,4,262500.0,667500.0,55.88102684588964,-4.198328199669799,2919.1308638017586,3.1044489759249325
2023-07-05,2023,7,5,257500.0,662500.0,55.83467987242347,-4.275570996161421,4290.841991963815,0.7347895387724066
2023-07-05,2023,7,5,262500.0,662500.0,55.83613012441601,-4.195793465818992,2929.3898682148815,0.5079003997683905
2023-07-05,2023,7,5,257500.0,667500.0,55.879574159628305,-4.278197631229293,4283.844651711825,0.5262376260344374
2023-07-05,2023,7,5,262500.0,667500.0,55.88102684588964,-4.198328199669799,2919.1308638017586,0.7496488138844184
2023-07-06,2023,7,6,257500.0,662500.0,55.83467987242347,-4.275570996161421,4290.841991963815,17.233997000594886
2023-07-06,2023,7,6,262500.0,662500.0,55.83613012441601,-4.195793465818992,2929.3898682148815,14.594879954023183
2023-07-06,2023,7,6,257500.0,667500.0,55.879574159628305,-4.278197631229293,4283.844651711825,16.867374855576106
2023-07-06,2023,7,6,262500.0,667500.0,55.88102684588964,-4.198328199669799,2919.1308638017586,17.635875396096488
2023-07-07,2023,7,7,257500.0,662500.0,55.83467987242347,-4.275570996161421,4290.841991963815,0.030647723913184162
2023-07-07,2023,7,7,262500.0,662500.0,55.83613012441601,-4.195793465818992,2929.3898682148815,0.042466438041504996
2023-07-07,2023,7,7,257500.0,667500.0,55.879574159628305,-4.278197631229293,4283.844651711825,0.03455463412216505
2023-07-07,2023,7,7,262500.0,667500.0,55.88102684588964,-4.198328199669799,2919.1308638017586,0.1052042614904077
2023-07-08,2023,7,8,257500.0,662500.0,55.83467987242347,-4.275570996161421,4290.841991963815,8.327936444463647
2023-07-08,2023,7,8,262500.0,662500.0,55.83613012441601,-4.195793465818992,2929.3898682148815,6.838434795404047
2023-07-08,2023,7,8,257500.0,667500.0,55.879574159628305,-4.278197631229293,4283.844651711825,14.623125891036477
2023-07-08,2023,7,8,262500.0,667500.0,55.88102684588964,-4.198328199669799,2919.1308638017586,11.750703183811154
2023-07-09,2023,7,9,257500.0,662500.0,55.83467987242347,-4.275570996161421,4290.841991963815,0.05054736268685225
2023-07-09,2023,7,9,262500.0,662500.0,55.83613012441601,-4.195793465818992,2929.3898682148815,0.015759990472862292
2023-07-09,2023,7,9,257500.0,667500.0,55.879574159628305,-4.278197631229293,4283.844651711825,0.10253004395309122
2023-07-09,2023,7,9,262500.0,667500.0,55.88102684588964,-4.198328199669799,2919.1308638017586,0.18775336951173108
2023-07-10,2023,7,10,257500.0,662500.0,55.83467987242347,-4.275570996161421,4290.841991963815,29.13919897174677
2023-07-10,2023,7,10,262500.0,662500.0,55.83613012441601,-4.195793465818992,2929.3898682148815,28.44882474553904
2023-07-10,2023,7,10,257500.0,667500.0,55.879574159628305,-4.278197631229293,4283.844651711825,27.07453915066186
2023-07-10,2023,7,10,262500.0,667500.0,55.88102684588964,-4.198328199669799,2919.1308638017586,28.59947943013976
2023-07-11,2023,7,11,257500.0,662500.0,55.83467987242347,-4.275570996161421,4290.841991963815,1.8345423422448606
2023-07-11,2023,7,11,262500.0,662500.0,55.83613012441601,-4.195793465818992,2929.3898682148815,1.1295774588913867
2023-07-11,2023,7,11,257500.0,667500.0,55.879574159628305,-4.278197631229293,4283.844651711825,1.0402069842894655
2023-07-11,2023,7,11,262500.0,667500.0,55.88102684588964,-4.198328199669799,2919.1308638017586,1.4877523201775036
2023-07-12,2023,7,12,257500.0,662500.0,55.83467987242347,-4.275570996161421,4290.841991963815,0.5370049001848564
2023-07-12,2023,7,12,262500.0,662500.0,55.83613012441601,-4.195793465818992,2929.3898682148815,0.5454858478936826
2023-07-12,2023,7,12,257500.0,667500.0,55.879574159628305,-4.278197631229293,4283.844651711825,0.35895505157214547
2023-07-12,2023,7,12,262500.0,667500.0,55.88102684588964,-4.198328199669799,2919.1308638017586,0.7948655752027144
2023-07-13,2023,7,13,257500.0,662500.0,55.83467987242347,-4.275570996161421,4290.841991963815,1.9585045931048088
2023-07-13,2023,7,13,262500.0,662500.0,55.83613012441601,-4.195793465818992,2929.3898682148815,1.8236760613596
2023-07-13,2023,7,13,257500.0,667500.0,55.879574159628305,-4.278197631229293,4283.844651711825,2.4630346142692923
2023-07-13,2023,7,13,262500.0,667500.0,55.88102684588964,-4.198328199669799,2919.1308638017586,2.811376783147869
2023-07-14,2023,7,14,257500.0,662500.0,55.83467987242347,-4.275570996161421,4290.841991963815,9.111443532054125
2023-07-14,2023,7,14,262500.0,662500.0,55.83613012441601,-4.195793465818992,2929.3898682148815,8.923645469204839
2023-07-14,2023,7,14,257500.0,667500.0,55.879574159628305,-4.278197631229293,4283.844651711825,11.022596780436903
2023-07-14,2023,7,14,262500.0,667500.0,55.88102684588964,-4.198328199669799,2919.1308638017586,9.848710554400354
2023-07-15,2023,7,15,257500.0,662500.0,55.83467987242347,-4.275570996161421,4290.841991963815,1.4039093637402733
2023-07-15,2023,7,15,262500.0,662500.0,55.83613012441601,-4.195793465818992,2929.3898682148815,1.1288121021379365
2023-07-15,2023,7,15,257500.0,667500.0,55.879574159628305,-4.278197631229293,4283.844651711825,2.0568877755842405
2023-07-15,2023,7,15,262500.0,667500.0,55.88102684588964,-4.198328199669799,2919.1308638017586,1.5108852907800188
2023-07-16,2023,7,16,257500.0,662500.0,55.83467987242347,-4.275570996161421,4290.841991963815,0.3851583547261484
2023-07-16,2023,7,16,262500.0,662500.0,55.83613012441601,-4.195793465818992,2929.3898682148815,0.21518852877695033
2023-07-16,2023,7,16,257500.0,667500.0,55.879574159628305,-4.278197631229293,4283.844651711825,0.5592625998476394
2023-07-16,2023,7,16,262500.0,667500.0,55.88102684588964,-4.198328199669799,2919.1308638017586,0.3549336381432504
2023-07-17,2023,7,17,257500.0,662500.0,55.83467987242347,-4.275570996161421,4290.841991963815,0.19904359800356264
2023-07-17,2023,7,17,262500.0,662500.0,55.83613012441601,-4.195793465818992,2929.3898682148815,0.2091892059396512
2023-07-17,2023,7,17,257500.0,667500.0,55.879574159628305,-4.278197631229293,4283.844651711825,0.13108115919262495
2023-07-17,2023,7,17,262500.0,667500.0,55.88102684588964,-4.198328199669799,2919.1308638017586,0.3845648881150503
2023-07-18,2023,7,18,257500.0,662500.0,55.83467987242347,-4.275570996161421,4290.841991963815,0.04899901092679593
2023-07-18,2023,7,18,262500.0,662500.0,55.83613012441601,-4.195793465818992,2929.3898682148815,0.005041802016188706
2023-07-18,2023,7,18,257500.0,667500.0,55.879574159628305,-4.278197631229293,4283.844651711825,0.016319533578323078
2023-07-18,2023,7,18,262500.0,667500.0,55.88102684588964,-4.198328199669799,2919.1308638017586,0.015699533560486242
2023-07-19,2023,7,19,257500.0,662500.0,55.83467987242347,-4.275570996161421,4290.841991963815,0.0027279406702676898
2023-07-19,2023,7,19,262500.0,662500.0,55.83613012441601,-4.195793465818992,2929.3898682148815,0.001225910978791265
2023-07-19,2023,7,19,257500.0,667500.0,55.879574159628305,-4.278197631229293,4283.844651711825,0.0032514706167899327
2023-07-19,2023,7,19,262500.0,667500.0,55.88102684588964,-4.198328199669799,2919.1308638017586,0.00691109742577227
2023-07-20,2023,7,20,257500.0,662500.0,55.83467987242347,-4.275570996161421,4290.841991963815,3.4314431635402163
2023-07-20,2023,7,20,262500.0,662500.0,55.83613012441601,-4.195793465818992,2929.3898682148815,4.304221951782566
2023-07-20,2023,7,20,257500.0,667500.0,55.879574159628305,-4.278197631229293,4283.844651711825,1.6712466846819078
2023-07-20,2023,7,20,262500.0,667500.0,55.88102684588964,-4.198328199669799,2919.1308638017586,2.8516702769200593
2023-07-21,2023,7,21,257500.0,662500.0,55.83467987242347,-4.275570996161421,4290.841991963815,1.4312272230203258
2023-07-21,2023,7,21,262500.0,662500.0,55.83613012441601,-4.195793465818992,2929.3898682148815,1.0670624041126513
2023-07-21,2023,7,21,257500.0,667500.0,55.879574159628305,-4.278197631229293,4283.844651711825,1.0637708173576168
2023-07-21,2023,7,21,262500.0,667500.0,55.88102684588964,-4.198328199669799,2919.1308638017586,1.1202446631111582
2023-07-22,2023,7,22,257500.0,662500.0,55.83467987242347,-4.275570996161421,4290.841991963815,0.4990247072165156
2023-07-22,2023,7,22,262500.0,662500.0,55.83613012441601,-4.195793465818992,2929.3898682148815,0.3504759881786601
2023-07-22,2023,7,22,257500.0,667500.0,55.879574159628305,-4.278197631229293,4283.844651711825,0.2205389164521428
2023-07-22,2023,7,22,262500.0,667500.0,55.88102684588964,-4.198328199669799,2919.1308638017586,0.40061013371760407
2023-07-23,2023,7,23,257500.0,662500.0,55.83467987242347,-4.275570996161421,4290.841991963815,0.5260906807888392
2023-07-23,2023,7,23,262500.0,662500.0,55.83613012441601,-4.195793465818992,2929.3898682148815,0.22645277440536696
2023-07-23,2023,7,23,257500.0,667500.0,55.879574159628305,-4.278197631229293,4283.844651711825,0.9527735292299262
2023-07-23,2023,7,23,262500.0,667500.0,55.88102684588964,-4.198328199669799,2919.1308638017586,0.6966654162059037
2023-07-24,2023,7,24,257500.0,662500.0,55.83467987242347,-4.275570996161421,4290.841991963815,0.0013089945083906728
2023-07-24,2023,7,24,262500.0,662500.0,55.83613012441601,-4.195793465818992,2929.3898682148815,0.0004816166015648101
2023-07-24,2023,7,24,257500.0,667500.0,55.879574159628305,-4.278197631229293,4283.844651711825,0.0018101701459365687
2023-07-24,2023,7,24,262500.0,667500.0,55.88102684588964,-4.198328199669799,2919.1308638017586,0.003882594201562382
2023-07-25,2023,7,25,257500.0,662500.0,55.83467987242347,-4.275570996161421,4290.841991963815,6.079402441708888
2023-07-25,2023,7,25,262500.0,662500.0,55.83613012441601,-4.195793465818992,2929.3898682148815,5.264773095407865
2023-07-25,2023,7,25,257500.0,667500.0,55.879574159628305,-4.278197631229293,4283.844651711825,5.796518715772364
2023-07-25,2023,7,25,262500.0,667500.0,55.88102684588964,-4.198328199669799,2919.1308638017586,5.824036076710156
2023-07-26,2023,7,26,257500.0,662500.0,55.83467987242347,-4.275570996161421,4290.841991963815,10.885504993562812
2023-07-26,2023,7,26,262500.0,662500.0,55.83613012441601,-4.195793465818992,2929.3898682148815,10.456734517634594
2023-07-26,2023,7,26,257500.0,667500.0,55.879574159628305,-4.278197631229293,4283.844651711825,10.846474077753232
2023-07-26,2023,7,26,262500.0,667500.0,55.88102684588964,-4.198328199669799,2919.1308638017586,11.344608486941333
2023-07-27,2023,7,27,257500.0,662500.0,55.83467987242347,-4.275570996161421,4290.841991963815,0.5652356007583758
2023-07-27,2023,7,27,262500.0,662500.0,55.83613012441601,-4.195793465818992,2929.3898682148815,0.19504239167310364
2023-07-27,2023,7,27,257500.0,667500.0,55.879574159628305,-4.278197631229293,4283.844651711825,0.39517998703341417
2023-07-27,2023,7,27,262500.0,667500.0,55.88102684588964,-4.198328199669799,2919.1308638017586,0.3426583848408692
2023-07-28,2023,7,28,257500.0,662500.0,55.83467987242347,-4.275570996161421,4290.841991963815,0.5182745091834613
2023-07-28,2023,7,28,262500.0,662500.0,55.83613012441601,-4.195793465818992,2929.3898682148815,0.644146944125278
2023-07-28,2023,7,28,257500.0,667500.0,55.879574159628305,-4.278197631229293,4283.844651711825,0.5067375448698477
2023-07-28,2023,7,28,262500.0,667500.0,55.88102684588964,-4.198328199669799,2919.1308638017586,0.8069614125415012
2023-07-29,2023,7,29,257500.0,662500.0,55.83467987242347,-4.275570996161421,4290.841991963815,11.053954645774636
2023-07-29,2023,7,29,262500.0,662500.0,55.83613012441601,-4.195793465818992,2929.3898682148815,9.921961236049317
2023-07-29,2023,7,29,257500.0,667500.0,55.879574159628305,-4.278197631229293,4283.844651711825,16.91547341243297
2023-07-29,2023,7,29,262500.0,667500.0,55.88102684588964,-4.198328199669799,2919.1308638017586,14.252924457134787
2023-07-30,2023,7,30,257500.0,662500.0,55.83467987242347,-4.275570996161421,4290.841991963815,8.290656931024893
2023-07-30,2023,7,30,262500.0,662500.0,55.83613012441601,-4.195793465818992,2929.3898682148815,8.470694953746225
2023-07-30,2023,7,30,257500.0,667500.0,55.879574159628305,-4.278197631229293,4283.844651711825,7.447113844980717
2023-07-30,2023,7,30,262500.0,667500.0,55.88102684588964,-4.198328199669799,2919.1308638017586,8.468129797382023
2023-07-31,2023,7,31,257500.0,662500.0,55.83467987242347,-4.275570996161421,4290.841991963815,2.248344258244286
2023-07-31,2023,7,31,262500.0,662500.0,55.83613012441601,-4.195793465818992,2929.3898682148815,1.7879423616468748
2023-07-31,2023,7,31,257500.0,667500.0,55.879574159628305,-4.278197631229293,4283.844651711825,2.3177442906906616
2023-07-31,2023,7,31,262500.0,667500.0,55.88102684588964,-4.198328199669799,2919.1308638017586,2.4187105477291557
2023-08-01,2023,8,1,257500.0,662500.0,55.83467987242347,-4.275570996161421,4290.841991963815,6.638163922711185
2023-08-01,2023,8,1,262500.0,662500.0,55.83613012441601,-4.195793465818992,2929.3898682148815,6.516826514352532
2023-08-01,2023,8,1,257500.0,667500.0,55.879574159628305,-4.278197631229293,4283.844651711825,6.5461177459459075
2023-08-01,2023,8,1,262500.0,667500.0,55.88102684588964,-4.198328199669799,2919.1308638017586,7.070687740084596
2023-08-02,2023,8,2,257500.0,662500.0,55.83467987242347,-4.275570996161421,4290.841991963815,0.09885738838908618
2023-08-02,2023,8,2,262500.0,662500.0,55.83613012441601,-4.195793465818992,2929.3898682148815,0.05273500528570036
2023-08-02,2023,8,2,257500.0,667500.0,55.879574159628305,-4.278197631229293,4283.844651711825,0.051206510438087716
2023-08-02,2023,8,2,262500.0,667500.0,55.88102684588964,-4.198328199669799,2919.1308638017586,0.10548416510430814
2023-08-03,2023,8,3,257500.0,662500.0,55.83467987242347,-4.275570996161421,4290.841991963815,0.0020158588058238227
2023-08-03,2023,8,3,262500.0,662500.0,55.83613012441601,-4.195793465818992,2929.3898682148815,0.0015354179395894345
2023-08-03,2023,8,3,257500.0,667500.0,55.879574159628305,-4.278197631229293,4283.844651711825,0.0017664476472252979
2023-08-03,2023,8,3,262500.0,667500.0,55.88102684588964,-4.198328199669799,2919.1308638017586,0.005653425045794263
2023-08-04,2023,8,4,257500.0,662500.0,55.83467987242347,-4.275570996161421,4290.841991963815,0.010866104736750015
2023-08-04,2023,8,4,262500.0,662500.0,55.83613012441601,-4.195793465818992,2929.3898682148815,0.0027210791083220835
2023-08-04,2023,8,4,257500.0,667500.0,55.879574159628305,-4.278197631229293,4283.844651711825,0.014463752247162148
2023-08-04,2023,8,4,262500.0,667500.0,55.88102684588964,-4.198328199669799,2919.1308638017586,0.03856423022553474
2023-08-05,2023,8,5,257500.0,662500.0,55.83467987242347,-4.275570996161421,4290.841991963815,4.882304250286321
2023-08-05,2023,8,5,262500.0,662500.0,55.83613012441601,-4.195793465818992,2929.3898682148815,3.017678639841707
2023-08-05,2023,8,5,257500.0,667500.0,55.879574159628305,-4.278197631229293,4283.844651711825,3.940497148027643
2023-08-05,2023,8,5,262500.0,667500.0,55.88102684588964,-4.198328199669799,2919.1308638017586,3.687002798413082
2023-08-06,2023,8,6,257500.0,662500.0,55.83467987242347,-4.275570996161421,4290.841991963815,3.248314085378427
2023-08-06,2023,8,6,262500.0,662500.0,55.83613012441601,-4.195793465818992,2929.3898682148815,3.562553809447927
2023-08-06,2023,8,6,257500.0,667500.0,55.879574159628305,-4.278197631229293,4283.844651711825,3.0590300100531183
2023-08-06,2023,8,6,262500.0,667500.0,55.88102684588964,-4.198328199669799,2919.1308638017586,5.251606312536816
2023-08-07,2023,8,7,257500.0,662500.0,55.83467987242347,-4.275570996161421,4290.841991963815,0.04204790441205716
2023-08-07,2023,8,7,262500.0,662500.0,55.83613012441601,-4.195793465818992,2929.3898682148815,0.010807612536759537
2023-08-07,2023,8,7,257500.0,667500.0,55.879574159628305,-4.278197631229293,4283.844651711825,0.05926203369660116
2023-08-07,2023,8,7,262500.0,667500.0,55.88102684588964,-4.198328199669799,2919.1308638017586,0.09737176905007065
2023-08-08,2023,8,8,257500.0,662500.0,55.83467987242347,-4.275570996161421,4290.841991963815,0.10053223736631701
2023-08-08,2023,8,8,262500.0,662500.0,55.83613012441601,-4.195793465818992,2929.3898682148815,0.015400639753957744
2023-08-08,2023,8,8,257500.0,667500.0,55.879574159628305,-4.278197631229293,4283.844651711825,0.025771250706964306
2023-08-08,2023,8,8,262500.0,667500.0,55.88102684588964,-4.198328199669799,2919.1308638017586,0.024491577791219524
2023-08-09,2023,8,9,257500.0,662500.0,55.83467987242347,-4.275570996161421,4290.841991963815,0.06535795613578275
2023-08-09,2023,8,9,262500.0,662500.0,55.83613012441601,-4.195793465818992,2929.3898682148815,0.04246414570901922
2023-08-09,2023,8,9,257500.0,667500.0,55.879574159628305,-4.278197631229293,4283.844651711825,0.05209280276321422
2023-08-09,2023,8,9,262500.0,667500.0,55.88102684588964,-4.198328199669799,2919.1308638017586,0.13084504039073458
2023-08-10,2023,8,10,257500.0,662500.0,55.83467987242347,-4.275570996161421,4290.841991963815,1.7247834559326751
2023-08-10,2023,8,10,262500.0,662500.0,55.83613012441601,-4.195793465818992,2929.3898682148815,1.1358382088351284
2023-08-10,2023,8,10,257500.0,667500.0,55.879574159628305,-4.278197631229293,4283.844651711825,2.2947773363321327
2023-08-10,2023,8,10,262500.0,667500.0,55.88102684588964,-4.198328199669799,2919.1308638017586,1.5136977802072535
2023-08-11,2023,8,11,257500.0,662500.0,55.83467987242347,-4.275570996161421,4290.841991963815,3.052021901320317
2023-08-11,2023,8,11,262500.0,662500.0,55.83613012441601,-4.195793465818992,2929.3898682148815,1.5044669721265846
2023-08-11,2023,8,11,257500.0,667500.0,55.879574159628305,-4.278197631229293,4283.844651711825,2.639024567891614
2023-08-11,2023,8,11,262500.0,667500.0,55.88102684588964,-4.198328199669799,2919.1308638017586,2.292951581992359
2023-08-12,2023,8,12,257500.0,662500.0,55.83467987242347,-4.275570996161421,4290.841991963815,13.59521013615585
2023-08-12,2023,8,12,262500.0,662500.0,55.83613012441601,-4.195793465818992,2929.3898682148815,14.761803497151943
2023-08-12,2023,8,12,257500.0,667500.0,55.879574159628305,-4.278197631229293,4283.844651711825,10.725078127440598
2023-08-12,2023,8,12,262500.0,667500.0,55.88102684588964,-4.198328199669799,2919.1308638017586,13.593851194409051
2023-08-13,2023,8,13,257500.0,662500.0,55.83467987242347,-4.275570996161421,4290.841991963815,0.8378538451771562
2023-08-13,2023,8,13,262500.0,662500.0,55.83613012441601,-4.195793465818992,2929.3898682148815,0.6791181125722908
2023-08-13,2023,8,13,257500.0,667500.0,55.879574159628305,-4.278197631229293,4283.844651711825,0.6754492307800605
2023-08-13,2023,8,13,262500.0,667500.0,55.88102684588964,-4.198328199669799,2919.1308638017586,1.0400038760664523
2023-08-14,2023,8,14,257500.0,662500.0,55.83467987242347,-4.275570996161421,4290.841991963815,0.021166022190630834
2023-08-14,2023,8,14,262500.0,662500.0,55.83613012441601,-4.195793465818992,2929.3898682148815,0.037596680710435634
2023-08-14,2023,8,14,257500.0,667500.0,55.879574159628305,-4.278197631229293,4283.844651711825,0.01936123281306255
2023-08-14,2023,8,14,262500.0,667500.0,55.88102684588964,-4.198328199669799,2919.1308638017586,0.05259234939595618
2023-08-15,2023,8,15,257500.0,662500.0,55.83467987242347,-4.275570996161421,4290.841991963815,2.784066968484738
2023-08-15,2023,8,15,262500.0,662500.0,55.83613012441601,-4.195793465818992,2929.3898682148815,4.057896695399079
2023-08-15,2023,8,15,257500.0,667500.0,55.879574159628305,-4.278197631229293,4283.844651711825,1.1973992507672893
2023-08-15,2023,8,15,262500.0,667500.0,55.88102684588964,-4.198328199669799,2919.1308638017586,2.7338692489017014
2023-08-16,2023,8,16,257500.0,662500.0,55.83467987242347,-4.275570996161421,4290.841991963815,0.005494674478341332
2023-08-16,2023,8,16,262500.0,662500.0,55.83613012441601,-4.195793465818992,2929.3898682148815,0.003488947142462553
2023-08-16,2023,8,16,257500.0,667500.0,55.879574159628305,-4.278197631229293,4283.844651711825,0.003781020665600739
2023-08-16,2023,8,16,262500.0,667500.0,55.88102684588964,-4.198328199669799,2919.1308638017586,0.009582471394789412
2023-08-17,2023,8,17,257500.0,662500.0,55.83467987242347,-4.275570996161421,4290.841991963815,3.502913962659393e-05
2023-08-17,2023,8,17,262500.0,662500.0,55.83613012441601,-4.195793465818992,2929.3898682148815,4.910185738627188e-05
2023-08-17,2023,8,17,257500.0,667500.0,55.879574159628305,-4.278197631229293,4283.844651711825,0.0
2023-08-17,2023,8,17,262500.0,667500.0,55.88102684588964,-4.198328199669799,2919.1308638017586,0.00017518454204023764
2023-08-18,2023,8,18,257500.0,662500.0,55.83467987242347,-4.275570996161421,4290.841991963815,6.065424318782842
2023-08-18,2023,8,18,262500.0,662500.0,55.83613012441601,-4.195793465818992,2929.3898682148815,6.191434314735692
2023-08-18,2023,8,18,257500.0,667500.0,55.879574159628305,-4.278197631229293,4283.844651711825,6.870276126645337
2023-08-18,2023,8,18,262500.0,667500.0,55.88102684588964,-4.198328199669799,2919.1308638017586,7.193873165140893
2023-08-19,2023,8,19,257500.0,662500.0,55.83467987242347,-4.275570996161421,4290.841991963815,1.0343815878205311
2023-08-19,2023,8,19,262500.0,662500.0,55.83613012441601,-4.195793465818992,2929.3898682148815,0.60942248029036
2023-08-19,2023,8,19,257500.0,667500.0,55.879574159628305,-4.278197631229293,4283.844651711825,1.4490400355615431
2023-08-19,2023,8,19,262500.0,667500.0,55.88102684588964,-4.198328199669799,2919.1308638017586,1.2068839118117158
2023-08-20,2023,8,20,257500.0,662500.0,55.83467987242347,-4.275570996161421,4290.841991963815,1.0100228762089822
2023-08-20,2023,8,20,262500.0,662500.0,55.83613012441601,-4.195793465818992,2929.3898682148815,1.0883150941473292
2023-08-20,2023,8,20,257500.0,667500.0,55.879574159628305,-4.278197631229293,4283.844651711825,1.0365305075308895
2023-08-20,2023,8,20,262500.0,667500.0,55.88102684588964,-4.198328199669799,2919.1308638017586,1.3707367320621338
2023-08-21,2023,8,21,257500.0,662500.0,55.83467987242347,-4.275570996161421,4290.841991963815,4.625338355362954
2023-08-21,2023,8,21,262500.0,662500.0,55.83613012441601,-4.195793465818992,2929.3898682148815,4.524339564760961
2023-08-21,2023,8,21,257500.0,667500.0,55.879574159628305,-4.278197631229293,4283.844651711825,4.608276468308666
2023-08-21,2023,8,21,262500.0,667500.0,55.88102684588964,-4.198328199669799,2919.1308638017586,4.974137633859033
2023-08-22,2023,8,22,257500.0,662500.0,55.83467987242347,-4.275570996161421,4290.841991963815,3.2317908334788394
2023-08-22,2023,8,22,262500.0,662500.0,55.83613012441601,-4.195793465818992,2929.3898682148815,3.5455128895885744
2023-08-22,2023,8,22,257500.0,667500.0,55.879574159628305,-4.278197631229293,4283.844651711825,2.695024952968237
2023-08-22,2023,8,22,262500.0,667500.0,55.88102684588964,-4.198328199669799,2919.1308638017586,3.1089908780511295
2023-08-23,2023,8,23,257500.0,662500.0,55.83467987242347,-4.275570996161421,4290.841991963815,2.1546685507952335
2023-08-23,2023,8,23,262500.0,662500.0,55.83613012441601,-4.195793465818992,2929.3898682148815,2.458584312677504
2023-08-23,2023,8,23,257500.0,667500.0,55.879574159628305,-4.278197631229293,4283.844651711825,2.2167132598189307
2023-08-23,2023,8,23,262500.0,667500.0,55.88102684588964,-4.198328199669799,2919.1308638017586,2.2709718515258337
2023-08-24,2023,8,24,257500.0,662500.0,55.83467987242347,-4.275570996161421,4290.841991963815,2.078152366376916
2023-08-24,2023,8,24,262500.0,662500.0,55.83613012441601,-4.195793465818992,2929.3898682148815,1.5864247756682615
2023-08-24,2023,8,24,257500.0,667500.0,55.879574159628305,-4.278197631229293,4283.844651711825,1.5757763913937382
2023-08-24,2023,8,24,262500.0,667500.0,55.88102684588964,-4.198328199669799,2919.1308638017586,1.6972315980055683
2023-08-25,2023,8,25,257500.0,662500.0,55.83467987242347,-4.275570996161421,4290.841991963815,3.7025294892217504
2023-08-25,2023,8,25,262500.0,662500.0,55.83613012441601,-4.195793465818992,2929.3898682148815,0.8416835371839234
2023-08-25,2023,8,25,257500.0,667500.0,55.879574159628305,-4.278197631229293,4283.844651711825,1.9839877081492738
2023-08-25,2023,8,25,262500.0,667500.0,55.88102684588964,-4.198328199669799,2919.1308638017586,2.484705416988911
2023-08-26,2023,8,26,257500.0,662500.0,55.83467987242347,-4.275570996161421,4290.841991963815,4.287995550637224
2023-08-26,2023,8,26,262500.0,662500.0,55.83613012441601,-4.195793465818992,2929.3898682148815,2.703882536048845
2023-08-26,2023,8,26,257500.0,667500.0,55.879574159628305,-4.278197631229293,4283.844651711825,2.175766785822023
2023-08-26,2023,8,26,262500.0,667500.0,55.88102684588964,-4.198328199669799,2919.1308638017586,3.4467930209592708
2023-08-27,2023,8,27,257500.0,662500.0,55.83467987242347,-4.275570996161421,4290.841991963815,0.00453949697614926
2023-08-27,2023,8,27,262500.0,662500.0,55.83613012441601,-4.195793465818992,2929.3898682148815,0.0014641104917607374
2023-08-27,2023,8,27,257500.0,667500.0,55.879574159628305,-4.278197631229293,4283.844651711825,0.009718279119842506
2023-08-27,2023,8,27,262500.0,667500.0,55.88102684588964,-4.198328199669799,2919.1308638017586,0.0330048294364093
2023-08-28,2023,8,28,257500.0,662500.0,55.83467987242347,-4.275570996161421,4290.841991963815,1.663238606803698
2023-08-28,2023,8,28,262500.0,662500.0,55.83613012441601,-4.195793465818992,2929.3898682148815,1.8254388460222517
2023-08-28,2023,8,28,257500.0,667500.0,55.879574159628305,-4.278197631229293,4283.844651711825,1.0969211882048464
2023-08-28,2023,8,28,262500.0,667500.0,55.88102684588964,-4.198328199669799,2919.1308638017586,1.4975468726808592
2023-08-29,2023,8,29,257500.0,662500.0,55.83467987242347,-4.275570996161421,4290.841991963815,0.6597231517350975
2023-08-29,2023,8,29,262500.0,662500.0,55.83613012441601,-4.195793465818992,2929.3898682148815,0.42959321390511007
2023-08-29,2023,8,29,257500.0,667500.0,55.879574159628305,-4.278197631229293,4283.844651711825,0.26346037034292735
2023-08-29,2023,8,29,262500.0,667500.0,55.88102684588964,-4.198328199669799,2919.1308638017586,0.42164100167510377
2023-08-30,2023,8,30,257500.0,662500.0,55.83467987242347,-4.275570996161421,4290.841991963815,0.007325669070558245
2023-08-30,2023,8,30,262500.0,662500.0,55.83613012441601,-4.195793465818992,2929.3898682148815,0.00482124947353112
2023-08-30,2023,8,30,257500.0,667500.0,55.879574159628305,-4.278197631229293,4283.844651711825,0.010163880266288547
2023-08-30,2023,8,30,262500.0,667500.0,55.88102684588964,-4.198328199669799,2919.1308638017586,0.033661535061885524
2023-08-31,2023,8,31,257500.0,662500.0,55.83467987242347,-4.275570996161421,4290.841991963815,0.0006668294334388704
2023-08-31,2023,8,31,262500.0,662500.0,55.83613012441601,-4.195793465818992,2929.3898682148815,6.089970646852144e-05
2023-08-31,2023,8,31,257500.0,667500.0,55.879574159628305,-4.278197631229293,4283.844651711825,0.0003048387339416887
2023-08-31,2023,8,31,262500.0,667500.0,55.88102684588964,-4.198328199669799,2919.1308638017586,0.0002584359243466983
2023-09-01,2023,9,1,257500.0,662500.0,55.83467987242347,-4.275570996161421,4290.841991963815,0.0025870048513162436
2023-09-01,2023,9,1,262500.0,662500.0,55.83613012441601,-4.195793465818992,2929.3898682148815,0.00030614839421293005
2023-09-01,2023,9,1,257500.0,667500.0,55.879574159628305,-4.278197631229293,4283.844651711825,0.0010193521718090555
2023-09-01,2023,9,1,262500.0,667500.0,55.88102684588964,-4.198328199669799,2919.1308638017586,0.0008097665545835002
2023-09-02,2023,9,2,257500.0,662500.0,55.83467987242347,-4.275570996161421,4290.841991963815,0.0021496668997025114
2023-09-02,2023,9,2,262500.0,662500.0,55.83613012441601,-4.195793465818992,2929.3898682148815,0.0008818385344930686
2023-09-02,2023,9,2,257500.0,667500.0,55.879574159628305,-4.278197631229293,4283.844651711825,0.006690000710566049
2023-09-02,2023,9,2,262500.0,667500.0,55.88102684588964,-4.198328199669799,2919.1308638017586,0.028747969334184692
2023-09-03,2023,9,3,257500.0,662500.0,55.83467987242347,-4.275570996161421,4290.841991963815,0.0002866836398870318
2023-09-03,2023,9,3,262500.0,662500.0,55.83613012441601,-4.195793465818992,2929.3898682148815,7.090330707010437e-05
2023-09-03,2023,9,3,257500.0,667500.0,55.879574159628305,-4.278197631229293,4283.844651711825,0.00035133830836393197
2023-09-03,2023,9,3,262500.0,667500.0,55.88102684588964,-4.198328199669799,2919.1308638017586,0.0004316364325630233
2023-09-04,2023,9,4,257500.0,662500.0,55.83467987242347,-4.275570996161421,4290.841991963815,0.0027661198161610333
2023-09-04,2023,9,4,262500.0,662500.0,55.83613012441601,-4.195793465818992,2929.3898682148815,0.0003501322403011338
2023-09-04,2023,9,4,257500.0,667500.0,55.879574159628305,-4.278197631229293,4283.844651711825,0.0011498196539415442
2023-09-04,2023,9,4,262500.0,667500.0,55.88102684588964,-4.198328199669799,2919.1308638017586,0.0009259971832262376
2023-09-05,2023,9,5,257500.0,662500.0,55.83467987242347,-4.275570996161421,4290.841991963815,0.0005393205965654521
2023-09-05,2023,9,5,262500.0,662500.0,55.83613012441601,-4.195793465818992,2929.3898682148815,0.00021284207258506313
2023-09-05,2023,9,5,257500.0,667500.0,55.879574159628305,-4.278197631229293,4283.844651711825,0.0003736196457575497
2023-09-05,2023,9,5,262500.0,667500.0,55.88102684588964,-4.198328199669799,2919.1308638017586,0.000583140056914456
2023-09-06,2023,9,6,257500.0,662500.0,55.83467987242347,-4.275570996161421,4290.841991963815,0.0025324882869758422
2023-09-06,2023,9,6,262500.0,662500.0,55.83613012441601,-4.195793465818992,2929.3898682148815,0.0010047836803381528
2023-09-06,2023,9,6,257500.0,667500.0,55.879574159628305,-4.278197631229293,4283.844651711825,0.007191718018315138
2023-09-06,2023,9,6,262500.0,667500.0,55.88102684588964,-4.198328199669799,2919.1308638017586,0.029601355530318806
2023-09-07,2023,9,7,257500.0,662500.0,55.83467987242347,-4.275570996161421,4290.841991963815,0.010285884398650713
2023-09-07,2023,9,7,262500.0,662500.0,55.83613012441601,-4.195793465818992,2929.3898682148815,0.0031629319280962183
2023-09-07,2023,9,7,257500.0,667500.0,55.879574159628305,-4.278197631229293,4283.844651711825,0.011006306366619001
2023-09-07,2023,9,7,262500.0,667500.0,55.88102684588964,-4.198328199669799,2919.1308638017586,0.010885232986408333
2023-09-08,2023,9,8,257500.0,662500.0,55.83467987242347,-4.275570996161421,4290.841991963815,0.00012819400151555866
2023-09-08,2023,9,8,262500.0,662500.0,55.83613012441601,-4.195793465818992,2929.3898682148815,4.3015323452676204e-05
2023-09-08,2023,9,8,257500.0,667500.0,55.879574159628305,-4.278197631229293,4283.844651711825,0.00011888102160445999
2023-09-08,2023,9,8,262500.0,667500.0,55.88102684588964,-4.198328199669799,2919.1308638017586,0.00017084935349518998
2023-09-09,2023,9,9,257500.0,662500.0,55.83467987242347,-4.275570996161421,4290.841991963815,2.239812598219717
2023-09-09,2023,9,9,262500.0,662500.0,55.83613012441601,-4.195793465818992,2929.3898682148815,2.500284027336518
2023-09-09,2023,9,9,257500.0,667500.0,55.879574159628305,-4.278197631229293,4283.844651711825,2.006371240217899
2023-09-09,2023,9,9,262500.0,667500.0,55.88102684588964,-4.198328199669799,2919.1308638017586,2.3735229769342268
2023-09-10,2023,9,10,257500.0,662500.0,55.83467987242347,-4.275570996161421,4290.841991963815,13.525103717305692
2023-09-10,2023,9,10,262500.0,662500.0,55.83613012441601,-4.195793465818992,2929.3898682148815,14.940811029319335
2023-09-10,2023,9,10,257500.0,667500.0,55.879574159628305,-4.278197631229293,4283.844651711825,14.527034835183718
2023-09-10,2023,9,10,262500.0,667500.0,55.88102684588964,-4.198328199669799,2919.1308638017586,15.582593889532536
2023-09-11,2023,9,11,257500.0,662500.0,55.83467987242347,-4.275570996161421,4290.841991963815,0.02526151804956883
2023-09-11,2023,9,11,262500.0,662500.0,55.83613012441601,-4.195793465818992,2929.3898682148815,0.004882312083183102
2023-09-11,2023,9,11,257500.0,667500.0,55.879574159628305,-4.278197631229293,4283.844651711825,0.12327935240951887
2023-09-11,2023,9,11,262500.0,667500.0,55.88102684588964,-4.198328199669799,2919.1308638017586,0.050354365711670616
2023-09-12,2023,9,12,257500.0,662500.0,55.83467987242347,-4.275570996161421,4290.841991963815,9.678637614508758e-05
2023-09-12,2023,9,12,262500.0,662500.0,55.83613012441601,-4.195793465818992,2929.3898682148815,1.4576811822561058e-05
2023-09-12,2023,9,12,257500.0,667500.0,55.879574159628305,-4.278197631229293,4283.844651711825,0.00013365174706457493
2023-09-12,2023,9,12,262500.0,667500.0,55.88102684588964,-4.198328199669799,2919.1308638017586,0.00012177753462172921
2023-09-13,2023,9,13,257500.0,662500.0,55.83467987242347,-4.275570996161421,4290.841991963815,5.586689399568202
2023-09-13,2023,9,13,262500.0,662500.0,55.83613012441601,-4.195793465818992,2929.3898682148815,5.015269263796397
2023-09-13,2023,9,13,257500.0,667500.0,55.879574159628305,-4.278197631229293,4283.844651711825,6.223703876826594
2023-09-13,2023,9,13,262500.0,667500.0,55.88102684588964,-4.198328199669799,2919.1308638017586,6.497492044188614
2023-09-14,2023,9,14,257500.0,662500.0,55.83467987242347,-4.275570996161421,4290.841991963815,0.9739729651539109
2023-09-14,2023,9,14,262500.0,662500.0,55.83613012441601,-4.195793465818992,2929.3898682148815,0.9104743869993046
2023-09-14,2023,9,14,257500.0,667500.0,55.879574159628305,-4.278197631229293,4283.844651711825,0.6734986104440532
2023-09-14,2023,9,14,262500.0,667500.0,55.88102684588964,-4.198328199669799,2919.1308638017586,1.192396470714084
2023-09-15,2023,9,15,257500.0,662500.0,55.83467987242347,-4.275570996161421,4290.841991963815,17.767627041566833
2023-09-15,2023,9,15,262500.0,662500.0,55.83613012441601,-4.195793465818992,2929.3898682148815,18.036031108819778
2023-09-15,2023,9,15,257500.0,667500.0,55.879574159628305,-4.278197631229293,4283.844651711825,17.150235941317547
2023-09-15,2023,9,15,262500.0,667500.0,55.88102684588964,-4.198328199669799,2919.1308638017586,18.593529776536535
2023-09-16,2023,9,16,257500.0,662500.0,55.83467987242347,-4.275570996161421,4290.841991963815,0.008016493639015142
2023-09-16,2023,9,16,262500.0,662500.0,55.83613012441601,-4.195793465818992,2929.3898682148815,0.003206300491631908
2023-09-16,2023,9,16,257500.0,667500.0,55.879574159628305,-4.278197631229293,4283.844651711825,0.00820462303479437
2023-09-16,2023,9,16,262500.0,667500.0,55.88102684588964,-4.198328199669799,2919.1308638017586,0.010936766334311713
2023-09-17,2023,9,17,257500.0,662500.0,55.83467987242347,-4.275570996161421,4290.841991963815,10.599622257710143
2023-09-17,2023,9,17,262500.0,662500.0,55.83613012441601,-4.195793465818992,2929.3898682148815,10.081634607099238
2023-09-17,2023,9,17,257500.0,667500.0,55.879574159628305,-4.278197631229293,4283.844651711825,11.894137242790126
2023-09-17,2023,9,17,262500.0,667500.0,55.88102684588964,-4.198328199669799,2919.1308638017586,11.391109000017101
2023-09-18,2023,9,18,257500.0,662500.0,55.83467987242347,-4.275570996161421,4290.841991963815,14.0781663865501
2023-09-18,2023,9,18,262500.0,662500.0,55.83613012441601,-4.195793465818992,2929.3898682148815,11.900800678019385
2023-09-18,2023,9,18,257500.0,667500.0,55.879574159628305,-4.278197631229293,4283.844651711825,15.424164102394462
2023-09-18,2023,9,18,262500.0,667500.0,55.88102684588964,-4.198328199669799,2919.1308638017586,14.96240652799931
2023-09-19,2023,9,19,257500.0,662500.0,55.83467987242347,-4.275570996161421,4290.841991963815,14.041055658222009
2023-09-19,2023,9,19,262500.0,662500.0,55.83613012441601,-4.195793465818992,2929.3898682148815,12.36612631227605
2023-09-19,2023,9,19,257500.0,667500.0,55.879574159628305,-4.278197631229293,4283.844651711825,14.240066814858647
2023-09-19,2023,9,19,262500.0,667500.0,55.88102684588964,-4.198328199669799,2919.1308638017586,13.866325796520185
2023-09-20,2023,9,20,257500.0,662500.0,55.83467987242347,-4.275570996161421,4290.841991963815,5.234685835702285
2023-09-20,2023,9,20,262500.0,662500.0,55.83613012441601,-4.195793465818992,2929.3898682148815,4.484812612720685
2023-09-20,2023,9,20,257500.0,667500.0,55.879574159628305,-4.278197631229293,4283.844651711825,7.185178096913297
2023-09-20,2023,9,20,262500.0,667500.0,55.88102684588964,-4.198328199669799,2919.1308638017586,4.895657986242699
2023-09-21,2023,9,21,257500.0,662500.0,55.83467987242347,-4.275570996161421,4290.841991963815,0.3483763408990509
2023-09-21,2023,9,21,262500.0,662500.0,55.83613012441601,-4.195793465818992,2929.3898682148815,0.08880807071000302
2023-09-21,2023,9,21,257500.0,667500.0,55.879574159628305,-4.278197631229293,4283.844651711825,1.0279492175326095
2023-09-21,2023,9,21,262500.0,667500.0,55.88102684588964,-4.198328199669799,2919.1308638017586,0.7637917394256618
2023-09-22,2023,9,22,257500.0,662500.0,55.83467987242347,-4.275570996161421,4290.841991963815,0.011759332316155746
2023-09-22,2023,9,22,262500.0,662500.0,55.83613012441601,-4.195793465818992,2929.3898682148815,0.00676660499146377
2023-09-22,2023,9,22,257500.0,667500.0,55.879574159628305,-4.278197631229293,4283.844651711825,0.012762221604128482
2023-09-22,2023,9,22,262500.0,667500.0,55.88102684588964,-4.198328199669799,2919.1308638017586,0.03384204034694672
2023-09-23,2023,9,23,257500.0,662500.0,55.83467987242347,-4.275570996161421,4290.841991963815,3.041164141681619
2023-09-23,2023,9,23,262500.0,662500.0,55.83613012441601,-4.195793465818992,2929.3898682148815,2.488261781773178
2023-09-23,2023,9,23,257500.0,667500.0,55.879574159628305,-4.278197631229293,4283.844651711825,4.138305390485754
2023-09-23,2023,9,23,262500.0,667500.0,55.88102684588964,-4.198328199669799,2919.1308638017586,3.546324129980337
2023-09-24,2023,9,24,257500.0,662500.0,55.83467987242347,-4.275570996161421,4290.841991963815,10.866685802445778
2023-09-24,2023,9,24,262500.0,662500.0,55.83613012441601,-4.195793465818992,2929.3898682148815,11.333738014927686
2023-09-24,2023,9,24,257500.0,667500.0,55.879574159628305,-4.278197631229293,4283.844651711825,8.566230146546962
2023-09-24,2023,9,24,262500.0,667500.0,55.88102684588964,-4.198328199669799,2919.1308638017586,9.504629339674297
2023-09-25,2023,9,25,257500.0,662500.0,55.83467987242347,-4.275570996161421,4290.841991963815,0.015305157884898012
2023-09-25,2023,9,25,262500.0,662500.0,55.83613012441601,-4.195793465818992,2929.3898682148815,0.0038866836798772983
2023-09-25,2023,9,25,257500.0,667500.0,55.879574159628305,-4.278197631229293,4283.844651711825,0.026758665088911733
2023-09-25,2023,9,25,262500.0,667500.0,55.88102684588964,-4.198328199669799,2919.1308638017586,0.030485779033832913
2023-09-26,2023,9,26,257500.0,662500.0,55.83467987242347,-4.275570996161421,4290.841991963815,7.468612422010145
2023-09-26,2023,9,26,262500.0,662500.0,55.83613012441601,-4.195793465818992,2929.3898682148815,6.517633988771947
2023-09-26,2023,9,26,257500.0,667500.0,55.879574159628305,-4.278197631229293,4283.844651711825,7.96921977766067
2023-09-26,2023,9,26,262500.0,667500.0,55.88102684588964,-4.198328199669799,2919.1308638017586,7.823791609407982
2023-09-27,2023,9,27,257500.0,662500.0,55.83467987242347,-4.275570996161421,4290.841991963815,6.838921693436454
2023-09-27,2023,9,27,262500.0,662500.0,55.83613012441601,-4.195793465818992,2929.3898682148815,6.249545194715311
2023-09-27,2023,9,27,257500.0,667500.0,55.879574159628305,-4.278197631229293,4283.844651711825,7.0959487809355375
2023-09-27,2023,9,27,262500.0,667500.0,55.88102684588964,-4.198328199669799,2919.1308638017586,7.508140029822252
2023-09-28,2023,9,28,257500.0,662500.0,55.83467987242347,-4.275570996161421,4290.841991963815,2.7841749223091887
2023-09-28,2023,9,28,262500.0,662500.0,55.83613012441601,-4.195793465818992,2929.3898682148815,2.0671037044689577
2023-09-28,2023,9,28,257500.0,667500.0,55.879574159628305,-4.278197631229293,4283.844651711825,2.7073302670625705
2023-09-28,2023,9,28,262500.0,667500.0,55.88102684588964,-4.198328199669799,2919.1308638017586,2.4941870084870676
2023-09-29,2023,9,29,257500.0,662500.0,55.83467987242347,-4.275570996161421,4290.841991963815,0.6521382756668169
2023-09-29,2023,9,29,262500.0,662500.0,55.83613012441601,-4.195793465818992,2929.3898682148815,0.7436531642770142
2023-09-29,2023,9,29,257500.0,667500.0,55.879574159628305,-4.278197631229293,4283.844651711825,0.8632563360846217
2023-09-29,2023,9,29,262500.0,667500.0,55.88102684588964,-4.198328199669799,2919.1308638017586,0.7303208272657276
2023-09-30,2023,9,30,257500.0,662500.0,55.83467987242347,-4.275570996161421,4290.841991963815,2.682500808202502
2023-09-30,2023,9,30,262500.0,662500.0,55.83613012441601,-4.195793465818992,2929.3898682148815,2.4293780275054555
2023-09-30,2023,9,30,257500.0,667500.0,55.879574159628305,-4.278197631229293,4283.844651711825,3.0958628943048563
2023-09-30,2023,9,30,262500.0,667500.0,55.88102684588964,-4.198328199669799,2919.1308638017586,3.0497508088951597
2023-10-01,2023,10,1,257500.0,662500.0,55.83467987242347,-4.275570996161421,4290.841991963815,0.008020816893135867
2023-10-01,2023,10,1,262500.0,662500.0,55.83613012441601,-4.195793465818992,2929.3898682148815,0.0028581533864240503
2023-10-01,2023,10,1,257500.0,667500.0,55.879574159628305,-4.278197631229293,4283.844651711825,0.013941221077241226
2023-10-01,2023,10,1,262500.0,667500.0,55.88102684588964,-4.198328199669799,2919.1308638017586,0.03841665918620899
2023-10-02,2023,10,2,257500.0,662500.0,55.83467987242347,-4.275570996161421,4290.841991963815,0.8968121117284114
2023-10-02,2023,10,2,262500.0,662500.0,55.83613012441601,-4.195793465818992,2929.3898682148815,0.6215748453412195
2023-10-02,2023,10,2,257500.0,667500.0,55.879574159628305,-4.278197631229293,4283.844651711825,0.9591166218239401
2023-10-02,2023,10,2,262500.0,667500.0,55.88102684588964,-4.198328199669799,2919.1308638017586,0.95380495788442
2023-10-03,2023,10,3,257500.0,662500.0,55.83467987242347,-4.275570996161421,4290.841991963815,5.31810339636154
2023-10-03,2023,10,3,262500.0,662500.0,55.83613012441601,-4.195793465818992,2929.3898682148815,4.636230125298247
2023-10-03,2023,10,3,257500.0,667500.0,55.879574159628305,-4.278197631229293,4283.844651711825,5.250524358810978
2023-10-03,2023,10,3,262500.0,667500.0,55.88102684588964,-4.198328199669799,2919.1308638017586,5.530149405152498
2023-10-04,2023,10,4,257500.0,662500.0,55.83467987242347,-4.275570996161421,4290.841991963815,8.10800511407288
2023-10-04,2023,10,4,262500.0,662500.0,55.83613012441601,-4.195793465818992,2929.3898682148815,7.3453112709199795
2023-10-04,2023,10,4,257500.0,667500.0,55.879574159628305,-4.278197631229293,4283.844651711825,9.37028120403233
2023-10-04,2023,10,4,262500.0,667500.0,55.88102684588964,-4.198328199669799,2919.1308638017586,8.393550999995767
2023-10-05,2023,10,5,257500.0,662500.0,55.83467987242347,-4.275570996161421,4290.841991963815,3.9483934384520025
2023-10-05,2023,10,5,262500.0,662500.0,55.83613012441601,-4.195793465818992,2929.3898682148815,2.834378707664903
2023-10-05,2023,10,5,257500.0,667500.0,55.879574159628305,-4.278197631229293,4283.844651711825,4.359278260889055
2023-10-05,2023,10,5,262500.0,667500.0,55.88102684588964,-4.198328199669799,2919.1308638017586,4.182315492878359
2023-10-06,2023,10,6,257500.0,662500.0,55.83467987242347,-4.275570996161421,4290.841991963815,37.88555804926799
2023-10-06,2023,10,6,262500.0,662500.0,55.83613012441601,-4.195793465818992,2929.3898682148815,37.09587334301672
2023-10-06,2023,10,6,257500.0,667500.0,55.879574159628305,-4.278197631229293,4283.844651711825,39.45783525970221
2023-10-06,2023,10,6,262500.0,667500.0,55.88102684588964,-4.198328199669799,2919.1308638017586,38.714181782563635
2023-10-07,2023,10,7,257500.0,662500.0,55.83467987242347,-4.275570996161421,4290.841991963815,15.330048076801434
2023-10-07,2023,10,7,262500.0,662500.0,55.83613012441601,-4.195793465818992,2929.3898682148815,13.553682055162177
2023-10-07,2023,10,7,257500.0,667500.0,55.879574159628305,-4.278197631229293,4283.844651711825,19.218110673675486
2023-10-07,2023,10,7,262500.0,667500.0,55.88102684588964,-4.198328199669799,2919.1308638017586,16.60348782908596
2023-10-08,2023,10,8,257500.0,662500.0,55.83467987242347,-4.275570996161421,4290.841991963815,0.6451911824338432
2023-10-08,2023,10,8,262500.0,662500.0,55.83613012441601,-4.195793465818992,2929.3898682148815,0.6217086231101588
2023-10-08,2023,10,8,257500.0,667500.0,55.879574159628305,-4.278197631229293,4283.844651711825,0.6190589922005848
2023-10-08,2023,10,8,262500.0,667500.0,55.88102684588964,-4.198328199669799,2919.1308638017586,0.6717840935903788
2023-10-09,2023,10,9,257500.0,662500.0,55.83467987242347,-4.275570996161421,4290.841991963815,0.9281361639304416
2023-10-09,2023,10,9,262500.0,662500.0,55.83613012441601,-4.195793465818992,2929.3898682148815,0.821631813745085
2023-10-09,2023,10,9,257500.0,667500.0,55.879574159628305,-4.278197631229293,4283.844651711825,0.9674399985651528
2023-10-09,2023,10,9,262500.0,667500.0,55.88102684588964,-4.198328199669799,2919.1308638017586,0.9042770968126091
2023-10-10,2023,10,10,257500.0,662500.0,55.83467987242347,-4.275570996161421,4290.841991963815,4.969781308808117
2023-10-10,2023,10,10,262500.0,662500.0,55.83613012441601,-4.195793465818992,2929.3898682148815,5.133387370027309
2023-10-10,2023,10,10,257500.0,667500.0,55.879574159628305,-4.278197631229293,4283.844651711825,3.252479408454
2023-10-10,2023,10,10,262500.0,667500.0,55.88102684588964,-4.198328199669799,2919.1308638017586,4.158171365076612
2023-10-11,2023,10,11,257500.0,662500.0,55.83467987242347,-4.275570996161421,4290.841991963815,0.177417860284553
2023-10-11,2023,10,11,262500.0,662500.0,55.83613012441601,-4.195793465818992,2929.3898682148815,0.22947689987621198
2023-10-11,2023,10,11,257500.0,667500.0,55.879574159628305,-4.278197631229293,4283.844651711825,0.0747796810702448
2023-10-11,2023,10,11,262500.0,667500.0,55.88102684588964,-4.198328199669799,2919.1308638017586,0.16033756064400714
2023-10-12,2023,10,12,257500.0,662500.0,55.83467987242347,-4.275570996161421,4290.841991963815,0.3499913699307809
2023-10-12,2023,10,12,262500.0,662500.0,55.83613012441601,-4.195793465818992,2929.3898682148815,0.2200928705202937
2023-10-12,2023,10,12,257500.0,667500.0,55.879574159628305,-4.278197631229293,4283.844651711825,0.47756593698471705
2023-10-12,2023,10,12,262500.0,667500.0,55.88102684588964,-4.198328199669799,2919.1308638017586,0.38451138844472893
2023-10-13,2023,10,13,257500.0,662500.0,55.83467987242347,-4.275570996161421,4290.841991963815,0.25626268195347424
2023-10-13,2023,10,13,262500.0,662500.0,55.83613012441601,-4.195793465818992,2929.3898682148815,0.20958634284387512
2023-10-13,2023,10,13,257500.0,667500.0,55.879574159628305,-4.278197631229293,4283.844651711825,0.10673083424054701
2023-10-13,2023,10,13,262500.0,667500.0,55.88102684588964,-4.198328199669799,2919.1308638017586,0.16563492135967242
2023-10-14,2023,10,14,257500.0,662500.0,55.83467987242347,-4.275570996161421,4290.841991963815,0.012048540053466745
2023-10-14,2023,10,14,262500.0,662500.0,55.83613012441601,-4.195793465818992,2929.3898682148815,0.002224782300398384
2023-10-14,2023,10,14,257500.0,667500.0,55.879574159628305,-4.278197631229293,4283.844651711825,0.008265970979814316
2023-10-14,2023,10,14,262500.0,667500.0,55.88102684588964,-4.198328199669799,2919.1308638017586,0.007827863652280678
2023-10-15,2023,10,15,257500.0,662500.0,55.83467987242347,-4.275570996161421,4290.841991963815,0.005312862386649212
2023-10-15,2023,10,15,262500.0,662500.0,55.83613012441601,-4.195793465818992,2929.3898682148815,0.000996107849871691
2023-10-15,2023,10,15,257500.0,667500.0,55.879574159628305,-4.278197631229293,4283.844651711825,0.0038222179418263033
2023-10-15,2023,10,15,262500.0,667500.0,55.88102684588964,-4.198328199669799,2919.1308638017586,0.0032345055618277357
2023-10-16,2023,10,16,257500.0,662500.0,55.83467987242347,-4.275570996161421,4290.841991963815,0.02165020081432563
2023-10-16,2023,10,16,262500.0,662500.0,55.83613012441601,-4.195793465818992,2929.3898682148815,0.0047326100400159376
2023-10-16,2023,10,16,257500.0,667500.0,55.879574159628305,-4.278197631229293,4283.844651711825,0.10336550157933076
2023-10-16,2023,10,16,262500.0,667500.0,55.88102684588964,-4.198328199669799,2919.1308638017586,0.03215984944692912
2023-10-17,2023,10,17,257500.0,662500.0,55.83467987242347,-4.275570996161421,4290.841991963815,0.014034229080686363
2023-10-17,2023,10,17,262500.0,662500.0,55.83613012441601,-4.195793465818992,2929.3898682148815,0.03414439800758076
2023-10-17,2023,10,17,257500.0,667500.0,55.879574159628305,-4.278197631229293,4283.844651711825,0.015113421197821036
2023-10-17,2023,10,17,262500.0,667500.0,55.88102684588964,-4.198328199669799,2919.1308638017586,0.058373344920501946
2023-10-18,2023,10,18,257500.0,662500.0,55.83467987242347,-4.275570996161421,4290.841991963815,0.42377207448884474
2023-10-18,2023,10,18,262500.0,662500.0,55.83613012441601,-4.195793465818992,2929.3898682148815,0.2731436041306881
2023-10-18,2023,10,18,257500.0,667500.0,55.879574159628305,-4.278197631229293,4283.844651711825,0.756615377894413
2023-10-18,2023,10,18,262500.0,667500.0,55.88102684588964,-4.198328199669799,2919.1308638017586,0.7703526804190812
2023-10-19,2023,10,19,257500.0,662500.0,55.83467987242347,-4.275570996161421,4290.841991963815,3.6309342399949425
2023-10-19,2023,10,19,262500.0,662500.0,55.83613012441601,-4.195793465818992,2929.3898682148815,3.354259575318993
2023-10-19,2023,10,19,257500.0,667500.0,55.879574159628305,-4.278197631229293,4283.844651711825,5.4273511437024435
2023-10-19,2023,10,19,262500.0,667500.0,55.88102684588964,-4.198328199669799,2919.1308638017586,4.730077745806778
2023-10-20,2023,10,20,257500.0,662500.0,55.83467987242347,-4.275570996161421,4290.841991963815,4.121662482074247
2023-10-20,2023,10,20,262500.0,662500.0,55.83613012441601,-4.195793465818992,2929.3898682148815,4.789979410598337
2023-10-20,2023,10,20,257500.0,667500.0,55.879574159628305,-4.278197631229293,4283.844651711825,5.474117356002102
2023-10-20,2023,10,20,262500.0,667500.0,55.88102684588964,-4.198328199669799,2919.1308638017586,6.53936179640846
2023-10-21,2023,10,21,257500.0,662500.0,55.83467987242347,-4.275570996161421,4290.841991963815,0.007657211338250149
2023-10-21,2023,10,21,262500.0,662500.0,55.83613012441601,-4.195793465818992,2929.3898682148815,0.003720171782297882
2023-10-21,2023,10,21,257500.0,667500.0,55.879574159628305,-4.278197631229293,4283.844651711825,0.01062632605592125
2023-10-21,2023,10,21,262500.0,667500.0,55.88102684588964,-4.198328199669799,2919.1308638017586,0.021131275119439852
2023-10-22,2023,10,22,257500.0,662500.0,55.83467987242347,-4.275570996161421,4290.841991963815,0.04578088599757599
2023-10-22,2023,10,22,262500.0,662500.0,55.83613012441601,-4.195793465818992,2929.3898682148815,0.0039026158215339345
2023-10-22,2023,10,22,257500.0,667500.0,55.879574159628305,-4.278197631229293,4283.844651711825,0.1115574642029336
2023-10-22,2023,10,22,262500.0,667500.0,55.88102684588964,-4.198328199669799,2919.1308638017586,0.056759065512146455
2023-10-23,2023,10,23,257500.0,662500.0,55.83467987242347,-4.275570996161421,4290.841991963815,0.003696877292377896
2023-10-23,2023,10,23,262500.0,662500.0,55.83613012441601,-4.195793465818992,2929.3898682148815,0.0005743761416971303
2023-10-23,2023,10,23,257500.0,667500.0,55.879574159628305,-4.278197631229293,4283.844651711825,0.0024517853954658013
2023-10-23,2023,10,23,262500.0,667500.0,55.88102684588964,-4.198328199669799,2919.1308638017586,0.002754318322028923
2023-10-24,2023,10,24,257500.0,662500.0,55.83467987242347,-4.275570996161421,4290.841991963815,0.02554733006532876
2023-10-24,2023,10,24,262500.0,662500.0,55.83613012441601,-4.195793465818992,2929.3898682148815,0.04464871292259799
2023-10-24,2023,10,24,257500.0,667500.0,55.879574159628305,-4.278197631229293,4283.844651711825,0.02324990772256595
2023-10-24,2023,10,24,262500.0,667500.0,55.88102684588964,-4.198328199669799,2919.1308638017586,0.0646527070119253
2023-10-25,2023,10,25,257500.0,662500.0,55.83467987242347,-4.275570996161421,4290.841991963815,0.8772187236228832
2023-10-25,2023,10,25,262500.0,662500.0,55.83613012441601,-4.195793465818992,2929.3898682148815,0.8066753364808321
2023-10-25,2023,10,25,257500.0,667500.0,55.879574159628305,-4.278197631229293,4283.844651711825,1.7179708819341273
2023-10-25,2023,10,25,262500.0,667500.0,55.88102684588964,-4.198328199669799,2919.1308638017586,1.1652830711067816
2023-10-26,2023,10,26,257500.0,662500.0,55.83467987242347,-4.275570996161421,4290.841991963815,0.6975063360207076
2023-10-26,2023,10,26,262500.0,662500.0,55.83613012441601,-4.195793465818992,2929.3898682148815,0.7671964237487027
2023-10-26,2023,10,26,257500.0,667500.0,55.879574159628305,-4.278197631229293,4283.844651711825,0.9015136751664569
2023-10-26,2023,10,26,262500.0,667500.0,55.88102684588964,-4.198328199669799,2919.1308638017586,0.8283418234667377
2023-10-27,2023,10,27,257500.0,662500.0,55.83467987242347,-4.275570996161421,4290.841991963815,0.05867401603952201
2023-10-27,2023,10,27,262500.0,662500.0,55.83613012441601,-4.195793465818992,2929.3898682148815,0.02291052123698092
2023-10-27,2023,10,27,257500.0,667500.0,55.879574159628305,-4.278197631229293,4283.844651711825,0.09544298676067083
2023-10-27,2023,10,27,262500.0,667500.0,55.88102684588964,-4.198328199669799,2919.1308638017586,0.22646693105419455
2023-10-28,2023,10,28,257500.0,662500.0,55.83467987242347,-4.275570996161421,4290.841991963815,4.090221600981567
2023-10-28,2023,10,28,262500.0,662500.0,55.83613012441601,-4.195793465818992,2929.3898682148815,4.105739318973951
2023-10-28,2023,10,28,257500.0,667500.0,55.879574159628305,-4.278197631229293,4283.844651711825,4.009366478541936
2023-10-28,2023,10,28,262500.0,667500.0,55.88102684588964,-4.198328199669799,2919.1308638017586,4.829832106989326
2023-10-29,2023,10,29,257500.0,662500.0,55.83467987242347,-4.275570996161421,4290.841991963815,9.531888790597362
2023-10-29,2023,10,29,262500.0,662500.0,55.83613012441601,-4.195793465818992,2929.3898682148815,8.746482129486553
2023-10-29,2023,10,29,257500.0,667500.0,55.879574159628305,-4.278197631229293,4283.844651711825,14.073003866631984
2023-10-29,2023,10,29,262500.0,667500.0,55.88102684588964,-4.198328199669799,2919.1308638017586,13.791317555079853
2023-10-30,2023,10,30,257500.0,662500.0,55.83467987242347,-4.275570996161421,4290.841991963815,9.61203018216035e-06
2023-10-30,2023,10,30,262500.0,662500.0,55.83613012441601,-4.195793465818992,2929.3898682148815,2.4420910541402893e-05
2023-10-30,2023,10,30,257500.0,667500.0,55.879574159628305,-4.278197631229293,4283.844651711825,1.1982111708111882e-05
2023-10-30,2023,10,30,262500.0,667500.0,55.88102684588964,-4.198328199669799,2919.1308638017586,8.91380806832657e-05
2023-10-31,2023,10,31,257500.0,662500.0,55.83467987242347,-4.275570996161421,4290.841991963815,8.66522334623126
2023-10-31,2023,10,31,262500.0,662500.0,55.83613012441601,-4.195793465818992,2929.3898682148815,8.694998197689118
2023-10-31,2023,10,31,257500.0,667500.0,55.879574159628305,-4.278197631229293,4283.844651711825,8.853653538147329
2023-10-31,2023,10,31,262500.0,667500.0,55.88102684588964,-4.198328199669799,2919.1308638017586,9.190198483939092
2023-11-01,2023,11,1,257500.0,662500.0,55.83467987242347,-4.275570996161421,4290.841991963815,18.831365942379694
2023-11-01,2023,11,1,262500.0,662500.0,55.83613012441601,-4.195793465818992,2929.3898682148815,19.426155340580703
2023-11-01,2023,11,1,257500.0,667500.0,55.879574159628305,-4.278197631229293,4283.844651711825,16.056191001292376
2023-11-01,2023,11,1,262500.0,667500.0,55.88102684588964,-4.198328199669799,2919.1308638017586,17.017068876668848
2023-11-02,2023,11,2,257500.0,662500.0,55.83467987242347,-4.275570996161421,4290.841991963815,0.14721261406238142
2023-11-02,2023,11,2,262500.0,662500.0,55.83613012441601,-4.195793465818992,2929.3898682148815,0.17483221009890074
2023-11-02,2023,11,2,257500.0,667500.0,55.879574159628305,-4.278197631229293,4283.844651711825,0.06540857321502154
2023-11-02,2023,11,2,262500.0,667500.0,55.88102684588964,-4.198328199669799,2919.1308638017586,0.13940720155959874
2023-11-03,2023,11,3,257500.0,662500.0,55.83467987242347,-4.275570996161421,4290.841991963815,0.0031025763369365413
2023-11-03,2023,11,3,262500.0,662500.0,55.83613012441601,-4.195793465818992,2929.3898682148815,0.0008635982541356919
2023-11-03,2023,11,3,257500.0,667500.0,55.879574159628305,-4.278197631229293,4283.844651711825,0.003952291357701533
2023-11-03,2023,11,3,262500.0,667500.0,55.88102684588964,-4.198328199669799,2919.1308638017586,0.005698989868517803
2023-11-04,2023,11,4,257500.0,662500.0,55.83467987242347,-4.275570996161421,4290.841991963815,0.007423078821991597
2023-11-04,2023,11,4,262500.0,662500.0,55.83613012441601,-4.195793465818992,2929.3898682148815,0.0026569757269713193
2023-11-04,2023,11,4,257500.0,667500.0,55.879574159628305,-4.278197631229293,4283.844651711825,0.012392466444008604
2023-11-04,2023,11,4,262500.0,667500.0,55.88102684588964,-4.198328199669799,2919.1308638017586,0.03791639981321737
2023-11-05,2023,11,5,257500.0,662500.0,55.83467987242347,-4.275570996161421,4290.841991963815,0.3114218447932542
2023-11-05,2023,11,5,262500.0,662500.0,55.83613012441601,-4.195793465818992,2929.3898682148815,0.09186799571980599
2023-11-05,2023,11,5,257500.0,667500.0,55.879574159628305,-4.278197631229293,4283.844651711825,0.14231703224420092
2023-11-05,2023,11,5,262500.0,667500.0,55.88102684588964,-4.198328199669799,2919.1308638017586,0.18618947262541094
2023-11-06,2023,11,6,257500.0,662500.0,55.83467987242347,-4.275570996161421,4290.841991963815,1.0457119410872464
2023-11-06,2023,11,6,262500.0,662500.0,55.83613012441601,-4.195793465818992,2929.3898682148815,0.6004400745640274
2023-11-06,2023,11,6,257500.0,667500.0,55.879574159628305,-4.278197631229293,4283.844651711825,0.8264461779661414
2023-11-06,2023,11,6,262500.0,667500.0,55.88102684588964,-4.198328199669799,2919.1308638017586,0.7475676774464627
2023-11-07,2023,11,7,257500.0,662500.0,55.83467987242347,-4.275570996161421,4290.841991963815,7.076916649441537
2023-11-07,2023,11,7,262500.0,662500.0,55.83613012441601,-4.195793465818992,2929.3898682148815,6.587090662211402
2023-11-07,2023,11,7,257500.0,667500.0,55.879574159628305,-4.278197631229293,4283.844651711825,6.908649161802664
2023-11-07,2023,11,7,262500.0,667500.0,55.88102684588964,-4.198328199669799,2919.1308638017586,6.804655231744839
2023-11-08,2023,11,8,257500.0,662500.0,55.83467987242347,-4.275570996161421,4290.841991963815,1.9810699436488097
2023-11-08,2023,11,8,262500.0,662500.0,55.83613012441601,-4.195793465818992,2929.3898682148815,1.6395935314820622
2023-11-08,2023,11,8,257500.0,667500.0,55.879574159628305,-4.278197631229293,4283.844651711825,1.8162618546825338
2023-11-08,2023,11,8,262500.0,667500.0,55.88102684588964,-4.198328199669799,2919.1308638017586,1.7042180643379292
2023-11-09,2023,11,9,257500.0,662500.0,55.83467987242347,-4.275570996161421,4290.841991963815,0.012433704495199318
2023-11-09,2023,11,9,262500.0,662500.0,55.83613012441601,-4.195793465818992,2929.3898682148815,0.0027675512484139873
2023-11-09,2023,11,9,257500.0,667500.0,55.879574159628305,-4.278197631229293,4283.844651711825,0.012464831079506196
2023-11-09,2023,11,9,262500.0,667500.0,55.88102684588964,-4.198328199669799,2919.1308638017586,0.01665647908225743
2023-11-10,2023,11,10,257500.0,662500.0,55.83467987242347,-4.275570996161421,4290.841991963815,0.03870149450130916
2023-11-10,2023,11,10,262500.0,662500.0,55.83613012441601,-4.195793465818992,2929.3898682148815,0.0034783015374631942
2023-11-10,2023,11,10,257500.0,667500.0,55.879574159628305,-4.278197631229293,4283.844651711825,0.016333796782914405
2023-11-10,2023,11,10,262500.0,667500.0,55.88102684588964,-4.198328199669799,2919.1308638017586,0.03537774690687938
2023-11-11,2023,11,11,257500.0,662500.0,55.83467987242347,-4.275570996161421,4290.841991963815,0.14872182371302944
2023-11-11,2023,11,11,262500.0,662500.0,55.83613012441601,-4.195793465818992,2929.3898682148815,0.19475349292991498
2023-11-11,2023,11,11,257500.0,667500.0,55.879574159628305,-4.278197631229293,4283.844651711825,0.15323546528250423
2023-11-11,2023,11,11,262500.0,667500.0,55.88102684588964,-4.198328199669799,2919.1308638017586,0.1436627919861421
2023-11-12,2023,11,12,257500.0,662500.0,55.83467987242347,-4.275570996161421,4290.841991963815,12.537498784194472
2023-11-12,2023,11,12,262500.0,662500.0,55.83613012441601,-4.195793465818992,2929.3898682148815,12.780744079004759
2023-11-12,2023,11,12,257500.0,667500.0,55.879574159628305,-4.278197631229293,4283.844651711825,12.151353308572213
2023-11-12,2023,11,12,262500.0,667500.0,55.88102684588964,-4.198328199669799,2919.1308638017586,12.416759181027036
2023-11-13,2023,11,13,257500.0,662500.0,55.83467987242347,-4.275570996161421,4290.841991963815,5.8084764231598545
2023-11-13,2023,11,13,262500.0,662500.0,55.83613012441601,-4.195793465818992,2929.3898682148815,5.576870267856142
2023-11-13,2023,11,13,257500.0,667500.0,55.879574159628305,-4.278197631229293,4283.844651711825,4.715477426775309
2023-11-13,2023,11,13,262500.0,667500.0,55.88102684588964,-4.198328199669799,2919.1308638017586,5.28848113756608
2023-11-14,2023,11,14,257500.0,662500.0,55.83467987242347,-4.275570996161421,4290.841991963815,10.633079541893517
2023-11-14,2023,11,14,262500.0,662500.0,55.83613012441601,-4.195793465818992,2929.3898682148815,10.325687760565112
2023-11-14,2023,11,14,257500.0,667500.0,55.879574159628305,-4.278197631229293,4283.844651711825,8.76198371356726
2023-11-14,2023,11,14,262500.0,667500.0,55.88102684588964,-4.198328199669799,2919.1308638017586,9.698144186827209
2023-11-15,2023,11,15,257500.0,662500.0,55.83467987242347,-4.275570996161421,4290.841991963815,0.6522406036143749
2023-11-15,2023,11,15,262500.0,662500.0,55.83613012441601,-4.195793465818992,2929.3898682148815,0.4195510957121256
2023-11-15,2023,11,15,257500.0,667500.0,55.879574159628305,-4.278197631229293,4283.844651711825,0.7193444972616606
2023-11-15,2023,11,15,262500.0,667500.0,55.88102684588964,-4.198328199669799,2919.1308638017586,0.47070346645587985
2023-11-16,2023,11,16,257500.0,662500.0,55.83467987242347,-4.275570996161421,4290.841991963815,1.983394310142848
2023-11-16,2023,11,16,262500.0,662500.0,55.83613012441601,-4.195793465818992,2929.3898682148815,1.7500490500356487
2023-11-16,2023,11,16,257500.0,667500.0,55.879574159628305,-4.278197631229293,4283.844651711825,1.8322447447215644
2023-11-16,2023,11,16,262500.0,667500.0,55.88102684588964,-4.198328199669799,2919.1308638017586,1.8238587579888146
2023-11-17,2023,11,17,257500.0,662500.0,55.83467987242347,-4.275570996161421,4290.841991963815,4.152080677785945
2023-11-17,2023,11,17,262500.0,662500.0,55.83613012441601,-4.195793465818992,2929.3898682148815,3.6622491674657907
2023-11-17,2023,11,17,257500.0,667500.0,55.879574159628305,-4.278197631229293,4283.844651711825,4.7566620569165785
2023-11-17,2023,11,17,262500.0,667500.0,55.88102684588964,-4.198328199669799,2919.1308638017586,4.28829965571486
2023-11-18,2023,11,18,257500.0,662500.0,55.83467987242347,-4.275570996161421,4290.841991963815,10.944792786074679
2023-11-18,2023,11,18,262500.0,662500.0,55.83613012441601,-4.195793465818992,2929.3898682148815,9.306791685497094
2023-11-18,2023,11,18,257500.0,667500.0,55.879574159628305,-4.278197631229293,4283.844651711825,10.447700235973741
2023-11-18,2023,11,18,262500.0,667500.0,55.88102684588964,-4.198328199669799,2919.1308638017586,10.152983004672496
2023-11-19,2023,11,19,257500.0,662500.0,55.83467987242347,-4.275570996161421,4290.841991963815,1.3437628262735943
2023-11-19,2023,11,19,262500.0,662500.0,55.83613012441601,-4.195793465818992,2929.3898682148815,0.8489552756131947
2023-11-19,2023,11,19,257500.0,667500.0,55.879574159628305,-4.278197631229293,4283.844651711825,1.0709829051048856
2023-11-19,2023,11,19,262500.0,667500.0,55.88102684588964,-4.198328199669799,2919.1308638017586,1.117736255542135
2023-11-20,2023,11,20,257500.0,662500.0,55.83467987242347,-4.275570996161421,4290.841991963815,0.0640680042927804
2023-11-20,2023,11,20,262500.0,662500.0,55.83613012441601,-4.195793465818992,2929.3898682148815,0.04602368816076982
2023-11-20,2023,11,20,257500.0,667500.0,55.879574159628305,-4.278197631229293,4283.844651711825,0.030379383760221413
2023-11-20,2023,11,20,262500.0,667500.0,55.88102684588964,-4.198328199669799,2919.1308638017586,0.07359394290808634
2023-11-21,2023,11,21,257500.0,662500.0,55.83467987242347,-4.275570996161421,4290.841991963815,1.4388801262975177
2023-11-21,2023,11,21,262500.0,662500.0,55.83613012441601,-4.195793465818992,2929.3898682148815,0.5006785356125338
2023-11-21,2023,11,21,257500.0,667500.0,55.879574159628305,-4.278197631229293,4283.844651711825,1.8292084121071361
2023-11-21,2023,11,21,262500.0,667500.0,55.88102684588964,-4.198328199669799,2919.1308638017586,1.5342239468613434
2023-11-22,2023,11,22,257500.0,662500.0,55.83467987242347,-4.275570996161421,4290.841991963815,3.0613077559077446
2023-11-22,2023,11,22,262500.0,662500.0,55.83613012441601,-4.195793465818992,2929.3898682148815,0.7830558882007556
2023-11-22,2023,11,22,257500.0,667500.0,55.879574159628305,-4.278197631229293,4283.844651711825,3.579659813140972
2023-11-22,2023,11,22,262500.0,667500.0,55.88102684588964,-4.198328199669799,2919.1308638017586,3.3229126997960137
2023-11-23,2023,11,23,257500.0,662500.0,55.83467987242347,-4.275570996161421,4290.841991963815,0.2639637496307354
2023-11-23,2023,11,23,262500.0,662500.0,55.83613012441601,-4.195793465818992,2929.3898682148815,0.24005225311653622
2023-11-23,2023,11,23,257500.0,667500.0,55.879574159628305,-4.278197631229293,4283.844651711825,0.20536076086167396
2023-11-23,2023,11,23,262500.0,667500.0,55.88102684588964,-4.198328199669799,2919.1308638017586,0.23442946795587455
2023-11-24,2023,11,24,257500.0,662500.0,55.83467987242347,-4.275570996161421,4290.841991963815,0.0
2023-11-24,2023,11,24,262500.0,662500.0,55.83613012441601,-4.195793465818992,2929.3898682148815,0.0
2023-11-24,2023,11,24,257500.0,667500.0,55.879574159628305,-4.278197631229293,4283.844651711825,0.0
2023-11-24,2023,11,24,262500.0,667500.0,55.88102684588964,-4.198328199669799,2919.1308638017586,0.0
2023-11-25,2023,11,25,257500.0,662500.0,55.83467987242347,-4.275570996161421,4290.841991963815,0.009702440934091153
2023-11-25,2023,11,25,262500.0,662500.0,55.83613012441601,-4.195793465818992,2929.3898682148815,0.002606766004334669
2023-11-25,2023,11,25,257500.0,667500.0,55.879574159628305,-4.278197631229293,4283.844651711825,0.009360522268952516
2023-11-25,2023,11,25,262500.0,667500.0,55.88102684588964,-4.198328199669799,2919.1308638017586,0.014965797040579768
2023-11-26,2023,11,26,257500.0,662500.0,55.83467987242347,-4.275570996161421,4290.841991963815,1.2658546207486507
2023-11-26,2023,11,26,262500.0,662500.0,55.83613012441601,-4.195793465818992,2929.3898682148815,1.105065043052607
2023-11-26,2023,11,26,257500.0,667500.0,55.879574159628305,-4.278197631229293,4283.844651711825,1.2898679221711757
2023-11-26,2023,11,26,262500.0,667500.0,55.88102684588964,-4.198328199669799,2919.1308638017586,1.3891742246299503
2023-11-27,2023,11,27,257500.0,662500.0,55.83467987242347,-4.275570996161421,4290.841991963815,0.05334232200225779
2023-11-27,2023,11,27,262500.0,662500.0,55.83613012441601,-4.195793465818992,2929.3898682148815,0.05140391960376959
2023-11-27,2023,11,27,257500.0,667500.0,55.879574159628305,-4.278197631229293,4283.844651711825,0.1518613708490624
2023-11-27,2023,11,27,262500.0,667500.0,55.88102684588964,-4.198328199669799,2919.1308638017586,0.17945031160054098
2023-11-28,2023,11,28,257500.0,662500.0,55.83467987242347,-4.275570996161421,4290.841991963815,0.013313083711825642
2023-11-28,2023,11,28,262500.0,662500.0,55.83613012441601,-4.195793465818992,2929.3898682148815,0.005306686611633041
2023-11-28,2023,11,28,257500.0,667500.0,55.879574159628305,-4.278197631229293,4283.844651711825,0.007103416953626983
2023-11-28,2023,11,28,262500.0,667500.0,55.88102684588964,-4.198328199669799,2919.1308638017586,0.014882784896537146
2023-11-29,2023,11,29,257500.0,662500.0,55.83467987242347,-4.275570996161421,4290.841991963815,0.1428159757309831
2023-11-29,2023,11,29,262500.0,662500.0,55.83613012441601,-4.195793465818992,2929.3898682148815,0.19263944845302866
2023-11-29,2023,11,29,257500.0,667500.0,55.879574159628305,-4.278197631229293,4283.844651711825,0.14973592413817544
2023-11-29,2023,11,29,262500.0,667500.0,55.88102684588964,-4.198328199669799,2919.1308638017586,0.1376598313335533
2023-11-30,2023,11,30,257500.0,662500.0,55.83467987242347,-4.275570996161421,4290.841991963815,9.45880505020062e-05
2023-11-30,2023,11,30,262500.0,662500.0,55.83613012441601,-4.195793465818992,2929.3898682148815,3.338499296300632e-05
2023-11-30,2023,11,30,257500.0,667500.0,55.879574159628305,-4.278197631229293,4283.844651711825,6.585204881953556e-05
2023-11-30,2023,11,30,262500.0,667500.0,55.88102684588964,-4.198328199669799,2919.1308638017586,4.104819385009824e-05
2023-12-01,2023,12,1,257500.0,662500.0,55.83467987242347,-4.275570996161421,4290.841991963815,2.2310358073491274
2023-12-01,2023,12,1,262500.0,662500.0,55.83613012441601,-4.195793465818992,2929.3898682148815,2.2230261323878153
2023-12-01,2023,12,1,257500.0,667500.0,55.879574159628305,-4.278197631229293,4283.844651711825,2.3041973196818435
2023-12-01,2023,12,1,262500.0,667500.0,55.88102684588964,-4.198328199669799,2919.1308638017586,2.1211811744715163
2023-12-02,2023,12,2,257500.0,662500.0,55.83467987242347,-4.275570996161421,4290.841991963815,0.008390412162442575
2023-12-02,2023,12,2,262500.0,662500.0,55.83613012441601,-4.195793465818992,2929.3898682148815,0.0017054833154398798
2023-12-02,2023,12,2,257500.0,667500.0,55.879574159628305,-4.278197631229293,4283.844651711825,0.0062413482975341794
2023-12-02,2023,12,2,262500.0,667500.0,55.88102684588964,-4.198328199669799,2919.1308638017586,0.006128203697612896
2023-12-03,2023,12,3,257500.0,662500.0,55.83467987242347,-4.275570996161421,4290.841991963815,0.012879948460157296
2023-12-03,2023,12,3,262500.0,662500.0,55.83613012441601,-4.195793465818992,2929.3898682148815,0.004270192048243964
2023-12-03,2023,12,3,257500.0,667500.0,55.879574159628305,-4.278197631229293,4283.844651711825,0.02399307936067127
2023-12-03,2023,12,3,262500.0,667500.0,55.88102684588964,-4.198328199669799,2919.1308638017586,0.0378989100156533
2023-12-04,2023,12,4,257500.0,662500.0,55.83467987242347,-4.275570996161421,4290.841991963815,2.2648339206363253
2023-12-04,2023,12,4,262500.0,662500.0,55.83613012441601,-4.195793465818992,2929.3898682148815,2.989891955112571
2023-12-04,2023,12,4,257500.0,667500.0,55.879574159628305,-4.278197631229293,4283.844651711825,1.8866899488783084
2023-12-04,2023,12,4,262500.0,667500.0,55.88102684588964,-4.198328199669799,2919.1308638017586,3.1990239282641597
2023-12-05,2023,12,5,257500.0,662500.0,55.83467987242347,-4.275570996161421,4290.841991963815,0.0004293509949240468
2023-12-05,2023,12,5,262500.0,662500.0,55.83613012441601,-4.195793465818992,2929.3898682148815,0.0003105108429523861
2023-12-05,2023,12,5,257500.0,667500.0,55.879574159628305,-4.278197631229293,4283.844651711825,0.00033256778655212945
2023-12-05,2023,12,5,262500.0,667500.0,55.88102684588964,-4.198328199669799,2919.1308638017586,0.0010587187689405353
2023-12-06,2023,12,6,257500.0,662500.0,55.83467987242347,-4.275570996161421,4290.841991963815,1.2333078237211015
2023-12-06,2023,12,6,262500.0,662500.0,55.83613012441601,-4.195793465818992,2929.3898682148815,1.0019194989020477
2023-12-06,2023,12,6,257500.0,667500.0,55.879574159628305,-4.278197631229293,4283.844651711825,1.8766282550274935
2023-12-06,2023,12,6,262500.0,667500.0,55.88102684588964,-4.198328199669799,2919.1308638017586,1.3865317669316901
2023-12-07,2023,12,7,257500.0,662500.0,55.83467987242347,-4.275570996161421,4290.841991963815,13.7261317068859
2023-12-07,2023,12,7,262500.0,662500.0,55.83613012441601,-4.195793465818992,2929.3898682148815,14.438337303577356
2023-12-07,2023,12,7,257500.0,667500.0,55.879574159628305,-4.278197631229293,4283.844651711825,18.054234801701107
2023-12-07,2023,12,7,262500.0,667500.0,55.88102684588964,-4.198328199669799,2919.1308638017586,16.138893762976767
2023-12-08,2023,12,8,257500.0,662500.0,55.83467987242347,-4.275570996161421,4290.841991963815,8.815772008971232
2023-12-08,2023,12,8,262500.0,662500.0,55.83613012441601,-4.195793465818992,2929.3898682148815,7.012878964840591
2023-12-08,2023,12,8,257500.0,667500.0,55.879574159628305,-4.278197631229293,4283.844651711825,9.361127827997558
2023-12-08,2023,12,8,262500.0,667500.0,55.88102684588964,-4.198328199669799,2919.1308638017586,8.672332816211311
2023-12-09,2023,12,9,257500.0,662500.0,55.83467987242347,-4.275570996161421,4290.841991963815,9.484578627402113
2023-12-09,2023,12,9,262500.0,662500.0,55.83613012441601,-4.195793465818992,2929.3898682148815,10.24504857835599
2023-12-09,2023,12,9,257500.0,667500.0,55.879574159628305,-4.278197631229293,4283.844651711825,8.166570339194767
2023-12-09,2023,12,9,262500.0,667500.0,55.88102684588964,-4.198328199669799,2919.1308638017586,8.952095631111808
2023-12-10,2023,12,10,257500.0,662500.0,55.83467987242347,-4.275570996161421,4290.841991963815,7.8613729778143275
2023-12-10,2023,12,10,262500.0,662500.0,55.83613012441601,-4.195793465818992,2929.3898682148815,7.803258161472998
2023-12-10,2023,12,10,257500.0,667500.0,55.879574159628305,-4.278197631229293,4283.844651711825,8.68032072543274
2023-12-10,2023,12,10,262500.0,667500.0,55.88102684588964,-4.198328199669799,2919.1308638017586,8.026873156929492
2023-12-11,2023,12,11,257500.0,662500.0,55.83467987242347,-4.275570996161421,4290.841991963815,7.9753786086855465
2023-12-11,2023,12,11,262500.0,662500.0,55.83613012441601,-4.195793465818992,2929.3898682148815,8.245251908374424
2023-12-11,2023,12,11,257500.0,667500.0,55.879574159628305,-4.278197631229293,4283.844651711825,9.278408756586023
2023-12-11,2023,12,11,262500.0,667500.0,55.88102684588964,-4.198328199669799,2919.1308638017586,8.494288904826323
2023-12-12,2023,12,12,257500.0,662500.0,55.83467987242347,-4.275570996161421,4290.841991963815,4.680711439469442
2023-12-12,2023,12,12,262500.0,662500.0,55.83613012441601,-4.195793465818992,2929.3898682148815,5.10687883595786
2023-12-12,2023,12,12,257500.0,667500.0,55.879574159628305,-4.278197631229293,4283.844651711825,4.3009751941413485
2023-12-12,2023,12,12,262500.0,667500.0,55.88102684588964,-4.198328199669799,2919.1308638017586,5.110349522764808
2023-12-13,2023,12,13,257500.0,662500.0,55.83467987242347,-4.275570996161421,4290.841991963815,1.5092693306473857
2023-12-13,2023,12,13,262500.0,662500.0,55.83613012441601,-4.195793465818992,2929.3898682148815,0.9595847673852863
2023-12-13,2023,12,13,257500.0,667500.0,55.879574159628305,-4.278197631229293,4283.844651711825,1.8854082072454683
2023-12-13,2023,12,13,262500.0,667500.0,55.88102684588964,-4.198328199669799,2919.1308638017586,1.753995285795762
2023-12-14,2023,12,14,257500.0,662500.0,55.83467987242347,-4.275570996161421,4290.841991963815,1.3409418982138166
2023-12-14,2023,12,14,262500.0,662500.0,55.83613012441601,-4.195793465818992,2929.3898682148815,1.2368695785658328
2023-12-14,2023,12,14,257500.0,667500.0,55.879574159628305,-4.278197631229293,4283.844651711825,1.565480719975178
2023-12-14,2023,12,14,262500.0,667500.0,55.88102684588964,-4.198328199669799,2919.1308638017586,1.3061276498635916
2023-12-15,2023,12,15,257500.0,662500.0,55.83467987242347,-4.275570996161421,4290.841991963815,1.341855677446068
2023-12-15,2023,12,15,262500.0,662500.0,55.83613012441601,-4.195793465818992,2929.3898682148815,0.5201145110418862
2023-12-15,2023,12,15,257500.0,667500.0,55.879574159628305,-4.278197631229293,4283.844651711825,3.2827168750130067
2023-12-15,2023,12,15,262500.0,667500.0,55.88102684588964,-4.198328199669799,2919.1308638017586,2.126867377569267
2023-12-16,2023,12,16,257500.0,662500.0,55.83467987242347,-4.275570996161421,4290.841991963815,2.222769511775909
2023-12-16,2023,12,16,262500.0,662500.0,55.83613012441601,-4.195793465818992,2929.3898682148815,1.8445748319622872
2023-12-16,2023,12,16,257500.0,667500.0,55.879574159628305,-4.278197631229293,4283.844651711825,1.505632305822222
2023-12-16,2023,12,16,262500.0,667500.0,55.88102684588964,-4.198328199669799,2919.1308638017586,1.771338418758921
2023-12-17,2023,12,17,257500.0,662500.0,55.83467987242347,-4.275570996161421,4290.841991963815,8.394837000760221
2023-12-17,2023,12,17,262500.0,662500.0,55.83613012441601,-4.195793465818992,2929.3898682148815,5.376986462830952
2023-12-17,2023,12,17,257500.0,667500.0,55.879574159628305,-4.278197631229293,4283.844651711825,10.015644932121734
2023-12-17,2023,12,17,262500.0,667500.0,55.88102684588964,-4.198328199669799,2919.1308638017586,8.955137326404842
2023-12-18,2023,12,18,257500.0,662500.0,55.83467987242347,-4.275570996161421,4290.841991963815,2.1534615581504384
2023-12-18,2023,12,18,262500.0,662500.0,55.83613012441601,-4.195793465818992,2929.3898682148815,2.085974843945792
2023-12-18,2023,12,18,257500.0,667500.0,55.879574159628305,-4.278197631229293,4283.844651711825,1.3718646679588111
2023-12-18,2023,12,18,262500.0,667500.0,55.88102684588964,-4.198328199669799,2919.1308638017586,1.8819978138077058
2023-12-19,2023,12,19,257500.0,662500.0,55.83467987242347,-4.275570996161421,4290.841991963815,3.925978958228138
2023-12-19,2023,12,19,262500.0,662500.0,55.83613012441601,-4.195793465818992,2929.3898682148815,3.701901507352638
2023-12-19,2023,12,19,257500.0,667500.0,55.879574159628305,-4.278197631229293,4283.844651711825,4.789808231759294
2023-12-19,2023,12,19,262500.0,667500.0,55.88102684588964,-4.198328199669799,2919.1308638017586,3.8962876115216405
2023-12-20,2023,12,20,257500.0,662500.0,55.83467987242347,-4.275570996161421,4290.841991963815,6.2980758538377755
2023-12-20,2023,12,20,262500.0,662500.0,55.83613012441601,-4.195793465818992,2929.3898682148815,6.354786353505001
2023-12-20,2023,12,20,257500.0,667500.0,55.879574159628305,-4.278197631229293,4283.844651711825,7.913329491823717
2023-12-20,2023,12,20,262500.0,667500.0,55.88102684588964,-4.198328199669799,2919.1308638017586,6.6143566191999215
2023-12-21,2023,12,21,257500.0,662500.0,55.83467987242347,-4.275570996161421,4290.841991963815,1.282525305413716
2023-12-21,2023,12,21,262500.0,662500.0,55.83613012441601,-4.195793465818992,2929.3898682148815,0.712905381113209
2023-12-21,2023,12,21,257500.0,667500.0,55.879574159628305,-4.278197631229293,4283.844651711825,1.3773436064896314
2023-12-21,2023,12,21,262500.0,667500.0,55.88102684588964,-4.198328199669799,2919.1308638017586,1.2811256916600964
2023-12-22,2023,12,22,257500.0,662500.0,55.83467987242347,-4.275570996161421,4290.841991963815,3.9292523912714934
2023-12-22,2023,12,22,262500.0,662500.0,55.83613012441601,-4.195793465818992,2929.3898682148815,3.2174478938096467
2023-12-22,2023,12,22,257500.0,667500.0,55.879574159628305,-4.278197631229293,4283.844651711825,6.565904191872528
2023-12-22,2023,12,22,262500.0,667500.0,55.88102684588964,-4.198328199669799,2919.1308638017586,4.841067633969223
2023-12-23,2023,12,23,257500.0,662500.0,55.83467987242347,-4.275570996161421,4290.841991963815,11.1668093076945
2023-12-23,2023,12,23,262500.0,662500.0,55.83613012441601,-4.195793465818992,2929.3898682148815,9.395556046318848
2023-12-23,2023,12,23,257500.0,667500.0,55.879574159628305,-4.278197631229293,4283.844651711825,9.909060076251409
2023-12-23,2023,12,23,262500.0,667500.0,55.88102684588964,-4.198328199669799,2919.1308638017586,10.945010305639398
2023-12-24,2023,12,24,257500.0,662500.0,55.83467987242347,-4.275570996161421,4290.841991963815,3.35043410228134
2023-12-24,2023,12,24,262500.0,662500.0,55.83613012441601,-4.195793465818992,2929.3898682148815,2.8784601753215506
2023-12-24,2023,12,24,257500.0,667500.0,55.879574159628305,-4.278197631229293,4283.844651711825,3.686926783629479
2023-12-24,2023,12,24,262500.0,667500.0,55.88102684588964,-4.198328199669799,2919.1308638017586,3.462525382915538
2023-12-25,2023,12,25,257500.0,662500.0,55.83467987242347,-4.275570996161421,4290.841991963815,13.626526789898309
2023-12-25,2023,12,25,262500.0,662500.0,55.83613012441601,-4.195793465818992,2929.3898682148815,13.897263927032238
2023-12-25,2023,12,25,257500.0,667500.0,55.879574159628305,-4.278197631229293,4283.844651711825,13.77996064240144
2023-12-25,2023,12,25,262500.0,667500.0,55.88102684588964,-4.198328199669799,2919.1308638017586,13.796549648832096
2023-12-26,2023,12,26,257500.0,662500.0,55.83467987242347,-4.275570996161421,4290.841991963815,13.738122213506442
2023-12-26,2023,12,26,262500.0,662500.0,55.83613012441601,-4.195793465818992,2929.3898682148815,14.64422391939651
2023-12-26,2023,12,26,257500.0,667500.0,55.879574159628305,-4.278197631229293,4283.844651711825,15.42697854323704
2023-12-26,2023,12,26,262500.0,667500.0,55.88102684588964,-4.198328199669799,2919.1308638017586,13.983917759055446
2023-12-27,2023,12,27,257500.0,662500.0,55.83467987242347,-4.275570996161421,4290.841991963815,13.565080992691401
2023-12-27,2023,12,27,262500.0,662500.0,55.83613012441601,-4.195793465818992,2929.3898682148815,12.494072956325441
2023-12-27,2023,12,27,257500.0,667500.0,55.879574159628305,-4.278197631229293,4283.844651711825,15.218431523857143
2023-12-27,2023,12,27,262500.0,667500.0,55.88102684588964,-4.198328199669799,2919.1308638017586,13.74258793764118
2023-12-28,2023,12,28,257500.0,662500.0,55.83467987242347,-4.275570996161421,4290.841991963815,13.384841230457239
2023-12-28,2023,12,28,262500.0,662500.0,55.83613012441601,-4.195793465818992,2929.3898682148815,13.681082449667898
2023-12-28,2023,12,28,257500.0,667500.0,55.879574159628305,-4.278197631229293,4283.844651711825,11.217280058120439
2023-12-28,2023,12,28,262500.0,667500.0,55.88102684588964,-4.198328199669799,2919.1308638017586,12.980841409366777
2023-12-29,2023,12,29,257500.0,662500.0,55.83467987242347,-4.275570996161421,4290.841991963815,0.008692558985632023
2023-12-29,2023,12,29,262500.0,662500.0,55.83613012441601,-4.195793465818992,2929.3898682148815,0.0020216297541213496
2023-12-29,2023,12,29,257500.0,667500.0,55.879574159628305,-4.278197631229293,4283.844651711825,0.006158273089329849
2023-12-29,2023,12,29,262500.0,667500.0,55.88102684588964,-4.198328199669799,2919.1308638017586,0.006947962605329089
2023-12-30,2023,12,30,257500.0,662500.0,55.83467987242347,-4.275570996161421,4290.841991963815,5.07223324178711
2023-12-30,2023,12,30,262500.0,662500.0,55.83613012441601,-4.195793465818992,2929.3898682148815,4.845970250513989
2023-12-30,2023,12,30,257500.0,667500.0,55.879574159628305,-4.278197631229293,4283.844651711825,6.862605185772442
2023-12-30,2023,12,30,262500.0,667500.0,55.88102684588964,-4.198328199669799,2919.1308638017586,6.085121539917251
2023-12-31,2023,12,31,257500.0,662500.0,55.83467987242347,-4.275570996161421,4290.841991963815,2.3170686925932813
2023-12-31,2023,12,31,262500.0,662500.0,55.83613012441601,-4.195793465818992,2929.3898682148815,2.5450060840665643
2023-12-31,2023,12,31,257500.0,667500.0,55.879574159628305,-4.278197631229293,4283.844651711825,2.1067938059097546
2023-12-31,2023,12,31,262500.0,667500.0,55.88102684588964,-4.198328199669799,2919.1308638017586,2.320260580513796
2024-01-01,2024,1,1,257500.0,662500.0,55.83467987242347,-4.275570996161421,4290.841991963815,6.3267317828120175
2024-01-01,2024,1,1,262500.0,662500.0,55.83613012441601,-4.195793465818992,2929.3898682148815,7.459406939084087
2024-01-01,2024,1,1,257500.0,667500.0,55.879574159628305,-4.278197631229293,4283.844651711825,6.407902766303677
2024-01-01,2024,1,1,262500.0,667500.0,55.88102684588964,-4.198328199669799,2919.1308638017586,6.816845884723791
2024-01-02,2024,1,2,257500.0,662500.0,55.83467987242347,-4.275570996161421,4290.841991963815,6.178194017202239
2024-01-02,2024,1,2,262500.0,662500.0,55.83613012441601,-4.195793465818992,2929.3898682148815,7.220747290609419
2024-01-02,2024,1,2,257500.0,667500.0,55.879574159628305,-4.278197631229293,4283.844651711825,6.278519044368311
2024-01-02,2024,1,2,262500.0,667500.0,55.88102684588964,-4.198328199669799,2919.1308638017586,6.146832936191235
2024-01-03,2024,1,3,257500.0,662500.0,55.83467987242347,-4.275570996161421,4290.841991963815,0.6164819418417293
2024-01-03,2024,1,3,262500.0,662500.0,55.83613012441601,-4.195793465818992,2929.3898682148815,0.5257559103788688
2024-01-03,2024,1,3,257500.0,667500.0,55.879574159628305,-4.278197631229293,4283.844651711825,1.5217103751341998
2024-01-03,2024,1,3,262500.0,667500.0,55.88102684588964,-4.198328199669799,2919.1308638017586,1.2253320292892425
2024-01-04,2024,1,4,257500.0,662500.0,55.83467987242347,-4.275570996161421,4290.841991963815,0.336360541092769
2024-01-04,2024,1,4,262500.0,662500.0,55.83613012441601,-4.195793465818992,2929.3898682148815,0.26347224566972144
2024-01-04,2024,1,4,257500.0,667500.0,55.879574159628305,-4.278197631229293,4283.844651711825,0.7826885202876841
2024-01-04,2024,1,4,262500.0,667500.0,55.88102684588964,-4.198328199669799,2919.1308638017586,0.9195963983514752
2024-01-05,2024,1,5,257500.0,662500.0,55.83467987242347,-4.275570996161421,4290.841991963815,0.007223813210642195
2024-01-05,2024,1,5,262500.0,662500.0,55.83613012441601,-4.195793465818992,2929.3898682148815,0.003593425882809983
2024-01-05,2024,1,5,257500.0,667500.0,55.879574159628305,-4.278197631229293,4283.844651711825,0.009598486659519009
2024-01-05,2024,1,5,262500.0,667500.0,55.88102684588964,-4.198328199669799,2919.1308638017586,0.016487641978968202
2024-01-06,2024,1,6,257500.0,662500.0,55.83467987242347,-4.275570996161421,4290.841991963815,0.5195749986419845
2024-01-06,2024,1,6,262500.0,662500.0,55.83613012441601,-4.195793465818992,2929.3898682148815,0.20934655911771122
2024-01-06,2024,1,6,257500.0,667500.0,55.879574159628305,-4.278197631229293,4283.844651711825,0.2530731058587115
2024-01-06,2024,1,6,262500.0,667500.0,55.88102684588964,-4.198328199669799,2919.1308638017586,0.20588288661659543
2024-01-07,2024,1,7,257500.0,662500.0,55.83467987242347,-4.275570996161421,4290.841991963815,0.011285127127598795
2024-01-07,2024,1,7,262500.0,662500.0,55.83613012441601,-4.195793465818992,2929.3898682148815,0.03644020405410336
2024-01-07,2024,1,7,257500.0,667500.0,55.879574159628305,-4.278197631229293,4283.844651711825,0.016660839300223742
2024-01-07,2024,1,7,262500.0,667500.0,55.88102684588964,-4.198328199669799,2919.1308638017586,0.04477025374708918
2024-01-08,2024,1,8,257500.0,662500.0,55.83467987242347,-4.275570996161421,4290.841991963815,0.009972706834315557
2024-01-08,2024,1,8,262500.0,662500.0,55.83613012441601,-4.195793465818992,2929.3898682148815,0.007589318263930081
2024-01-08,2024,1,8,257500.0,667500.0,55.879574159628305,-4.278197631229293,4283.844651711825,0.11247050187613114
2024-01-08,2024,1,8,262500.0,667500.0,55.88102684588964,-4.198328199669799,2919.1308638017586,0.09596811920800077
2024-01-09,2024,1,9,257500.0,662500.0,55.83467987242347,-4.275570996161421,4290.841991963815,0.00023876434140262777
2024-01-09,2024,1,9,262500.0,662500.0,55.83613012441601,-4.195793465818992,2929.3898682148815,0.00046896707219533276
2024-01-09,2024,1,9,257500.0,667500.0,55.879574159628305,-4.278197631229293,4283.844651711825,0.0005635859338541711
2024-01-09,2024,1,9,262500.0,667500.0,55.88102684588964,-4.198328199669799,2919.1308638017586,0.0018016100895216984
2024-01-10,2024,1,10,257500.0,662500.0,55.83467987242347,-4.275570996161421,4290.841991963815,0.01264798918383031
2024-01-10,2024,1,10,262500.0,662500.0,55.83613012441601,-4.195793465818992,2929.3898682148815,0.01058651858932082
2024-01-10,2024,1,10,257500.0,667500.0,55.879574159628305,-4.278197631229293,4283.844651711825,0.0159856423279293
2024-01-10,2024,1,10,262500.0,667500.0,55.88102684588964,-4.198328199669799,2919.1308638017586,0.032872001448365565
2024-01-11,2024,1,11,257500.0,662500.0,55.83467987242347,-4.275570996161421,4290.841991963815,0.00025153510417765456
2024-01-11,2024,1,11,262500.0,662500.0,55.83613012441601,-4.195793465818992,2929.3898682148815,0.00022046210285667182
2024-01-11,2024,1,11,257500.0,667500.0,55.879574159628305,-4.278197631229293,4283.844651711825,0.0010358136524354945
2024-01-11,2024,1,11,262500.0,667500.0,55.88102684588964,-4.198328199669799,2919.1308638017586,0.0014265132557203665
2024-01-12,2024,1,12,257500.0,662500.0,55.83467987242347,-4.275570996161421,4290.841991963815,0.0773390226598487
2024-01-12,2024,1,12,262500.0,662500.0,55.83613012441601,-4.195793465818992,2929.3898682148815,0.16334514353454366
2024-01-12,2024,1,12,257500.0,667500.0,55.879574159628305,-4.278197631229293,4283.844651711825,0.13992173676528571
2024-01-12,2024,1,12,262500.0,667500.0,55.88102684588964,-4.198328199669799,2919.1308638017586,0.1283622529747126
2024-01-13,2024,1,13,257500.0,662500.0,55.83467987242347,-4.275570996161421,4290.841991963815,0.004402844673659729
2024-01-13,2024,1,13,262500.0,662500.0,55.83613012441601,-4.195793465818992,2929.3898682148815,0.003339638284543822
2024-01-13,2024,1,13,257500.0,667500.0,55.879574159628305,-4.278197631229293,4283.844651711825,0.009232548651624019
2024-01-13,2024,1,13,262500.0,667500.0,55.88102684588964,-4.198328199669799,2919.1308638017586,0.03161187117326545
2024-01-14,2024,1,14,257500.0,662500.0,55.83467987242347,-4.275570996161421,4290.841991963815,0.14839246316587706
2024-01-14,2024,1,14,262500.0,662500.0,55.83613012441601,-4.195793465818992,2929.3898682148815,0.35292423489048397
2024-01-14,2024,1,14,257500.0,667500.0,55.879574159628305,-4.278197631229293,4283.844651711825,0.09114253414797786
2024-01-14,2024,1,14,262500.0,667500.0,55.88102684588964,-4.198328199669799,2919.1308638017586,0.20255027239687082
2024-01-15,2024,1,15,257500.0,662500.0,55.83467987242347,-4.275570996161421,4290.841991963815,0.07748426105994125
2024-01-15,2024,1,15,262500.0,662500.0,55.83613012441601,-4.195793465818992,2929.3898682148815,0.19442795587195255
2024-01-15,2024,1,15,257500.0,667500.0,55.879574159628305,-4.278197631229293,4283.844651711825,0.1321503516159852
2024-01-15,2024,1,15,262500.0,667500.0,55.88102684588964,-4.198328199669799,2919.1308638017586,0.1373260966267051
2024-01-16,2024,1,16,257500.0,662500.0,55.83467987242347,-4.275570996161421,4290.841991963815,1.0660952182156518
2024-01-16,2024,1,16,262500.0,662500.0,55.83613012441601,-4.195793465818992,2929.3898682148815,1.1090286691584432
2024-01-16,2024,1,16,257500.0,667500.0,55.879574159628305,-4.278197631229293,4283.844651711825,0.6647887717086912
2024-01-16,2024,1,16,262500.0,667500.0,55.88102684588964,-4.198328199669799,2919.1308638017586,0.7998456414032756
2024-01-17,2024,1,17,257500.0,662500.0,55.83467987242347,-4.275570996161421,4290.841991963815,0.002894325140148331
2024-01-17,2024,1,17,262500.0,662500.0,55.83613012441601,-4.195793465818992,2929.3898682148815,0.03256611124639838
2024-01-17,2024,1,17,257500.0,667500.0,55.879574159628305,-4.278197631229293,4283.844651711825,0.004973957820726658
2024-01-17,2024,1,17,262500.0,667500.0,55.88102684588964,-4.198328199669799,2919.1308638017586,0.02712570083944613
2024-01-18,2024,1,18,257500.0,662500.0,55.83467987242347,-4.275570996161421,4290.841991963815,2.7107905337197007
2024-01-18,2024,1,18,262500.0,662500.0,55.83613012441601,-4.195793465818992,2929.3898682148815,2.580392512196605
2024-01-18,2024,1,18,257500.0,667500.0,55.879574159628305,-4.278197631229293,4283.844651711825,2.898894509362647
2024-01-18,2024,1,18,262500.0,667500.0,55.88102684588964,-4.198328199669799,2919.1308638017586,2.274030288193715
2024-01-19,2024,1,19,257500.0,662500.0,55.83467987242347,-4.275570996161421,4290.841991963815,12.017807878487133
2024-01-19,2024,1,19,262500.0,662500.0,55.83613012441601,-4.195793465818992,2929.3898682148815,8.796596599372013
2024-01-19,2024,1,19,257500.0,667500.0,55.879574159628305,-4.278197631229293,4283.844651711825,9.559993803291404
2024-01-19,2024,1,19,262500.0,667500.0,55.88102684588964,-4.198328199669799,2919.1308638017586,8.803394748396329
2024-01-20,2024,1,20,257500.0,662500.0,55.83467987242347,-4.275570996161421,4290.841991963815,18.509674772581434
2024-01-20,2024,1,20,262500.0,662500.0,55.83613012441601,-4.195793465818992,2929.3898682148815,14.91359847570804
2024-01-20,2024,1,20,257500.0,667500.0,55.879574159628305,-4.278197631229293,4283.844651711825,15.801453923603388
2024-01-20,2024,1,20,262500.0,667500.0,55.88102684588964,-4.198328199669799,2919.1308638017586,14.572806187284852
2024-01-21,2024,1,21,257500.0,662500.0,55.83467987242347,-4.275570996161421,4290.841991963815,20.198019155041205
2024-01-21,2024,1,21,262500.0,662500.0,55.83613012441601,-4.195793465818992,2929.3898682148815,20.034807117095568
2024-01-21,2024,1,21,257500.0,667500.0,55.879574159628305,-4.278197631229293,4283.844651711825,21.75229006730785
2024-01-21,2024,1,21,262500.0,667500.0,55.88102684588964,-4.198328199669799,2919.1308638017586,21.107457980756674
2024-01-22,2024,1,22,257500.0,662500.0,55.83467987242347,-4.275570996161421,4290.841991963815,5.396296085214481
2024-01-22,2024,1,22,262500.0,662500.0,55.83613012441601,-4.195793465818992,2929.3898682148815,5.588646030975329
2024-01-22,2024,1,22,257500.0,667500.0,55.879574159628305,-4.278197631229293,4283.844651711825,3.874542812495544
2024-01-22,2024,1,22,262500.0,667500.0,55.88102684588964,-4.198328199669799,2919.1308638017586,4.824303990799129
2024-01-23,2024,1,23,257500.0,662500.0,55.83467987242347,-4.275570996161421,4290.841991963815,18.389810404130248
2024-01-23,2024,1,23,262500.0,662500.0,55.83613012441601,-4.195793465818992,2929.3898682148815,15.975358781464454
2024-01-23,2024,1,23,257500.0,667500.0,55.879574159628305,-4.278197631229293,4283.844651711825,20.559754829857216
2024-01-23,2024,1,23,262500.0,667500.0,55.88102684588964,-4.198328199669799,2919.1308638017586,19.49356380271892
2024-01-24,2024,1,24,257500.0,662500.0,55.83467987242347,-4.275570996161421,4290.841991963815,2.8406068682774333
2024-01-24,2024,1,24,262500.0,662500.0,55.83613012441601,-4.195793465818992,2929.3898682148815,2.351748226573902
2024-01-24,2024,1,24,257500.0,667500.0,55.879574159628305,-4.278197631229293,4283.844651711825,2.260697050976331
2024-01-24,2024,1,24,262500.0,667500.0,55.88102684588964,-4.198328199669799,2919.1308638017586,2.1405181324156515
2024-01-25,2024,1,25,257500.0,662500.0,55.83467987242347,-4.275570996161421,4290.841991963815,9.016865743353108
2024-01-25,2024,1,25,262500.0,662500.0,55.83613012441601,-4.195793465818992,2929.3898682148815,8.07385342579167
2024-01-25,2024,1,25,257500.0,667500.0,55.879574159628305,-4.278197631229293,4283.844651711825,9.905355483791894
2024-01-25,2024,1,25,262500.0,667500.0,55.88102684588964,-4.198328199669799,2919.1308638017586,9.240715568081416
2024-01-26,2024,1,26,257500.0,662500.0,55.83467987242347,-4.275570996161421,4290.841991963815,0.0038328378547547387
2024-01-26,2024,1,26,262500.0,662500.0,55.83613012441601,-4.195793465818992,2929.3898682148815,0.0026960149167163886
2024-01-26,2024,1,26,257500.0,667500.0,55.879574159628305,-4.278197631229293,4283.844651711825,0.015208947361601657
2024-01-26,2024,1,26,262500.0,667500.0,55.88102684588964,-4.198328199669799,2919.1308638017586,0.02164836254339026
2024-01-27,2024,1,27,257500.0,662500.0,55.83467987242347,-4.275570996161421,4290.841991963815,0.5945454616619896
2024-01-27,2024,1,27,262500.0,662500.0,55.83613012441601,-4.195793465818992,2929.3898682148815,0.3558885447821965
2024-01-27,2024,1,27,257500.0,667500.0,55.879574159628305,-4.278197631229293,4283.844651711825,0.7051089234764099
2024-01-27,2024,1,27,262500.0,667500.0,55.88102684588964,-4.198328199669799,2919.1308638017586,0.42781725170145574
2024-01-28,2024,1,28,257500.0,662500.0,55.83467987242347,-4.275570996161421,4290.841991963815,4.874604317079705
2024-01-28,2024,1,28,262500.0,662500.0,55.83613012441601,-4.195793465818992,2929.3898682148815,4.810587595741953
2024-01-28,2024,1,28,257500.0,667500.0,55.879574159628305,-4.278197631229293,4283.844651711825,4.038287380657248
2024-01-28,2024,1,28,262500.0,667500.0,55.88102684588964,-4.198328199669799,2919.1308638017586,4.280582914839066
2024-01-29,2024,1,29,257500.0,662500.0,55.83467987242347,-4.275570996161421,4290.841991963815,0.1937916683481791
2024-01-29,2024,1,29,262500.0,662500.0,55.83613012441601,-4.195793465818992,2929.3898682148815,0.15562678428618304
2024-01-29,2024,1,29,257500.0,667500.0,55.879574159628305,-4.278197631229293,4283.844651711825,0.10860406391925628
2024-01-29,2024,1,29,262500.0,667500.0,55.88102684588964,-4.198328199669799,2919.1308638017586,0.2254310911324556
2024-01-30,2024,1,30,257500.0,662500.0,55.83467987242347,-4.275570996161421,4290.841991963815,0.29558289825444817
2024-01-30,2024,1,30,262500.0,662500.0,55.83613012441601,-4.195793465818992,2929.3898682148815,0.010041411831128583
2024-01-30,2024,1,30,257500.0,667500.0,55.879574159628305,-4.278197631229293,4283.844651711825,0.0810264278562555
2024-01-30,2024,1,30,262500.0,667500.0,55.88102684588964,-4.198328199669799,2919.1308638017586,0.03244344451155891
2024-01-31,2024,1,31,257500.0,662500.0,55.83467987242347,-4.275570996161421,4290.841991963815,11.736006014401159
2024-01-31,2024,1,31,262500.0,662500.0,55.83613012441601,-4.195793465818992,2929.3898682148815,11.461393556161912
2024-01-31,2024,1,31,257500.0,667500.0,55.879574159628305,-4.278197631229293,4283.844651711825,9.677910917377726
2024-01-31,2024,1,31,262500.0,667500.0,55.88102684588964,-4.198328199669799,2919.1308638017586,9.933196610595521
2024-02-01,2024,2,1,257500.0,662500.0,55.83467987242347,-4.275570996161421,4290.841991963815,0.2090221756038653
2024-02-01,2024,2,1,262500.0,662500.0,55.83613012441601,-4.195793465818992,2929.3898682148815,0.016398359342447096
2024-02-01,2024,2,1,257500.0,667500.0,55.879574159628305,-4.278197631229293,4283.844651711825,0.10762558059994225
2024-02-01,2024,2,1,262500.0,667500.0,55.88102684588964,-4.198328199669799,2919.1308638017586,0.2012305414388144
2024-02-02,2024,2,2,257500.0,662500.0,55.83467987242347,-4.275570996161421,4290.841991963815,1.4114068880740853
2024-02-02,2024,2,2,262500.0,662500.0,55.83613012441601,-4.195793465818992,2929.3898682148815,0.8055079172610204
2024-02-02,2024,2,2,257500.0,667500.0,55.879574159628305,-4.278197631229293,4283.844651711825,1.3338190901130174
2024-02-02,2024,2,2,262500.0,667500.0,55.88102684588964,-4.198328199669799,2919.1308638017586,1.1593441029766232
2024-02-03,2024,2,3,257500.0,662500.0,55.83467987242347,-4.275570996161421,4290.841991963815,2.442444911277859
2024-02-03,2024,2,3,262500.0,662500.0,55.83613012441601,-4.195793465818992,2929.3898682148815,1.9036853859033944
2024-02-03,2024,2,3,257500.0,667500.0,55.879574159628305,-4.278197631229293,4283.844651711825,2.875510467441375
2024-02-03,2024,2,3,262500.0,667500.0,55.88102684588964,-4.198328199669799,2919.1308638017586,2.4837506405782337
2024-02-04,2024,2,4,257500.0,662500.0,55.83467987242347,-4.275570996161421,4290.841991963815,6.816109639769502
2024-02-04,2024,2,4,262500.0,662500.0,55.83613012441601,-4.195793465818992,2929.3898682148815,5.6617112776793785
2024-02-04,2024,2,4,257500.0,667500.0,55.879574159628305,-4.278197631229293,4283.844651711825,7.221809264107824
2024-02-04,2024,2,4,262500.0,667500.0,55.88102684588964,-4.198328199669799,2919.1308638017586,6.867223925156179
2024-02-05,2024,2,5,257500.0,662500.0,55.83467987242347,-4.275570996161421,4290.841991963815,15.659868071122531
2024-02-05,2024,2,5,262500.0,662500.0,55.83613012441601,-4.195793465818992,2929.3898682148815,14.539967150802859
2024-02-05,2024,2,5,257500.0,667500.0,55.879574159628305,-4.278197631229293,4283.844651711825,16.12589482752603
2024-02-05,2024,2,5,262500.0,667500.0,55.88102684588964,-4.198328199669799,2919.1308638017586,15.68757056486915
2024-02-06,2024,2,6,257500.0,662500.0,55.83467987242347,-4.275570996161421,4290.841991963815,0.3900344935449629
2024-02-06,2024,2,6,262500.0,662500.0,55.83613012441601,-4.195793465818992,2929.3898682148815,0.5814446102980605
2024-02-06,2024,2,6,257500.0,667500.0,55.879574159628305,-4.278197631229293,4283.844651711825,0.3696695473212257
2024-02-06,2024,2,6,262500.0,667500.0,55.88102684588964,-4.198328199669799,2919.1308638017586,0.44416107548906897
2024-02-07,2024,2,7,257500.0,662500.0,55.83467987242347,-4.275570996161421,4290.841991963815,0.0007738555610831088
2024-02-07,2024,2,7,262500.0,662500.0,55.83613012441601,-4.195793465818992,2929.3898682148815,0.0005441788273403765
2024-02-07,2024,2,7,257500.0,667500.0,55.879574159628305,-4.278197631229293,4283.844651711825,0.00196361977353919
2024-02-07,2024,2,7,262500.0,667500.0,55.88102684588964,-4.198328199669799,2919.1308638017586,0.0024435639460096284
2024-02-08,2024,2,8,257500.0,662500.0,55.83467987242347,-4.275570996161421,4290.841991963815,0.2666636276795857
2024-02-08,2024,2,8,262500.0,662500.0,55.83613012441601,-4.195793465818992,2929.3898682148815,0.22847153352384839
2024-02-08,2024,2,8,257500.0,667500.0,55.879574159628305,-4.278197631229293,4283.844651711825,0.25914555512188714
2024-02-08,2024,2,8,262500.0,667500.0,55.88102684588964,-4.198328199669799,2919.1308638017586,0.353224057838805
2024-02-09,2024,2,9,257500.0,662500.0,55.83467987242347,-4.275570996161421,4290.841991963815,5.975569541585494
2024-02-09,2024,2,9,262500.0,662500.0,55.83613012441601,-4.195793465818992,2929.3898682148815,5.916637209956539
2024-02-09,2024,2,9,257500.0,667500.0,55.879574159628305,-4.278197631229293,4283.844651711825,5.5509004109280635
2024-02-09,2024,2,9,262500.0,667500.0,55.88102684588964,-4.198328199669799,2919.1308638017586,5.601519283657382
2024-02-10,2024,2,10,257500.0,662500.0,55.83467987242347,-4.275570996161421,4290.841991963815,0.4977795836101886
2024-02-10,2024,2,10,262500.0,662500.0,55.83613012441601,-4.195793465818992,2929.3898682148815,0.23478092321573005
2024-02-10,2024,2,10,257500.0,667500.0,55.879574159628305,-4.278197631229293,4283.844651711825,0.5573006853718083
2024-02-10,2024,2,10,262500.0,667500.0,55.88102684588964,-4.198328199669799,2919.1308638017586,0.31381558266705895
2024-02-11,2024,2,11,257500.0,662500.0,55.83467987242347,-4.275570996161421,4290.841991963815,0.9459444240634655
2024-02-11,2024,2,11,262500.0,662500.0,55.83613012441601,-4.195793465818992,2929.3898682148815,0.5180196414886837
2024-02-11,2024,2,11,257500.0,667500.0,55.879574159628305,-4.278197631229293,4283.844651711825,1.2040411305998129
2024-02-11,2024,2,11,262500.0,667500.0,55.88102684588964,-4.198328199669799,2919.1308638017586,1.11519088804493
2024-02-12,2024,2,12,257500.0,662500.0,55.83467987242347,-4.275570996161421,4290.841991963815,4.8801181959643305
2024-02-12,2024,2,12,262500.0,662500.0,55.83613012441601,-4.195793465818992,2929.3898682148815,4.70825379964702
2024-02-12,2024,2,12,257500.0,667500.0,55.879574159628305,-4.278197631229293,4283.844651711825,5.535809087534106
2024-02-12,2024,2,12,262500.0,667500.0,55.88102684588964,-4.198328199669799,2919.1308638017586,5.507089503993004
2024-02-13,2024,2,13,257500.0,662500.0,55.83467987242347,-4.275570996161421,4290.841991963815,1.695488853598936
2024-02-13,2024,2,13,262500.0,662500.0,55.83613012441601,-4.195793465818992,2929.3898682148815,1.6521413916420997
2024-02-13,2024,2,13,257500.0,667500.0,55.879574159628305,-4.278197631229293,4283.844651711825,1.984164244987729
2024-02-13,2024,2,13,262500.0,667500.0,55.88102684588964,-4.198328199669799,2919.1308638017586,1.8548557114437063
2024-02-14,2024,2,14,257500.0,662500.0,55.83467987242347,-4.275570996161421,4290.841991963815,4.215643775836878
2024-02-14,2024,2,14,262500.0,662500.0,55.83613012441601,-4.195793465818992,2929.3898682148815,3.769842810273165
2024-02-14,2024,2,14,257500.0,667500.0,55.879574159628305,-4.278197631229293,4283.844651711825,5.004696932525059
2024-02-14,2024,2,14,262500.0,667500.0,55.88102684588964,-4.198328199669799,2919.1308638017586,4.765888152992003
2024-02-15,2024,2,15,257500.0,662500.0,55.83467987242347,-4.275570996161421,4290.841991963815,4.214610906712074
2024-02-15,2024,2,15,262500.0,662500.0,55.83613012441601,-4.195793465818992,2929.3898682148815,4.582988932082535
2024-02-15,2024,2,15,257500.0,667500.0,55.879574159628305,-4.278197631229293,4283.844651711825,4.428733874587391
2024-02-15,2024,2,15,262500.0,667500.0,55.88102684588964,-4.198328199669799,2919.1308638017586,4.690542587978422
2024-02-16,2024,2,16,257500.0,662500.0,55.83467987242347,-4.275570996161421,4290.841991963815,0.17504390450629667
2024-02-16,2024,2,16,262500.0,662500.0,55.83613012441601,-4.195793465818992,2929.3898682148815,0.049676069432501295
2024-02-16,2024,2,16,257500.0,667500.0,55.879574159628305,-4.278197631229293,4283.844651711825,0.36628611014801055
2024-02-16,2024,2,16,262500.0,667500.0,55.88102684588964,-4.198328199669799,2919.1308638017586,0.2376072568423594
2024-02-17,2024,2,17,257500.0,662500.0,55.83467987242347,-4.275570996161421,4290.841991963815,3.3882337586654496
2024-02-17,2024,2,17,262500.0,662500.0,55.83613012441601,-4.195793465818992,2929.3898682148815,2.6018086747912266
2024-02-17,2024,2,17,257500.0,667500.0,55.879574159628305,-4.278197631229293,4283.844651711825,4.5131579627978455
2024-02-17,2024,2,17,262500.0,667500.0,55.88102684588964,-4.198328199669799,2919.1308638017586,3.945297429727525
2024-02-18,2024,2,18,257500.0,662500.0,55.83467987242347,-4.275570996161421,4290.841991963815,5.532086192778095
2024-02-18,2024,2,18,262500.0,662500.0,55.83613012441601,-4.195793465818992,2929.3898682148815,5.2765000566125755
2024-02-18,2024,2,18,257500.0,667500.0,55.879574159628305,-4.278197631229293,4283.844651711825,6.482354800909907
2024-02-18,2024,2,18,262500.0,667500.0,55.88102684588964,-4.198328199669799,2919.1308638017586,6.176056836450433
2024-02-19,2024,2,19,257500.0,662500.0,55.83467987242347,-4.275570996161421,4290.841991963815,0.5802364506275024
2024-02-19,2024,2,19,262500.0,662500.0,55.83613012441601,-4.195793465818992,2929.3898682148815,1.3330462039612703
2024-02-19,2024,2,19,257500.0,667500.0,55.879574159628305,-4.278197631229293,4283.844651711825,0.3529889189847579
2024-02-19,2024,2,19,262500.0,667500.0,55.88102684588964,-4.198328199669799,2919.1308638017586,0.851420121599357
2024-02-20,2024,2,20,257500.0,662500.0,55.83467987242347,-4.275570996161421,4290.841991963815,5.307482712997036
2024-02-20,2024,2,20,262500.0,662500.0,55.83613012441601,-4.195793465818992,2929.3898682148815,4.083468278717131
2024-02-20,2024,2,20,257500.0,667500.0,55.879574159628305,-4.278197631229293,4283.844651711825,5.25993777497962
2024-02-20,2024,2,20,262500.0,667500.0,55.88102684588964,-4.198328199669799,2919.1308638017586,5.182683910502299
2024-02-21,2024,2,21,257500.0,662500.0,55.83467987242347,-4.275570996161421,4290.841991963815,4.098293177333667
2024-02-21,2024,2,21,262500.0,662500.0,55.83613012441601,-4.195793465818992,2929.3898682148815,3.8173718712080245
2024-02-21,2024,2,21,257500.0,667500.0,55.879574159628305,-4.278197631229293,4283.844651711825,5.035672045628211
2024-02-21,2024,2,21,262500.0,667500.0,55.88102684588964,-4.198328199669799,2919.1308638017586,4.558046144509611
2024-02-22,2024,2,22,257500.0,662500.0,55.83467987242347,-4.275570996161421,4290.841991963815,2.112833198509694
2024-02-22,2024,2,22,262500.0,662500.0,55.83613012441601,-4.195793465818992,2929.3898682148815,1.661605184705738
2024-02-22,2024,2,22,257500.0,667500.0,55.879574159628305,-4.278197631229293,4283.844651711825,3.877414808596636
2024-02-22,2024,2,22,262500.0,667500.0,55.88102684588964,-4.198328199669799,2919.1308638017586,2.8863247177306066
2024-02-23,2024,2,23,257500.0,662500.0,55.83467987242347,-4.275570996161421,4290.841991963815,2.8492710721090937
2024-02-23,2024,2,23,262500.0,662500.0,55.83613012441601,-4.195793465818992,2929.3898682148815,2.543036588536737
2024-02-23,2024,2,23,257500.0,667500.0,55.879574159628305,-4.278197631229293,4283.844651711825,3.7041044200549917
2024-02-23,2024,2,23,262500.0,667500.0,55.88102684588964,-4.198328199669799,2919.1308638017586,3.1478628279758456
2024-02-24,2024,2,24,257500.0,662500.0,55.83467987242347,-4.275570996161421,4290.841991963815,0.06919014046666304
2024-02-24,2024,2,24,262500.0,662500.0,55.83613012441601,-4.195793465818992,2929.3898682148815,0.017336527718913187
2024-02-24,2024,2,24,257500.0,667500.0,55.879574159628305,-4.278197631229293,4283.844651711825,0.03616759829229054
2024-02-24,2024,2,24,262500.0,667500.0,55.88102684588964,-4.198328199669799,2919.1308638017586,0.04107761630796142
2024-02-25,2024,2,25,257500.0,662500.0,55.83467987242347,-4.275570996161421,4290.841991963815,0.001420841304662617
2024-02-25,2024,2,25,262500.0,662500.0,55.83613012441601,-4.195793465818992,2929.3898682148815,0.0020609684697442954
2024-02-25,2024,2,25,257500.0,667500.0,55.879574159628305,-4.278197631229293,4283.844651711825,0.0014636144047085332
2024-02-25,2024,2,25,262500.0,667500.0,55.88102684588964,-4.198328199669799,2919.1308638017586,0.0025053888301734923
2024-02-26,2024,2,26,257500.0,662500.0,55.83467987242347,-4.275570996161421,4290.841991963815,1.5735782030363206
2024-02-26,2024,2,26,262500.0,662500.0,55.83613012441601,-4.195793465818992,2929.3898682148815,0.9030893025835027
2024-02-26,2024,2,26,257500.0,667500.0,55.879574159628305,-4.278197631229293,4283.844651711825,1.3060554500870336
2024-02-26,2024,2,26,262500.0,667500.0,55.88102684588964,-4.198328199669799,2919.1308638017586,1.1806587880177704
2024-02-27,2024,2,27,257500.0,662500.0,55.83467987242347,-4.275570996161421,4290.841991963815,0.9714487140691545
2024-02-27,2024,2,27,262500.0,662500.0,55.83613012441601,-4.195793465818992,2929.3898682148815,0.6928942053580398
2024-02-27,2024,2,27,257500.0,667500.0,55.879574159628305,-4.278197631229293,4283.844651711825,0.9610801915929728
2024-02-27,2024,2,27,262500.0,667500.0,55.88102684588964,-4.198328199669799,2919.1308638017586,0.9695663249590601
2024-02-28,2024,2,28,257500.0,662500.0,55.83467987242347,-4.275570996161421,4290.841991963815,7.852166104504163
2024-02-28,2024,2,28,262500.0,662500.0,55.83613012441601,-4.195793465818992,2929.3898682148815,7.3458446439337655
2024-02-28,2024,2,28,257500.0,667500.0,55.879574159628305,-4.278197631229293,4283.844651711825,7.403431338792392
2024-02-28,2024,2,28,262500.0,667500.0,55.88102684588964,-4.198328199669799,2919.1308638017586,7.692182129628021
2024-02-29,2024,2,29,257500.0,662500.0,55.83467987242347,-4.275570996161421,4290.841991963815,0.6166722902229907
2024-02-29,2024,2,29,262500.0,662500.0,55.83613012441601,-4.195793465818992,2929.3898682148815,0.4080644425908789
2024-02-29,2024,2,29,257500.0,667500.0,55.879574159628305,-4.278197631229293,4283.844651711825,1.879964082452497
2024-02-29,2024,2,29,262500.0,667500.0,55.88102684588964,-4.198328199669799,2919.1308638017586,1.0437172962097696
2024-03-01,2024,3,1,257500.0,662500.0,55.83467987242347,-4.275570996161421,4290.841991963815,0.2697704294078758
2024-03-01,2024,3,1,262500.0,662500.0,55.83613012441601,-4.195793465818992,2929.3898682148815,0.3453808252556904
2024-03-01,2024,3,1,257500.0,667500.0,55.879574159628305,-4.278197631229293,4283.844651711825,0.163052724813023
2024-03-01,2024,3,1,262500.0,667500.0,55.88102684588964,-4.198328199669799,2919.1308638017586,0.4183839245507676
2024-03-02,2024,3,2,257500.0,662500.0,55.83467987242347,-4.275570996161421,4290.841991963815,1.071181816226036
2024-03-02,2024,3,2,262500.0,662500.0,55.83613012441601,-4.195793465818992,2929.3898682148815,1.0638761347638344
2024-03-02,2024,3,2,257500.0,667500.0,55.879574159628305,-4.278197631229293,4283.844651711825,2.097757270911796
2024-03-02,2024,3,2,262500.0,667500.0,55.88102684588964,-4.198328199669799,2919.1308638017586,1.8081409049956545
2024-03-03,2024,3,3,257500.0,662500.0,55.83467987242347,-4.275570996161421,4290.841991963815,0.1077019976939141
2024-03-03,2024,3,3,262500.0,662500.0,55.83613012441601,-4.195793465818992,2929.3898682148815,0.006356391150254672
2024-03-03,2024,3,3,257500.0,667500.0,55.879574159628305,-4.278197631229293,4283.844651711825,0.11467157577226347
2024-03-03,2024,3,3,262500.0,667500.0,55.88102684588964,-4.198328199669799,2919.1308638017586,0.04136239317663185
2024-03-04,2024,3,4,257500.0,662500.0,55.83467987242347,-4.275570996161421,4290.841991963815,0.00632031216655047
2024-03-04,2024,3,4,262500.0,662500.0,55.83613012441601,-4.195793465818992,2929.3898682148815,0.001824995473643568
2024-03-04,2024,3,4,257500.0,667500.0,55.879574159628305,-4.278197631229293,4283.844651711825,0.00803152203054644
2024-03-04,2024,3,4,262500.0,667500.0,55.88102684588964,-4.198328199669799,2919.1308638017586,0.010311123111671152
2024-03-05,2024,3,5,257500.0,662500.0,55.83467987242347,-4.275570996161421,4290.841991963815,0.5157588297233303
2024-03-05,2024,3,5,262500.0,662500.0,55.83613012441601,-4.195793465818992,2929.3898682148815,0.5795280891915218
2024-03-05,2024,3,5,257500.0,667500.0,55.879574159628305,-4.278197631229293,4283.844651711825,0.4454886157625506
2024-03-05,2024,3,5,262500.0,667500.0,55.88102684588964,-4.198328199669799,2919.1308638017586,0.5479616868674604
2024-03-06,2024,3,6,257500.0,662500.0,55.83467987242347,-4.275570996161421,4290.841991963815,0.1032070865177017
2024-03-06,2024,3,6,262500.0,662500.0,55.83613012441601,-4.195793465818992,2929.3898682148815,0.004004270703628734
2024-03-06,2024,3,6,257500.0,667500.0,55.879574159628305,-4.278197631229293,4283.844651711825,0.026772040065282346
2024-03-06,2024,3,6,262500.0,667500.0,55.88102684588964,-4.198328199669799,2919.1308638017586,0.012483203807785576
2024-03-07,2024,3,7,257500.0,662500.0,55.83467987242347,-4.275570996161421,4290.841991963815,0.519368380189186
2024-03-07,2024,3,7,262500.0,662500.0,55.83613012441601,-4.195793465818992,2929.3898682148815,0.36194738726677705
2024-03-07,2024,3,7,257500.0,667500.0,55.879574159628305,-4.278197631229293,4283.844651711825,0.36181000173640765
2024-03-07,2024,3,7,262500.0,667500.0,55.88102684588964,-4.198328199669799,2919.1308638017586,0.3389017539230417
2024-03-08,2024,3,8,257500.0,662500.0,55.83467987242347,-4.275570996161421,4290.841991963815,0.000679221407484011
2024-03-08,2024,3,8,262500.0,662500.0,55.83613012441601,-4.195793465818992,2929.3898682148815,0.0002679507652452034
2024-03-08,2024,3,8,257500.0,667500.0,55.879574159628305,-4.278197631229293,4283.844651711825,0.0021984885476164983
2024-03-08,2024,3,8,262500.0,667500.0,55.88102684588964,-4.198328199669799,2919.1308638017586,0.0019326811420229395
2024-03-09,2024,3,9,257500.0,662500.0,55.83467987242347,-4.275570996161421,4290.841991963815,0.06405951311137609
2024-03-09,2024,3,9,262500.0,662500.0,55.83613012441601,-4.195793465818992,2929.3898682148815,0.008938748254739734
2024-03-09,2024,3,9,257500.0,667500.0,55.879574159628305,-4.278197631229293,4283.844651711825,0.025389310347383
2024-03-09,2024,3,9,262500.0,667500.0,55.88102684588964,-4.198328199669799,2919.1308638017586,0.019467696518148402
2024-03-10,2024,3,10,257500.0,662500.0,55.83467987242347,-4.275570996161421,4290.841991963815,0.6610840202880296
2024-03-10,2024,3,10,262500.0,662500.0,55.83613012441601,-4.195793465818992,2929.3898682148815,0.4723981950897296
2024-03-10,2024,3,10,257500.0,667500.0,55.879574159628305,-4.278197631229293,4283.844651711825,0.47593043668833074
2024-03-10,2024,3,10,262500.0,667500.0,55.88102684588964,-4.198328199669799,2919.1308638017586,0.5334623133832166
2024-03-11,2024,3,11,257500.0,662500.0,55.83467987242347,-4.275570996161421,4290.841991963815,0.32496571252891737
2024-03-11,2024,3,11,262500.0,662500.0,55.83613012441601,-4.195793465818992,2929.3898682148815,0.24025557216336516
2024-03-11,2024,3,11,257500.0,667500.0,55.879574159628305,-4.278197631229293,4283.844651711825,0.3347669495996147
2024-03-11,2024,3,11,262500.0,667500.0,55.88102684588964,-4.198328199669799,2919.1308638017586,0.30498476909190403
2024-03-12,2024,3,12,257500.0,662500.0,55.83467987242347,-4.275570996161421,4290.841991963815,8.70747191315762
2024-03-12,2024,3,12,262500.0,662500.0,55.83613012441601,-4.195793465818992,2929.3898682148815,6.978133329674757
2024-03-12,2024,3,12,257500.0,667500.0,55.879574159628305,-4.278197631229293,4283.844651711825,9.30040436809244
2024-03-12,2024,3,12,262500.0,667500.0,55.88102684588964,-4.198328199669799,2919.1308638017586,8.52902153269374
2024-03-13,2024,3,13,257500.0,662500.0,55.83467987242347,-4.275570996161421,4290.841991963815,1.8179018086550125
2024-03-13,2024,3,13,262500.0,662500.0,55.83613012441601,-4.195793465818992,2929.3898682148815,1.7722507345636807
2024-03-13,2024,3,13,257500.0,667500.0,55.879574159628305,-4.278197631229293,4283.844651711825,1.2949444113278135
2024-03-13,2024,3,13,262500.0,667500.0,55.88102684588964,-4.198328199669799,2919.1308638017586,1.6357748195645783
2024-03-14,2024,3,14,257500.0,662500.0,55.83467987242347,-4.275570996161421,4290.841991963815,23.80802716757062
2024-03-14,2024,3,14,262500.0,662500.0,55.83613012441601,-4.195793465818992,2929.3898682148815,18.586513400335736
2024-03-14,2024,3,14,257500.0,667500.0,55.879574159628305,-4.278197631229293,4283.844651711825,19.73984129597574
2024-03-14,2024,3,14,262500.0,667500.0,55.88102684588964,-4.198328199669799,2919.1308638017586,20.252763917326316
2024-03-15,2024,3,15,257500.0,662500.0,55.83467987242347,-4.275570996161421,4290.841991963815,2.740767386276238
2024-03-15,2024,3,15,262500.0,662500.0,55.83613012441601,-4.195793465818992,2929.3898682148815,2.586085354939205
2024-03-15,2024,3,15,257500.0,667500.0,55.879574159628305,-4.278197631229293,4283.844651711825,2.9422001193779983
2024-03-15,2024,3,15,262500.0,667500.0,55.88102684588964,-4.198328199669799,2919.1308638017586,2.948709884477803
2024-03-16,2024,3,16,257500.0,662500.0,55.83467987242347,-4.275570996161421,4290.841991963815,8.052528931500282
2024-03-16,2024,3,16,262500.0,662500.0,55.83613012441601,-4.195793465818992,2929.3898682148815,7.825807557351027
2024-03-16,2024,3,16,257500.0,667500.0,55.879574159628305,-4.278197631229293,4283.844651711825,7.572863045977596
2024-03-16,2024,3,16,262500.0,667500.0,55.88102684588964,-4.198328199669799,2919.1308638017586,8.2465112963589
2024-03-17,2024,3,17,257500.0,662500.0,55.83467987242347,-4.275570996161421,4290.841991963815,1.303033010004376
2024-03-17,2024,3,17,262500.0,662500.0,55.83613012441601,-4.195793465818992,2929.3898682148815,1.1125849222977824
2024-03-17,2024,3,17,257500.0,667500.0,55.879574159628305,-4.278197631229293,4283.844651711825,1.4946505680390687
2024-03-17,2024,3,17,262500.0,667500.0,55.88102684588964,-4.198328199669799,2919.1308638017586,1.5563792842666415
2024-03-18,2024,3,18,257500.0,662500.0,55.83467987242347,-4.275570996161421,4290.841991963815,6.069526314082335
2024-03-18,2024,3,18,262500.0,662500.0,55.83613012441601,-4.195793465818992,2929.3898682148815,4.450471835167062
2024-03-18,2024,3,18,257500.0,667500.0,55.879574159628305,-4.278197631229293,4283.844651711825,5.373805291019865
2024-03-18,2024,3,18,262500.0,667500.0,55.88102684588964,-4.198328199669799,2919.1308638017586,5.088253096038095
2024-03-19,2024,3,19,257500.0,662500.0,55.83467987242347,-4.275570996161421,4290.841991963815,0.8128827504929781
2024-03-19,2024,3,19,262500.0,662500.0,55.83613012441601,-4.195793465818992,2929.3898682148815,0.6736245015429435
2024-03-19,2024,3,19,257500.0,667500.0,55.879574159628305,-4.278197631229293,4283.844651711825,0.9615426796476659
2024-03-19,2024,3,19,262500.0,667500.0,55.88102684588964,-4.198328199669799,2919.1308638017586,0.9024313358785928
2024-03-20,2024,3,20,257500.0,662500.0,55.83467987242347,-4.275570996161421,4290.841991963815,1.6029511343657923
2024-03-20,2024,3,20,262500.0,662500.0,55.83613012441601,-4.195793465818992,2929.3898682148815,0.8786486350717931
2024-03-20,2024,3,20,257500.0,667500.0,55.879574159628305,-4.278197631229293,4283.844651711825,1.8192298263574407
2024-03-20,2024,3,20,262500.0,667500.0,55.88102684588964,-4.198328199669799,2919.1308638017586,1.7171865833364013
2024-03-21,2024,3,21,257500.0,662500.0,55.83467987242347,-4.275570996161421,4290.841991963815,2.8099278112342807
2024-03-21,2024,3,21,262500.0,662500.0,55.83613012441601,-4.195793465818992,2929.3898682148815,1.5762633557537897
2024-03-21,2024,3,21,257500.0,667500.0,55.879574159628305,-4.278197631229293,4283.844651711825,3.4051850888252932
2024-03-21,2024,3,21,262500.0,667500.0,55.88102684588964,-4.198328199669799,2919.1308638017586,2.943811528041813
2024-03-22,2024,3,22,257500.0,662500.0,55.83467987242347,-4.275570996161421,4290.841991963815,7.666480363829352
2024-03-22,2024,3,22,262500.0,662500.0,55.83613012441601,-4.195793465818992,2929.3898682148815,6.914883824045267
2024-03-22,2024,3,22,257500.0,667500.0,55.879574159628305,-4.278197631229293,4283.844651711825,8.3144979913001
2024-03-22,2024,3,22,262500.0,667500.0,55.88102684588964,-4.198328199669799,2919.1308638017586,7.672619307216665
2024-03-23,2024,3,23,257500.0,662500.0,55.83467987242347,-4.275570996161421,4290.841991963815,0.3262767389999357
2024-03-23,2024,3,23,262500.0,662500.0,55.83613012441601,-4.195793465818992,2929.3898682148815,0.2113351250794812
2024-03-23,2024,3,23,257500.0,667500.0,55.879574159628305,-4.278197631229293,4283.844651711825,0.4125084573966015
2024-03-23,2024,3,23,262500.0,667500.0,55.88102684588964,-4.198328199669799,2919.1308638017586,0.2831866477193738
2024-03-24,2024,3,24,257500.0,662500.0,55.83467987242347,-4.275570996161421,4290.841991963815,0.012162546827259467
2024-03-24,2024,3,24,262500.0,662500.0,55.83613012441601,-4.195793465818992,2929.3898682148815,0.009175132786191188
2024-03-24,2024,3,24,257500.0,667500.0,55.879574159628305,-4.278197631229293,4283.844651711825,0.01769174649465978
2024-03-24,2024,3,24,262500.0,667500.0,55.88102684588964,-4.198328199669799,2919.1308638017586,0.023868269192507976
2024-03-25,2024,3,25,257500.0,662500.0,55.83467987242347,-4.275570996161421,4290.841991963815,4.415360752766608
2024-03-25,2024,3,25,262500.0,662500.0,55.83613012441601,-4.195793465818992,2929.3898682148815,4.19084605686706
2024-03-25,2024,3,25,257500.0,667500.0,55.879574159628305,-4.278197631229293,4283.844651711825,3.508978483959742
2024-03-25,2024,3,25,262500.0,667500.0,55.88102684588964,-4.198328199669799,2919.1308638017586,4.0120199982512466
2024-03-26,2024,3,26,257500.0,662500.0,55.83467987242347,-4.275570996161421,4290.841991963815,3.1314235539130926
2024-03-26,2024,3,26,262500.0,662500.0,55.83613012441601,-4.195793465818992,2929.3898682148815,2.5128354317918267
2024-03-26,2024,3,26,257500.0,667500.0,55.879574159628305,-4.278197631229293,4283.844651711825,2.7106083148194102
2024-03-26,2024,3,26,262500.0,667500.0,55.88102684588964,-4.198328199669799,2919.1308638017586,3.330852455723335
2024-03-27,2024,3,27,257500.0,662500.0,55.83467987242347,-4.275570996161421,4290.841991963815,5.845776805913637
2024-03-27,2024,3,27,262500.0,662500.0,55.83613012441601,-4.195793465818992,2929.3898682148815,4.698536333493759
2024-03-27,2024,3,27,257500.0,667500.0,55.879574159628305,-4.278197631229293,4283.844651711825,4.162509032220911
2024-03-27,2024,3,27,262500.0,667500.0,55.88102684588964,-4.198328199669799,2919.1308638017586,4.651606954879437
2024-03-28,2024,3,28,257500.0,662500.0,55.83467987242347,-4.275570996161421,4290.841991963815,9.91683703964272
2024-03-28,2024,3,28,262500.0,662500.0,55.83613012441601,-4.195793465818992,2929.3898682148815,9.303499286949092
2024-03-28,2024,3,28,257500.0,667500.0,55.879574159628305,-4.278197631229293,4283.844651711825,9.483695300645739
2024-03-28,2024,3,28,262500.0,667500.0,55.88102684588964,-4.198328199669799,2919.1308638017586,10.017551196932658
2024-03-29,2024,3,29,257500.0,662500.0,55.83467987242347,-4.275570996161421,4290.841991963815,2.0093778308022188
2024-03-29,2024,3,29,262500.0,662500.0,55.83613012441601,-4.195793465818992,2929.3898682148815,1.5612417665486145
2024-03-29,2024,3,29,257500.0,667500.0,55.879574159628305,-4.278197631229293,4283.844651711825,3.1479585987803187
2024-03-29,2024,3,29,262500.0,667500.0,55.88102684588964,-4.198328199669799,2919.1308638017586,2.282383623643809
2024-03-30,2024,3,30,257500.0,662500.0,55.83467987242347,-4.275570996161421,4290.841991963815,0.9291066130592104
2024-03-30,2024,3,30,262500.0,662500.0,55.83613012441601,-4.195793465818992,2929.3898682148815,0.93526494796274
2024-03-30,2024,3,30,257500.0,667500.0,55.879574159628305,-4.278197631229293,4283.844651711825,0.8621368409316295
2024-03-30,2024,3,30,262500.0,667500.0,55.88102684588964,-4.198328199669799,2919.1308638017586,1.0203106022236077
2024-03-31,2024,3,31,257500.0,662500.0,55.83467987242347,-4.275570996161421,4290.841991963815,0.0005680562215809913
2024-03-31,2024,3,31,262500.0,662500.0,55.83613012441601,-4.195793465818992,2929.3898682148815,0.0012669758281898809
2024-03-31,2024,3,31,257500.0,667500.0,55.879574159628305,-4.278197631229293,4283.844651711825,0.0009987016558456725
2024-03-31,2024,3,31,262500.0,667500.0,55.88102684588964,-4.198328199669799,2919.1308638017586,0.0029066550258973005
2024-04-01,2024,4,1,257500.0,662500.0,55.83467987242347,-4.275570996161421,4290.841991963815,3.627640325185568
2024-04-01,2024,4,1,262500.0,662500.0,55.83613012441601,-4.195793465818992,2929.3898682148815,3.3330964634741993
2024-04-01,2024,4,1,257500.0,667500.0,55.879574159628305,-4.278197631229293,4283.844651711825,3.4771336318191755
2024-04-01,2024,4,1,262500.0,667500.0,55.88102684588964,-4.198328199669799,2919.1308638017586,3.881809853349048
2024-04-02,2024,4,2,257500.0,662500.0,55.83467987242347,-4.275570996161421,4290.841991963815,2.0719643327083075
2024-04-02,2024,4,2,262500.0,662500.0,55.83613012441601,-4.195793465818992,2929.3898682148815,2.761553353671905
2024-04-02,2024,4,2,257500.0,667500.0,55.879574159628305,-4.278197631229293,4283.844651711825,1.6730767032276619
2024-04-02,2024,4,2,262500.0,667500.0,55.88102684588964,-4.198328199669799,2919.1308638017586,2.761421651449742
2024-04-03,2024,4,3,257500.0,662500.0,55.83467987242347,-4.275570996161421,4290.841991963815,4.268597755638478
2024-04-03,2024,4,3,262500.0,662500.0,55.83613012441601,-4.195793465818992,2929.3898682148815,4.715287573255683
2024-04-03,2024,4,3,257500.0,667500.0,55.879574159628305,-4.278197631229293,4283.844651711825,3.900553388544898
2024-04-03,2024,4,3,262500.0,667500.0,55.88102684588964,-4.198328199669799,2919.1308638017586,5.322580845391872
2024-04-04,2024,4,4,257500.0,662500.0,55.83467987242347,-4.275570996161421,4290.841991963815,16.76248516159483
2024-04-04,2024,4,4,262500.0,662500.0,55.83613012441601,-4.195793465818992,2929.3898682148815,15.47946498159528
2024-04-04,2024,4,4,257500.0,667500.0,55.879574159628305,-4.278197631229293,4283.844651711825,17.546530163763002
2024-04-04,2024,4,4,262500.0,667500.0,55.88102684588964,-4.198328199669799,2919.1308638017586,16.34721604789083
2024-04-05,2024,4,5,257500.0,662500.0,55.83467987242347,-4.275570996161421,4290.841991963815,11.529141415677632
2024-04-05,2024,4,5,262500.0,662500.0,55.83613012441601,-4.195793465818992,2929.3898682148815,11.068658154725153
2024-04-05,2024,4,5,257500.0,667500.0,55.879574159628305,-4.278197631229293,4283.844651711825,16.575944765726035
2024-04-05,2024,4,5,262500.0,667500.0,55.88102684588964,-4.198328199669799,2919.1308638017586,14.264966177107258
2024-04-06,2024,4,6,257500.0,662500.0,55.83467987242347,-4.275570996161421,4290.841991963815,2.099321549167371
2024-04-06,2024,4,6,262500.0,662500.0,55.83613012441601,-4.195793465818992,2929.3898682148815,4.363667329126113
2024-04-06,2024,4,6,257500.0,667500.0,55.879574159628305,-4.278197631229293,4283.844651711825,1.1034485933267524
2024-04-06,2024,4,6,262500.0,667500.0,55.88102684588964,-4.198328199669799,2919.1308638017586,2.2863653442526886
2024-04-07,2024,4,7,257500.0,662500.0,55.83467987242347,-4.275570996161421,4290.841991963815,0.5231644420448207
2024-04-07,2024,4,7,262500.0,662500.0,55.83613012441601,-4.195793465818992,2929.3898682148815,0.7945950240588722
2024-04-07,2024,4,7,257500.0,667500.0,55.879574159628305,-4.278197631229293,4283.844651711825,0.40168002506737566
2024-04-07,2024,4,7,262500.0,667500.0,55.88102684588964,-4.198328199669799,2919.1308638017586,0.6535012242054575
2024-04-08,2024,4,8,257500.0,662500.0,55.83467987242347,-4.275570996161421,4290.841991963815,14.841873380246353
2024-04-08,2024,4,8,262500.0,662500.0,55.83613012441601,-4.195793465818992,2929.3898682148815,18.420206496507912
2024-04-08,2024,4,8,257500.0,667500.0,55.879574159628305,-4.278197631229293,4283.844651711825,15.270256476559094
2024-04-08,2024,4,8,262500.0,667500.0,55.88102684588964,-4.198328199669799,2919.1308638017586,17.28571773391766
2024-04-09,2024,4,9,257500.0,662500.0,55.83467987242347,-4.275570996161421,4290.841991963815,0.21758853222188923
2024-04-09,2024,4,9,262500.0,662500.0,55.83613012441601,-4.195793465818992,2929.3898682148815,0.3166641006538271
2024-04-09,2024,4,9,257500.0,667500.0,55.879574159628305,-4.278197631229293,4283.844651711825,0.245574751056323
2024-04-09,2024,4,9,262500.0,667500.0,55.88102684588964,-4.198328199669799,2919.1308638017586,0.3813677827810096
2024-04-10,2024,4,10,257500.0,662500.0,55.83467987242347,-4.275570996161421,4290.841991963815,10.516116359521593
2024-04-10,2024,4,10,262500.0,662500.0,55.83613012441601,-4.195793465818992,2929.3898682148815,10.366058859041463
2024-04-10,2024,4,10,257500.0,667500.0,55.879574159628305,-4.278197631229293,4283.844651711825,11.536177015532996
2024-04-10,2024,4,10,262500.0,667500.0,55.88102684588964,-4.198328199669799,2919.1308638017586,11.880287058245765
2024-04-11,2024,4,11,257500.0,662500.0,55.83467987242347,-4.275570996161421,4290.841991963815,5.84603428097101
2024-04-11,2024,4,11,262500.0,662500.0,55.83613012441601,-4.195793465818992,2929.3898682148815,4.878877113677301
2024-04-11,2024,4,11,257500.0,667500.0,55.879574159628305,-4.278197631229293,4283.844651711825,5.3311844931732235
2024-04-11,2024,4,11,262500.0,667500.0,55.88102684588964,-4.198328199669799,2919.1308638017586,5.963244974884118
2024-04-12,2024,4,12,257500.0,662500.0,55.83467987242347,-4.275570996161421,4290.841991963815,5.235943942603883
2024-04-12,2024,4,12,262500.0,662500.0,55.83613012441601,-4.195793465818992,2929.3898682148815,5.076994623712896
2024-04-12,2024,4,12,257500.0,667500.0,55.879574159628305,-4.278197631229293,4283.844651711825,4.371504729242318
2024-04-12,2024,4,12,262500.0,667500.0,55.88102684588964,-4.198328199669799,2919.1308638017586,4.964723658658302
2024-04-13,2024,4,13,257500.0,662500.0,55.83467987242347,-4.275570996161421,4290.841991963815,3.2642755176374196
2024-04-13,2024,4,13,262500.0,662500.0,55.83613012441601,-4.195793465818992,2929.3898682148815,2.3407816495816447
2024-04-13,2024,4,13,257500.0,667500.0,55.879574159628305,-4.278197631229293,4283.844651711825,4.047350231099979
2024-04-13,2024,4,13,262500.0,667500.0,55.88102684588964,-4.198328199669799,2919.1308638017586,3.6372399285962973
2024-04-14,2024,4,14,257500.0,662500.0,55.83467987242347,-4.275570996161421,4290.841991963815,9.869994080158653
2024-04-14,2024,4,14,262500.0,662500.0,55.83613012441601,-4.195793465818992,2929.3898682148815,8.829408028781007
2024-04-14,2024,4,14,257500.0,667500.0,55.879574159628305,-4.278197631229293,4283.844651711825,11.234891300915109
2024-04-14,2024,4,14,262500.0,667500.0,55.88102684588964,-4.198328199669799,2919.1308638017586,11.035926379715155
2024-04-15,2024,4,15,257500.0,662500.0,55.83467987242347,-4.275570996161421,4290.841991963815,2.449891581936781
2024-04-15,2024,4,15,262500.0,662500.0,55.83613012441601,-4.195793465818992,2929.3898682148815,2.469631532494647
2024-04-15,2024,4,15,257500.0,667500.0,55.879574159628305,-4.278197631229293,4283.844651711825,3.1686744236386737
2024-04-15,2024,4,15,262500.0,667500.0,55.88102684588964,-4.198328199669799,2919.1308638017586,2.455430666745672
2024-04-16,2024,4,16,257500.0,662500.0,55.83467987242347,-4.275570996161421,4290.841991963815,0.28868457552731885
2024-04-16,2024,4,16,262500.0,662500.0,55.83613012441601,-4.195793465818992,2929.3898682148815,0.029585491596266455
2024-04-16,2024,4,16,257500.0,667500.0,55.879574159628305,-4.278197631229293,4283.844651711825,0.1227102507240176
2024-04-16,2024,4,16,262500.0,667500.0,55.88102684588964,-4.198328199669799,2919.1308638017586,0.07087552194371119
2024-04-17,2024,4,17,257500.0,662500.0,55.83467987242347,-4.275570996161421,4290.841991963815,2.0566517917401566
2024-04-17,2024,4,17,262500.0,662500.0,55.83613012441601,-4.195793465818992,2929.3898682148815,0.28577670774032404
2024-04-17,2024,4,17,257500.0,667500.0,55.879574159628305,-4.278197631229293,4283.844651711825,1.0513983664694917
2024-04-17,2024,4,17,262500.0,667500.0,55.88102684588964,-4.198328199669799,2919.1308638017586,0.5204704171124807
2024-04-18,2024,4,18,257500.0,662500.0,55.83467987242347,-4.275570996161421,4290.841991963815,0.8775027100654408
2024-04-18,2024,4,18,262500.0,662500.0,55.83613012441601,-4.195793465818992,2929.3898682148815,0.6169384700944053
2024-04-18,2024,4,18,257500.0,667500.0,55.879574159628305,-4.278197631229293,4283.844651711825,1.0473498875735547
2024-04-18,2024,4,18,262500.0,667500.0,55.88102684588964,-4.198328199669799,2919.1308638017586,0.7169268857889135
2024-04-19,2024,4,19,257500.0,662500.0,55.83467987242347,-4.275570996161421,4290.841991963815,0.600696854229586
2024-04-19,2024,4,19,262500.0,662500.0,55.83613012441601,-4.195793465818992,2929.3898682148815,0.19098936800616836
2024-04-19,2024,4,19,257500.0,667500.0,55.879574159628305,-4.278197631229293,4283.844651711825,0.1931315357539679
2024-04-19,2024,4,19,262500.0,667500.0,55.88102684588964,-4.198328199669799,2919.1308638017586,0.15045905681376506
2024-04-20,2024,4,20,257500.0,662500.0,55.83467987242347,-4.275570996161421,4290.841991963815,0.0021813710707298695
2024-04-20,2024,4,20,262500.0,662500.0,55.83613012441601,-4.195793465818992,2929.3898682148815,0.001369456943512916
2024-04-20,2024,4,20,257500.0,667500.0,55.879574159628305,-4.278197631229293,4283.844651711825,0.008688983581504984
2024-04-20,2024,4,20,262500.0,667500.0,55.88102684588964,-4.198328199669799,2919.1308638017586,0.010383602036825677
2024-04-21,2024,4,21,257500.0,662500.0,55.83467987242347,-4.275570996161421,4290.841991963815,2.9964345884663492
2024-04-21,2024,4,21,262500.0,662500.0,55.83613012441601,-4.195793465818992,2929.3898682148815,3.454404353280413
2024-04-21,2024,4,21,257500.0,667500.0,55.879574159628305,-4.278197631229293,4283.844651711825,3.10877565907063
2024-04-21,2024,4,21,262500.0,667500.0,55.88102684588964,-4.198328199669799,2919.1308638017586,3.473189472372908
2024-04-22,2024,4,22,257500.0,662500.0,55.83467987242347,-4.275570996161421,4290.841991963815,0.05145023490849562
2024-04-22,2024,4,22,262500.0,662500.0,55.83613012441601,-4.195793465818992,2929.3898682148815,0.0017500544948782705
2024-04-22,2024,4,22,257500.0,667500.0,55.879574159628305,-4.278197631229293,4283.844651711825,0.013489096622735397
2024-04-22,2024,4,22,262500.0,667500.0,55.88102684588964,-4.198328199669799,2919.1308638017586,0.004804297308347211
2024-04-23,2024,4,23,257500.0,662500.0,55.83467987242347,-4.275570996161421,4290.841991963815,0.0
2024-04-23,2024,4,23,262500.0,662500.0,55.83613012441601,-4.195793465818992,2929.3898682148815,0.0
2024-04-23,2024,4,23,257500.0,667500.0,55.879574159628305,-4.278197631229293,4283.844651711825,0.0
2024-04-23,2024,4,23,262500.0,667500.0,55.88102684588964,-4.198328199669799,2919.1308638017586,0.0
2024-04-24,2024,4,24,257500.0,662500.0,55.83467987242347,-4.275570996161421,4290.841991963815,0.0007354604022636884
2024-04-24,2024,4,24,262500.0,662500.0,55.83613012441601,-4.195793465818992,2929.3898682148815,0.0015497931926906682
2024-04-24,2024,4,24,257500.0,667500.0,55.879574159628305,-4.278197631229293,4283.844651711825,0.002451408505284708
2024-04-24,2024,4,24,262500.0,667500.0,55.88102684588964,-4.198328199669799,2919.1308638017586,0.00964478965059569
2024-04-25,2024,4,25,257500.0,662500.0,55.83467987242347,-4.275570996161421,4290.841991963815,0.4220575353492156
2024-04-25,2024,4,25,262500.0,662500.0,55.83613012441601,-4.195793465818992,2929.3898682148815,1.082381973841823
2024-04-25,2024,4,25,257500.0,667500.0,55.879574159628305,-4.278197631229293,4283.844651711825,0.2848807374208147
2024-04-25,2024,4,25,262500.0,667500.0,55.88102684588964,-4.198328199669799,2919.1308638017586,0.7225007327515097
2024-04-26,2024,4,26,257500.0,662500.0,55.83467987242347,-4.275570996161421,4290.841991963815,4.779284348415868e-05
2024-04-26,2024,4,26,262500.0,662500.0,55.83613012441601,-4.195793465818992,2929.3898682148815,4.294057649198549e-05
2024-04-26,2024,4,26,257500.0,667500.0,55.879574159628305,-4.278197631229293,4283.844651711825,0.0001648774267438616
2024-04-26,2024,4,26,262500.0,667500.0,55.88102684588964,-4.198328199669799,2919.1308638017586,0.0002453660929606837
2024-04-27,2024,4,27,257500.0,662500.0,55.83467987242347,-4.275570996161421,4290.841991963815,2.2026896713932307
2024-04-27,2024,4,27,262500.0,662500.0,55.83613012441601,-4.195793465818992,2929.3898682148815,0.42090535677722335
2024-04-27,2024,4,27,257500.0,667500.0,55.879574159628305,-4.278197631229293,4283.844651711825,1.3219922575091148
2024-04-27,2024,4,27,262500.0,667500.0,55.88102684588964,-4.198328199669799,2919.1308638017586,0.5969988011608943
2024-04-28,2024,4,28,257500.0,662500.0,55.83467987242347,-4.275570996161421,4290.841991963815,1.1535716379609409
2024-04-28,2024,4,28,262500.0,662500.0,55.83613012441601,-4.195793465818992,2929.3898682148815,1.316081625779987
2024-04-28,2024,4,28,257500.0,667500.0,55.879574159628305,-4.278197631229293,4283.844651711825,1.0748268404194066
2024-04-28,2024,4,28,262500.0,667500.0,55.88102684588964,-4.198328199669799,2919.1308638017586,1.3171713146084103
2024-04-29,2024,4,29,257500.0,662500.0,55.83467987242347,-4.275570996161421,4290.841991963815,2.9294180804312537
2024-04-29,2024,4,29,262500.0,662500.0,55.83613012441601,-4.195793465818992,2929.3898682148815,1.902798749393987
2024-04-29,2024,4,29,257500.0,667500.0,55.879574159628305,-4.278197631229293,4283.844651711825,4.277277382608225
2024-04-29,2024,4,29,262500.0,667500.0,55.88102684588964,-4.198328199669799,2919.1308638017586,2.938849396550849
2024-04-30,2024,4,30,257500.0,662500.0,55.83467987242347,-4.275570996161421,4290.841991963815,0.24291478391588062
2024-04-30,2024,4,30,262500.0,662500.0,55.83613012441601,-4.195793465818992,2929.3898682148815,0.023679341263144006
2024-04-30,2024,4,30,257500.0,667500.0,55.879574159628305,-4.278197631229293,4283.844651711825,0.38870579219032175
2024-04-30,2024,4,30,262500.0,667500.0,55.88102684588964,-4.198328199669799,2919.1308638017586,0.17762935536999033
2024-05-01,2024,5,1,257500.0,662500.0,55.83467987242347,-4.275570996161421,4290.841991963815,0.0022187327584505183
2024-05-01,2024,5,1,262500.0,662500.0,55.83613012441601,-4.195793465818992,2929.3898682148815,0.00036772327857742174
2024-05-01,2024,5,1,257500.0,667500.0,55.879574159628305,-4.278197631229293,4283.844651711825,0.0015168717075136166
2024-05-01,2024,5,1,262500.0,667500.0,55.88102684588964,-4.198328199669799,2919.1308638017586,0.0012605669128933606
2024-05-02,2024,5,2,257500.0,662500.0,55.83467987242347,-4.275570996161421,4290.841991963815,0.0
2024-05-02,2024,5,2,262500.0,662500.0,55.83613012441601,-4.195793465818992,2929.3898682148815,4.517152473012092e-06
2024-05-02,2024,5,2,257500.0,667500.0,55.879574159628305,-4.278197631229293,4283.844651711825,0.0
2024-05-02,2024,5,2,262500.0,667500.0,55.88102684588964,-4.198328199669799,2919.1308638017586,5.6720224786741735e-06
2024-05-03,2024,5,3,257500.0,662500.0,55.83467987242347,-4.275570996161421,4290.841991963815,2.262184308494832
2024-05-03,2024,5,3,262500.0,662500.0,55.83613012441601,-4.195793465818992,2929.3898682148815,1.8331866003257509
2024-05-03,2024,5,3,257500.0,667500.0,55.879574159628305,-4.278197631229293,4283.844651711825,0.8012715784090114
2024-05-03,2024,5,3,262500.0,667500.0,55.88102684588964,-4.198328199669799,2919.1308638017586,1.3566894161236789
2024-05-04,2024,5,4,257500.0,662500.0,55.83467987242347,-4.275570996161421,4290.841991963815,1.1867966316554792
2024-05-04,2024,5,4,262500.0,662500.0,55.83613012441601,-4.195793465818992,2929.3898682148815,1.1263354084420765
2024-05-04,2024,5,4,257500.0,667500.0,55.879574159628305,-4.278197631229293,4283.844651711825,1.5434930118961572
2024-05-04,2024,5,4,262500.0,667500.0,55.88102684588964,-4.198328199669799,2919.1308638017586,1.3971782128166872
2024-05-05,2024,5,5,257500.0,662500.0,55.83467987242347,-4.275570996161421,4290.841991963815,2.4406395087202837
2024-05-05,2024,5,5,262500.0,662500.0,55.83613012441601,-4.195793465818992,2929.3898682148815,2.569284965000652
2024-05-05,2024,5,5,257500.0,667500.0,55.879574159628305,-4.278197631229293,4283.844651711825,2.45107022151388
2024-05-05,2024,5,5,262500.0,667500.0,55.88102684588964,-4.198328199669799,2919.1308638017586,2.6773332239520253
2024-05-06,2024,5,6,257500.0,662500.0,55.83467987242347,-4.275570996161421,4290.841991963815,0.08524249693258493
2024-05-06,2024,5,6,262500.0,662500.0,55.83613012441601,-4.195793465818992,2929.3898682148815,0.021497504054778866
2024-05-06,2024,5,6,257500.0,667500.0,55.879574159628305,-4.278197631229293,4283.844651711825,0.13665485496502158
2024-05-06,2024,5,6,262500.0,667500.0,55.88102684588964,-4.198328199669799,2919.1308638017586,0.19205518557155798
2024-05-07,2024,5,7,257500.0,662500.0,55.83467987242347,-4.275570996161421,4290.841991963815,0.003029455135316506
2024-05-07,2024,5,7,262500.0,662500.0,55.83613012441601,-4.195793465818992,2929.3898682148815,0.0006170522374589949
2024-05-07,2024,5,7,257500.0,667500.0,55.879574159628305,-4.278197631229293,4283.844651711825,0.006218212367368099
2024-05-07,2024,5,7,262500.0,667500.0,55.88102684588964,-4.198328199669799,2919.1308638017586,0.006223515473460216
2024-05-08,2024,5,8,257500.0,662500.0,55.83467987242347,-4.275570996161421,4290.841991963815,1.5244516192209903
2024-05-08,2024,5,8,262500.0,662500.0,55.83613012441601,-4.195793465818992,2929.3898682148815,1.719693909768195
2024-05-08,2024,5,8,257500.0,667500.0,55.879574159628305,-4.278197631229293,4283.844651711825,1.8516777791032468
2024-05-08,2024,5,8,262500.0,667500.0,55.88102684588964,-4.198328199669799,2919.1308638017586,1.7007094718972406
2024-05-09,2024,5,9,257500.0,662500.0,55.83467987242347,-4.275570996161421,4290.841991963815,0.0007896125477047272
2024-05-09,2024,5,9,262500.0,662500.0,55.83613012441601,-4.195793465818992,2929.3898682148815,0.00013865854785855393
2024-05-09,2024,5,9,257500.0,667500.0,55.879574159628305,-4.278197631229293,4283.844651711825,0.0019442901933418503
2024-05-09,2024,5,9,262500.0,667500.0,55.88102684588964,-4.198328199669799,2919.1308638017586,0.0017716571464471357
2024-05-10,2024,5,10,257500.0,662500.0,55.83467987242347,-4.275570996161421,4290.841991963815,0.0015379259516238727
2024-05-10,2024,5,10,262500.0,662500.0,55.83613012441601,-4.195793465818992,2929.3898682148815,0.0014112419980515428
2024-05-10,2024,5,10,257500.0,667500.0,55.879574159628305,-4.278197631229293,4283.844651711825,0.0011967231657837938
2024-05-10,2024,5,10,262500.0,667500.0,55.88102684588964,-4.198328199669799,2919.1308638017586,0.002900440701644892
2024-05-11,2024,5,11,257500.0,662500.0,55.83467987242347,-4.275570996161421,4290.841991963815,0.0
2024-05-11,2024,5,11,262500.0,662500.0,55.83613012441601,-4.195793465818992,2929.3898682148815,0.0
2024-05-11,2024,5,11,257500.0,667500.0,55.879574159628305,-4.278197631229293,4283.844651711825,0.0
2024-05-11,2024,5,11,262500.0,667500.0,55.88102684588964,-4.198328199669799,2919.1308638017586,0.0
2024-05-12,2024,5,12,257500.0,662500.0,55.83467987242347,-4.275570996161421,4290.841991963815,7.276335306412425
2024-05-12,2024,5,12,262500.0,662500.0,55.83613012441601,-4.195793465818992,2929.3898682148815,8.78548591032361
2024-05-12,2024,5,12,257500.0,667500.0,55.879574159628305,-4.278197631229293,4283.844651711825,5.05042292751071
2024-05-12,2024,5,12,262500.0,667500.0,55.88102684588964,-4.198328199669799,2919.1308638017586,7.110382254940515
2024-05-13,2024,5,13,257500.0,662500.0,55.83467987242347,-4.275570996161421,4290.841991963815,4.20286712649648
2024-05-13,2024,5,13,262500.0,662500.0,55.83613012441601,-4.195793465818992,2929.3898682148815,3.1117070244281
2024-05-13,2024,5,13,257500.0,667500.0,55.879574159628305,-4.278197631229293,4283.844651711825,8.001203637530542
2024-05-13,2024,5,13,262500.0,667500.0,55.88102684588964,-4.198328199669799,2919.1308638017586,5.310312435709165
2024-05-14,2024,5,14,257500.0,662500.0,55.83467987242347,-4.275570996161421,4290.841991963815,3.44944293411914
2024-05-14,2024,5,14,262500.0,662500.0,55.83613012441601,-4.195793465818992,2929.3898682148815,3.7917881035549525
2024-05-14,2024,5,14,257500.0,667500.0,55.879574159628305,-4.278197631229293,4283.844651711825,4.74656184361391
2024-05-14,2024,5,14,262500.0,667500.0,55.88102684588964,-4.198328199669799,2919.1308638017586,4.52735096422802
2024-05-15,2024,5,15,257500.0,662500.0,55.83467987242347,-4.275570996161421,4290.841991963815,0.07124042435316547
2024-05-15,2024,5,15,262500.0,662500.0,55.83613012441601,-4.195793465818992,2929.3898682148815,0.015212246504724976
2024-05-15,2024,5,15,257500.0,667500.0,55.879574159628305,-4.278197631229293,4283.844651711825,0.24522075729422899
2024-05-15,2024,5,15,262500.0,667500.0,55.88102684588964,-4.198328199669799,2919.1308638017586,0.2671702353300808
2024-05-16,2024,5,16,257500.0,662500.0,55.83467987242347,-4.275570996161421,4290.841991963815,0.001408897106382142
2024-05-16,2024,5,16,262500.0,662500.0,55.83613012441601,-4.195793465818992,2929.3898682148815,0.0002665651577162781
2024-05-16,2024,5,16,257500.0,667500.0,55.879574159628305,-4.278197631229293,4283.844651711825,0.0023579278962107706
2024-05-16,2024,5,16,262500.0,667500.0,55.88102684588964,-4.198328199669799,2919.1308638017586,0.0021075852721869582
2024-05-17,2024,5,17,257500.0,662500.0,55.83467987242347,-4.275570996161421,4290.841991963815,0.004774519189660238
2024-05-17,2024,5,17,262500.0,662500.0,55.83613012441601,-4.195793465818992,2929.3898682148815,0.0008671612709526015
2024-05-17,2024,5,17,257500.0,667500.0,55.879574159628305,-4.278197631229293,4283.844651711825,0.00408354066010968
2024-05-17,2024,5,17,262500.0,667500.0,55.88102684588964,-4.198328199669799,2919.1308638017586,0.0043896412327604755
2024-05-18,2024,5,18,257500.0,662500.0,55.83467987242347,-4.275570996161421,4290.841991963815,0.001396984218976053
2024-05-18,2024,5,18,262500.0,662500.0,55.83613012441601,-4.195793465818992,2929.3898682148815,0.0003460960263989449
2024-05-18,2024,5,18,257500.0,667500.0,55.879574159628305,-4.278197631229293,4283.844651711825,0.0012745620844782954
2024-05-18,2024,5,18,262500.0,667500.0,55.88102684588964,-4.198328199669799,2919.1308638017586,0.0014545818065972748
2024-05-19,2024,5,19,257500.0,662500.0,55.83467987242347,-4.275570996161421,4290.841991963815,0.0
2024-05-19,2024,5,19,262500.0,662500.0,55.83613012441601,-4.195793465818992,2929.3898682148815,0.0
2024-05-19,2024,5,19,257500.0,667500.0,55.879574159628305,-4.278197631229293,4283.844651711825,0.0
2024-05-19,2024,5,19,262500.0,667500.0,55.88102684588964,-4.198328199669799,2919.1308638017586,0.0
2024-05-20,2024,5,20,257500.0,662500.0,55.83467987242347,-4.275570996161421,4290.841991963815,0.0
2024-05-20,2024,5,20,262500.0,662500.0,55.83613012441601,-4.195793465818992,2929.3898682148815,0.0
2024-05-20,2024,5,20,257500.0,667500.0,55.879574159628305,-4.278197631229293,4283.844651711825,0.0
2024-05-20,2024,5,20,262500.0,667500.0,55.88102684588964,-4.198328199669799,2919.1308638017586,0.0
2024-05-21,2024,5,21,257500.0,662500.0,55.83467987242347,-4.275570996161421,4290.841991963815,0.5576401505939867
2024-05-21,2024,5,21,262500.0,662500.0,55.83613012441601,-4.195793465818992,2929.3898682148815,0.3232907972033925
2024-05-21,2024,5,21,257500.0,667500.0,55.879574159628305,-4.278197631229293,4283.844651711825,0.49180239677065435
2024-05-21,2024,5,21,262500.0,667500.0,55.88102684588964,-4.198328199669799,2919.1308638017586,0.5969985797343373
2024-05-22,2024,5,22,257500.0,662500.0,55.83467987242347,-4.275570996161421,4290.841991963815,27.072733286754776
2024-05-22,2024,5,22,262500.0,662500.0,55.83613012441601,-4.195793465818992,2929.3898682148815,27.66513744252396
2024-05-22,2024,5,22,257500.0,667500.0,55.879574159628305,-4.278197631229293,4283.844651711825,23.696808544880682
2024-05-22,2024,5,22,262500.0,667500.0,55.88102684588964,-4.198328199669799,2919.1308638017586,26.217506119775866
2024-05-23,2024,5,23,257500.0,662500.0,55.83467987242347,-4.275570996161421,4290.841991963815,12.504696969163522
2024-05-23,2024,5,23,262500.0,662500.0,55.83613012441601,-4.195793465818992,2929.3898682148815,11.598324516129185
2024-05-23,2024,5,23,257500.0,667500.0,55.879574159628305,-4.278197631229293,4283.844651711825,10.126634133548961
2024-05-23,2024,5,23,262500.0,667500.0,55.88102684588964,-4.198328199669799,2919.1308638017586,10.530486772469798
2024-05-24,2024,5,24,257500.0,662500.0,55.83467987242347,-4.275570996161421,4290.841991963815,3.238347307989794
2024-05-24,2024,5,24,262500.0,662500.0,55.83613012441601,-4.195793465818992,2929.3898682148815,4.255973273960994
2024-05-24,2024,5,24,257500.0,667500.0,55.879574159628305,-4.278197631229293,4283.844651711825,2.7422895744298446
2024-05-24,2024,5,24,262500.0,667500.0,55.88102684588964,-4.198328199669799,2919.1308638017586,3.722808579903019
2024-05-25,2024,5,25,257500.0,662500.0,55.83467987242347,-4.275570996161421,4290.841991963815,8.6767980349252
2024-05-25,2024,5,25,262500.0,662500.0,55.83613012441601,-4.195793465818992,2929.3898682148815,9.228812748898575
2024-05-25,2024,5,25,257500.0,667500.0,55.879574159628305,-4.278197631229293,4283.844651711825,8.751485743045954
2024-05-25,2024,5,25,262500.0,667500.0,55.88102684588964,-4.198328199669799,2919.1308638017586,9.566471289549021
2024-05-26,2024,5,26,257500.0,662500.0,55.83467987242347,-4.275570996161421,4290.841991963815,7.854713613241095
2024-05-26,2024,5,26,262500.0,662500.0,55.83613012441601,-4.195793465818992,2929.3898682148815,8.111074690523065
2024-05-26,2024,5,26,257500.0,667500.0,55.879574159628305,-4.278197631229293,4283.844651711825,8.157363512883574
2024-05-26,2024,5,26,262500.0,667500.0,55.88102684588964,-4.198328199669799,2919.1308638017586,9.892789618703203
2024-05-27,2024,5,27,257500.0,662500.0,55.83467987242347,-4.275570996161421,4290.841991963815,0.8024661245319802
2024-05-27,2024,5,27,262500.0,662500.0,55.83613012441601,-4.195793465818992,2929.3898682148815,1.3520355041123526
2024-05-27,2024,5,27,257500.0,667500.0,55.879574159628305,-4.278197631229293,4283.844651711825,0.5666944689310196
2024-05-27,2024,5,27,262500.0,667500.0,55.88102684588964,-4.198328199669799,2919.1308638017586,1.3919450786190062
2024-05-28,2024,5,28,257500.0,662500.0,55.83467987242347,-4.275570996161421,4290.841991963815,9.146810156996333
2024-05-28,2024,5,28,262500.0,662500.0,55.83613012441601,-4.195793465818992,2929.3898682148815,7.893744500138424
2024-05-28,2024,5,28,257500.0,667500.0,55.879574159628305,-4.278197631229293,4283.844651711825,7.105422380068252
2024-05-28,2024,5,28,262500.0,667500.0,55.88102684588964,-4.198328199669799,2919.1308638017586,7.7129683560906175
2024-05-29,2024,5,29,257500.0,662500.0,55.83467987242347,-4.275570996161421,4290.841991963815,0.047858546606883046
2024-05-29,2024,5,29,262500.0,662500.0,55.83613012441601,-4.195793465818992,2929.3898682148815,0.08531164221250137
2024-05-29,2024,5,29,257500.0,667500.0,55.879574159628305,-4.278197631229293,4283.844651711825,0.0430024724061027
2024-05-29,2024,5,29,262500.0,667500.0,55.88102684588964,-4.198328199669799,2919.1308638017586,0.12661445841783206
2024-05-30,2024,5,30,257500.0,662500.0,55.83467987242347,-4.275570996161421,4290.841991963815,0.0007689629758119363
2024-05-30,2024,5,30,262500.0,662500.0,55.83613012441601,-4.195793465818992,2929.3898682148815,0.0007056209990257714
2024-05-30,2024,5,30,257500.0,667500.0,55.879574159628305,-4.278197631229293,4283.844651711825,0.0005983615828918969
2024-05-30,2024,5,30,262500.0,667500.0,55.88102684588964,-4.198328199669799,2919.1308638017586,0.001450220350822446
2024-05-31,2024,5,31,257500.0,662500.0,55.83467987242347,-4.275570996161421,4290.841991963815,0.0
2024-05-31,2024,5,31,262500.0,662500.0,55.83613012441601,-4.195793465818992,2929.3898682148815,0.0
2024-05-31,2024,5,31,257500.0,667500.0,55.879574159628305,-4.278197631229293,4283.844651711825,0.0
2024-05-31,2024,5,31,262500.0,667500.0,55.88102684588964,-4.198328199669799,2919.1308638017586,0.0
2024-06-01,2024,6,1,257500.0,662500.0,55.83467987242347,-4.275570996161421,4290.841991963815,0.0
2024-06-01,2024,6,1,262500.0,662500.0,55.83613012441601,-4.195793465818992,2929.3898682148815,0.0
2024-06-01,2024,6,1,257500.0,667500.0,55.879574159628305,-4.278197631229293,4283.844651711825,1.1691392439722548e-07
2024-06-01,2024,6,1,262500.0,667500.0,55.88102684588964,-4.198328199669799,2919.1308638017586,0.0
2024-06-02,2024,6,2,257500.0,662500.0,55.83467987242347,-4.275570996161421,4290.841991963815,0.06043707276322381
2024-06-02,2024,6,2,262500.0,662500.0,55.83613012441601,-4.195793465818992,2929.3898682148815,0.008987786340490045
2024-06-02,2024,6,2,257500.0,667500.0,55.879574159628305,-4.278197631229293,4283.844651711825,0.4265633282281496
2024-06-02,2024,6,2,262500.0,667500.0,55.88102684588964,-4.198328199669799,2919.1308638017586,0.14838326948868635
2024-06-03,2024,6,3,257500.0,662500.0,55.83467987242347,-4.275570996161421,4290.841991963815,2.646967615326082
2024-06-03,2024,6,3,262500.0,662500.0,55.83613012441601,-4.195793465818992,2929.3898682148815,2.2091756607071598
2024-06-03,2024,6,3,257500.0,667500.0,55.879574159628305,-4.278197631229293,4283.844651711825,2.3521931380065446
2024-06-03,2024,6,3,262500.0,667500.0,55.88102684588964,-4.198328199669799,2919.1308638017586,2.2715906637516032
2024-06-04,2024,6,4,257500.0,662500.0,55.83467987242347,-4.275570996161421,4290.841991963815,2.234083210465732
2024-06-04,2024,6,4,262500.0,662500.0,55.83613012441601,-4.195793465818992,2929.3898682148815,2.3154766958749398
2024-06-04,2024,6,4,257500.0,667500.0,55.879574159628305,-4.278197631229293,4283.844651711825,2.1798033133393866
2024-06-04,2024,6,4,262500.0,667500.0,55.88102684588964,-4.198328199669799,2919.1308638017586,2.044589407634074
2024-06-05,2024,6,5,257500.0,662500.0,55.83467987242347,-4.275570996161421,4290.841991963815,1.0701155546668286
2024-06-05,2024,6,5,262500.0,662500.0,55.83613012441601,-4.195793465818992,2929.3898682148815,0.8418506400284377
2024-06-05,2024,6,5,257500.0,667500.0,55.879574159628305,-4.278197631229293,4283.844651711825,1.643012089966173
2024-06-05,2024,6,5,262500.0,667500.0,55.88102684588964,-4.198328199669799,2919.1308638017586,1.1614277104366464
2024-06-06,2024,6,6,257500.0,662500.0,55.83467987242347,-4.275570996161421,4290.841991963815,1.7663184545932213
2024-06-06,2024,6,6,262500.0,662500.0,55.83613012441601,-4.195793465818992,2929.3898682148815,1.458473006066856
2024-06-06,2024,6,6,257500.0,667500.0,55.879574159628305,-4.278197631229293,4283.844651711825,2.022081562815112
2024-06-06,2024,6,6,262500.0,667500.0,55.88102684588964,-4.198328199669799,2919.1308638017586,2.0511304164391224
2024-06-07,2024,6,7,257500.0,662500.0,55.83467987242347,-4.275570996161421,4290.841991963815,0.3426374490184932
2024-06-07,2024,6,7,262500.0,662500.0,55.83613012441601,-4.195793465818992,2929.3898682148815,0.19519205005331383
2024-06-07,2024,6,7,257500.0,667500.0,55.879574159628305,-4.278197631229293,4283.844651711825,0.19308970211644244
2024-06-07,2024,6,7,262500.0,667500.0,55.88102684588964,-4.198328199669799,2919.1308638017586,0.2710277907839056
2024-06-08,2024,6,8,257500.0,662500.0,55.83467987242347,-4.275570996161421,4290.841991963815,1.5251644215255886
2024-06-08,2024,6,8,262500.0,662500.0,55.83613012441601,-4.195793465818992,2929.3898682148815,1.4358851281057374
2024-06-08,2024,6,8,257500.0,667500.0,55.879574159628305,-4.278197631229293,4283.844651711825,2.0015705031358255
2024-06-08,2024,6,8,262500.0,667500.0,55.88102684588964,-4.198328199669799,2919.1308638017586,1.7001607502823788
2024-06-09,2024,6,9,257500.0,662500.0,55.83467987242347,-4.275570996161421,4290.841991963815,0.03236482783507962
2024-06-09,2024,6,9,262500.0,662500.0,55.83613012441601,-4.195793465818992,2929.3898682148815,0.019313737966945316
2024-06-09,2024,6,9,257500.0,667500.0,55.879574159628305,-4.278197631229293,4283.844651711825,0.03547552531402487
2024-06-09,2024,6,9,262500.0,667500.0,55.88102684588964,-4.198328199669799,2919.1308638017586,0.09554366958549056
2024-06-10,2024,6,10,257500.0,662500.0,55.83467987242347,-4.275570996161421,4290.841991963815,0.7830898143609429
2024-06-10,2024,6,10,262500.0,662500.0,55.83613012441601,-4.195793465818992,2929.3898682148815,1.1593724471384317
2024-06-10,2024,6,10,257500.0,667500.0,55.879574159628305,-4.278197631229293,4283.844651711825,0.7851594892915336
2024-06-10,2024,6,10,262500.0,667500.0,55.88102684588964,-4.198328199669799,2919.1308638017586,1.322220590860747
2024-06-11,2024,6,11,257500.0,662500.0,55.83467987242347,-4.275570996161421,4290.841991963815,0.2604859899598207
2024-06-11,2024,6,11,262500.0,662500.0,55.83613012441601,-4.195793465818992,2929.3898682148815,0.3230367338986352
2024-06-11,2024,6,11,257500.0,667500.0,55.879574159628305,-4.278197631229293,4283.844651711825,0.12424537083282805
2024-06-11,2024,6,11,262500.0,667500.0,55.88102684588964,-4.198328199669799,2919.1308638017586,0.20755725052877083
2024-06-12,2024,6,12,257500.0,662500.0,55.83467987242347,-4.275570996161421,4290.841991963815,0.0005394688821390482
2024-06-12,2024,6,12,262500.0,662500.0,55.83613012441601,-4.195793465818992,2929.3898682148815,0.00012540670248279088
2024-06-12,2024,6,12,257500.0,667500.0,55.879574159628305,-4.278197631229293,4283.844651711825,0.00033965153984102844
2024-06-12,2024,6,12,262500.0,667500.0,55.88102684588964,-4.198328199669799,2919.1308638017586,0.0003857239113226596
2024-06-13,2024,6,13,257500.0,662500.0,55.83467987242347,-4.275570996161421,4290.841991963815,8.56742038643659
2024-06-13,2024,6,13,262500.0,662500.0,55.83613012441601,-4.195793465818992,2929.3898682148815,7.312905939975658
2024-06-13,2024,6,13,257500.0,667500.0,55.879574159628305,-4.278197631229293,4283.844651711825,10.76701881396569
2024-06-13,2024,6,13,262500.0,667500.0,55.88102684588964,-4.198328199669799,2919.1308638017586,9.522805648530175
2024-06-14,2024,6,14,257500.0,662500.0,55.83467987242347,-4.275570996161421,4290.841991963815,1.775340963348317
2024-06-14,2024,6,14,262500.0,662500.0,55.83613012441601,-4.195793465818992,2929.3898682148815,1.973809026581935
2024-06-14,2024,6,14,257500.0,667500.0,55.879574159628305,-4.278197631229293,4283.844651711825,1.8914232938621343
2024-06-14,2024,6,14,262500.0,667500.0,55.88102684588964,-4.198328199669799,2919.1308638017586,2.9840212874868186
2024-06-15,2024,6,15,257500.0,662500.0,55.83467987242347,-4.275570996161421,4290.841991963815,1.998344672803612
2024-06-15,2024,6,15,262500.0,662500.0,55.83613012441601,-4.195793465818992,2929.3898682148815,1.829362871925165
2024-06-15,2024,6,15,257500.0,667500.0,55.879574159628305,-4.278197631229293,4283.844651711825,4.323411819329213
2024-06-15,2024,6,15,262500.0,667500.0,55.88102684588964,-4.198328199669799,2919.1308638017586,2.5916572802685587
2024-06-16,2024,6,16,257500.0,662500.0,55.83467987242347,-4.275570996161421,4290.841991963815,2.2655887404369617
2024-06-16,2024,6,16,262500.0,662500.0,55.83613012441601,-4.195793465818992,2929.3898682148815,2.654966732593941
2024-06-16,2024,6,16,257500.0,667500.0,55.879574159628305,-4.278197631229293,4283.844651711825,1.4201106404230877
2024-06-16,2024,6,16,262500.0,667500.0,55.88102684588964,-4.198328199669799,2919.1308638017586,2.3718494995366446
2024-06-17,2024,6,17,257500.0,662500.0,55.83467987242347,-4.275570996161421,4290.841991963815,0.0028169229387275513
2024-06-17,2024,6,17,262500.0,662500.0,55.83613012441601,-4.195793465818992,2929.3898682148815,0.0036104656991474754
2024-06-17,2024,6,17,257500.0,667500.0,55.879574159628305,-4.278197631229293,4283.844651711825,0.0031919772362764775
2024-06-17,2024,6,17,262500.0,667500.0,55.88102684588964,-4.198328199669799,2919.1308638017586,0.014796111744081785
2024-06-18,2024,6,18,257500.0,662500.0,55.83467987242347,-4.275570996161421,4290.841991963815,0.8578111885423876
2024-06-18,2024,6,18,262500.0,662500.0,55.83613012441601,-4.195793465818992,2929.3898682148815,1.1506089124127576
2024-06-18,2024,6,18,257500.0,667500.0,55.879574159628305,-4.278197631229293,4283.844651711825,0.48411314190320165
2024-06-18,2024,6,18,262500.0,667500.0,55.88102684588964,-4.198328199669799,2919.1308638017586,1.2730098789831583
2024-06-19,2024,6,19,257500.0,662500.0,55.83467987242347,-4.275570996161421,4290.841991963815,0.004214492827770373
2024-06-19,2024,6,19,262500.0,662500.0,55.83613012441601,-4.195793465818992,2929.3898682148815,0.0016363963972995913
2024-06-19,2024,6,19,257500.0,667500.0,55.879574159628305,-4.278197631229293,4283.844651711825,0.006465319998699532
2024-06-19,2024,6,19,262500.0,667500.0,55.88102684588964,-4.198328199669799,2919.1308638017586,0.015905167892495967
2024-06-20,2024,6,20,257500.0,662500.0,55.83467987242347,-4.275570996161421,4290.841991963815,0.03401556150271542
2024-06-20,2024,6,20,262500.0,662500.0,55.83613012441601,-4.195793465818992,2929.3898682148815,0.007311501051189554
2024-06-20,2024,6,20,257500.0,667500.0,55.879574159628305,-4.278197631229293,4283.844651711825,0.06247292859585332
2024-06-20,2024,6,20,262500.0,667500.0,55.88102684588964,-4.198328199669799,2919.1308638017586,0.09051645396435144
2024-06-21,2024,6,21,257500.0,662500.0,55.83467987242347,-4.275570996161421,4290.841991963815,0.08064884233899267
2024-06-21,2024,6,21,262500.0,662500.0,55.83613012441601,-4.195793465818992,2929.3898682148815,0.02507244145806462
2024-06-21,2024,6,21,257500.0,667500.0,55.879574159628305,-4.278197631229293,4283.844651711825,0.20514501349714553
2024-06-21,2024,6,21,262500.0,667500.0,55.88102684588964,-4.198328199669799,2919.1308638017586,0.2648097656935291
2024-06-22,2024,6,22,257500.0,662500.0,55.83467987242347,-4.275570996161421,4290.841991963815,0.0032613189750193964
2024-06-22,2024,6,22,262500.0,662500.0,55.83613012441601,-4.195793465818992,2929.3898682148815,0.0021793670639515695
2024-06-22,2024,6,22,257500.0,667500.0,55.879574159628305,-4.278197631229293,4283.844651711825,0.0028961039630585935
2024-06-22,2024,6,22,262500.0,667500.0,55.88102684588964,-4.198328199669799,2919.1308638017586,0.005748717730160862
2024-06-23,2024,6,23,257500.0,662500.0,55.83467987242347,-4.275570996161421,4290.841991963815,0.0023767645494804767
2024-06-23,2024,6,23,262500.0,662500.0,55.83613012441601,-4.195793465818992,2929.3898682148815,0.0003683663993550891
2024-06-23,2024,6,23,257500.0,667500.0,55.879574159628305,-4.278197631229293,4283.844651711825,0.0017919244463159474
2024-06-23,2024,6,23,262500.0,667500.0,55.88102684588964,-4.198328199669799,2919.1308638017586,0.0015816256970097454
2024-06-24,2024,6,24,257500.0,662500.0,55.83467987242347,-4.275570996161421,4290.841991963815,0.033163158144848034
2024-06-24,2024,6,24,262500.0,662500.0,55.83613012441601,-4.195793465818992,2929.3898682148815,0.005465537291474813
2024-06-24,2024,6,24,257500.0,667500.0,55.879574159628305,-4.278197631229293,4283.844651711825,0.14143724108820677
2024-06-24,2024,6,24,262500.0,667500.0,55.88102684588964,-4.198328199669799,2919.1308638017586,0.07849597517937236
2024-06-25,2024,6,25,257500.0,662500.0,55.83467987242347,-4.275570996161421,4290.841991963815,0.05091797249588034
2024-06-25,2024,6,25,262500.0,662500.0,55.83613012441601,-4.195793465818992,2929.3898682148815,0.010206976999575821
2024-06-25,2024,6,25,257500.0,667500.0,55.879574159628305,-4.278197631229293,4283.844651711825,0.16138480144469072
2024-06-25,2024,6,25,262500.0,667500.0,55.88102684588964,-4.198328199669799,2919.1308638017586,0.0879579175619449
2024-06-26,2024,6,26,257500.0,662500.0,55.83467987242347,-4.275570996161421,4290.841991963815,0.9073332133418615
2024-06-26,2024,6,26,262500.0,662500.0,55.83613012441601,-4.195793465818992,2929.3898682148815,0.9317015471436233
2024-06-26,2024,6,26,257500.0,667500.0,55.879574159628305,-4.278197631229293,4283.844651711825,0.7126003882799166
2024-06-26,2024,6,26,262500.0,667500.0,55.88102684588964,-4.198328199669799,2919.1308638017586,1.177584759583184
2024-06-27,2024,6,27,257500.0,662500.0,55.83467987242347,-4.275570996161421,4290.841991963815,6.824340666908658
2024-06-27,2024,6,27,262500.0,662500.0,55.83613012441601,-4.195793465818992,2929.3898682148815,4.672677526115797
2024-06-27,2024,6,27,257500.0,667500.0,55.879574159628305,-4.278197631229293,4283.844651711825,5.1724896542766645
2024-06-27,2024,6,27,262500.0,667500.0,55.88102684588964,-4.198328199669799,2919.1308638017586,5.778925638832284
2024-06-28,2024,6,28,257500.0,662500.0,55.83467987242347,-4.275570996161421,4290.841991963815,0.11325838794454841
2024-06-28,2024,6,28,262500.0,662500.0,55.83613012441601,-4.195793465818992,2929.3898682148815,0.0207272764749602
2024-06-28,2024,6,28,257500.0,667500.0,55.879574159628305,-4.278197631229293,4283.844651711825,0.13080590464885375
2024-06-28,2024,6,28,262500.0,667500.0,55.88102684588964,-4.198328199669799,2919.1308638017586,0.33513238573482057
2024-06-29,2024,6,29,257500.0,662500.0,55.83467987242347,-4.275570996161421,4290.841991963815,0.0006488726698627423
2024-06-29,2024,6,29,262500.0,662500.0,55.83613012441601,-4.195793465818992,2929.3898682148815,0.00011085408186331497
2024-06-29,2024,6,29,257500.0,667500.0,55.879574159628305,-4.278197631229293,4283.844651711825,0.0013108247150651776
2024-06-29,2024,6,29,262500.0,667500.0,55.88102684588964,-4.198328199669799,2919.1308638017586,0.0012600152217355435
2024-06-30,2024,6,30,257500.0,662500.0,55.83467987242347,-4.275570996161421,4290.841991963815,2.179861149045189
2024-06-30,2024,6,30,262500.0,662500.0,55.83613012441601,-4.195793465818992,2929.3898682148815,2.448944250398802
2024-06-30,2024,6,30,257500.0,667500.0,55.879574159628305,-4.278197631229293,4283.844651711825,1.9780535047765289
2024-06-30,2024,6,30,262500.0,667500.0,55.88102684588964,-4.198328199669799,2919.1308638017586,2.0383017632541534
2024-07-01,2024,7,1,257500.0,662500.0,55.83467987242347,-4.275570996161421,4290.841991963815,1.263431358956741
2024-07-01,2024,7,1,262500.0,662500.0,55.83613012441601,-4.195793465818992,2929.3898682148815,1.365886733204399
2024-07-01,2024,7,1,257500.0,667500.0,55.879574159628305,-4.278197631229293,4283.844651711825,1.938166860244201
2024-07-01,2024,7,1,262500.0,667500.0,55.88102684588964,-4.198328199669799,2919.1308638017586,1.526327485578371
2024-07-02,2024,7,2,257500.0,662500.0,55.83467987242347,-4.275570996161421,4290.841991963815,1.1154595880558722
2024-07-02,2024,7,2,262500.0,662500.0,55.83613012441601,-4.195793465818992,2929.3898682148815,0.9215980238028201
2024-07-02,2024,7,2,257500.0,667500.0,55.879574159628305,-4.278197631229293,4283.844651711825,1.9299546665715592
2024-07-02,2024,7,2,262500.0,667500.0,55.88102684588964,-4.198328199669799,2919.1308638017586,1.4411733214593574
2024-07-03,2024,7,3,257500.0,662500.0,55.83467987242347,-4.275570996161421,4290.841991963815,4.492375538921864
2024-07-03,2024,7,3,262500.0,662500.0,55.83613012441601,-4.195793465818992,2929.3898682148815,4.184087205867452
2024-07-03,2024,7,3,257500.0,667500.0,55.879574159628305,-4.278197631229293,4283.844651711825,4.929476326679727
2024-07-03,2024,7,3,262500.0,667500.0,55.88102684588964,-4.198328199669799,2919.1308638017586,5.030263331149212
2024-07-04,2024,7,4,257500.0,662500.0,55.83467987242347,-4.275570996161421,4290.841991963815,6.652851570206395
2024-07-04,2024,7,4,262500.0,662500.0,55.83613012441601,-4.195793465818992,2929.3898682148815,6.40926251981572
2024-07-04,2024,7,4,257500.0,667500.0,55.879574159628305,-4.278197631229293,4283.844651711825,6.408029763056238
2024-07-04,2024,7,4,262500.0,667500.0,55.88102684588964,-4.198328199669799,2919.1308638017586,6.749296196835371
2024-07-05,2024,7,5,257500.0,662500.0,55.83467987242347,-4.275570996161421,4290.841991963815,0.4757869871513824
2024-07-05,2024,7,5,262500.0,662500.0,55.83613012441601,-4.195793465818992,2929.3898682148815,0.18106253744649303
2024-07-05,2024,7,5,257500.0,667500.0,55.879574159628305,-4.278197631229293,4283.844651711825,0.13422308814321626
2024-07-05,2024,7,5,262500.0,667500.0,55.88102684588964,-4.198328199669799,2919.1308638017586,0.16801575492254844
2024-07-06,2024,7,6,257500.0,662500.0,55.83467987242347,-4.275570996161421,4290.841991963815,0.7816667707200382
2024-07-06,2024,7,6,262500.0,662500.0,55.83613012441601,-4.195793465818992,2929.3898682148815,0.8407737709084563
2024-07-06,2024,7,6,257500.0,667500.0,55.879574159628305,-4.278197631229293,4283.844651711825,0.5860418015462854
2024-07-06,2024,7,6,262500.0,667500.0,55.88102684588964,-4.198328199669799,2919.1308638017586,0.8134871601134187
2024-07-07,2024,7,7,257500.0,662500.0,55.83467987242347,-4.275570996161421,4290.841991963815,3.564910464684086
2024-07-07,2024,7,7,262500.0,662500.0,55.83613012441601,-4.195793465818992,2929.3898682148815,5.195428166466329
2024-07-07,2024,7,7,257500.0,667500.0,55.879574159628305,-4.278197631229293,4283.844651711825,1.4702200676657735
2024-07-07,2024,7,7,262500.0,667500.0,55.88102684588964,-4.198328199669799,2919.1308638017586,3.35415971207706
2024-07-08,2024,7,8,257500.0,662500.0,55.83467987242347,-4.275570996161421,4290.841991963815,0.002894479245851613
2024-07-08,2024,7,8,262500.0,662500.0,55.83613012441601,-4.195793465818992,2929.3898682148815,0.0010580734304001301
2024-07-08,2024,7,8,257500.0,667500.0,55.879574159628305,-4.278197631229293,4283.844651711825,0.0032144160068579538
2024-07-08,2024,7,8,262500.0,667500.0,55.88102684588964,-4.198328199669799,2919.1308638017586,0.005290387025629513
2024-07-09,2024,7,9,257500.0,662500.0,55.83467987242347,-4.275570996161421,4290.841991963815,12.041835571371902
2024-07-09,2024,7,9,262500.0,662500.0,55.83613012441601,-4.195793465818992,2929.3898682148815,11.188420537764236
2024-07-09,2024,7,9,257500.0,667500.0,55.879574159628305,-4.278197631229293,4283.844651711825,12.662536124185412
2024-07-09,2024,7,9,262500.0,667500.0,55.88102684588964,-4.198328199669799,2919.1308638017586,12.47420967761715
2024-07-10,2024,7,10,257500.0,662500.0,55.83467987242347,-4.275570996161421,4290.841991963815,0.19989319024891247
2024-07-10,2024,7,10,262500.0,662500.0,55.83613012441601,-4.195793465818992,2929.3898682148815,0.24380091958396466
2024-07-10,2024,7,10,257500.0,667500.0,55.879574159628305,-4.278197631229293,4283.844651711825,0.09514034710315546
2024-07-10,2024,7,10,262500.0,667500.0,55.88102684588964,-4.198328199669799,2919.1308638017586,0.20750998827805475
2024-07-11,2024,7,11,257500.0,662500.0,55.83467987242347,-4.275570996161421,4290.841991963815,0.0017179897421014316
2024-07-11,2024,7,11,262500.0,662500.0,55.83613012441601,-4.195793465818992,2929.3898682148815,0.0007158431976578188
2024-07-11,2024,7,11,257500.0,667500.0,55.879574159628305,-4.278197631229293,4283.844651711825,0.0018455919337257364
2024-07-11,2024,7,11,262500.0,667500.0,55.88102684588964,-4.198328199669799,2919.1308638017586,0.0042558584559247775
2024-07-12,2024,7,12,257500.0,662500.0,55.83467987242347,-4.275570996161421,4290.841991963815,0.00027125010555281823
2024-07-12,2024,7,12,262500.0,662500.0,55.83613012441601,-4.195793465818992,2929.3898682148815,0.00014643248104751036
2024-07-12,2024,7,12,257500.0,667500.0,55.879574159628305,-4.278197631229293,4283.844651711825,0.00026295057953596357
2024-07-12,2024,7,12,262500.0,667500.0,55.88102684588964,-4.198328199669799,2919.1308638017586,0.0006532634769804093
2024-07-13,2024,7,13,257500.0,662500.0,55.83467987242347,-4.275570996161421,4290.841991963815,0.0871806544329356
2024-07-13,2024,7,13,262500.0,662500.0,55.83613012441601,-4.195793465818992,2929.3898682148815,0.05356787314318518
2024-07-13,2024,7,13,257500.0,667500.0,55.879574159628305,-4.278197631229293,4283.844651711825,0.043101064235749074
2024-07-13,2024,7,13,262500.0,667500.0,55.88102684588964,-4.198328199669799,2919.1308638017586,0.09824186757605716
2024-07-14,2024,7,14,257500.0,662500.0,55.83467987242347,-4.275570996161421,4290.841991963815,0.03576430044601701
2024-07-14,2024,7,14,262500.0,662500.0,55.83613012441601,-4.195793465818992,2929.3898682148815,0.06676529698627107
2024-07-14,2024,7,14,257500.0,667500.0,55.879574159628305,-4.278197631229293,4283.844651711825,0.12043874147151629
2024-07-14,2024,7,14,262500.0,667500.0,55.88102684588964,-4.198328199669799,2919.1308638017586,0.10153488204769674
2024-07-15,2024,7,15,257500.0,662500.0,55.83467987242347,-4.275570996161421,4290.841991963815,3.8989367020318135
2024-07-15,2024,7,15,262500.0,662500.0,55.83613012441601,-4.195793465818992,2929.3898682148815,4.586561098528594
2024-07-15,2024,7,15,257500.0,667500.0,55.879574159628305,-4.278197631229293,4283.844651711825,2.4345896108027842
2024-07-15,2024,7,15,262500.0,667500.0,55.88102684588964,-4.198328199669799,2919.1308638017586,3.4119573404434975
2024-07-16,2024,7,16,257500.0,662500.0,55.83467987242347,-4.275570996161421,4290.841991963815,0.9445166488731077
2024-07-16,2024,7,16,262500.0,662500.0,55.83613012441601,-4.195793465818992,2929.3898682148815,0.5989110559329589
2024-07-16,2024,7,16,257500.0,667500.0,55.879574159628305,-4.278197631229293,4283.844651711825,3.3270381244965206
2024-07-16,2024,7,16,262500.0,667500.0,55.88102684588964,-4.198328199669799,2919.1308638017586,1.5433714972621047
2024-07-17,2024,7,17,257500.0,662500.0,55.83467987242347,-4.275570996161421,4290.841991963815,0.15713929505106347
2024-07-17,2024,7,17,262500.0,662500.0,55.83613012441601,-4.195793465818992,2929.3898682148815,0.05478694929149858
2024-07-17,2024,7,17,257500.0,667500.0,55.879574159628305,-4.278197631229293,4283.844651711825,0.3634834649519263
2024-07-17,2024,7,17,262500.0,667500.0,55.88102684588964,-4.198328199669799,2919.1308638017586,0.2812057348036823
2024-07-18,2024,7,18,257500.0,662500.0,55.83467987242347,-4.275570996161421,4290.841991963815,0.506099136062936
2024-07-18,2024,7,18,262500.0,662500.0,55.83613012441601,-4.195793465818992,2929.3898682148815,0.06372750663648695
2024-07-18,2024,7,18,257500.0,667500.0,55.879574159628305,-4.278197631229293,4283.844651711825,0.3475377487375012
2024-07-18,2024,7,18,262500.0,667500.0,55.88102684588964,-4.198328199669799,2919.1308638017586,0.4543657017650893
2024-07-19,2024,7,19,257500.0,662500.0,55.83467987242347,-4.275570996161421,4290.841991963815,0.021108276905137485
2024-07-19,2024,7,19,262500.0,662500.0,55.83613012441601,-4.195793465818992,2929.3898682148815,0.013689626503482166
2024-07-19,2024,7,19,257500.0,667500.0,55.879574159628305,-4.278197631229293,4283.844651711825,0.02305194762471843
2024-07-19,2024,7,19,262500.0,667500.0,55.88102684588964,-4.198328199669799,2919.1308638017586,0.06404362150628565
2024-07-20,2024,7,20,257500.0,662500.0,55.83467987242347,-4.275570996161421,4290.841991963815,7.840951172956524
2024-07-20,2024,7,20,262500.0,662500.0,55.83613012441601,-4.195793465818992,2929.3898682148815,7.37126201776264
2024-07-20,2024,7,20,257500.0,667500.0,55.879574159628305,-4.278197631229293,4283.844651711825,9.713611496718386
2024-07-20,2024,7,20,262500.0,667500.0,55.88102684588964,-4.198328199669799,2919.1308638017586,8.885022306262206
2024-07-21,2024,7,21,257500.0,662500.0,55.83467987242347,-4.275570996161421,4290.841991963815,1.0538610594335267
2024-07-21,2024,7,21,262500.0,662500.0,55.83613012441601,-4.195793465818992,2929.3898682148815,0.9843843296782007
2024-07-21,2024,7,21,257500.0,667500.0,55.879574159628305,-4.278197631229293,4283.844651711825,1.508672830456844
2024-07-21,2024,7,21,262500.0,667500.0,55.88102684588964,-4.198328199669799,2919.1308638017586,1.3909163412869103
2024-07-22,2024,7,22,257500.0,662500.0,55.83467987242347,-4.275570996161421,4290.841991963815,0.07687154854440544
2024-07-22,2024,7,22,262500.0,662500.0,55.83613012441601,-4.195793465818992,2929.3898682148815,0.04091001013285117
2024-07-22,2024,7,22,257500.0,667500.0,55.879574159628305,-4.278197631229293,4283.844651711825,0.07759230349203988
2024-07-22,2024,7,22,262500.0,667500.0,55.88102684588964,-4.198328199669799,2919.1308638017586,0.19243247797925797
2024-07-23,2024,7,23,257500.0,662500.0,55.83467987242347,-4.275570996161421,4290.841991963815,0.002894086142811787
2024-07-23,2024,7,23,262500.0,662500.0,55.83613012441601,-4.195793465818992,2929.3898682148815,0.002055181223504013
2024-07-23,2024,7,23,257500.0,667500.0,55.879574159628305,-4.278197631229293,4283.844651711825,0.003030445155256069
2024-07-23,2024,7,23,262500.0,667500.0,55.88102684588964,-4.198328199669799,2919.1308638017586,0.005644952618344815
2024-07-24,2024,7,24,257500.0,662500.0,55.83467987242347,-4.275570996161421,4290.841991963815,0.33365492636659594
2024-07-24,2024,7,24,262500.0,662500.0,55.83613012441601,-4.195793465818992,2929.3898682148815,0.056547360755890806
2024-07-24,2024,7,24,257500.0,667500.0,55.879574159628305,-4.278197631229293,4283.844651711825,0.7577644952692123
2024-07-24,2024,7,24,262500.0,667500.0,55.88102684588964,-4.198328199669799,2919.1308638017586,0.6024824391480171
2024-07-25,2024,7,25,257500.0,662500.0,55.83467987242347,-4.275570996161421,4290.841991963815,4.344985252937472
2024-07-25,2024,7,25,262500.0,662500.0,55.83613012441601,-4.195793465818992,2929.3898682148815,4.04327303952146
2024-07-25,2024,7,25,257500.0,667500.0,55.879574159628305,-4.278197631229293,4283.844651711825,6.659733946219041
2024-07-25,2024,7,25,262500.0,667500.0,55.88102684588964,-4.198328199669799,2919.1308638017586,5.4246979584112145
2024-07-26,2024,7,26,257500.0,662500.0,55.83467987242347,-4.275570996161421,4290.841991963815,1.299544570877408
2024-07-26,2024,7,26,262500.0,662500.0,55.83613012441601,-4.195793465818992,2929.3898682148815,0.7352924817223043
2024-07-26,2024,7,26,257500.0,667500.0,55.879574159628305,-4.278197631229293,4283.844651711825,3.3366097070189373
2024-07-26,2024,7,26,262500.0,667500.0,55.88102684588964,-4.198328199669799,2919.1308638017586,2.0968541449454445
2024-07-27,2024,7,27,257500.0,662500.0,55.83467987242347,-4.275570996161421,4290.841991963815,0.03025708040138849
2024-07-27,2024,7,27,262500.0,662500.0,55.83613012441601,-4.195793465818992,2929.3898682148815,0.09410568705901427
2024-07-27,2024,7,27,257500.0,667500.0,55.879574159628305,-4.278197631229293,4283.844651711825,0.027536150856625943
2024-07-27,2024,7,27,262500.0,667500.0,55.88102684588964,-4.198328199669799,2919.1308638017586,0.09816096139331879
2024-07-28,2024,7,28,257500.0,662500.0,55.83467987242347,-4.275570996161421,4290.841991963815,0.0014681677235440864
2024-07-28,2024,7,28,262500.0,662500.0,55.83613012441601,-4.195793465818992,2929.3898682148815,0.0013006551710498487
2024-07-28,2024,7,28,257500.0,667500.0,55.879574159628305,-4.278197631229293,4283.844651711825,0.0011573746287992278
2024-07-28,2024,7,28,262500.0,667500.0,55.88102684588964,-4.198328199669799,2919.1308638017586,0.0029511129617479735
2024-07-29,2024,7,29,257500.0,662500.0,55.83467987242347,-4.275570996161421,4290.841991963815,0.008609268003375371
2024-07-29,2024,7,29,262500.0,662500.0,55.83613012441601,-4.195793465818992,2929.3898682148815,0.002318642010817596
2024-07-29,2024,7,29,257500.0,667500.0,55.879574159628305,-4.278197631229293,4283.844651711825,0.012821168860371452
2024-07-29,2024,7,29,262500.0,667500.0,55.88102684588964,-4.198328199669799,2919.1308638017586,0.03995850911250991
2024-07-30,2024,7,30,257500.0,662500.0,55.83467987242347,-4.275570996161421,4290.841991963815,0.0027389471097174984
2024-07-30,2024,7,30,262500.0,662500.0,55.83613012441601,-4.195793465818992,2929.3898682148815,0.0003355616983199693
2024-07-30,2024,7,30,257500.0,667500.0,55.879574159628305,-4.278197631229293,4283.844651711825,0.001025572530048299
2024-07-30,2024,7,30,262500.0,667500.0,55.88102684588964,-4.198328199669799,2919.1308638017586,0.0008736572658471693
2024-07-31,2024,7,31,257500.0,662500.0,55.83467987242347,-4.275570996161421,4290.841991963815,0.22793761013602273
2024-07-31,2024,7,31,262500.0,662500.0,55.83613012441601,-4.195793465818992,2929.3898682148815,0.30849548124306864
2024-07-31,2024,7,31,257500.0,667500.0,55.879574159628305,-4.278197631229293,4283.844651711825,0.22877337737589676
2024-07-31,2024,7,31,262500.0,667500.0,55.88102684588964,-4.198328199669799,2919.1308638017586,0.3417085215890357
2024-08-01,2024,8,1,257500.0,662500.0,55.83467987242347,-4.275570996161421,4290.841991963815,0.00211155949142861
2024-08-01,2024,8,1,262500.0,662500.0,55.83613012441601,-4.195793465818992,2929.3898682148815,0.0003764468137502968
2024-08-01,2024,8,1,257500.0,667500.0,55.879574159628305,-4.278197631229293,4283.844651711825,0.0025932537633975303
2024-08-01,2024,8,1,262500.0,667500.0,55.88102684588964,-4.198328199669799,2919.1308638017586,0.0025855217031514914
2024-08-02,2024,8,2,257500.0,662500.0,55.83467987242347,-4.275570996161421,4290.841991963815,2.8267964698787127
2024-08-02,2024,8,2,262500.0,662500.0,55.83613012441601,-4.195793465818992,2929.3898682148815,2.4496639616472087
2024-08-02,2024,8,2,257500.0,667500.0,55.879574159628305,-4.278197631229293,4283.844651711825,2.593835926329843
2024-08-02,2024,8,2,262500.0,667500.0,55.88102684588964,-4.198328199669799,2919.1308638017586,2.7888328714490114
2024-08-03,2024,8,3,257500.0,662500.0,55.83467987242347,-4.275570996161421,4290.841991963815,0.40184487433616844
2024-08-03,2024,8,3,262500.0,662500.0,55.83613012441601,-4.195793465818992,2929.3898682148815,0.18786136403650572
2024-08-03,2024,8,3,257500.0,667500.0,55.879574159628305,-4.278197631229293,4283.844651711825,0.5008195952184578
2024-08-03,2024,8,3,262500.0,667500.0,55.88102684588964,-4.198328199669799,2919.1308638017586,0.3722488801233459
2024-08-04,2024,8,4,257500.0,662500.0,55.83467987242347,-4.275570996161421,4290.841991963815,16.86879014396329
2024-08-04,2024,8,4,262500.0,662500.0,55.83613012441601,-4.195793465818992,2929.3898682148815,15.30017207759658
2024-08-04,2024,8,4,257500.0,667500.0,55.879574159628305,-4.278197631229293,4283.844651711825,23.439106774004465
2024-08-04,2024,8,4,262500.0,667500.0,55.88102684588964,-4.198328199669799,2919.1308638017586,22.213941780180516
2024-08-05,2024,8,5,257500.0,662500.0,55.83467987242347,-4.275570996161421,4290.841991963815,12.32012450197735
2024-08-05,2024,8,5,262500.0,662500.0,55.83613012441601,-4.195793465818992,2929.3898682148815,12.952130593926647
2024-08-05,2024,8,5,257500.0,667500.0,55.879574159628305,-4.278197631229293,4283.844651711825,11.604511998479481
2024-08-05,2024,8,5,262500.0,667500.0,55.88102684588964,-4.198328199669799,2919.1308638017586,12.73212752997976
2024-08-06,2024,8,6,257500.0,662500.0,55.83467987242347,-4.275570996161421,4290.841991963815,2.3563802882011418
2024-08-06,2024,8,6,262500.0,662500.0,55.83613012441601,-4.195793465818992,2929.3898682148815,1.7182760591294597
2024-08-06,2024,8,6,257500.0,667500.0,55.879574159628305,-4.278197631229293,4283.844651711825,2.6774891665995524
2024-08-06,2024,8,6,262500.0,667500.0,55.88102684588964,-4.198328199669799,2919.1308638017586,2.3249534330774404
2024-08-07,2024,8,7,257500.0,662500.0,55.83467987242347,-4.275570996161421,4290.841991963815,0.381464944942229
2024-08-07,2024,8,7,262500.0,662500.0,55.83613012441601,-4.195793465818992,2929.3898682148815,0.30814941761665354
2024-08-07,2024,8,7,257500.0,667500.0,55.879574159628305,-4.278197631229293,4283.844651711825,0.5542682249210404
2024-08-07,2024,8,7,262500.0,667500.0,55.88102684588964,-4.198328199669799,2919.1308638017586,0.7424995040452436
2024-08-08,2024,8,8,257500.0,662500.0,55.83467987242347,-4.275570996161421,4290.841991963815,7.471932561517282
2024-08-08,2024,8,8,262500.0,662500.0,55.83613012441601,-4.195793465818992,2929.3898682148815,7.473716521016731
2024-08-08,2024,8,8,257500.0,667500.0,55.879574159628305,-4.278197631229293,4283.844651711825,6.657222822368626
2024-08-08,2024,8,8,262500.0,667500.0,55.88102684588964,-4.198328199669799,2919.1308638017586,7.737530814392754
2024-08-09,2024,8,9,257500.0,662500.0,55.83467987242347,-4.275570996161421,4290.841991963815,5.001633457661065
2024-08-09,2024,8,9,262500.0,662500.0,55.83613012441601,-4.195793465818992,2929.3898682148815,4.313106375951028
2024-08-09,2024,8,9,257500.0,667500.0,55.879574159628305,-4.278197631229293,4283.844651711825,2.4879632138624292
2024-08-09,2024,8,9,262500.0,667500.0,55.88102684588964,-4.198328199669799,2919.1308638017586,3.6714800062351336
2024-08-10,2024,8,10,257500.0,662500.0,55.83467987242347,-4.275570996161421,4290.841991963815,0.1695576922864296
2024-08-10,2024,8,10,262500.0,662500.0,55.83613012441601,-4.195793465818992,2929.3898682148815,0.033799543697131326
2024-08-10,2024,8,10,257500.0,667500.0,55.879574159628305,-4.278197631229293,4283.844651711825,0.06127601762621853
2024-08-10,2024,8,10,262500.0,667500.0,55.88102684588964,-4.198328199669799,2919.1308638017586,0.0659361822296169
2024-08-11,2024,8,11,257500.0,662500.0,55.83467987242347,-4.275570996161421,4290.841991963815,1.6914643000254017
2024-08-11,2024,8,11,262500.0,662500.0,55.83613012441601,-4.195793465818992,2929.3898682148815,1.11801610106038
2024-08-11,2024,8,11,257500.0,667500.0,55.879574159628305,-4.278197631229293,4283.844651711825,2.496830410199447
2024-08-11,2024,8,11,262500.0,667500.0,55.88102684588964,-4.198328199669799,2919.1308638017586,1.8856143281014428
2024-08-12,2024,8,12,257500.0,662500.0,55.83467987242347,-4.275570996161421,4290.841991963815,0.4042842866396299
2024-08-12,2024,8,12,262500.0,662500.0,55.83613012441601,-4.195793465818992,2929.3898682148815,0.1941353610181549
2024-08-12,2024,8,12,257500.0,667500.0,55.879574159628305,-4.278197631229293,4283.844651711825,0.5084476069413202
2024-08-12,2024,8,12,262500.0,667500.0,55.88102684588964,-4.198328199669799,2919.1308638017586,0.35037303080318527
2024-08-13,2024,8,13,257500.0,662500.0,55.83467987242347,-4.275570996161421,4290.841991963815,2.3959242004043855
2024-08-13,2024,8,13,262500.0,662500.0,55.83613012441601,-4.195793465818992,2929.3898682148815,1.7319799833827836
2024-08-13,2024,8,13,257500.0,667500.0,55.879574159628305,-4.278197631229293,4283.844651711825,3.5912918395343114
2024-08-13,2024,8,13,262500.0,667500.0,55.88102684588964,-4.198328199669799,2919.1308638017586,2.5090685559664925
2024-08-14,2024,8,14,257500.0,662500.0,55.83467987242347,-4.275570996161421,4290.841991963815,16.55541398814292
2024-08-14,2024,8,14,262500.0,662500.0,55.83613012441601,-4.195793465818992,2929.3898682148815,13.444411326942205
2024-08-14,2024,8,14,257500.0,667500.0,55.879574159628305,-4.278197631229293,4283.844651711825,15.762149665212451
2024-08-14,2024,8,14,262500.0,667500.0,55.88102684588964,-4.198328199669799,2919.1308638017586,16.206408662462906
2024-08-15,2024,8,15,257500.0,662500.0,55.83467987242347,-4.275570996161421,4290.841991963815,7.919683693236648
2024-08-15,2024,8,15,262500.0,662500.0,55.83613012441601,-4.195793465818992,2929.3898682148815,8.31616950978639
2024-08-15,2024,8,15,257500.0,667500.0,55.879574159628305,-4.278197631229293,4283.844651711825,7.389385014334034
2024-08-15,2024,8,15,262500.0,667500.0,55.88102684588964,-4.198328199669799,2919.1308638017586,8.3124742041184
2024-08-16,2024,8,16,257500.0,662500.0,55.83467987242347,-4.275570996161421,4290.841991963815,0.914385969350101
2024-08-16,2024,8,16,262500.0,662500.0,55.83613012441601,-4.195793465818992,2929.3898682148815,0.6524946505405289
2024-08-16,2024,8,16,257500.0,667500.0,55.879574159628305,-4.278197631229293,4283.844651711825,1.1663647224477756
2024-08-16,2024,8,16,262500.0,667500.0,55.88102684588964,-4.198328199669799,2919.1308638017586,1.2500359504516132
2024-08-17,2024,8,17,257500.0,662500.0,55.83467987242347,-4.275570996161421,4290.841991963815,0.20714161680553747
2024-08-17,2024,8,17,262500.0,662500.0,55.83613012441601,-4.195793465818992,2929.3898682148815,0.10745364537252851
2024-08-17,2024,8,17,257500.0,667500.0,55.879574159628305,-4.278197631229293,4283.844651711825,0.6594631352978011
2024-08-17,2024,8,17,262500.0,667500.0,55.88102684588964,-4.198328199669799,2919.1308638017586,0.5432082821052188
2024-08-18,2024,8,18,257500.0,662500.0,55.83467987242347,-4.275570996161421,4290.841991963815,0.03587069040148799
2024-08-18,2024,8,18,262500.0,662500.0,55.83613012441601,-4.195793465818992,2929.3898682148815,0.010563775503314065
2024-08-18,2024,8,18,257500.0,667500.0,55.879574159628305,-4.278197631229293,4283.844651711825,0.027022570964449384
2024-08-18,2024,8,18,262500.0,667500.0,55.88102684588964,-4.198328199669799,2919.1308638017586,0.05375578427683496
2024-08-19,2024,8,19,257500.0,662500.0,55.83467987242347,-4.275570996161421,4290.841991963815,17.95854421988905
2024-08-19,2024,8,19,262500.0,662500.0,55.83613012441601,-4.195793465818992,2929.3898682148815,15.05536065341905
2024-08-19,2024,8,19,257500.0,667500.0,55.879574159628305,-4.278197631229293,4283.844651711825,22.068496349649415
2024-08-19,2024,8,19,262500.0,667500.0,55.88102684588964,-4.198328199669799,2919.1308638017586,20.726972415275824
2024-08-20,2024,8,20,257500.0,662500.0,55.83467987242347,-4.275570996161421,4290.841991963815,6.407068606931876
2024-08-20,2024,8,20,262500.0,662500.0,55.83613012441601,-4.195793465818992,2929.3898682148815,6.16223451839206
2024-08-20,2024,8,20,257500.0,667500.0,55.879574159628305,-4.278197631229293,4283.844651711825,9.093260451258738
2024-08-20,2024,8,20,262500.0,667500.0,55.88102684588964,-4.198328199669799,2919.1308638017586,8.302921706298891
2024-08-21,2024,8,21,257500.0,662500.0,55.83467987242347,-4.275570996161421,4290.841991963815,17.58829281425579
2024-08-21,2024,8,21,262500.0,662500.0,55.83613012441601,-4.195793465818992,2929.3898682148815,13.817400059640036
2024-08-21,2024,8,21,257500.0,667500.0,55.879574159628305,-4.278197631229293,4283.844651711825,15.051081904191783
2024-08-21,2024,8,21,262500.0,667500.0,55.88102684588964,-4.198328199669799,2919.1308638017586,15.578947284836774
2024-08-22,2024,8,22,257500.0,662500.0,55.83467987242347,-4.275570996161421,4290.841991963815,9.904942300608656
2024-08-22,2024,8,22,262500.0,662500.0,55.83613012441601,-4.195793465818992,2929.3898682148815,9.08432710889652
2024-08-22,2024,8,22,257500.0,667500.0,55.879574159628305,-4.278197631229293,4283.844651711825,11.605287848584354
2024-08-22,2024,8,22,262500.0,667500.0,55.88102684588964,-4.198328199669799,2919.1308638017586,11.203325230503967
2024-08-23,2024,8,23,257500.0,662500.0,55.83467987242347,-4.275570996161421,4290.841991963815,6.490418430487203
2024-08-23,2024,8,23,262500.0,662500.0,55.83613012441601,-4.195793465818992,2929.3898682148815,5.6547180506380545
2024-08-23,2024,8,23,257500.0,667500.0,55.879574159628305,-4.278197631229293,4283.844651711825,6.921933034151614
2024-08-23,2024,8,23,262500.0,667500.0,55.88102684588964,-4.198328199669799,2919.1308638017586,6.834989054586526
2024-08-24,2024,8,24,257500.0,662500.0,55.83467987242347,-4.275570996161421,4290.841991963815,3.04063360758848
2024-08-24,2024,8,24,262500.0,662500.0,55.83613012441601,-4.195793465818992,2929.3898682148815,2.6689395818021096
2024-08-24,2024,8,24,257500.0,667500.0,55.879574159628305,-4.278197631229293,4283.844651711825,4.329503335448943
2024-08-24,2024,8,24,262500.0,667500.0,55.88102684588964,-4.198328199669799,2919.1308638017586,3.7386391555632086
2024-08-25,2024,8,25,257500.0,662500.0,55.83467987242347,-4.275570996161421,4290.841991963815,14.427981580065076
2024-08-25,2024,8,25,262500.0,662500.0,55.83613012441601,-4.195793465818992,2929.3898682148815,12.418921619151106
2024-08-25,2024,8,25,257500.0,667500.0,55.879574159628305,-4.278197631229293,4283.844651711825,11.689904417809698
2024-08-25,2024,8,25,262500.0,667500.0,55.88102684588964,-4.198328199669799,2919.1308638017586,13.255191355918008
2024-08-26,2024,8,26,257500.0,662500.0,55.83467987242347,-4.275570996161421,4290.841991963815,15.668371081290497
2024-08-26,2024,8,26,262500.0,662500.0,55.83613012441601,-4.195793465818992,2929.3898682148815,14.70758899643289
2024-08-26,2024,8,26,257500.0,667500.0,55.879574159628305,-4.278197631229293,4283.844651711825,14.20427352778405
2024-08-26,2024,8,26,262500.0,667500.0,55.88102684588964,-4.198328199669799,2919.1308638017586,15.187260574652289
2024-08-27,2024,8,27,257500.0,662500.0,55.83467987242347,-4.275570996161421,4290.841991963815,1.9782294113206715
2024-08-27,2024,8,27,262500.0,662500.0,55.83613012441601,-4.195793465818992,2929.3898682148815,1.627594208975283
2024-08-27,2024,8,27,257500.0,667500.0,55.879574159628305,-4.278197631229293,4283.844651711825,2.4022257305904526
2024-08-27,2024,8,27,262500.0,667500.0,55.88102684588964,-4.198328199669799,2919.1308638017586,2.162636882678338
2024-08-28,2024,8,28,257500.0,662500.0,55.83467987242347,-4.275570996161421,4290.841991963815,3.281116797379113
2024-08-28,2024,8,28,262500.0,662500.0,55.83613012441601,-4.195793465818992,2929.3898682148815,2.7803799722490017
2024-08-28,2024,8,28,257500.0,667500.0,55.879574159628305,-4.278197631229293,4283.844651711825,4.035317290219592
2024-08-28,2024,8,28,262500.0,667500.0,55.88102684588964,-4.198328199669799,2919.1308638017586,3.8095801653263974
2024-08-29,2024,8,29,257500.0,662500.0,55.83467987242347,-4.275570996161421,4290.841991963815,1.8592868281593238
2024-08-29,2024,8,29,262500.0,662500.0,55.83613012441601,-4.195793465818992,2929.3898682148815,1.3893142813747765
2024-08-29,2024,8,29,257500.0,667500.0,55.879574159628305,-4.278197631229293,4283.844651711825,1.527250692202461
2024-08-29,2024,8,29,262500.0,667500.0,55.88102684588964,-4.198328199669799,2919.1308638017586,2.0161596077428583
2024-08-30,2024,8,30,257500.0,662500.0,55.83467987242347,-4.275570996161421,4290.841991963815,0.0020465661914210315
2024-08-30,2024,8,30,262500.0,662500.0,55.83613012441601,-4.195793465818992,2929.3898682148815,0.0010935237052411941
2024-08-30,2024,8,30,257500.0,667500.0,55.879574159628305,-4.278197631229293,4283.844651711825,0.0032694219431765948
2024-08-30,2024,8,30,262500.0,667500.0,55.88102684588964,-4.198328199669799,2919.1308638017586,0.007782372312641498
2024-08-31,2024,8,31,257500.0,662500.0,55.83467987242347,-4.275570996161421,4290.841991963815,0.006692373030915935
2024-08-31,2024,8,31,262500.0,662500.0,55.83613012441601,-4.195793465818992,2929.3898682148815,0.002048197606191421
2024-08-31,2024,8,31,257500.0,667500.0,55.879574159628305,-4.278197631229293,4283.844651711825,0.00874655490566526
2024-08-31,2024,8,31,262500.0,667500.0,55.88102684588964,-4.198328199669799,2919.1308638017586,0.0328428231004268
2024-09-01,2024,9,1,257500.0,662500.0,55.83467987242347,-4.275570996161421,4290.841991963815,14.760923604003315
2024-09-01,2024,9,1,262500.0,662500.0,55.83613012441601,-4.195793465818992,2929.3898682148815,15.051811742787935
2024-09-01,2024,9,1,257500.0,667500.0,55.879574159628305,-4.278197631229293,4283.844651711825,15.451571293155409
2024-09-01,2024,9,1,262500.0,667500.0,55.88102684588964,-4.198328199669799,2919.1308638017586,13.816397197534506
2024-09-02,2024,9,2,257500.0,662500.0,55.83467987242347,-4.275570996161421,4290.841991963815,12.736219160802815
2024-09-02,2024,9,2,262500.0,662500.0,55.83613012441601,-4.195793465818992,2929.3898682148815,10.188574291165283
2024-09-02,2024,9,2,257500.0,667500.0,55.879574159628305,-4.278197631229293,4283.844651711825,12.52496752099612
2024-09-02,2024,9,2,262500.0,667500.0,55.88102684588964,-4.198328199669799,2919.1308638017586,11.41719579791677
2024-09-03,2024,9,3,257500.0,662500.0,55.83467987242347,-4.275570996161421,4290.841991963815,1.0901972689047494
2024-09-03,2024,9,3,262500.0,662500.0,55.83613012441601,-4.195793465818992,2929.3898682148815,1.0316811761148956
2024-09-03,2024,9,3,257500.0,667500.0,55.879574159628305,-4.278197631229293,4283.844651711825,2.0347044744184015
2024-09-03,2024,9,3,262500.0,667500.0,55.88102684588964,-4.198328199669799,2919.1308638017586,1.797439418217283
2024-09-04,2024,9,4,257500.0,662500.0,55.83467987242347,-4.275570996161421,4290.841991963815,0.015908063310888877
2024-09-04,2024,9,4,262500.0,662500.0,55.83613012441601,-4.195793465818992,2929.3898682148815,0.0058982413928495995
2024-09-04,2024,9,4,257500.0,667500.0,55.879574159628305,-4.278197631229293,4283.844651711825,0.017269878218486644
2024-09-04,2024,9,4,262500.0,667500.0,55.88102684588964,-4.198328199669799,2919.1308638017586,0.025115081670314336
2024-09-05,2024,9,5,257500.0,662500.0,55.83467987242347,-4.275570996161421,4290.841991963815,0.01564509032619366
2024-09-05,2024,9,5,262500.0,662500.0,55.83613012441601,-4.195793465818992,2929.3898682148815,0.0051128540211443155
2024-09-05,2024,9,5,257500.0,667500.0,55.879574159628305,-4.278197631229293,4283.844651711825,0.007668110550807802
2024-09-05,2024,9,5,262500.0,667500.0,55.88102684588964,-4.198328199669799,2919.1308638017586,0.012221042146025825
2024-09-06,2024,9,6,257500.0,662500.0,55.83467987242347,-4.275570996161421,4290.841991963815,0.001339251847828393
2024-09-06,2024,9,6,262500.0,662500.0,55.83613012441601,-4.195793465818992,2929.3898682148815,0.0005010385367023612
2024-09-06,2024,9,6,257500.0,667500.0,55.879574159628305,-4.278197631229293,4283.844651711825,0.001287890245119427
2024-09-06,2024,9,6,262500.0,667500.0,55.88102684588964,-4.198328199669799,2919.1308638017586,0.0023276713015291653
2024-09-07,2024,9,7,257500.0,662500.0,55.83467987242347,-4.275570996161421,4290.841991963815,0.0030013420541798526
2024-09-07,2024,9,7,262500.0,662500.0,55.83613012441601,-4.195793465818992,2929.3898682148815,0.0014039193570345428
2024-09-07,2024,9,7,257500.0,667500.0,55.879574159628305,-4.278197631229293,4283.844651711825,0.007713423771221404
2024-09-07,2024,9,7,262500.0,667500.0,55.88102684588964,-4.198328199669799,2919.1308638017586,0.03179220378994818
2024-09-08,2024,9,8,257500.0,662500.0,55.83467987242347,-4.275570996161421,4290.841991963815,0.35986898174505805
2024-09-08,2024,9,8,262500.0,662500.0,55.83613012441601,-4.195793465818992,2929.3898682148815,0.4101751665573256
2024-09-08,2024,9,8,257500.0,667500.0,55.879574159628305,-4.278197631229293,4283.844651711825,1.0759262791294921
2024-09-08,2024,9,8,262500.0,667500.0,55.88102684588964,-4.198328199669799,2919.1308638017586,1.7588317369237196
2024-09-09,2024,9,9,257500.0,662500.0,55.83467987242347,-4.275570996161421,4290.841991963815,12.5238776235543
2024-09-09,2024,9,9,262500.0,662500.0,55.83613012441601,-4.195793465818992,2929.3898682148815,10.75963456731967
2024-09-09,2024,9,9,257500.0,667500.0,55.879574159628305,-4.278197631229293,4283.844651711825,11.756086773523963
2024-09-09,2024,9,9,262500.0,667500.0,55.88102684588964,-4.198328199669799,2919.1308638017586,12.584471467004919
2024-09-10,2024,9,10,257500.0,662500.0,55.83467987242347,-4.275570996161421,4290.841991963815,0.9712985136196001
2024-09-10,2024,9,10,262500.0,662500.0,55.83613012441601,-4.195793465818992,2929.3898682148815,0.9759039664472371
2024-09-10,2024,9,10,257500.0,667500.0,55.879574159628305,-4.278197631229293,4283.844651711825,0.5400686444081448
2024-09-10,2024,9,10,262500.0,667500.0,55.88102684588964,-4.198328199669799,2919.1308638017586,0.8058782174552425
2024-09-11,2024,9,11,257500.0,662500.0,55.83467987242347,-4.275570996161421,4290.841991963815,0.009833775944013037
2024-09-11,2024,9,11,262500.0,662500.0,55.83613012441601,-4.195793465818992,2929.3898682148815,0.004669281173303411
2024-09-11,2024,9,11,257500.0,667500.0,55.879574159628305,-4.278197631229293,4283.844651711825,0.011470169980159187
2024-09-11,2024,9,11,262500.0,667500.0,55.88102684588964,-4.198328199669799,2919.1308638017586,0.026324114372096447
2024-09-12,2024,9,12,257500.0,662500.0,55.83467987242347,-4.275570996161421,4290.841991963815,0.0013557202586758983
2024-09-12,2024,9,12,262500.0,662500.0,55.83613012441601,-4.195793465818992,2929.3898682148815,0.0006377656231820392
2024-09-12,2024,9,12,257500.0,667500.0,55.879574159628305,-4.278197631229293,4283.844651711825,0.0013135740863208106
2024-09-12,2024,9,12,262500.0,667500.0,55.88102684588964,-4.198328199669799,2919.1308638017586,0.0027970360080942537
2024-09-13,2024,9,13,257500.0,662500.0,55.83467987242347,-4.275570996161421,4290.841991963815,1.1841767863869548
2024-09-13,2024,9,13,262500.0,662500.0,55.83613012441601,-4.195793465818992,2929.3898682148815,1.020218041379292
2024-09-13,2024,9,13,257500.0,667500.0,55.879574159628305,-4.278197631229293,4283.844651711825,1.583713499917731
2024-09-13,2024,9,13,262500.0,667500.0,55.88102684588964,-4.198328199669799,2919.1308638017586,1.4487475015435753
2024-09-14,2024,9,14,257500.0,662500.0,55.83467987242347,-4.275570996161421,4290.841991963815,2.821044460464011
2024-09-14,2024,9,14,262500.0,662500.0,55.83613012441601,-4.195793465818992,2929.3898682148815,2.45516027218015
2024-09-14,2024,9,14,257500.0,667500.0,55.879574159628305,-4.278197631229293,4283.844651711825,2.3526579239003755
2024-09-14,2024,9,14,262500.0,667500.0,55.88102684588964,-4.198328199669799,2919.1308638017586,2.4582094074774132
2024-09-15,2024,9,15,257500.0,662500.0,55.83467987242347,-4.275570996161421,4290.841991963815,0.06575124814353923
2024-09-15,2024,9,15,262500.0,662500.0,55.83613012441601,-4.195793465818992,2929.3898682148815,0.04090238599649365
2024-09-15,2024,9,15,257500.0,667500.0,55.879574159628305,-4.278197631229293,4283.844651711825,0.05778182656992836
2024-09-15,2024,9,15,262500.0,667500.0,55.88102684588964,-4.198328199669799,2919.1308638017586,0.16121865399242524
2024-09-16,2024,9,16,257500.0,662500.0,55.83467987242347,-4.275570996161421,4290.841991963815,0.0013290006534721975
2024-09-16,2024,9,16,262500.0,662500.0,55.83613012441601,-4.195793465818992,2929.3898682148815,0.00021392889788163474
2024-09-16,2024,9,16,257500.0,667500.0,55.879574159628305,-4.278197631229293,4283.844651711825,0.003514407602173575
2024-09-16,2024,9,16,262500.0,667500.0,55.88102684588964,-4.198328199669799,2919.1308638017586,0.0031447680447526946
2024-09-17,2024,9,17,257500.0,662500.0,55.83467987242347,-4.275570996161421,4290.841991963815,0.0013077391241540514
2024-09-17,2024,9,17,262500.0,662500.0,55.83613012441601,-4.195793465818992,2929.3898682148815,0.0009572750432073912
2024-09-17,2024,9,17,257500.0,667500.0,55.879574159628305,-4.278197631229293,4283.844651711825,0.0017134843427641549
2024-09-17,2024,9,17,262500.0,667500.0,55.88102684588964,-4.198328199669799,2919.1308638017586,0.00645133235101804
2024-09-18,2024,9,18,257500.0,662500.0,55.83467987242347,-4.275570996161421,4290.841991963815,0.0004610985382710932
2024-09-18,2024,9,18,262500.0,662500.0,55.83613012441601,-4.195793465818992,2929.3898682148815,0.00022692030461577981
2024-09-18,2024,9,18,257500.0,667500.0,55.879574159628305,-4.278197631229293,4283.844651711825,0.0003195564212153376
2024-09-18,2024,9,18,262500.0,667500.0,55.88102684588964,-4.198328199669799,2919.1308638017586,0.0006694632263046697
2024-09-19,2024,9,19,257500.0,662500.0,55.83467987242347,-4.275570996161421,4290.841991963815,0.0002928627148479664
2024-09-19,2024,9,19,262500.0,662500.0,55.83613012441601,-4.195793465818992,2929.3898682148815,6.077530452394657e-05
2024-09-19,2024,9,19,257500.0,667500.0,55.879574159628305,-4.278197631229293,4283.844651711825,0.00025685198283679063
2024-09-19,2024,9,19,262500.0,667500.0,55.88102684588964,-4.198328199669799,2919.1308638017586,0.00020802307987278677
2024-09-20,2024,9,20,257500.0,662500.0,55.83467987242347,-4.275570996161421,4290.841991963815,0.0012985989751544305
2024-09-20,2024,9,20,262500.0,662500.0,55.83613012441601,-4.195793465818992,2929.3898682148815,0.0007569893099570977
2024-09-20,2024,9,20,257500.0,667500.0,55.879574159628305,-4.278197631229293,4283.844651711825,0.0013781904096816452
2024-09-20,2024,9,20,262500.0,667500.0,55.88102684588964,-4.198328199669799,2919.1308638017586,0.003518044733433017
2024-09-21,2024,9,21,257500.0,662500.0,55.83467987242347,-4.275570996161421,4290.841991963815,0.0010391358693018589
2024-09-21,2024,9,21,262500.0,662500.0,55.83613012441601,-4.195793465818992,2929.3898682148815,0.0006438191190283275
2024-09-21,2024,9,21,257500.0,667500.0,55.879574159628305,-4.278197631229293,4283.844651711825,0.0011512331917662225
2024-09-21,2024,9,21,262500.0,667500.0,55.88102684588964,-4.198328199669799,2919.1308638017586,0.003071171298785733
2024-09-22,2024,9,22,257500.0,662500.0,55.83467987242347,-4.275570996161421,4290.841991963815,0.00029521421161229824
2024-09-22,2024,9,22,262500.0,662500.0,55.83613012441601,-4.195793465818992,2929.3898682148815,5.4045541514248124e-05
2024-09-22,2024,9,22,257500.0,667500.0,55.879574159628305,-4.278197631229293,4283.844651711825,0.00039810104906726787
2024-09-22,2024,9,22,262500.0,667500.0,55.88102684588964,-4.198328199669799,2919.1308638017586,0.00044887092038690626
2024-09-23,2024,9,23,257500.0,662500.0,55.83467987242347,-4.275570996161421,4290.841991963815,0.016907940047926513
2024-09-23,2024,9,23,262500.0,662500.0,55.83613012441601,-4.195793465818992,2929.3898682148815,0.006256253003269034
2024-09-23,2024,9,23,257500.0,667500.0,55.879574159628305,-4.278197631229293,4283.844651711825,0.030610613935026697
2024-09-23,2024,9,23,262500.0,667500.0,55.88102684588964,-4.198328199669799,2919.1308638017586,0.06313188097105242
2024-09-24,2024,9,24,257500.0,662500.0,55.83467987242347,-4.275570996161421,4290.841991963815,0.7514516213211417
2024-09-24,2024,9,24,262500.0,662500.0,55.83613012441601,-4.195793465818992,2929.3898682148815,0.26482043347076534
2024-09-24,2024,9,24,257500.0,667500.0,55.879574159628305,-4.278197631229293,4283.844651711825,1.2480588939201056
2024-09-24,2024,9,24,262500.0,667500.0,55.88102684588964,-4.198328199669799,2919.1308638017586,0.8154245763128568
2024-09-25,2024,9,25,257500.0,662500.0,55.83467987242347,-4.275570996161421,4290.841991963815,6.401305750308993
2024-09-25,2024,9,25,262500.0,662500.0,55.83613012441601,-4.195793465818992,2929.3898682148815,5.618987206711745
2024-09-25,2024,9,25,257500.0,667500.0,55.879574159628305,-4.278197631229293,4283.844651711825,5.141756052105402
2024-09-25,2024,9,25,262500.0,667500.0,55.88102684588964,-4.198328199669799,2919.1308638017586,5.369588401499719
2024-09-26,2024,9,26,257500.0,662500.0,55.83467987242347,-4.275570996161421,4290.841991963815,0.03624583280538451
2024-09-26,2024,9,26,262500.0,662500.0,55.83613012441601,-4.195793465818992,2929.3898682148815,0.03913225550641315
2024-09-26,2024,9,26,257500.0,667500.0,55.879574159628305,-4.278197631229293,4283.844651711825,0.03669606184571444
2024-09-26,2024,9,26,262500.0,667500.0,55.88102684588964,-4.198328199669799,2919.1308638017586,0.06728524293057575
2024-09-27,2024,9,27,257500.0,662500.0,55.83467987242347,-4.275570996161421,4290.841991963815,0.000127948320289842
2024-09-27,2024,9,27,262500.0,662500.0,55.83613012441601,-4.195793465818992,2929.3898682148815,4.8666201424384026e-05
2024-09-27,2024,9,27,257500.0,667500.0,55.879574159628305,-4.278197631229293,4283.844651711825,0.00015899734825092291
2024-09-27,2024,9,27,262500.0,667500.0,55.88102684588964,-4.198328199669799,2919.1308638017586,0.0003105749296282693
2024-09-28,2024,9,28,257500.0,662500.0,55.83467987242347,-4.275570996161421,4290.841991963815,0.18108435244444623
2024-09-28,2024,9,28,262500.0,662500.0,55.83613012441601,-4.195793465818992,2929.3898682148815,0.22709721343938188
2024-09-28,2024,9,28,257500.0,667500.0,55.879574159628305,-4.278197631229293,4283.844651711825,0.1970943668430732
2024-09-28,2024,9,28,262500.0,667500.0,55.88102684588964,-4.198328199669799,2919.1308638017586,0.22182675583802017
2024-09-29,2024,9,29,257500.0,662500.0,55.83467987242347,-4.275570996161421,4290.841991963815,0.004538111509247138
2024-09-29,2024,9,29,262500.0,662500.0,55.83613012441601,-4.195793465818992,2929.3898682148815,0.002240790284729212
2024-09-29,2024,9,29,257500.0,667500.0,55.879574159628305,-4.278197631229293,4283.844651711825,0.006672896634907111
2024-09-29,2024,9,29,262500.0,667500.0,55.88102684588964,-4.198328199669799,2919.1308638017586,0.015583515202657522
2024-09-30,2024,9,30,257500.0,662500.0,55.83467987242347,-4.275570996161421,4290.841991963815,1.512596559037239
2024-09-30,2024,9,30,262500.0,662500.0,55.83613012441601,-4.195793465818992,2929.3898682148815,1.3566306903594305
2024-09-30,2024,9,30,257500.0,667500.0,55.879574159628305,-4.278197631229293,4283.844651711825,1.6468649030525815
2024-09-30,2024,9,30,262500.0,667500.0,55.88102684588964,-4.198328199669799,2919.1308638017586,1.7009774517189784
2024-10-01,2024,10,1,257500.0,662500.0,55.83467987242347,-4.275570996161421,4290.841991963815,0.001314160566639866
2024-10-01,2024,10,1,262500.0,662500.0,55.83613012441601,-4.195793465818992,2929.3898682148815,0.0008026260009067769
2024-10-01,2024,10,1,257500.0,667500.0,55.879574159628305,-4.278197631229293,4283.844651711825,0.001233036458570535
2024-10-01,2024,10,1,262500.0,667500.0,55.88102684588964,-4.198328199669799,2919.1308638017586,0.0032623084663399122
2024-10-02,2024,10,2,257500.0,662500.0,55.83467987242347,-4.275570996161421,4290.841991963815,0.017929091073939262
2024-10-02,2024,10,2,262500.0,662500.0,55.83613012441601,-4.195793465818992,2929.3898682148815,0.0031613076099219393
2024-10-02,2024,10,2,257500.0,667500.0,55.879574159628305,-4.278197631229293,4283.844651711825,0.10581226359057379
2024-10-02,2024,10,2,262500.0,667500.0,55.88102684588964,-4.198328199669799,2919.1308638017586,0.03777860738401829
2024-10-03,2024,10,3,257500.0,662500.0,55.83467987242347,-4.275570996161421,4290.841991963815,0.16586182593123408
2024-10-03,2024,10,3,262500.0,662500.0,55.83613012441601,-4.195793465818992,2929.3898682148815,0.19858827982878485
2024-10-03,2024,10,3,257500.0,667500.0,55.879574159628305,-4.278197631229293,4283.844651711825,0.06741197664262473
2024-10-03,2024,10,3,262500.0,667500.0,55.88102684588964,-4.198328199669799,2919.1308638017586,0.15077988935109926
2024-10-04,2024,10,4,257500.0,662500.0,55.83467987242347,-4.275570996161421,4290.841991963815,0.24828824626566154
2024-10-04,2024,10,4,262500.0,662500.0,55.83613012441601,-4.195793465818992,2929.3898682148815,0.069148014113252
2024-10-04,2024,10,4,257500.0,667500.0,55.879574159628305,-4.278197631229293,4283.844651711825,0.55913908806529
2024-10-04,2024,10,4,262500.0,667500.0,55.88102684588964,-4.198328199669799,2919.1308638017586,0.46524327960915884
2024-10-05,2024,10,5,257500.0,662500.0,55.83467987242347,-4.275570996161421,4290.841991963815,0.5369360118021145
2024-10-05,2024,10,5,262500.0,662500.0,55.83613012441601,-4.195793465818992,2929.3898682148815,0.4650760458498232
2024-10-05,2024,10,5,257500.0,667500.0,55.879574159628305,-4.278197631229293,4283.844651711825,0.5423507286887386
2024-10-05,2024,10,5,262500.0,667500.0,55.88102684588964,-4.198328199669799,2919.1308638017586,0.5612295159793491
2024-10-06,2024,10,6,257500.0,662500.0,55.83467987242347,-4.275570996161421,4290.841991963815,4.953020036594616
2024-10-06,2024,10,6,262500.0,662500.0,55.83613012441601,-4.195793465818992,2929.3898682148815,4.432270989400236
2024-10-06,2024,10,6,257500.0,667500.0,55.879574159628305,-4.278197631229293,4283.844651711825,4.994362321445993
2024-10-06,2024,10,6,262500.0,667500.0,55.88102684588964,-4.198328199669799,2919.1308638017586,4.405279124961098
2024-10-07,2024,10,7,257500.0,662500.0,55.83467987242347,-4.275570996161421,4290.841991963815,1.2384425826822836
2024-10-07,2024,10,7,262500.0,662500.0,55.83613012441601,-4.195793465818992,2929.3898682148815,1.4309792961120353
2024-10-07,2024,10,7,257500.0,667500.0,55.879574159628305,-4.278197631229293,4283.844651711825,0.9740081472698946
2024-10-07,2024,10,7,262500.0,667500.0,55.88102684588964,-4.198328199669799,2919.1308638017586,1.303952218071962
2024-10-08,2024,10,8,257500.0,662500.0,55.83467987242347,-4.275570996161421,4290.841991963815,0.1349569242018292
2024-10-08,2024,10,8,262500.0,662500.0,55.83613012441601,-4.195793465818992,2929.3898682148815,0.05677714973555307
2024-10-08,2024,10,8,257500.0,667500.0,55.879574159628305,-4.278197631229293,4283.844651711825,0.08138752360088734
2024-10-08,2024,10,8,262500.0,667500.0,55.88102684588964,-4.198328199669799,2919.1308638017586,0.14269076388109628
2024-10-09,2024,10,9,257500.0,662500.0,55.83467987242347,-4.275570996161421,4290.841991963815,0.011354422396434945
2024-10-09,2024,10,9,262500.0,662500.0,55.83613012441601,-4.195793465818992,2929.3898682148815,0.0035781980324909525
2024-10-09,2024,10,9,257500.0,667500.0,55.879574159628305,-4.278197631229293,4283.844651711825,0.0062607636493636635
2024-10-09,2024,10,9,262500.0,667500.0,55.88102684588964,-4.198328199669799,2919.1308638017586,0.011810129561504795
2024-10-10,2024,10,10,257500.0,662500.0,55.83467987242347,-4.275570996161421,4290.841991963815,0.740355580560215
2024-10-10,2024,10,10,262500.0,662500.0,55.83613012441601,-4.195793465818992,2929.3898682148815,0.7819244431477856
2024-10-10,2024,10,10,257500.0,667500.0,55.879574159628305,-4.278197631229293,4283.844651711825,0.8554019438341655
2024-10-10,2024,10,10,262500.0,667500.0,55.88102684588964,-4.198328199669799,2919.1308638017586,0.837599730440481
2024-10-11,2024,10,11,257500.0,662500.0,55.83467987242347,-4.275570996161421,4290.841991963815,12.434828902917245
2024-10-11,2024,10,11,262500.0,662500.0,55.83613012441601,-4.195793465818992,2929.3898682148815,12.13777658050538
2024-10-11,2024,10,11,257500.0,667500.0,55.879574159628305,-4.278197631229293,4283.844651711825,9.311809138385053
2024-10-11,2024,10,11,262500.0,667500.0,55.88102684588964,-4.198328199669799,2919.1308638017586,10.90438701596318
2024-10-12,2024,10,12,257500.0,662500.0,55.83467987242347,-4.275570996161421,4290.841991963815,2.9506530553050276
2024-10-12,2024,10,12,262500.0,662500.0,55.83613012441601,-4.195793465818992,2929.3898682148815,3.045152911557181
2024-10-12,2024,10,12,257500.0,667500.0,55.879574159628305,-4.278197631229293,4283.844651711825,3.735069854991312
2024-10-12,2024,10,12,262500.0,667500.0,55.88102684588964,-4.198328199669799,2919.1308638017586,3.893941099071678
2024-10-13,2024,10,13,257500.0,662500.0,55.83467987242347,-4.275570996161421,4290.841991963815,0.21067801499298083
2024-10-13,2024,10,13,262500.0,662500.0,55.83613012441601,-4.195793465818992,2929.3898682148815,0.1678981041649927
2024-10-13,2024,10,13,257500.0,667500.0,55.879574159628305,-4.278197631229293,4283.844651711825,0.2737146353432645
2024-10-13,2024,10,13,262500.0,667500.0,55.88102684588964,-4.198328199669799,2919.1308638017586,0.1865405953374903
2024-10-14,2024,10,14,257500.0,662500.0,55.83467987242347,-4.275570996161421,4290.841991963815,0.0007758295665075149
2024-10-14,2024,10,14,262500.0,662500.0,55.83613012441601,-4.195793465818992,2929.3898682148815,0.00013143159766750912
2024-10-14,2024,10,14,257500.0,667500.0,55.879574159628305,-4.278197631229293,4283.844651711825,0.0017362616636887067
2024-10-14,2024,10,14,262500.0,667500.0,55.88102684588964,-4.198328199669799,2919.1308638017586,0.0016185935689030902
2024-10-15,2024,10,15,257500.0,662500.0,55.83467987242347,-4.275570996161421,4290.841991963815,11.977578636922626
2024-10-15,2024,10,15,262500.0,662500.0,55.83613012441601,-4.195793465818992,2929.3898682148815,11.32460571892025
2024-10-15,2024,10,15,257500.0,667500.0,55.879574159628305,-4.278197631229293,4283.844651711825,12.363589250115723
2024-10-15,2024,10,15,262500.0,667500.0,55.88102684588964,-4.198328199669799,2919.1308638017586,11.991330042463169
2024-10-16,2024,10,16,257500.0,662500.0,55.83467987242347,-4.275570996161421,4290.841991963815,4.10801439603562
2024-10-16,2024,10,16,262500.0,662500.0,55.83613012441601,-4.195793465818992,2929.3898682148815,4.1801276078441
2024-10-16,2024,10,16,257500.0,667500.0,55.879574159628305,-4.278197631229293,4283.844651711825,4.188212025644299
2024-10-16,2024,10,16,262500.0,667500.0,55.88102684588964,-4.198328199669799,2919.1308638017586,4.312511448093231
2024-10-17,2024,10,17,257500.0,662500.0,55.83467987242347,-4.275570996161421,4290.841991963815,2.242996688642363
2024-10-17,2024,10,17,262500.0,662500.0,55.83613012441601,-4.195793465818992,2929.3898682148815,1.9947119381595126
2024-10-17,2024,10,17,257500.0,667500.0,55.879574159628305,-4.278197631229293,4283.844651711825,2.132988964869105
2024-10-17,2024,10,17,262500.0,667500.0,55.88102684588964,-4.198328199669799,2919.1308638017586,2.0864903817848446
2024-10-18,2024,10,18,257500.0,662500.0,55.83467987242347,-4.275570996161421,4290.841991963815,6.250686774592651
2024-10-18,2024,10,18,262500.0,662500.0,55.83613012441601,-4.195793465818992,2929.3898682148815,4.608229481415497
2024-10-18,2024,10,18,257500.0,667500.0,55.879574159628305,-4.278197631229293,4283.844651711825,4.7450056047949705
2024-10-18,2024,10,18,262500.0,667500.0,55.88102684588964,-4.198328199669799,2919.1308638017586,5.171759025748863
2024-10-19,2024,10,19,257500.0,662500.0,55.83467987242347,-4.275570996161421,4290.841991963815,6.233326114704507
2024-10-19,2024,10,19,262500.0,662500.0,55.83613012441601,-4.195793465818992,2929.3898682148815,6.260830207552342
2024-10-19,2024,10,19,257500.0,667500.0,55.879574159628305,-4.278197631229293,4283.844651711825,6.517216946171428
2024-10-19,2024,10,19,262500.0,667500.0,55.88102684588964,-4.198328199669799,2919.1308638017586,6.510195397798705
2024-10-20,2024,10,20,257500.0,662500.0,55.83467987242347,-4.275570996161421,4290.841991963815,12.866932425026889
2024-10-20,2024,10,20,262500.0,662500.0,55.83613012441601,-4.195793465818992,2929.3898682148815,13.293076562506139
2024-10-20,2024,10,20,257500.0,667500.0,55.879574159628305,-4.278197631229293,4283.844651711825,8.740907917626998
2024-10-20,2024,10,20,262500.0,667500.0,55.88102684588964,-4.198328199669799,2919.1308638017586,11.021996488328739
2024-10-21,2024,10,21,257500.0,662500.0,55.83467987242347,-4.275570996161421,4290.841991963815,5.783418729607995
2024-10-21,2024,10,21,262500.0,662500.0,55.83613012441601,-4.195793465818992,2929.3898682148815,6.40099037524566
2024-10-21,2024,10,21,257500.0,667500.0,55.879574159628305,-4.278197631229293,4283.844651711825,4.363214174153281
2024-10-21,2024,10,21,262500.0,667500.0,55.88102684588964,-4.198328199669799,2919.1308638017586,5.117645898438348
2024-10-22,2024,10,22,257500.0,662500.0,55.83467987242347,-4.275570996161421,4290.841991963815,0.203767524250054
2024-10-22,2024,10,22,262500.0,662500.0,55.83613012441601,-4.195793465818992,2929.3898682148815,0.18799548355713647
2024-10-22,2024,10,22,257500.0,667500.0,55.879574159628305,-4.278197631229293,4283.844651711825,0.1277051618662509
2024-10-22,2024,10,22,262500.0,667500.0,55.88102684588964,-4.198328199669799,2919.1308638017586,0.31707834257664147
2024-10-23,2024,10,23,257500.0,662500.0,55.83467987242347,-4.275570996161421,4290.841991963815,0.0001782631031097949
2024-10-23,2024,10,23,262500.0,662500.0,55.83613012441601,-4.195793465818992,2929.3898682148815,2.665773881223102e-05
2024-10-23,2024,10,23,257500.0,667500.0,55.879574159628305,-4.278197631229293,4283.844651711825,0.00022986212582731003
2024-10-23,2024,10,23,262500.0,667500.0,55.88102684588964,-4.198328199669799,2919.1308638017586,0.00018994174766150598
2024-10-24,2024,10,24,257500.0,662500.0,55.83467987242347,-4.275570996161421,4290.841991963815,0.004776526335603995
2024-10-24,2024,10,24,262500.0,662500.0,55.83613012441601,-4.195793465818992,2929.3898682148815,0.0015436479109232496
2024-10-24,2024,10,24,257500.0,667500.0,55.879574159628305,-4.278197631229293,4283.844651711825,0.0049743121811571395
2024-10-24,2024,10,24,262500.0,667500.0,55.88102684588964,-4.198328199669799,2919.1308638017586,0.007300747890947758
2024-10-25,2024,10,25,257500.0,662500.0,55.83467987242347,-4.275570996161421,4290.841991963815,0.5195587777794284
2024-10-25,2024,10,25,262500.0,662500.0,55.83613012441601,-4.195793465818992,2929.3898682148815,0.399746256348374
2024-10-25,2024,10,25,257500.0,667500.0,55.879574159628305,-4.278197631229293,4283.844651711825,0.5691538718435523
2024-10-25,2024,10,25,262500.0,667500.0,55.88102684588964,-4.198328199669799,2919.1308638017586,0.6389245734878554
2024-10-26,2024,10,26,257500.0,662500.0,55.83467987242347,-4.275570996161421,4290.841991963815,5.2400838049071945
2024-10-26,2024,10,26,262500.0,662500.0,55.83613012441601,-4.195793465818992,2929.3898682148815,4.8191050623384
2024-10-26,2024,10,26,257500.0,667500.0,55.879574159628305,-4.278197631229293,4283.844651711825,4.822125133510562
2024-10-26,2024,10,26,262500.0,667500.0,55.88102684588964,-4.198328199669799,2919.1308638017586,4.9789587653294625
2024-10-27,2024,10,27,257500.0,662500.0,55.83467987242347,-4.275570996161421,4290.841991963815,3.5345315492109455
2024-10-27,2024,10,27,262500.0,662500.0,55.83613012441601,-4.195793465818992,2929.3898682148815,2.748953538593953
2024-10-27,2024,10,27,257500.0,667500.0,55.879574159628305,-4.278197631229293,4283.844651711825,5.30352641295498
2024-10-27,2024,10,27,262500.0,667500.0,55.88102684588964,-4.198328199669799,2919.1308638017586,4.939150767896449
2024-10-28,2024,10,28,257500.0,662500.0,55.83467987242347,-4.275570996161421,4290.841991963815,0.46460861609198917
2024-10-28,2024,10,28,262500.0,662500.0,55.83613012441601,-4.195793465818992,2929.3898682148815,0.5054120976798333
2024-10-28,2024,10,28,257500.0,667500.0,55.879574159628305,-4.278197631229293,4283.844651711825,0.42527277286923376
2024-10-28,2024,10,28,262500.0,667500.0,55.88102684588964,-4.198328199669799,2919.1308638017586,0.4327228322727171
2024-10-29,2024,10,29,257500.0,662500.0,55.83467987242347,-4.275570996161421,4290.841991963815,0.039245393100102145
2024-10-29,2024,10,29,262500.0,662500.0,55.83613012441601,-4.195793465818992,2929.3898682148815,0.004845591868076938
2024-10-29,2024,10,29,257500.0,667500.0,55.879574159628305,-4.278197631229293,4283.844651711825,0.01139431333935151
2024-10-29,2024,10,29,262500.0,667500.0,55.88102684588964,-4.198328199669799,2919.1308638017586,0.010826839176117155
2024-10-30,2024,10,30,257500.0,662500.0,55.83467987242347,-4.275570996161421,4290.841991963815,0.2617547950168544
2024-10-30,2024,10,30,262500.0,662500.0,55.83613012441601,-4.195793465818992,2929.3898682148815,0.22414954502686701
2024-10-30,2024,10,30,257500.0,667500.0,55.879574159628305,-4.278197631229293,4283.844651711825,0.2479126954167533
2024-10-30,2024,10,30,262500.0,667500.0,55.88102684588964,-4.198328199669799,2919.1308638017586,0.3283158092492744
2024-10-31,2024,10,31,257500.0,662500.0,55.83467987242347,-4.275570996161421,4290.841991963815,0.25132845319863095
2024-10-31,2024,10,31,262500.0,662500.0,55.83613012441601,-4.195793465818992,2929.3898682148815,0.18178704986767236
2024-10-31,2024,10,31,257500.0,667500.0,55.879574159628305,-4.278197631229293,4283.844651711825,0.1297064805841839
2024-10-31,2024,10,31,262500.0,667500.0,55.88102684588964,-4.198328199669799,2919.1308638017586,0.28750852099581475
2024-11-01,2024,11,1,257500.0,662500.0,55.83467987242347,-4.275570996161421,4290.841991963815,1.6124354510245391
2024-11-01,2024,11,1,262500.0,662500.0,55.83613012441601,-4.195793465818992,2929.3898682148815,1.7206584038313635
2024-11-01,2024,11,1,257500.0,667500.0,55.879574159628305,-4.278197631229293,4283.844651711825,1.1722614969382812
2024-11-01,2024,11,1,262500.0,667500.0,55.88102684588964,-4.198328199669799,2919.1308638017586,1.4907907748828158
2024-11-02,2024,11,2,257500.0,662500.0,55.83467987242347,-4.275570996161421,4290.841991963815,0.850845552245583
2024-11-02,2024,11,2,262500.0,662500.0,55.83613012441601,-4.195793465818992,2929.3898682148815,0.6832596988406276
2024-11-02,2024,11,2,257500.0,667500.0,55.879574159628305,-4.278197631229293,4283.844651711825,0.7654198798031794
2024-11-02,2024,11,2,262500.0,667500.0,55.88102684588964,-4.198328199669799,2919.1308638017586,0.8209389803026987
2024-11-03,2024,11,3,257500.0,662500.0,55.83467987242347,-4.275570996161421,4290.841991963815,0.278914931256443
2024-11-03,2024,11,3,262500.0,662500.0,55.83613012441601,-4.195793465818992,2929.3898682148815,0.2143643748878979
2024-11-03,2024,11,3,257500.0,667500.0,55.879574159628305,-4.278197631229293,4283.844651711825,0.4190907433422159
2024-11-03,2024,11,3,262500.0,667500.0,55.88102684588964,-4.198328199669799,2919.1308638017586,0.278233248820718
2024-11-04,2024,11,4,257500.0,662500.0,55.83467987242347,-4.275570996161421,4290.841991963815,0.06392250174552762
2024-11-04,2024,11,4,262500.0,662500.0,55.83613012441601,-4.195793465818992,2929.3898682148815,0.00709551511256567
2024-11-04,2024,11,4,257500.0,667500.0,55.879574159628305,-4.278197631229293,4283.844651711825,0.1397228085068106
2024-11-04,2024,11,4,262500.0,667500.0,55.88102684588964,-4.198328199669799,2919.1308638017586,0.07592557554970095
2024-11-05,2024,11,5,257500.0,662500.0,55.83467987242347,-4.275570996161421,4290.841991963815,0.012644470192658255
2024-11-05,2024,11,5,262500.0,662500.0,55.83613012441601,-4.195793465818992,2929.3898682148815,0.002832887259311355
2024-11-05,2024,11,5,257500.0,667500.0,55.879574159628305,-4.278197631229293,4283.844651711825,0.013506295037770729
2024-11-05,2024,11,5,262500.0,667500.0,55.88102684588964,-4.198328199669799,2919.1308638017586,0.01971828798382288
2024-11-06,2024,11,6,257500.0,662500.0,55.83467987242347,-4.275570996161421,4290.841991963815,0.11371102810757476
2024-11-06,2024,11,6,262500.0,662500.0,55.83613012441601,-4.195793465818992,2929.3898682148815,0.013800585424770154
2024-11-06,2024,11,6,257500.0,667500.0,55.879574159628305,-4.278197631229293,4283.844651711825,0.36578274421818824
2024-11-06,2024,11,6,262500.0,667500.0,55.88102684588964,-4.198328199669799,2919.1308638017586,0.1374928102441961
2024-11-07,2024,11,7,257500.0,662500.0,55.83467987242347,-4.275570996161421,4290.841991963815,0.0026983044734225753
2024-11-07,2024,11,7,262500.0,662500.0,55.83613012441601,-4.195793465818992,2929.3898682148815,0.0005653318644012245
2024-11-07,2024,11,7,257500.0,667500.0,55.879574159628305,-4.278197631229293,4283.844651711825,0.003230741884785645
2024-11-07,2024,11,7,262500.0,667500.0,55.88102684588964,-4.198328199669799,2919.1308638017586,0.0035658236534764553
2024-11-08,2024,11,8,257500.0,662500.0,55.83467987242347,-4.275570996161421,4290.841991963815,0.00012143869295489531
2024-11-08,2024,11,8,262500.0,662500.0,55.83613012441601,-4.195793465818992,2929.3898682148815,1.5911827536038092e-05
2024-11-08,2024,11,8,257500.0,667500.0,55.879574159628305,-4.278197631229293,4283.844651711825,0.00011694970806984461
2024-11-08,2024,11,8,262500.0,667500.0,55.88102684588964,-4.198328199669799,2919.1308638017586,9.089950144318283e-05
2024-11-09,2024,11,9,257500.0,662500.0,55.83467987242347,-4.275570996161421,4290.841991963815,0.5427104434812359
2024-11-09,2024,11,9,262500.0,662500.0,55.83613012441601,-4.195793465818992,2929.3898682148815,0.35179656167804185
2024-11-09,2024,11,9,257500.0,667500.0,55.879574159628305,-4.278197631229293,4283.844651711825,0.6257143795520503
2024-11-09,2024,11,9,262500.0,667500.0,55.88102684588964,-4.198328199669799,2919.1308638017586,0.5147993622295639
2024-11-10,2024,11,10,257500.0,662500.0,55.83467987242347,-4.275570996161421,4290.841991963815,0.3151300516708598
2024-11-10,2024,11,10,262500.0,662500.0,55.83613012441601,-4.195793465818992,2929.3898682148815,0.21428005271357134
2024-11-10,2024,11,10,257500.0,667500.0,55.879574159628305,-4.278197631229293,4283.844651711825,0.4397816323238965
2024-11-10,2024,11,10,262500.0,667500.0,55.88102684588964,-4.198328199669799,2919.1308638017586,0.3417640198289523
2024-11-11,2024,11,11,257500.0,662500.0,55.83467987242347,-4.275570996161421,4290.841991963815,0.025156692197807643
2024-11-11,2024,11,11,262500.0,662500.0,55.83613012441601,-4.195793465818992,2929.3898682148815,0.004837815411342034
2024-11-11,2024,11,11,257500.0,667500.0,55.879574159628305,-4.278197631229293,4283.844651711825,0.11694066262753774
2024-11-11,2024,11,11,262500.0,667500.0,55.88102684588964,-4.198328199669799,2919.1308638017586,0.06950607368720778
2024-11-12,2024,11,12,257500.0,662500.0,55.83467987242347,-4.275570996161421,4290.841991963815,0.039189323848107346
2024-11-12,2024,11,12,262500.0,662500.0,55.83613012441601,-4.195793465818992,2929.3898682148815,0.0027476317818062395
2024-11-12,2024,11,12,257500.0,667500.0,55.879574159628305,-4.278197631229293,4283.844651711825,0.012402488296097608
2024-11-12,2024,11,12,262500.0,667500.0,55.88102684588964,-4.198328199669799,2919.1308638017586,0.010820826704705645
2024-11-13,2024,11,13,257500.0,662500.0,55.83467987242347,-4.275570996161421,4290.841991963815,0.00633076305584008
2024-11-13,2024,11,13,262500.0,662500.0,55.83613012441601,-4.195793465818992,2929.3898682148815,0.0010807786891800992
2024-11-13,2024,11,13,257500.0,667500.0,55.879574159628305,-4.278197631229293,4283.844651711825,0.003541417421927109
2024-11-13,2024,11,13,262500.0,667500.0,55.88102684588964,-4.198328199669799,2919.1308638017586,0.0036475120150732915
2024-11-14,2024,11,14,257500.0,662500.0,55.83467987242347,-4.275570996161421,4290.841991963815,0.06508959839022713
2024-11-14,2024,11,14,262500.0,662500.0,55.83613012441601,-4.195793465818992,2929.3898682148815,0.011384418858140434
2024-11-14,2024,11,14,257500.0,667500.0,55.879574159628305,-4.278197631229293,4283.844651711825,0.041748105260359915
2024-11-14,2024,11,14,262500.0,667500.0,55.88102684588964,-4.198328199669799,2919.1308638017586,0.09966819887065904
2024-11-15,2024,11,15,257500.0,662500.0,55.83467987242347,-4.275570996161421,4290.841991963815,0.5668955003782532
2024-11-15,2024,11,15,262500.0,662500.0,55.83613012441601,-4.195793465818992,2929.3898682148815,0.2616246935743841
2024-11-15,2024,11,15,257500.0,667500.0,55.879574159628305,-4.278197631229293,4283.844651711825,0.32206391203656115
2024-11-15,2024,11,15,262500.0,667500.0,55.88102684588964,-4.198328199669799,2919.1308638017586,0.3456638076705933
2024-11-16,2024,11,16,257500.0,662500.0,55.83467987242347,-4.275570996161421,4290.841991963815,0.551804577837955
2024-11-16,2024,11,16,262500.0,662500.0,55.83613012441601,-4.195793465818992,2929.3898682148815,0.35106822935418985
2024-11-16,2024,11,16,257500.0,667500.0,55.879574159628305,-4.278197631229293,4283.844651711825,0.42125366693106175
2024-11-16,2024,11,16,262500.0,667500.0,55.88102684588964,-4.198328199669799,2919.1308638017586,0.4074618058143462
2024-11-17,2024,11,17,257500.0,662500.0,55.83467987242347,-4.275570996161421,4290.841991963815,0.008124328778409592
2024-11-17,2024,11,17,262500.0,662500.0,55.83613012441601,-4.195793465818992,2929.3898682148815,0.002212047065853722
2024-11-17,2024,11,17,257500.0,667500.0,55.879574159628305,-4.278197631229293,4283.844651711825,0.010870911329914475
2024-11-17,2024,11,17,262500.0,667500.0,55.88102684588964,-4.198328199669799,2919.1308638017586,0.03457563951883725
2024-11-18,2024,11,18,257500.0,662500.0,55.83467987242347,-4.275570996161421,4290.841991963815,0.03951670089709323
2024-11-18,2024,11,18,262500.0,662500.0,55.83613012441601,-4.195793465818992,2929.3898682148815,0.004827766323181093
2024-11-18,2024,11,18,257500.0,667500.0,55.879574159628305,-4.278197631229293,4283.844651711825,0.011483163150860958
2024-11-18,2024,11,18,262500.0,667500.0,55.88102684588964,-4.198328199669799,2919.1308638017586,0.014183976073647601
2024-11-19,2024,11,19,257500.0,662500.0,55.83467987242347,-4.275570996161421,4290.841991963815,0.0
2024-11-19,2024,11,19,262500.0,662500.0,55.83613012441601,-4.195793465818992,2929.3898682148815,0.0
2024-11-19,2024,11,19,257500.0,667500.0,55.879574159628305,-4.278197631229293,4283.844651711825,0.0
2024-11-19,2024,11,19,262500.0,667500.0,55.88102684588964,-4.198328199669799,2919.1308638017586,0.0
2024-11-20,2024,11,20,257500.0,662500.0,55.83467987242347,-4.275570996161421,4290.841991963815,0.12789196402282627
2024-11-20,2024,11,20,262500.0,662500.0,55.83613012441601,-4.195793465818992,2929.3898682148815,0.15969550564025453
2024-11-20,2024,11,20,257500.0,667500.0,55.879574159628305,-4.278197631229293,4283.844651711825,0.050080269856689244
2024-11-20,2024,11,20,262500.0,667500.0,55.88102684588964,-4.198328199669799,2919.1308638017586,0.08836284566673473
2024-11-21,2024,11,21,257500.0,662500.0,55.83467987242347,-4.275570996161421,4290.841991963815,0.319569947209836
2024-11-21,2024,11,21,262500.0,662500.0,55.83613012441601,-4.195793465818992,2929.3898682148815,0.05195234599775237
2024-11-21,2024,11,21,257500.0,667500.0,55.879574159628305,-4.278197631229293,4283.844651711825,0.19766513347088835
2024-11-21,2024,11,21,262500.0,667500.0,55.88102684588964,-4.198328199669799,2919.1308638017586,0.14218933034446776
2024-11-22,2024,11,22,257500.0,662500.0,55.83467987242347,-4.275570996161421,4290.841991963815,6.970810856208647
2024-11-22,2024,11,22,262500.0,662500.0,55.83613012441601,-4.195793465818992,2929.3898682148815,6.92948475366174
2024-11-22,2024,11,22,257500.0,667500.0,55.879574159628305,-4.278197631229293,4283.844651711825,6.155534755147934
2024-11-22,2024,11,22,262500.0,667500.0,55.88102684588964,-4.198328199669799,2919.1308638017586,6.452499717734607
2024-11-23,2024,11,23,257500.0,662500.0,55.83467987242347,-4.275570996161421,4290.841991963815,22.64689459032625
2024-11-23,2024,11,23,262500.0,662500.0,55.83613012441601,-4.195793465818992,2929.3898682148815,22.45345609606353
2024-11-23,2024,11,23,257500.0,667500.0,55.879574159628305,-4.278197631229293,4283.844651711825,20.916649980107977
2024-11-23,2024,11,23,262500.0,667500.0,55.88102684588964,-4.198328199669799,2919.1308638017586,20.815652144690684
2024-11-24,2024,11,24,257500.0,662500.0,55.83467987242347,-4.275570996161421,4290.841991963815,4.845521395347936
2024-11-24,2024,11,24,262500.0,662500.0,55.83613012441601,-4.195793465818992,2929.3898682148815,4.212681472943016
2024-11-24,2024,11,24,257500.0,667500.0,55.879574159628305,-4.278197631229293,4283.844651711825,5.581163681980812
2024-11-24,2024,11,24,262500.0,667500.0,55.88102684588964,-4.198328199669799,2919.1308638017586,4.4737330454776725
2024-11-25,2024,11,25,257500.0,662500.0,55.83467987242347,-4.275570996161421,4290.841991963815,2.0639356341520205
2024-11-25,2024,11,25,262500.0,662500.0,55.83613012441601,-4.195793465818992,2929.3898682148815,1.5897869830103621
2024-11-25,2024,11,25,257500.0,667500.0,55.879574159628305,-4.278197631229293,4283.844651711825,1.797604371034202
2024-11-25,2024,11,25,262500.0,667500.0,55.88102684588964,-4.198328199669799,2919.1308638017586,1.8076875933180845
2024-11-26,2024,11,26,257500.0,662500.0,55.83467987242347,-4.275570996161421,4290.841991963815,0.2795773973104851
2024-11-26,2024,11,26,262500.0,662500.0,55.83613012441601,-4.195793465818992,2929.3898682148815,0.25229370751209906
2024-11-26,2024,11,26,257500.0,667500.0,55.879574159628305,-4.278197631229293,4283.844651711825,0.23150685767425166
2024-11-26,2024,11,26,262500.0,667500.0,55.88102684588964,-4.198328199669799,2919.1308638017586,0.30007790084650343
2024-11-27,2024,11,27,257500.0,662500.0,55.83467987242347,-4.275570996161421,4290.841991963815,0.005294094681603725
2024-11-27,2024,11,27,262500.0,662500.0,55.83613012441601,-4.195793465818992,2929.3898682148815,0.0011042794346067552
2024-11-27,2024,11,27,257500.0,667500.0,55.879574159628305,-4.278197631229293,4283.844651711825,0.0035807603649315087
2024-11-27,2024,11,27,262500.0,667500.0,55.88102684588964,-4.198328199669799,2919.1308638017586,0.004217974647048977
2024-11-28,2024,11,28,257500.0,662500.0,55.83467987242347,-4.275570996161421,4290.841991963815,1.0383971309308013
2024-11-28,2024,11,28,262500.0,662500.0,55.83613012441601,-4.195793465818992,2929.3898682148815,1.0515999237001235
2024-11-28,2024,11,28,257500.0,667500.0,55.879574159628305,-4.278197631229293,4283.844651711825,1.4859811950122626
2024-11-28,2024,11,28,262500.0,667500.0,55.88102684588964,-4.198328199669799,2919.1308638017586,1.3488387653396048
2024-11-29,2024,11,29,257500.0,662500.0,55.83467987242347,-4.275570996161421,4290.841991963815,3.380557713016555
2024-11-29,2024,11,29,262500.0,662500.0,55.83613012441601,-4.195793465818992,2929.3898682148815,2.764699477095655
2024-11-29,2024,11,29,257500.0,667500.0,55.879574159628305,-4.278197631229293,4283.844651711825,3.211271916771192
2024-11-29,2024,11,29,262500.0,667500.0,55.88102684588964,-4.198328199669799,2919.1308638017586,3.277507017752035
2024-11-30,2024,11,30,257500.0,662500.0,55.83467987242347,-4.275570996161421,4290.841991963815,6.426579943508954
2024-11-30,2024,11,30,262500.0,662500.0,55.83613012441601,-4.195793465818992,2929.3898682148815,5.732369293808135
2024-11-30,2024,11,30,257500.0,667500.0,55.879574159628305,-4.278197631229293,4283.844651711825,4.7012181034542655
2024-11-30,2024,11,30,262500.0,667500.0,55.88102684588964,-4.198328199669799,2919.1308638017586,5.305943817254964
2024-12-01,2024,12,1,257500.0,662500.0,55.83467987242347,-4.275570996161421,4290.841991963815,4.632952558521228
2024-12-01,2024,12,1,262500.0,662500.0,55.83613012441601,-4.195793465818992,2929.3898682148815,4.027565430047521
2024-12-01,2024,12,1,257500.0,667500.0,55.879574159628305,-4.278197631229293,4283.844651711825,5.387401312602945
2024-12-01,2024,12,1,262500.0,667500.0,55.88102684588964,-4.198328199669799,2919.1308638017586,4.757633900200587
2024-12-02,2024,12,2,257500.0,662500.0,55.83467987242347,-4.275570996161421,4290.841991963815,0.15199881482665323
2024-12-02,2024,12,2,262500.0,662500.0,55.83613012441601,-4.195793465818992,2929.3898682148815,0.16529489602167777
2024-12-02,2024,12,2,257500.0,667500.0,55.879574159628305,-4.278197631229293,4283.844651711825,0.054896158900282176
2024-12-02,2024,12,2,262500.0,667500.0,55.88102684588964,-4.198328199669799,2919.1308638017586,0.0932993093706159
2024-12-03,2024,12,3,257500.0,662500.0,55.83467987242347,-4.275570996161421,4290.841991963815,3.6878185881595025
2024-12-03,2024,12,3,262500.0,662500.0,55.83613012441601,-4.195793465818992,2929.3898682148815,2.9529813904463578
2024-12-03,2024,12,3,257500.0,667500.0,55.879574159628305,-4.278197631229293,4283.844651711825,3.928402540367788
2024-12-03,2024,12,3,262500.0,667500.0,55.88102684588964,-4.198328199669799,2919.1308638017586,3.672988442719315
2024-12-04,2024,12,4,257500.0,662500.0,55.83467987242347,-4.275570996161421,4290.841991963815,10.426233226380518
2024-12-04,2024,12,4,262500.0,662500.0,55.83613012441601,-4.195793465818992,2929.3898682148815,9.28793951172516
2024-12-04,2024,12,4,257500.0,667500.0,55.879574159628305,-4.278197631229293,4283.844651711825,9.541609211126252
2024-12-04,2024,12,4,262500.0,667500.0,55.88102684588964,-4.198328199669799,2919.1308638017586,9.203652355216159
2024-12-05,2024,12,5,257500.0,662500.0,55.83467987242347,-4.275570996161421,4290.841991963815,2.169711623682207
2024-12-05,2024,12,5,262500.0,662500.0,55.83613012441601,-4.195793465818992,2929.3898682148815,1.851539854446349
2024-12-05,2024,12,5,257500.0,667500.0,55.879574159628305,-4.278197631229293,4283.844651711825,2.2819133308426047
2024-12-05,2024,12,5,262500.0,667500.0,55.88102684588964,-4.198328199669799,2919.1308638017586,2.096212777970736
2024-12-06,2024,12,6,257500.0,662500.0,55.83467987242347,-4.275570996161421,4290.841991963815,18.046498295408746
2024-12-06,2024,12,6,262500.0,662500.0,55.83613012441601,-4.195793465818992,2929.3898682148815,17.95932018647886
2024-12-06,2024,12,6,257500.0,667500.0,55.879574159628305,-4.278197631229293,4283.844651711825,19.108331455763704
2024-12-06,2024,12,6,262500.0,667500.0,55.88102684588964,-4.198328199669799,2919.1308638017586,18.19463575805812
2024-12-07,2024,12,7,257500.0,662500.0,55.83467987242347,-4.275570996161421,4290.841991963815,0.15639372205882357
2024-12-07,2024,12,7,262500.0,662500.0,55.83613012441601,-4.195793465818992,2929.3898682148815,0.17428717878709865
2024-12-07,2024,12,7,257500.0,667500.0,55.879574159628305,-4.278197631229293,4283.844651711825,0.06853638884958767
2024-12-07,2024,12,7,262500.0,667500.0,55.88102684588964,-4.198328199669799,2919.1308638017586,0.11741323156610733
2024-12-08,2024,12,8,257500.0,662500.0,55.83467987242347,-4.275570996161421,4290.841991963815,0.00015075707295888143
2024-12-08,2024,12,8,262500.0,662500.0,55.83613012441601,-4.195793465818992,2929.3898682148815,6.842970745563034e-05
2024-12-08,2024,12,8,257500.0,667500.0,55.879574159628305,-4.278197631229293,4283.844651711825,0.0001487056430390436
2024-12-08,2024,12,8,262500.0,667500.0,55.88102684588964,-4.198328199669799,2919.1308638017586,0.0002828198596998442
2024-12-09,2024,12,9,257500.0,662500.0,55.83467987242347,-4.275570996161421,4290.841991963815,9.605165790125228e-06
2024-12-09,2024,12,9,262500.0,662500.0,55.83613012441601,-4.195793465818992,2929.3898682148815,0.0
2024-12-09,2024,12,9,257500.0,667500.0,55.879574159628305,-4.278197631229293,4283.844651711825,1.244918525237111e-05
2024-12-09,2024,12,9,262500.0,667500.0,55.88102684588964,-4.198328199669799,2919.1308638017586,1.7236544237940672e-06
2024-12-10,2024,12,10,257500.0,662500.0,55.83467987242347,-4.275570996161421,4290.841991963815,0.002253910155426316
2024-12-10,2024,12,10,262500.0,662500.0,55.83613012441601,-4.195793465818992,2929.3898682148815,0.00024772461192316416
2024-12-10,2024,12,10,257500.0,667500.0,55.879574159628305,-4.278197631229293,4283.844651711825,0.0025865682310546997
2024-12-10,2024,12,10,262500.0,667500.0,55.88102684588964,-4.198328199669799,2919.1308638017586,0.0015580255826413414
2024-12-11,2024,12,11,257500.0,662500.0,55.83467987242347,-4.275570996161421,4290.841991963815,0.2577018728401718
2024-12-11,2024,12,11,262500.0,662500.0,55.83613012441601,-4.195793465818992,2929.3898682148815,0.16930146160942613
2024-12-11,2024,12,11,257500.0,667500.0,55.879574159628305,-4.278197631229293,4283.844651711825,0.26984978893535294
2024-12-11,2024,12,11,262500.0,667500.0,55.88102684588964,-4.198328199669799,2919.1308638017586,0.1416031325076134
2024-12-12,2024,12,12,257500.0,662500.0,55.83467987242347,-4.275570996161421,4290.841991963815,0.4851008439690244
2024-12-12,2024,12,12,262500.0,662500.0,55.83613012441601,-4.195793465818992,2929.3898682148815,0.3925815319752228
2024-12-12,2024,12,12,257500.0,667500.0,55.879574159628305,-4.278197631229293,4283.844651711825,0.6162513493879606
2024-12-12,2024,12,12,262500.0,667500.0,55.88102684588964,-4.198328199669799,2919.1308638017586,0.5059871514547283
2024-12-13,2024,12,13,257500.0,662500.0,55.83467987242347,-4.275570996161421,4290.841991963815,0.26249251988864875
2024-12-13,2024,12,13,262500.0,662500.0,55.83613012441601,-4.195793465818992,2929.3898682148815,0.07069077421600624
2024-12-13,2024,12,13,257500.0,667500.0,55.879574159628305,-4.278197631229293,4283.844651711825,0.30339481528703055
2024-12-13,2024,12,13,262500.0,667500.0,55.88102684588964,-4.198328199669799,2919.1308638017586,0.20273426077263604
2024-12-14,2024,12,14,257500.0,662500.0,55.83467987242347,-4.275570996161421,4290.841991963815,0.4042809740769981
2024-12-14,2024,12,14,262500.0,662500.0,55.83613012441601,-4.195793465818992,2929.3898682148815,0.24775832243434623
2024-12-14,2024,12,14,257500.0,667500.0,55.879574159628305,-4.278197631229293,4283.844651711825,0.7604511710291307
2024-12-14,2024,12,14,262500.0,667500.0,55.88102684588964,-4.198328199669799,2919.1308638017586,0.665749966176175
2024-12-15,2024,12,15,257500.0,662500.0,55.83467987242347,-4.275570996161421,4290.841991963815,1.4149103918185504
2024-12-15,2024,12,15,262500.0,662500.0,55.83613012441601,-4.195793465818992,2929.3898682148815,0.5675175618431482
2024-12-15,2024,12,15,257500.0,667500.0,55.879574159628305,-4.278197631229293,4283.844651711825,0.9867354138044399
2024-12-15,2024,12,15,262500.0,667500.0,55.88102684588964,-4.198328199669799,2919.1308638017586,1.13296137934011
2024-12-16,2024,12,16,257500.0,662500.0,55.83467987242347,-4.275570996161421,4290.841991963815,1.78359134843745
2024-12-16,2024,12,16,262500.0,662500.0,55.83613012441601,-4.195793465818992,2929.3898682148815,1.34470095253183
2024-12-16,2024,12,16,257500.0,667500.0,55.879574159628305,-4.278197631229293,4283.844651711825,1.8317221144891607
2024-12-16,2024,12,16,262500.0,667500.0,55.88102684588964,-4.198328199669799,2919.1308638017586,2.229607737112316
2024-12-17,2024,12,17,257500.0,662500.0,55.83467987242347,-4.275570996161421,4290.841991963815,3.796255154968058
2024-12-17,2024,12,17,262500.0,662500.0,55.83613012441601,-4.195793465818992,2929.3898682148815,2.8752240304833605
2024-12-17,2024,12,17,257500.0,667500.0,55.879574159628305,-4.278197631229293,4283.844651711825,4.421562870177355
2024-12-17,2024,12,17,262500.0,667500.0,55.88102684588964,-4.198328199669799,2919.1308638017586,3.9531390294863935
2024-12-18,2024,12,18,257500.0,662500.0,55.83467987242347,-4.275570996161421,4290.841991963815,1.595165396787961
2024-12-18,2024,12,18,262500.0,662500.0,55.83613012441601,-4.195793465818992,2929.3898682148815,1.098436266106885
2024-12-18,2024,12,18,257500.0,667500.0,55.879574159628305,-4.278197631229293,4283.844651711825,0.7115666029235009
2024-12-18,2024,12,18,262500.0,667500.0,55.88102684588964,-4.198328199669799,2919.1308638017586,0.7825867892468057
2024-12-19,2024,12,19,257500.0,662500.0,55.83467987242347,-4.275570996161421,4290.841991963815,1.122974696620584
2024-12-19,2024,12,19,262500.0,662500.0,55.83613012441601,-4.195793465818992,2929.3898682148815,0.9504622375886772
2024-12-19,2024,12,19,257500.0,667500.0,55.879574159628305,-4.278197631229293,4283.844651711825,0.7805476651035195
2024-12-19,2024,12,19,262500.0,667500.0,55.88102684588964,-4.198328199669799,2919.1308638017586,0.8904699437785423
2024-12-20,2024,12,20,257500.0,662500.0,55.83467987242347,-4.275570996161421,4290.841991963815,8.135429389061734
2024-12-20,2024,12,20,262500.0,662500.0,55.83613012441601,-4.195793465818992,2929.3898682148815,6.844072644177213
2024-12-20,2024,12,20,257500.0,667500.0,55.879574159628305,-4.278197631229293,4283.844651711825,7.41950292522217
2024-12-20,2024,12,20,262500.0,667500.0,55.88102684588964,-4.198328199669799,2919.1308638017586,7.51611225986225
2024-12-21,2024,12,21,257500.0,662500.0,55.83467987242347,-4.275570996161421,4290.841991963815,6.910650948180188
2024-12-21,2024,12,21,262500.0,662500.0,55.83613012441601,-4.195793465818992,2929.3898682148815,7.23987223397865
2024-12-21,2024,12,21,257500.0,667500.0,55.879574159628305,-4.278197631229293,4283.844651711825,7.119558211157196
2024-12-21,2024,12,21,262500.0,667500.0,55.88102684588964,-4.198328199669799,2919.1308638017586,7.135826451892503
2024-12-22,2024,12,22,257500.0,662500.0,55.83467987242347,-4.275570996161421,4290.841991963815,0.7238470087559378
2024-12-22,2024,12,22,262500.0,662500.0,55.83613012441601,-4.195793465818992,2929.3898682148815,0.8372405740867488
2024-12-22,2024,12,22,257500.0,667500.0,55.879574159628305,-4.278197631229293,4283.844651711825,0.784228461759253
2024-12-22,2024,12,22,262500.0,667500.0,55.88102684588964,-4.198328199669799,2919.1308638017586,0.9640672067768293
2024-12-23,2024,12,23,257500.0,662500.0,55.83467987242347,-4.275570996161421,4290.841991963815,5.138195782346223
2024-12-23,2024,12,23,262500.0,662500.0,55.83613012441601,-4.195793465818992,2929.3898682148815,5.205546632713441
2024-12-23,2024,12,23,257500.0,667500.0,55.879574159628305,-4.278197631229293,4283.844651711825,5.992284238199317
2024-12-23,2024,12,23,262500.0,667500.0,55.88102684588964,-4.198328199669799,2919.1308638017586,5.058137154136112
2024-12-24,2024,12,24,257500.0,662500.0,55.83467987242347,-4.275570996161421,4290.841991963815,1.1809468094650641
2024-12-24,2024,12,24,262500.0,662500.0,55.83613012441601,-4.195793465818992,2929.3898682148815,0.13398857419317092
2024-12-24,2024,12,24,257500.0,667500.0,55.879574159628305,-4.278197631229293,4283.844651711825,2.616199472941248
2024-12-24,2024,12,24,262500.0,667500.0,55.88102684588964,-4.198328199669799,2919.1308638017586,1.3646267276615203
2024-12-25,2024,12,25,257500.0,662500.0,55.83467987242347,-4.275570996161421,4290.841991963815,0.7578058419880969
2024-12-25,2024,12,25,262500.0,662500.0,55.83613012441601,-4.195793465818992,2929.3898682148815,0.2840911776254073
2024-12-25,2024,12,25,257500.0,667500.0,55.879574159628305,-4.278197631229293,4283.844651711825,1.6224618963938502
2024-12-25,2024,12,25,262500.0,667500.0,55.88102684588964,-4.198328199669799,2919.1308638017586,0.9310245266674889
2024-12-26,2024,12,26,257500.0,662500.0,55.83467987242347,-4.275570996161421,4290.841991963815,0.6929897391983064
2024-12-26,2024,12,26,262500.0,662500.0,55.83613012441601,-4.195793465818992,2929.3898682148815,0.43895455851198023
2024-12-26,2024,12,26,257500.0,667500.0,55.879574159628305,-4.278197631229293,4283.844651711825,2.06680768693636
2024-12-26,2024,12,26,262500.0,667500.0,55.88102684588964,-4.198328199669799,2919.1308638017586,1.2823893269788798
2024-12-27,2024,12,27,257500.0,662500.0,55.83467987242347,-4.275570996161421,4290.841991963815,0.34490909201974324
2024-12-27,2024,12,27,262500.0,662500.0,55.83613012441601,-4.195793465818992,2929.3898682148815,0.04686147762203323
2024-12-27,2024,12,27,257500.0,667500.0,55.879574159628305,-4.278197631229293,4283.844651711825,0.4217955524072611
2024-12-27,2024,12,27,262500.0,667500.0,55.88102684588964,-4.198328199669799,2919.1308638017586,0.4490258006101286
2024-12-28,2024,12,28,257500.0,662500.0,55.83467987242347,-4.275570996161421,4290.841991963815,0.4877852797707103
2024-12-28,2024,12,28,262500.0,662500.0,55.83613012441601,-4.195793465818992,2929.3898682148815,0.26334024192545896
2024-12-28,2024,12,28,257500.0,667500.0,55.879574159628305,-4.278197631229293,4283.844651711825,0.8871816410702447
2024-12-28,2024,12,28,262500.0,667500.0,55.88102684588964,-4.198328199669799,2919.1308638017586,0.6692969780874402
2024-12-29,2024,12,29,257500.0,662500.0,55.83467987242347,-4.275570996161421,4290.841991963815,3.423667996906521
2024-12-29,2024,12,29,262500.0,662500.0,55.83613012441601,-4.195793465818992,2929.3898682148815,2.337199959427285
2024-12-29,2024,12,29,257500.0,667500.0,55.879574159628305,-4.278197631229293,4283.844651711825,4.451571940987408
2024-12-29,2024,12,29,262500.0,667500.0,55.88102684588964,-4.198328199669799,2919.1308638017586,3.4816556333131654
2024-12-30,2024,12,30,257500.0,662500.0,55.83467987242347,-4.275570996161421,4290.841991963815,24.60798598174022
2024-12-30,2024,12,30,262500.0,662500.0,55.83613012441601,-4.195793465818992,2929.3898682148815,24.304063138125684
2024-12-30,2024,12,30,257500.0,667500.0,55.879574159628305,-4.278197631229293,4283.844651711825,19.541033304443275
2024-12-30,2024,12,30,262500.0,667500.0,55.88102684588964,-4.198328199669799,2919.1308638017586,22.42954107817725
2024-12-31,2024,12,31,257500.0,662500.0,55.83467987242347,-4.275570996161421,4290.841991963815,11.161464159427485
2024-12-31,2024,12,31,262500.0,662500.0,55.83613012441601,-4.195793465818992,2929.3898682148815,10.750368726002812
2024-12-31,2024,12,31,257500.0,667500.0,55.879574159628305,-4.278197631229293,4283.844651711825,12.505762233563052
2024-12-31,2024,12,31,262500.0,667500.0,55.88102684588964,-4.198328199669799,2919.1308638017586,12.782589876706348
2025-01-01,2025,1,1,257500.0,662500.0,55.83467987242347,-4.275570996161421,4290.841991963815,3.4723706999889763
2025-01-01,2025,1,1,262500.0,662500.0,55.83613012441601,-4.195793465818992,2929.3898682148815,3.92788046444803
2025-01-01,2025,1,1,257500.0,667500.0,55.879574159628305,-4.278197631229293,4283.844651711825,3.2066579998302998
2025-01-01,2025,1,1,262500.0,667500.0,55.88102684588964,-4.198328199669799,2919.1308638017586,3.9232067024125965
2025-01-02,2025,1,2,257500.0,662500.0,55.83467987242347,-4.275570996161421,4290.841991963815,0.5668266193711294
2025-01-02,2025,1,2,262500.0,662500.0,55.83613012441601,-4.195793465818992,2929.3898682148815,0.7241843016257413
2025-01-02,2025,1,2,257500.0,667500.0,55.879574159628305,-4.278197631229293,4283.844651711825,0.3359948494381527
2025-01-02,2025,1,2,262500.0,667500.0,55.88102684588964,-4.198328199669799,2919.1308638017586,0.4707111773623228
2025-01-03,2025,1,3,257500.0,662500.0,55.83467987242347,-4.275570996161421,4290.841991963815,0.7180827478892237
2025-01-03,2025,1,3,262500.0,662500.0,55.83613012441601,-4.195793465818992,2929.3898682148815,0.6644989350068062
2025-01-03,2025,1,3,257500.0,667500.0,55.879574159628305,-4.278197631229293,4283.844651711825,1.2978479467348836
2025-01-03,2025,1,3,262500.0,667500.0,55.88102684588964,-4.198328199669799,2919.1308638017586,0.9021550627426173
2025-01-04,2025,1,4,257500.0,662500.0,55.83467987242347,-4.275570996161421,4290.841991963815,0.05217317747930188
2025-01-04,2025,1,4,262500.0,662500.0,55.83613012441601,-4.195793465818992,2929.3898682148815,0.039675158226251825
2025-01-04,2025,1,4,257500.0,667500.0,55.879574159628305,-4.278197631229293,4283.844651711825,0.027413571465092906
2025-01-04,2025,1,4,262500.0,667500.0,55.88102684588964,-4.198328199669799,2919.1308638017586,0.05996255777332218
2025-01-05,2025,1,5,257500.0,662500.0,55.83467987242347,-4.275570996161421,4290.841991963815,0.5870954653156474
2025-01-05,2025,1,5,262500.0,662500.0,55.83613012441601,-4.195793465818992,2929.3898682148815,0.6866906018558836
2025-01-05,2025,1,5,257500.0,667500.0,55.879574159628305,-4.278197631229293,4283.844651711825,0.6365230138732674
2025-01-05,2025,1,5,262500.0,667500.0,55.88102684588964,-4.198328199669799,2919.1308638017586,0.8746684854222188
2025-01-06,2025,1,6,257500.0,662500.0,55.83467987242347,-4.275570996161421,4290.841991963815,0.38998722999040464
2025-01-06,2025,1,6,262500.0,662500.0,55.83613012441601,-4.195793465818992,2929.3898682148815,0.3414126318036673
2025-01-06,2025,1,6,257500.0,667500.0,55.879574159628305,-4.278197631229293,4283.844651711825,0.1333797600305076
2025-01-06,2025,1,6,262500.0,667500.0,55.88102684588964,-4.198328199669799,2919.1308638017586,0.2146790618384014
2025-01-07,2025,1,7,257500.0,662500.0,55.83467987242347,-4.275570996161421,4290.841991963815,0.0005877060747237183
2025-01-07,2025,1,7,262500.0,662500.0,55.83613012441601,-4.195793465818992,2929.3898682148815,0.00024486984629772633
2025-01-07,2025,1,7,257500.0,667500.0,55.879574159628305,-4.278197631229293,4283.844651711825,0.0005030185962649311
2025-01-07,2025,1,7,262500.0,667500.0,55.88102684588964,-4.198328199669799,2919.1308638017586,0.0009275528532586619
2025-01-08,2025,1,8,257500.0,662500.0,55.83467987242347,-4.275570996161421,4290.841991963815,0.008118766840985543
2025-01-08,2025,1,8,262500.0,662500.0,55.83613012441601,-4.195793465818992,2929.3898682148815,0.03337847748553293
2025-01-08,2025,1,8,257500.0,667500.0,55.879574159628305,-4.278197631229293,4283.844651711825,0.007263319582391027
2025-01-08,2025,1,8,262500.0,667500.0,55.88102684588964,-4.198328199669799,2919.1308638017586,0.02934332436905694
2025-01-09,2025,1,9,257500.0,662500.0,55.83467987242347,-4.275570996161421,4290.841991963815,0.004023368071319004
2025-01-09,2025,1,9,262500.0,662500.0,55.83613012441601,-4.195793465818992,2929.3898682148815,0.0016754900670177383
2025-01-09,2025,1,9,257500.0,667500.0,55.879574159628305,-4.278197631229293,4283.844651711825,0.005598120611187212
2025-01-09,2025,1,9,262500.0,667500.0,55.88102684588964,-4.198328199669799,2919.1308638017586,0.012409734251160346
2025-01-10,2025,1,10,257500.0,662500.0,55.83467987242347,-4.275570996161421,4290.841991963815,0.018041851193563177
2025-01-10,2025,1,10,262500.0,662500.0,55.83613012441601,-4.195793465818992,2929.3898682148815,0.034435943912989424
2025-01-10,2025,1,10,257500.0,667500.0,55.879574159628305,-4.278197631229293,4283.844651711825,0.10552778352869029
2025-01-10,2025,1,10,262500.0,667500.0,55.88102684588964,-4.198328199669799,2919.1308638017586,0.05183655257569083
2025-01-11,2025,1,11,257500.0,662500.0,55.83467987242347,-4.275570996161421,4290.841991963815,1.3761244586634844
2025-01-11,2025,1,11,262500.0,662500.0,55.83613012441601,-4.195793465818992,2929.3898682148815,0.8149096802575225
2025-01-11,2025,1,11,257500.0,667500.0,55.879574159628305,-4.278197631229293,4283.844651711825,1.3659898257448253
2025-01-11,2025,1,11,262500.0,667500.0,55.88102684588964,-4.198328199669799,2919.1308638017586,0.9959821397159718
2025-01-12,2025,1,12,257500.0,662500.0,55.83467987242347,-4.275570996161421,4290.841991963815,0.12673204408280872
2025-01-12,2025,1,12,262500.0,662500.0,55.83613012441601,-4.195793465818992,2929.3898682148815,0.025551538426314063
2025-01-12,2025,1,12,257500.0,667500.0,55.879574159628305,-4.278197631229293,4283.844651711825,0.5554372864032271
2025-01-12,2025,1,12,262500.0,667500.0,55.88102684588964,-4.198328199669799,2919.1308638017586,0.40396691832368276
2025-01-13,2025,1,13,257500.0,662500.0,55.83467987242347,-4.275570996161421,4290.841991963815,3.3755904343418304
2025-01-13,2025,1,13,262500.0,662500.0,55.83613012441601,-4.195793465818992,2929.3898682148815,2.6208550085399405
2025-01-13,2025,1,13,257500.0,667500.0,55.879574159628305,-4.278197631229293,4283.844651711825,2.936584379748967
2025-01-13,2025,1,13,262500.0,667500.0,55.88102684588964,-4.198328199669799,2919.1308638017586,2.9989370045706876
2025-01-14,2025,1,14,257500.0,662500.0,55.83467987242347,-4.275570996161421,4290.841991963815,0.017882874843528376
2025-01-14,2025,1,14,262500.0,662500.0,55.83613012441601,-4.195793465818992,2929.3898682148815,0.004646944420712287
2025-01-14,2025,1,14,257500.0,667500.0,55.879574159628305,-4.278197631229293,4283.844651711825,0.02204157714981169
2025-01-14,2025,1,14,262500.0,667500.0,55.88102684588964,-4.198328199669799,2919.1308638017586,0.036863487558727454
2025-01-15,2025,1,15,257500.0,662500.0,55.83467987242347,-4.275570996161421,4290.841991963815,0.004649827273859172
2025-01-15,2025,1,15,262500.0,662500.0,55.83613012441601,-4.195793465818992,2929.3898682148815,0.0015145932556628835
2025-01-15,2025,1,15,257500.0,667500.0,55.879574159628305,-4.278197631229293,4283.844651711825,0.010270595187704564
2025-01-15,2025,1,15,262500.0,667500.0,55.88102684588964,-4.198328199669799,2919.1308638017586,0.03206759904337299
2025-01-16,2025,1,16,257500.0,662500.0,55.83467987242347,-4.275570996161421,4290.841991963815,0.1281478031699908
2025-01-16,2025,1,16,262500.0,662500.0,55.83613012441601,-4.195793465818992,2929.3898682148815,0.017125478041302978
2025-01-16,2025,1,16,257500.0,667500.0,55.879574159628305,-4.278197631229293,4283.844651711825,0.18541342727653173
2025-01-16,2025,1,16,262500.0,667500.0,55.88102684588964,-4.198328199669799,2919.1308638017586,0.19514992960077307
2025-01-17,2025,1,17,257500.0,662500.0,55.83467987242347,-4.275570996161421,4290.841991963815,0.03270477493668662
2025-01-17,2025,1,17,262500.0,662500.0,55.83613012441601,-4.195793465818992,2929.3898682148815,0.0069308287405834374
2025-01-17,2025,1,17,257500.0,667500.0,55.879574159628305,-4.278197631229293,4283.844651711825,0.03929092640080374
2025-01-17,2025,1,17,262500.0,667500.0,55.88102684588964,-4.198328199669799,2919.1308638017586,0.07515956985498248
2025-01-18,2025,1,18,257500.0,662500.0,55.83467987242347,-4.275570996161421,4290.841991963815,0.0002618723027413882
2025-01-18,2025,1,18,262500.0,662500.0,55.83613012441601,-4.195793465818992,2929.3898682148815,3.538106180388406e-05
2025-01-18,2025,1,18,257500.0,667500.0,55.879574159628305,-4.278197631229293,4283.844651711825,0.00020762003445476618
2025-01-18,2025,1,18,262500.0,667500.0,55.88102684588964,-4.198328199669799,2919.1308638017586,0.00016990397785852514
2025-01-19,2025,1,19,257500.0,662500.0,55.83467987242347,-4.275570996161421,4290.841991963815,0.04890051443392587
2025-01-19,2025,1,19,262500.0,662500.0,55.83613012441601,-4.195793465818992,2929.3898682148815,0.011366117962812564
2025-01-19,2025,1,19,257500.0,667500.0,55.879574159628305,-4.278197631229293,4283.844651711825,0.15123443378114496
2025-01-19,2025,1,19,262500.0,667500.0,55.88102684588964,-4.198328199669799,2919.1308638017586,0.15081123395350765
2025-01-20,2025,1,20,257500.0,662500.0,55.83467987242347,-4.275570996161421,4290.841991963815,0.0679332514858845
2025-01-20,2025,1,20,262500.0,662500.0,55.83613012441601,-4.195793465818992,2929.3898682148815,0.009652520068937156
2025-01-20,2025,1,20,257500.0,667500.0,55.879574159628305,-4.278197631229293,4283.844651711825,0.049705671906293096
2025-01-20,2025,1,20,262500.0,667500.0,55.88102684588964,-4.198328199669799,2919.1308638017586,0.08174060929925167
2025-01-21,2025,1,21,257500.0,662500.0,55.83467987242347,-4.275570996161421,4290.841991963815,0.3367594769900425
2025-01-21,2025,1,21,262500.0,662500.0,55.83613012441601,-4.195793465818992,2929.3898682148815,0.37104853322904574
2025-01-21,2025,1,21,257500.0,667500.0,55.879574159628305,-4.278197631229293,4283.844651711825,0.23693059429787022
2025-01-21,2025,1,21,262500.0,667500.0,55.88102684588964,-4.198328199669799,2919.1308638017586,0.2834502067192069
2025-01-22,2025,1,22,257500.0,662500.0,55.83467987242347,-4.275570996161421,4290.841991963815,0.06678083253121954
2025-01-22,2025,1,22,262500.0,662500.0,55.83613012441601,-4.195793465818992,2929.3898682148815,0.011117087183794857
2025-01-22,2025,1,22,257500.0,667500.0,55.879574159628305,-4.278197631229293,4283.844651711825,0.04907911751805081
2025-01-22,2025,1,22,262500.0,667500.0,55.88102684588964,-4.198328199669799,2919.1308638017586,0.08271992886165991
2025-01-23,2025,1,23,257500.0,662500.0,55.83467987242347,-4.275570996161421,4290.841991963815,6.398389534783514
2025-01-23,2025,1,23,262500.0,662500.0,55.83613012441601,-4.195793465818992,2929.3898682148815,5.886985338944373
2025-01-23,2025,1,23,257500.0,667500.0,55.879574159628305,-4.278197631229293,4283.844651711825,8.168792891148602
2025-01-23,2025,1,23,262500.0,667500.0,55.88102684588964,-4.198328199669799,2919.1308638017586,6.834867942687128
2025-01-24,2025,1,24,257500.0,662500.0,55.83467987242347,-4.275570996161421,4290.841991963815,13.21729613954741
2025-01-24,2025,1,24,262500.0,662500.0,55.83613012441601,-4.195793465818992,2929.3898682148815,14.813788870386192
2025-01-24,2025,1,24,257500.0,667500.0,55.879574159628305,-4.278197631229293,4283.844651711825,9.566670382318229
2025-01-24,2025,1,24,262500.0,667500.0,55.88102684588964,-4.198328199669799,2919.1308638017586,12.247042933048677
2025-01-25,2025,1,25,257500.0,662500.0,55.83467987242347,-4.275570996161421,4290.841991963815,15.512283490292644
2025-01-25,2025,1,25,262500.0,662500.0,55.83613012441601,-4.195793465818992,2929.3898682148815,17.438951316058553
2025-01-25,2025,1,25,257500.0,667500.0,55.879574159628305,-4.278197631229293,4283.844651711825,9.744274680686768
2025-01-25,2025,1,25,262500.0,667500.0,55.88102684588964,-4.198328199669799,2919.1308638017586,12.912722334530464
2025-01-26,2025,1,26,257500.0,662500.0,55.83467987242347,-4.275570996161421,4290.841991963815,6.189097759086748
2025-01-26,2025,1,26,262500.0,662500.0,55.83613012441601,-4.195793465818992,2929.3898682148815,6.3544439423270465
2025-01-26,2025,1,26,257500.0,667500.0,55.879574159628305,-4.278197631229293,4283.844651711825,7.518199097268324
2025-01-26,2025,1,26,262500.0,667500.0,55.88102684588964,-4.198328199669799,2919.1308638017586,6.806374062679334
2025-01-27,2025,1,27,257500.0,662500.0,55.83467987242347,-4.275570996161421,4290.841991963815,2.3571719991208395
2025-01-27,2025,1,27,262500.0,662500.0,55.83613012441601,-4.195793465818992,2929.3898682148815,2.197392281874697
2025-01-27,2025,1,27,257500.0,667500.0,55.879574159628305,-4.278197631229293,4283.844651711825,1.9707741010251487
2025-01-27,2025,1,27,262500.0,667500.0,55.88102684588964,-4.198328199669799,2919.1308638017586,2.118965162687309
2025-01-28,2025,1,28,257500.0,662500.0,55.83467987242347,-4.275570996161421,4290.841991963815,0.0031940908807337135
2025-01-28,2025,1,28,262500.0,662500.0,55.83613012441601,-4.195793465818992,2929.3898682148815,0.0006822541341406904
2025-01-28,2025,1,28,257500.0,667500.0,55.879574159628305,-4.278197631229293,4283.844651711825,0.0014671606210731598
2025-01-28,2025,1,28,262500.0,667500.0,55.88102684588964,-4.198328199669799,2919.1308638017586,0.0019566703180753414
2025-01-29,2025,1,29,257500.0,662500.0,55.83467987242347,-4.275570996161421,4290.841991963815,0.0011338792512751836
2025-01-29,2025,1,29,262500.0,662500.0,55.83613012441601,-4.195793465818992,2929.3898682148815,0.000176393136634392
2025-01-29,2025,1,29,257500.0,667500.0,55.879574159628305,-4.278197631229293,4283.844651711825,0.0007963609247180428
2025-01-29,2025,1,29,262500.0,667500.0,55.88102684588964,-4.198328199669799,2919.1308638017586,0.0006434830801419883
2025-01-30,2025,1,30,257500.0,662500.0,55.83467987242347,-4.275570996161421,4290.841991963815,0.8591727269176735
2025-01-30,2025,1,30,262500.0,662500.0,55.83613012441601,-4.195793465818992,2929.3898682148815,0.287796609713931
2025-01-30,2025,1,30,257500.0,667500.0,55.879574159628305,-4.278197631229293,4283.844651711825,0.9031382071408575
2025-01-30,2025,1,30,262500.0,667500.0,55.88102684588964,-4.198328199669799,2919.1308638017586,0.770035477167979
2025-01-31,2025,1,31,257500.0,662500.0,55.83467987242347,-4.275570996161421,4290.841991963815,0.00948034359420353
2025-01-31,2025,1,31,262500.0,662500.0,55.83613012441601,-4.195793465818992,2929.3898682148815,0.0025276802272103773
2025-01-31,2025,1,31,257500.0,667500.0,55.879574159628305,-4.278197631229293,4283.844651711825,0.013862352077739847
2025-01-31,2025,1,31,262500.0,667500.0,55.88102684588964,-4.198328199669799,2919.1308638017586,0.037296414262913795
2025-01-01,2025,1,1,257500.0,662500.0,55.83467987242347,-4.275570996161421,4290.841991963815,3.4723706999889763
2025-01-01,2025,1,1,262500.0,662500.0,55.83613012441601,-4.195793465818992,2929.3898682148815,3.92788046444803
2025-01-01,2025,1,1,257500.0,667500.0,55.879574159628305,-4.278197631229293,4283.844651711825,3.2066579998302998
2025-01-01,2025,1,1,262500.0,667500.0,55.88102684588964,-4.198328199669799,2919.1308638017586,3.9232067024125965
2025-01-02,2025,1,2,257500.0,662500.0,55.83467987242347,-4.275570996161421,4290.841991963815,0.5668266193711294
2025-01-02,2025,1,2,262500.0,662500.0,55.83613012441601,-4.195793465818992,2929.3898682148815,0.7241843016257413
2025-01-02,2025,1,2,257500.0,667500.0,55.879574159628305,-4.278197631229293,4283.844651711825,0.3359948494381527
2025-01-02,2025,1,2,262500.0,667500.0,55.88102684588964,-4.198328199669799,2919.1308638017586,0.4707111773623228
2025-01-03,2025,1,3,257500.0,662500.0,55.83467987242347,-4.275570996161421,4290.841991963815,0.7180827478892237
2025-01-03,2025,1,3,262500.0,662500.0,55.83613012441601,-4.195793465818992,2929.3898682148815,0.6644989350068062
2025-01-03,2025,1,3,257500.0,667500.0,55.879574159628305,-4.278197631229293,4283.844651711825,1.2978479467348836
2025-01-03,2025,1,3,262500.0,667500.0,55.88102684588964,-4.198328199669799,2919.1308638017586,0.9021550627426173
2025-01-04,2025,1,4,257500.0,662500.0,55.83467987242347,-4.275570996161421,4290.841991963815,0.05217317747930188
2025-01-04,2025,1,4,262500.0,662500.0,55.83613012441601,-4.195793465818992,2929.3898682148815,0.039675158226251825
2025-01-04,2025,1,4,257500.0,667500.0,55.879574159628305,-4.278197631229293,4283.844651711825,0.027413571465092906
2025-01-04,2025,1,4,262500.0,667500.0,55.88102684588964,-4.198328199669799,2919.1308638017586,0.05996255777332218
2025-01-05,2025,1,5,257500.0,662500.0,55.83467987242347,-4.275570996161421,4290.841991963815,0.5870954653156474
2025-01-05,2025,1,5,262500.0,662500.0,55.83613012441601,-4.195793465818992,2929.3898682148815,0.6866906018558836
2025-01-05,2025,1,5,257500.0,667500.0,55.879574159628305,-4.278197631229293,4283.844651711825,0.6365230138732674
2025-01-05,2025,1,5,262500.0,667500.0,55.88102684588964,-4.198328199669799,2919.1308638017586,0.8746684854222188
2025-01-06,2025,1,6,257500.0,662500.0,55.83467987242347,-4.275570996161421,4290.841991963815,0.38998722999040464
2025-01-06,2025,1,6,262500.0,662500.0,55.83613012441601,-4.195793465818992,2929.3898682148815,0.3414126318036673
2025-01-06,2025,1,6,257500.0,667500.0,55.879574159628305,-4.278197631229293,4283.844651711825,0.1333797600305076
2025-01-06,2025,1,6,262500.0,667500.0,55.88102684588964,-4.198328199669799,2919.1308638017586,0.2146790618384014
2025-01-07,2025,1,7,257500.0,662500.0,55.83467987242347,-4.275570996161421,4290.841991963815,0.0005877060747237183
2025-01-07,2025,1,7,262500.0,662500.0,55.83613012441601,-4.195793465818992,2929.3898682148815,0.00024486984629772633
2025-01-07,2025,1,7,257500.0,667500.0,55.879574159628305,-4.278197631229293,4283.844651711825,0.0005030185962649311
2025-01-07,2025,1,7,262500.0,667500.0,55.88102684588964,-4.198328199669799,2919.1308638017586,0.0009275528532586619
2025-01-08,2025,1,8,257500.0,662500.0,55.83467987242347,-4.275570996161421,4290.841991963815,0.008118766840985543
2025-01-08,2025,1,8,262500.0,662500.0,55.83613012441601,-4.195793465818992,2929.3898682148815,0.03337847748553293
2025-01-08,2025,1,8,257500.0,667500.0,55.879574159628305,-4.278197631229293,4283.844651711825,0.007263319582391027
2025-01-08,2025,1,8,262500.0,667500.0,55.88102684588964,-4.198328199669799,2919.1308638017586,0.02934332436905694
2025-01-09,2025,1,9,257500.0,662500.0,55.83467987242347,-4.275570996161421,4290.841991963815,0.004023368071319004
2025-01-09,2025,1,9,262500.0,662500.0,55.83613012441601,-4.195793465818992,2929.3898682148815,0.0016754900670177383
2025-01-09,2025,1,9,257500.0,667500.0,55.879574159628305,-4.278197631229293,4283.844651711825,0.005598120611187212
2025-01-09,2025,1,9,262500.0,667500.0,55.88102684588964,-4.198328199669799,2919.1308638017586,0.012409734251160346
2025-01-10,2025,1,10,257500.0,662500.0,55.83467987242347,-4.275570996161421,4290.841991963815,0.018041851193563177
2025-01-10,2025,1,10,262500.0,662500.0,55.83613012441601,-4.195793465818992,2929.3898682148815,0.034435943912989424
2025-01-10,2025,1,10,257500.0,667500.0,55.879574159628305,-4.278197631229293,4283.844651711825,0.10552778352869029
2025-01-10,2025,1,10,262500.0,667500.0,55.88102684588964,-4.198328199669799,2919.1308638017586,0.05183655257569083
2025-01-11,2025,1,11,257500.0,662500.0,55.83467987242347,-4.275570996161421,4290.841991963815,1.3761244586634844
2025-01-11,2025,1,11,262500.0,662500.0,55.83613012441601,-4.195793465818992,2929.3898682148815,0.8149096802575225
2025-01-11,2025,1,11,257500.0,667500.0,55.879574159628305,-4.278197631229293,4283.844651711825,1.3659898257448253
2025-01-11,2025,1,11,262500.0,667500.0,55.88102684588964,-4.198328199669799,2919.1308638017586,0.9959821397159718
2025-01-12,2025,1,12,257500.0,662500.0,55.83467987242347,-4.275570996161421,4290.841991963815,0.12673204408280872
2025-01-12,2025,1,12,262500.0,662500.0,55.83613012441601,-4.195793465818992,2929.3898682148815,0.025551538426314063
2025-01-12,2025,1,12,257500.0,667500.0,55.879574159628305,-4.278197631229293,4283.844651711825,0.5554372864032271
2025-01-12,2025,1,12,262500.0,667500.0,55.88102684588964,-4.198328199669799,2919.1308638017586,0.40396691832368276
2025-01-13,2025,1,13,257500.0,662500.0,55.83467987242347,-4.275570996161421,4290.841991963815,3.3755904343418304
2025-01-13,2025,1,13,262500.0,662500.0,55.83613012441601,-4.195793465818992,2929.3898682148815,2.6208550085399405
2025-01-13,2025,1,13,257500.0,667500.0,55.879574159628305,-4.278197631229293,4283.844651711825,2.936584379748967
2025-01-13,2025,1,13,262500.0,667500.0,55.88102684588964,-4.198328199669799,2919.1308638017586,2.9989370045706876
2025-01-14,2025,1,14,257500.0,662500.0,55.83467987242347,-4.275570996161421,4290.841991963815,0.017882874843528376
2025-01-14,2025,1,14,262500.0,662500.0,55.83613012441601,-4.195793465818992,2929.3898682148815,0.004646944420712287
2025-01-14,2025,1,14,257500.0,667500.0,55.879574159628305,-4.278197631229293,4283.844651711825,0.02204157714981169
2025-01-14,2025,1,14,262500.0,667500.0,55.88102684588964,-4.198328199669799,2919.1308638017586,0.036863487558727454
2025-01-15,2025,1,15,257500.0,662500.0,55.83467987242347,-4.275570996161421,4290.841991963815,0.004649827273859172
2025-01-15,2025,1,15,262500.0,662500.0,55.83613012441601,-4.195793465818992,2929.3898682148815,0.0015145932556628835
2025-01-15,2025,1,15,257500.0,667500.0,55.879574159628305,-4.278197631229293,4283.844651711825,0.010270595187704564
2025-01-15,2025,1,15,262500.0,667500.0,55.88102684588964,-4.198328199669799,2919.1308638017586,0.03206759904337299
2025-01-16,2025,1,16,257500.0,662500.0,55.83467987242347,-4.275570996161421,4290.841991963815,0.1281478031699908
2025-01-16,2025,1,16,262500.0,662500.0,55.83613012441601,-4.195793465818992,2929.3898682148815,0.017125478041302978
2025-01-16,2025,1,16,257500.0,667500.0,55.879574159628305,-4.278197631229293,4283.844651711825,0.18541342727653173
2025-01-16,2025,1,16,262500.0,667500.0,55.88102684588964,-4.198328199669799,2919.1308638017586,0.19514992960077307
2025-01-17,2025,1,17,257500.0,662500.0,55.83467987242347,-4.275570996161421,4290.841991963815,0.03270477493668662
2025-01-17,2025,1,17,262500.0,662500.0,55.83613012441601,-4.195793465818992,2929.3898682148815,0.0069308287405834374
2025-01-17,2025,1,17,257500.0,667500.0,55.879574159628305,-4.278197631229293,4283.844651711825,0.03929092640080374
2025-01-17,2025,1,17,262500.0,667500.0,55.88102684588964,-4.198328199669799,2919.1308638017586,0.07515956985498248
2025-01-18,2025,1,18,257500.0,662500.0,55.83467987242347,-4.275570996161421,4290.841991963815,0.0002618723027413882
2025-01-18,2025,1,18,262500.0,662500.0,55.83613012441601,-4.195793465818992,2929.3898682148815,3.538106180388406e-05
2025-01-18,2025,1,18,257500.0,667500.0,55.879574159628305,-4.278197631229293,4283.844651711825,0.00020762003445476618
2025-01-18,2025,1,18,262500.0,667500.0,55.88102684588964,-4.198328199669799,2919.1308638017586,0.00016990397785852514
2025-01-19,2025,1,19,257500.0,662500.0,55.83467987242347,-4.275570996161421,4290.841991963815,0.04890051443392587
2025-01-19,2025,1,19,262500.0,662500.0,55.83613012441601,-4.195793465818992,2929.3898682148815,0.011366117962812564
2025-01-19,2025,1,19,257500.0,667500.0,55.879574159628305,-4.278197631229293,4283.844651711825,0.15123443378114496
2025-01-19,2025,1,19,262500.0,667500.0,55.88102684588964,-4.198328199669799,2919.1308638017586,0.15081123395350765
2025-01-20,2025,1,20,257500.0,662500.0,55.83467987242347,-4.275570996161421,4290.841991963815,0.0679332514858845
2025-01-20,2025,1,20,262500.0,662500.0,55.83613012441601,-4.195793465818992,2929.3898682148815,0.009652520068937156
2025-01-20,2025,1,20,257500.0,667500.0,55.879574159628305,-4.278197631229293,4283.844651711825,0.049705671906293096
2025-01-20,2025,1,20,262500.0,667500.0,55.88102684588964,-4.198328199669799,2919.1308638017586,0.08174060929925167
2025-01-21,2025,1,21,257500.0,662500.0,55.83467987242347,-4.275570996161421,4290.841991963815,0.3367594769900425
2025-01-21,2025,1,21,262500.0,662500.0,55.83613012441601,-4.195793465818992,2929.3898682148815,0.37104853322904574
2025-01-21,2025,1,21,257500.0,667500.0,55.879574159628305,-4.278197631229293,4283.844651711825,0.23693059429787022
2025-01-21,2025,1,21,262500.0,667500.0,55.88102684588964,-4.198328199669799,2919.1308638017586,0.2834502067192069
2025-01-22,2025,1,22,257500.0,662500.0,55.83467987242347,-4.275570996161421,4290.841991963815,0.06678083253121954
2025-01-22,2025,1,22,262500.0,662500.0,55.83613012441601,-4.195793465818992,2929.3898682148815,0.011117087183794857
2025-01-22,2025,1,22,257500.0,667500.0,55.879574159628305,-4.278197631229293,4283.844651711825,0.04907911751805081
2025-01-22,2025,1,22,262500.0,667500.0,55.88102684588964,-4.198328199669799,2919.1308638017586,0.08271992886165991
2025-01-23,2025,1,23,257500.0,662500.0,55.83467987242347,-4.275570996161421,4290.841991963815,6.398389534783514
2025-01-23,2025,1,23,262500.0,662500.0,55.83613012441601,-4.195793465818992,2929.3898682148815,5.886985338944373
2025-01-23,2025,1,23,257500.0,667500.0,55.879574159628305,-4.278197631229293,4283.844651711825,8.168792891148602
2025-01-23,2025,1,23,262500.0,667500.0,55.88102684588964,-4.198328199669799,2919.1308638017586,6.834867942687128
2025-01-24,2025,1,24,257500.0,662500.0,55.83467987242347,-4.275570996161421,4290.841991963815,13.21729613954741
2025-01-24,2025,1,24,262500.0,662500.0,55.83613012441601,-4.195793465818992,2929.3898682148815,14.813788870386192
2025-01-24,2025,1,24,257500.0,667500.0,55.879574159628305,-4.278197631229293,4283.844651711825,9.566670382318229
2025-01-24,2025,1,24,262500.0,667500.0,55.88102684588964,-4.198328199669799,2919.1308638017586,12.247042933048677
2025-01-25,2025,1,25,257500.0,662500.0,55.83467987242347,-4.275570996161421,4290.841991963815,15.512283490292644
2025-01-25,2025,1,25,262500.0,662500.0,55.83613012441601,-4.195793465818992,2929.3898682148815,17.438951316058553
2025-01-25,2025,1,25,257500.0,667500.0,55.879574159628305,-4.278197631229293,4283.844651711825,9.744274680686768
2025-01-25,2025,1,25,262500.0,667500.0,55.88102684588964,-4.198328199669799,2919.1308638017586,12.912722334530464
2025-01-26,2025,1,26,257500.0,662500.0,55.83467987242347,-4.275570996161421,4290.841991963815,6.189097759086748
2025-01-26,2025,1,26,262500.0,662500.0,55.83613012441601,-4.195793465818992,2929.3898682148815,6.3544439423270465
2025-01-26,2025,1,26,257500.0,667500.0,55.879574159628305,-4.278197631229293,4283.844651711825,7.518199097268324
2025-01-26,2025,1,26,262500.0,667500.0,55.88102684588964,-4.198328199669799,2919.1308638017586,6.806374062679334
2025-01-27,2025,1,27,257500.0,662500.0,55.83467987242347,-4.275570996161421,4290.841991963815,2.3571719991208395
2025-01-27,2025,1,27,262500.0,662500.0,55.83613012441601,-4.195793465818992,2929.3898682148815,2.197392281874697
2025-01-27,2025,1,27,257500.0,667500.0,55.879574159628305,-4.278197631229293,4283.844651711825,1.9707741010251487
2025-01-27,2025,1,27,262500.0,667500.0,55.88102684588964,-4.198328199669799,2919.1308638017586,2.118965162687309
2025-01-28,2025,1,28,257500.0,662500.0,55.83467987242347,-4.275570996161421,4290.841991963815,0.0031940908807337135
2025-01-28,2025,1,28,262500.0,662500.0,55.83613012441601,-4.195793465818992,2929.3898682148815,0.0006822541341406904
2025-01-28,2025,1,28,257500.0,667500.0,55.879574159628305,-4.278197631229293,4283.844651711825,0.0014671606210731598
2025-01-28,2025,1,28,262500.0,667500.0,55.88102684588964,-4.198328199669799,2919.1308638017586,0.0019566703180753414
2025-01-29,2025,1,29,257500.0,662500.0,55.83467987242347,-4.275570996161421,4290.841991963815,0.0011338792512751836
2025-01-29,2025,1,29,262500.0,662500.0,55.83613012441601,-4.195793465818992,2929.3898682148815,0.000176393136634392
2025-01-29,2025,1,29,257500.0,667500.0,55.879574159628305,-4.278197631229293,4283.844651711825,0.0007963609247180428
2025-01-29,2025,1,29,262500.0,667500.0,55.88102684588964,-4.198328199669799,2919.1308638017586,0.0006434830801419883
2025-01-30,2025,1,30,257500.0,662500.0,55.83467987242347,-4.275570996161421,4290.841991963815,0.8591727269176735
2025-01-30,2025,1,30,262500.0,662500.0,55.83613012441601,-4.195793465818992,2929.3898682148815,0.287796609713931
2025-01-30,2025,1,30,257500.0,667500.0,55.879574159628305,-4.278197631229293,4283.844651711825,0.9031382071408575
2025-01-30,2025,1,30,262500.0,667500.0,55.88102684588964,-4.198328199669799,2919.1308638017586,0.770035477167979
2025-01-31,2025,1,31,257500.0,662500.0,55.83467987242347,-4.275570996161421,4290.841991963815,0.00948034359420353
2025-01-31,2025,1,31,262500.0,662500.0,55.83613012441601,-4.195793465818992,2929.3898682148815,0.0025276802272103773
2025-01-31,2025,1,31,257500.0,667500.0,55.879574159628305,-4.278197631229293,4283.844651711825,0.013862352077739847
2025-01-31,2025,1,31,262500.0,667500.0,55.88102684588964,-4.198328199669799,2919.1308638017586,0.037296414262913795
2025-02-01,2025,2,1,257500.0,662500.0,55.83467987242347,-4.275570996161421,4290.841991963815,0.913966587352923
2025-02-01,2025,2,1,262500.0,662500.0,55.83613012441601,-4.195793465818992,2929.3898682148815,0.6273631707430755
2025-02-01,2025,2,1,257500.0,667500.0,55.879574159628305,-4.278197631229293,4283.844651711825,1.0771453185649742
2025-02-01,2025,2,1,262500.0,667500.0,55.88102684588964,-4.198328199669799,2919.1308638017586,0.8925372920778134
2025-02-02,2025,2,2,257500.0,662500.0,55.83467987242347,-4.275570996161421,4290.841991963815,0.22508818443127046
2025-02-02,2025,2,2,262500.0,662500.0,55.83613012441601,-4.195793465818992,2929.3898682148815,0.06010549242930053
2025-02-02,2025,2,2,257500.0,667500.0,55.879574159628305,-4.278197631229293,4283.844651711825,0.226788344262988
2025-02-02,2025,2,2,262500.0,667500.0,55.88102684588964,-4.198328199669799,2919.1308638017586,0.21458883661390205
2025-02-03,2025,2,3,257500.0,662500.0,55.83467987242347,-4.275570996161421,4290.841991963815,19.259426660083975
2025-02-03,2025,2,3,262500.0,662500.0,55.83613012441601,-4.195793465818992,2929.3898682148815,16.071165286122874
2025-02-03,2025,2,3,257500.0,667500.0,55.879574159628305,-4.278197631229293,4283.844651711825,17.53584841961066
2025-02-03,2025,2,3,262500.0,667500.0,55.88102684588964,-4.198328199669799,2919.1308638017586,16.94742616194594
2025-02-04,2025,2,4,257500.0,662500.0,55.83467987242347,-4.275570996161421,4290.841991963815,9.727620913273995
2025-02-04,2025,2,4,262500.0,662500.0,55.83613012441601,-4.195793465818992,2929.3898682148815,9.073813411793173
2025-02-04,2025,2,4,257500.0,667500.0,55.879574159628305,-4.278197631229293,4283.844651711825,8.738126397349582
2025-02-04,2025,2,4,262500.0,667500.0,55.88102684588964,-4.198328199669799,2919.1308638017586,9.360044390186903
2025-02-05,2025,2,5,257500.0,662500.0,55.83467987242347,-4.275570996161421,4290.841991963815,0.4759662302788597
2025-02-05,2025,2,5,262500.0,662500.0,55.83613012441601,-4.195793465818992,2929.3898682148815,0.5647588951914321
2025-02-05,2025,2,5,257500.0,667500.0,55.879574159628305,-4.278197631229293,4283.844651711825,0.3114974109630071
2025-02-05,2025,2,5,262500.0,667500.0,55.88102684588964,-4.198328199669799,2919.1308638017586,0.4627761263274274
2025-02-06,2025,2,6,257500.0,662500.0,55.83467987242347,-4.275570996161421,4290.841991963815,0.04032025253239645
2025-02-06,2025,2,6,262500.0,662500.0,55.83613012441601,-4.195793465818992,2929.3898682148815,0.034061414474167315
2025-02-06,2025,2,6,257500.0,667500.0,55.879574159628305,-4.278197631229293,4283.844651711825,0.014498560619212848
2025-02-06,2025,2,6,262500.0,667500.0,55.88102684588964,-4.198328199669799,2919.1308638017586,0.03539368021409209
2025-02-07,2025,2,7,257500.0,662500.0,55.83467987242347,-4.275570996161421,4290.841991963815,0.05582024582928496
2025-02-07,2025,2,7,262500.0,662500.0,55.83613012441601,-4.195793465818992,2929.3898682148815,0.006600545736780045
2025-02-07,2025,2,7,257500.0,667500.0,55.879574159628305,-4.278197631229293,4283.844651711825,0.12286597809221945
2025-02-07,2025,2,7,262500.0,667500.0,55.88102684588964,-4.198328199669799,2919.1308638017586,0.06982179175155469
2025-02-08,2025,2,8,257500.0,662500.0,55.83467987242347,-4.275570996161421,4290.841991963815,0.012093794167975224
2025-02-08,2025,2,8,262500.0,662500.0,55.83613012441601,-4.195793465818992,2929.3898682148815,0.005505482994349725
2025-02-08,2025,2,8,257500.0,667500.0,55.879574159628305,-4.278197631229293,4283.844651711825,0.022235705697227826
2025-02-08,2025,2,8,262500.0,667500.0,55.88102684588964,-4.198328199669799,2919.1308638017586,0.06804889034683928
2025-02-09,2025,2,9,257500.0,662500.0,55.83467987242347,-4.275570996161421,4290.841991963815,0.19811004083725117
2025-02-09,2025,2,9,262500.0,662500.0,55.83613012441601,-4.195793465818992,2929.3898682148815,0.20988630414235318
2025-02-09,2025,2,9,257500.0,667500.0,55.879574159628305,-4.278197631229293,4283.844651711825,0.42215002957926034
2025-02-09,2025,2,9,262500.0,667500.0,55.88102684588964,-4.198328199669799,2919.1308638017586,0.44721560918756276
2025-02-10,2025,2,10,257500.0,662500.0,55.83467987242347,-4.275570996161421,4290.841991963815,1.5545042368734021
2025-02-10,2025,2,10,262500.0,662500.0,55.83613012441601,-4.195793465818992,2929.3898682148815,1.6650534643520818
2025-02-10,2025,2,10,257500.0,667500.0,55.879574159628305,-4.278197631229293,4283.844651711825,1.6711743002674748
2025-02-10,2025,2,10,262500.0,667500.0,55.88102684588964,-4.198328199669799,2919.1308638017586,2.1056288375382874
2025-02-11,2025,2,11,257500.0,662500.0,55.83467987242347,-4.275570996161421,4290.841991963815,0.2596631683978342
2025-02-11,2025,2,11,262500.0,662500.0,55.83613012441601,-4.195793465818992,2929.3898682148815,0.03547838121632544
2025-02-11,2025,2,11,257500.0,667500.0,55.879574159628305,-4.278197631229293,4283.844651711825,0.45887298319814596
2025-02-11,2025,2,11,262500.0,667500.0,55.88102684588964,-4.198328199669799,2919.1308638017586,0.3790742974258785
2025-02-12,2025,2,12,257500.0,662500.0,55.83467987242347,-4.275570996161421,4290.841991963815,0.008689262092271175
2025-02-12,2025,2,12,262500.0,662500.0,55.83613012441601,-4.195793465818992,2929.3898682148815,0.002272880620347547
2025-02-12,2025,2,12,257500.0,667500.0,55.879574159628305,-4.278197631229293,4283.844651711825,0.012997912077088815
2025-02-12,2025,2,12,262500.0,667500.0,55.88102684588964,-4.198328199669799,2919.1308638017586,0.03784876515880111
2025-02-13,2025,2,13,257500.0,662500.0,55.83467987242347,-4.275570996161421,4290.841991963815,0.0009558821336337085
2025-02-13,2025,2,13,262500.0,662500.0,55.83613012441601,-4.195793465818992,2929.3898682148815,0.0004045131049435488
2025-02-13,2025,2,13,257500.0,667500.0,55.879574159628305,-4.278197631229293,4283.844651711825,0.0013098301444827197
2025-02-13,2025,2,13,262500.0,667500.0,55.88102684588964,-4.198328199669799,2919.1308638017586,0.003269539053695512
2025-02-14,2025,2,14,257500.0,662500.0,55.83467987242347,-4.275570996161421,4290.841991963815,0.5173718238298598
2025-02-14,2025,2,14,262500.0,662500.0,55.83613012441601,-4.195793465818992,2929.3898682148815,0.5224894993600856
2025-02-14,2025,2,14,257500.0,667500.0,55.879574159628305,-4.278197631229293,4283.844651711825,0.6367629745619496
2025-02-14,2025,2,14,262500.0,667500.0,55.88102684588964,-4.198328199669799,2919.1308638017586,0.6864697499064726
2025-02-15,2025,2,15,257500.0,662500.0,55.83467987242347,-4.275570996161421,4290.841991963815,0.20664994392600797
2025-02-15,2025,2,15,262500.0,662500.0,55.83613012441601,-4.195793465818992,2929.3898682148815,0.23909422127232255
2025-02-15,2025,2,15,257500.0,667500.0,55.879574159628305,-4.278197631229293,4283.844651711825,0.41875433066389317
2025-02-15,2025,2,15,262500.0,667500.0,55.88102684588964,-4.198328199669799,2919.1308638017586,0.40005050714839907
2025-02-16,2025,2,16,257500.0,662500.0,55.83467987242347,-4.275570996161421,4290.841991963815,0.08017258409347293
2025-02-16,2025,2,16,262500.0,662500.0,55.83613012441601,-4.195793465818992,2929.3898682148815,0.044379501086568705
2025-02-16,2025,2,16,257500.0,667500.0,55.879574159628305,-4.278197631229293,4283.844651711825,0.1418023996970789
2025-02-16,2025,2,16,262500.0,667500.0,55.88102684588964,-4.198328199669799,2919.1308638017586,0.12057430220206589
2025-02-17,2025,2,17,257500.0,662500.0,55.83467987242347,-4.275570996161421,4290.841991963815,0.2985446409334565
2025-02-17,2025,2,17,262500.0,662500.0,55.83613012441601,-4.195793465818992,2929.3898682148815,0.24215912655042032
2025-02-17,2025,2,17,257500.0,667500.0,55.879574159628305,-4.278197631229293,4283.844651711825,0.23503608577941648
2025-02-17,2025,2,17,262500.0,667500.0,55.88102684588964,-4.198328199669799,2919.1308638017586,0.2719219309183137
2025-02-18,2025,2,18,257500.0,662500.0,55.83467987242347,-4.275570996161421,4290.841991963815,0.002350616254264509
2025-02-18,2025,2,18,262500.0,662500.0,55.83613012441601,-4.195793465818992,2929.3898682148815,0.0003370334729379223
2025-02-18,2025,2,18,257500.0,667500.0,55.879574159628305,-4.278197631229293,4283.844651711825,0.002536395802031562
2025-02-18,2025,2,18,262500.0,667500.0,55.88102684588964,-4.198328199669799,2919.1308638017586,0.0022933832070060793
2025-02-19,2025,2,19,257500.0,662500.0,55.83467987242347,-4.275570996161421,4290.841991963815,6.070634474539064
2025-02-19,2025,2,19,262500.0,662500.0,55.83613012441601,-4.195793465818992,2929.3898682148815,4.804602800467156
2025-02-19,2025,2,19,257500.0,667500.0,55.879574159628305,-4.278197631229293,4283.844651711825,8.252990087746142
2025-02-19,2025,2,19,262500.0,667500.0,55.88102684588964,-4.198328199669799,2919.1308638017586,6.517153136426933
2025-02-20,2025,2,20,257500.0,662500.0,55.83467987242347,-4.275570996161421,4290.841991963815,4.15871474842978
2025-02-20,2025,2,20,262500.0,662500.0,55.83613012441601,-4.195793465818992,2929.3898682148815,3.1822941645292198
2025-02-20,2025,2,20,257500.0,667500.0,55.879574159628305,-4.278197631229293,4283.844651711825,4.280208531227756
2025-02-20,2025,2,20,262500.0,667500.0,55.88102684588964,-4.198328199669799,2919.1308638017586,3.711655189393816
2025-02-21,2025,2,21,257500.0,662500.0,55.83467987242347,-4.275570996161421,4290.841991963815,5.477103074083128
2025-02-21,2025,2,21,262500.0,662500.0,55.83613012441601,-4.195793465818992,2929.3898682148815,5.310856444659384
2025-02-21,2025,2,21,257500.0,667500.0,55.879574159628305,-4.278197631229293,4283.844651711825,5.622034168658977
2025-02-21,2025,2,21,262500.0,667500.0,55.88102684588964,-4.198328199669799,2919.1308638017586,5.43579887244659
2025-02-22,2025,2,22,257500.0,662500.0,55.83467987242347,-4.275570996161421,4290.841991963815,5.164034237402562
2025-02-22,2025,2,22,262500.0,662500.0,55.83613012441601,-4.195793465818992,2929.3898682148815,4.632503329955515
2025-02-22,2025,2,22,257500.0,667500.0,55.879574159628305,-4.278197631229293,4283.844651711825,4.453617730473347
2025-02-22,2025,2,22,262500.0,667500.0,55.88102684588964,-4.198328199669799,2919.1308638017586,4.44569098676585
2025-02-23,2025,2,23,257500.0,662500.0,55.83467987242347,-4.275570996161421,4290.841991963815,13.721013406949968
2025-02-23,2025,2,23,262500.0,662500.0,55.83613012441601,-4.195793465818992,2929.3898682148815,12.805919840030636
2025-02-23,2025,2,23,257500.0,667500.0,55.879574159628305,-4.278197631229293,4283.844651711825,11.859582447201756
2025-02-23,2025,2,23,262500.0,667500.0,55.88102684588964,-4.198328199669799,2919.1308638017586,11.481423781964807
2025-02-24,2025,2,24,257500.0,662500.0,55.83467987242347,-4.275570996161421,4290.841991963815,1.9579066893995334
2025-02-24,2025,2,24,262500.0,662500.0,55.83613012441601,-4.195793465818992,2929.3898682148815,2.0252342935684675
2025-02-24,2025,2,24,257500.0,667500.0,55.879574159628305,-4.278197631229293,4283.844651711825,1.1371700161832599
2025-02-24,2025,2,24,262500.0,667500.0,55.88102684588964,-4.198328199669799,2919.1308638017586,1.752375375818165
2025-02-25,2025,2,25,257500.0,662500.0,55.83467987242347,-4.275570996161421,4290.841991963815,2.5067448441719673
2025-02-25,2025,2,25,262500.0,662500.0,55.83613012441601,-4.195793465818992,2929.3898682148815,2.3028300184413593
2025-02-25,2025,2,25,257500.0,667500.0,55.879574159628305,-4.278197631229293,4283.844651711825,2.696573959733652
2025-02-25,2025,2,25,262500.0,667500.0,55.88102684588964,-4.198328199669799,2919.1308638017586,2.659669091844538
2025-02-26,2025,2,26,257500.0,662500.0,55.83467987242347,-4.275570996161421,4290.841991963815,1.4843145404729303
2025-02-26,2025,2,26,262500.0,662500.0,55.83613012441601,-4.195793465818992,2929.3898682148815,1.3562398543837284
2025-02-26,2025,2,26,257500.0,667500.0,55.879574159628305,-4.278197631229293,4283.844651711825,2.386358324849904
2025-02-26,2025,2,26,262500.0,667500.0,55.88102684588964,-4.198328199669799,2919.1308638017586,1.9695570692763886
2025-02-27,2025,2,27,257500.0,662500.0,55.83467987242347,-4.275570996161421,4290.841991963815,0.23307234083118675
2025-02-27,2025,2,27,262500.0,662500.0,55.83613012441601,-4.195793465818992,2929.3898682148815,0.06410685867610527
2025-02-27,2025,2,27,257500.0,667500.0,55.879574159628305,-4.278197631229293,4283.844651711825,0.18139074968625338
2025-02-27,2025,2,27,262500.0,667500.0,55.88102684588964,-4.198328199669799,2919.1308638017586,0.15511023799086343
2025-02-28,2025,2,28,257500.0,662500.0,55.83467987242347,-4.275570996161421,4290.841991963815,0.053088311201939714
2025-02-28,2025,2,28,262500.0,662500.0,55.83613012441601,-4.195793465818992,2929.3898682148815,0.006319854211098785
2025-02-28,2025,2,28,257500.0,667500.0,55.879574159628305,-4.278197631229293,4283.844651711825,0.023561792136639406
2025-02-28,2025,2,28,262500.0,667500.0,55.88102684588964,-4.198328199669799,2919.1308638017586,0.041938916126475004
2025-03-01,2025,3,1,257500.0,662500.0,55.83467987242347,-4.275570996161421,4290.841991963815,0.27208705822577656
2025-03-01,2025,3,1,262500.0,662500.0,55.83613012441601,-4.195793465818992,2929.3898682148815,0.3790296142329583
2025-03-01,2025,3,1,257500.0,667500.0,55.879574159628305,-4.278197631229293,4283.844651711825,0.11440035745626509
2025-03-01,2025,3,1,262500.0,667500.0,55.88102684588964,-4.198328199669799,2919.1308638017586,0.24986487283586029
2025-03-02,2025,3,2,257500.0,662500.0,55.83467987242347,-4.275570996161421,4290.841991963815,0.5408915621157946
2025-03-02,2025,3,2,262500.0,662500.0,55.83613012441601,-4.195793465818992,2929.3898682148815,0.05642107512872479
2025-03-02,2025,3,2,257500.0,667500.0,55.879574159628305,-4.278197631229293,4283.844651711825,0.30142469588136267
2025-03-02,2025,3,2,262500.0,667500.0,55.88102684588964,-4.198328199669799,2919.1308638017586,0.333991842275278
2025-03-03,2025,3,3,257500.0,662500.0,55.83467987242347,-4.275570996161421,4290.841991963815,0.20082105781957246
2025-03-03,2025,3,3,262500.0,662500.0,55.83613012441601,-4.195793465818992,2929.3898682148815,0.03252273596860812
2025-03-03,2025,3,3,257500.0,667500.0,55.879574159628305,-4.278197631229293,4283.844651711825,0.10375704979893546
2025-03-03,2025,3,3,262500.0,667500.0,55.88102684588964,-4.198328199669799,2919.1308638017586,0.18547666597675877
2025-03-04,2025,3,4,257500.0,662500.0,55.83467987242347,-4.275570996161421,4290.841991963815,2.143744567696575
2025-03-04,2025,3,4,262500.0,662500.0,55.83613012441601,-4.195793465818992,2929.3898682148815,1.4237056956784906
2025-03-04,2025,3,4,257500.0,667500.0,55.879574159628305,-4.278197631229293,4283.844651711825,1.9380022214704737
2025-03-04,2025,3,4,262500.0,667500.0,55.88102684588964,-4.198328199669799,2919.1308638017586,2.4165962725934604
2025-03-05,2025,3,5,257500.0,662500.0,55.83467987242347,-4.275570996161421,4290.841991963815,2.5295265248458065
2025-03-05,2025,3,5,262500.0,662500.0,55.83613012441601,-4.195793465818992,2929.3898682148815,1.7540037630586205
2025-03-05,2025,3,5,257500.0,667500.0,55.879574159628305,-4.278197631229293,4283.844651711825,2.2756937186599484
2025-03-05,2025,3,5,262500.0,667500.0,55.88102684588964,-4.198328199669799,2919.1308638017586,2.49435354421112
2025-03-06,2025,3,6,257500.0,662500.0,55.83467987242347,-4.275570996161421,4290.841991963815,2.2916695959917566
2025-03-06,2025,3,6,262500.0,662500.0,55.83613012441601,-4.195793465818992,2929.3898682148815,1.9242120405214511
2025-03-06,2025,3,6,257500.0,667500.0,55.879574159628305,-4.278197631229293,4283.844651711825,2.268029126112455
2025-03-06,2025,3,6,262500.0,667500.0,55.88102684588964,-4.198328199669799,2919.1308638017586,2.073972170574055
2025-03-07,2025,3,7,257500.0,662500.0,55.83467987242347,-4.275570996161421,4290.841991963815,0.8654792596618804
2025-03-07,2025,3,7,262500.0,662500.0,55.83613012441601,-4.195793465818992,2929.3898682148815,0.6309182673140192
2025-03-07,2025,3,7,257500.0,667500.0,55.879574159628305,-4.278197631229293,4283.844651711825,0.9459266733310574
2025-03-07,2025,3,7,262500.0,667500.0,55.88102684588964,-4.198328199669799,2919.1308638017586,0.858039582973464
2025-03-08,2025,3,8,257500.0,662500.0,55.83467987242347,-4.275570996161421,4290.841991963815,0.01562895416031078
2025-03-08,2025,3,8,262500.0,662500.0,55.83613012441601,-4.195793465818992,2929.3898682148815,0.0045700998286879665
2025-03-08,2025,3,8,257500.0,667500.0,55.879574159628305,-4.278197631229293,4283.844651711825,0.0155756646507898
2025-03-08,2025,3,8,262500.0,667500.0,55.88102684588964,-4.198328199669799,2919.1308638017586,0.03973083357014353
2025-03-09,2025,3,9,257500.0,662500.0,55.83467987242347,-4.275570996161421,4290.841991963815,0.029211665647863455
2025-03-09,2025,3,9,262500.0,662500.0,55.83613012441601,-4.195793465818992,2929.3898682148815,0.0011943460703805287
2025-03-09,2025,3,9,257500.0,667500.0,55.879574159628305,-4.278197631229293,4283.844651711825,0.008287364339103608
2025-03-09,2025,3,9,262500.0,667500.0,55.88102684588964,-4.198328199669799,2919.1308638017586,0.005496727803647798
2025-03-10,2025,3,10,257500.0,662500.0,55.83467987242347,-4.275570996161421,4290.841991963815,0.000954604424445119
2025-03-10,2025,3,10,262500.0,662500.0,55.83613012441601,-4.195793465818992,2929.3898682148815,0.0004391040852916977
2025-03-10,2025,3,10,257500.0,667500.0,55.879574159628305,-4.278197631229293,4283.844651711825,0.00087176731113582
2025-03-10,2025,3,10,262500.0,667500.0,55.88102684588964,-4.198328199669799,2919.1308638017586,0.0019048048810728234
2025-03-11,2025,3,11,257500.0,662500.0,55.83467987242347,-4.275570996161421,4290.841991963815,0.000772316296797299
2025-03-11,2025,3,11,262500.0,662500.0,55.83613012441601,-4.195793465818992,2929.3898682148815,0.0006440735317413111
2025-03-11,2025,3,11,257500.0,667500.0,55.879574159628305,-4.278197631229293,4283.844651711825,0.0006147865281444714
2025-03-11,2025,3,11,262500.0,667500.0,55.88102684588964,-4.198328199669799,2919.1308638017586,0.0015275456133810811
2025-03-12,2025,3,12,257500.0,662500.0,55.83467987242347,-4.275570996161421,4290.841991963815,0.00019218295142913396
2025-03-12,2025,3,12,262500.0,662500.0,55.83613012441601,-4.195793465818992,2929.3898682148815,0.00019278602673535999
2025-03-12,2025,3,12,257500.0,667500.0,55.879574159628305,-4.278197631229293,4283.844651711825,9.336226447493915e-05
2025-03-12,2025,3,12,262500.0,667500.0,55.88102684588964,-4.198328199669799,2919.1308638017586,0.0007227216678816178
2025-03-13,2025,3,13,257500.0,662500.0,55.83467987242347,-4.275570996161421,4290.841991963815,0.035427449470608496
2025-03-13,2025,3,13,262500.0,662500.0,55.83613012441601,-4.195793465818992,2929.3898682148815,0.002289631035613928
2025-03-13,2025,3,13,257500.0,667500.0,55.879574159628305,-4.278197631229293,4283.844651711825,0.016557401976982272
2025-03-13,2025,3,13,262500.0,667500.0,55.88102684588964,-4.198328199669799,2919.1308638017586,0.01400026556755717
2025-03-14,2025,3,14,257500.0,662500.0,55.83467987242347,-4.275570996161421,4290.841991963815,0.00012095895744133841
2025-03-14,2025,3,14,262500.0,662500.0,55.83613012441601,-4.195793465818992,2929.3898682148815,1.837815553731224e-05
2025-03-14,2025,3,14,257500.0,667500.0,55.879574159628305,-4.278197631229293,4283.844651711825,0.00011405567619479984
2025-03-14,2025,3,14,262500.0,667500.0,55.88102684588964,-4.198328199669799,2919.1308638017586,9.317052189116175e-05
2025-03-15,2025,3,15,257500.0,662500.0,55.83467987242347,-4.275570996161421,4290.841991963815,0.00015455615353070665
2025-03-15,2025,3,15,262500.0,662500.0,55.83613012441601,-4.195793465818992,2929.3898682148815,3.256312595028104e-05
2025-03-15,2025,3,15,257500.0,667500.0,55.879574159628305,-4.278197631229293,4283.844651711825,0.0002382631985888098
2025-03-15,2025,3,15,262500.0,667500.0,55.88102684588964,-4.198328199669799,2919.1308638017586,0.0003164218585382314
2025-03-16,2025,3,16,257500.0,662500.0,55.83467987242347,-4.275570996161421,4290.841991963815,0.03750244892623919
2025-03-16,2025,3,16,262500.0,662500.0,55.83613012441601,-4.195793465818992,2929.3898682148815,0.00885469333002702
2025-03-16,2025,3,16,257500.0,667500.0,55.879574159628305,-4.278197631229293,4283.844651711825,0.22620523610612892
2025-03-16,2025,3,16,262500.0,667500.0,55.88102684588964,-4.198328199669799,2919.1308638017586,0.15807086711202953
2025-03-17,2025,3,17,257500.0,662500.0,55.83467987242347,-4.275570996161421,4290.841991963815,0.000809656823858651
2025-03-17,2025,3,17,262500.0,662500.0,55.83613012441601,-4.195793465818992,2929.3898682148815,0.0003828975364062346
2025-03-17,2025,3,17,257500.0,667500.0,55.879574159628305,-4.278197631229293,4283.844651711825,0.0008211714035551537
2025-03-17,2025,3,17,262500.0,667500.0,55.88102684588964,-4.198328199669799,2919.1308638017586,0.0019871167836979365
2025-03-18,2025,3,18,257500.0,662500.0,55.83467987242347,-4.275570996161421,4290.841991963815,0.034271409728835314
2025-03-18,2025,3,18,262500.0,662500.0,55.83613012441601,-4.195793465818992,2929.3898682148815,0.031854101246135504
2025-03-18,2025,3,18,257500.0,667500.0,55.879574159628305,-4.278197631229293,4283.844651711825,0.011312059260184085
2025-03-18,2025,3,18,262500.0,667500.0,55.88102684588964,-4.198328199669799,2919.1308638017586,0.031771621935740596
2025-03-19,2025,3,19,257500.0,662500.0,55.83467987242347,-4.275570996161421,4290.841991963815,0.003843092272742997
2025-03-19,2025,3,19,262500.0,662500.0,55.83613012441601,-4.195793465818992,2929.3898682148815,0.000675010230397029
2025-03-19,2025,3,19,257500.0,667500.0,55.879574159628305,-4.278197631229293,4283.844651711825,0.003741764634753832
2025-03-19,2025,3,19,262500.0,667500.0,55.88102684588964,-4.198328199669799,2919.1308638017586,0.005707881357271127
2025-03-20,2025,3,20,257500.0,662500.0,55.83467987242347,-4.275570996161421,4290.841991963815,0.0
2025-03-20,2025,3,20,262500.0,662500.0,55.83613012441601,-4.195793465818992,2929.3898682148815,0.0
2025-03-20,2025,3,20,257500.0,667500.0,55.879574159628305,-4.278197631229293,4283.844651711825,0.0
2025-03-20,2025,3,20,262500.0,667500.0,55.88102684588964,-4.198328199669799,2919.1308638017586,0.0
2025-03-21,2025,3,21,257500.0,662500.0,55.83467987242347,-4.275570996161421,4290.841991963815,1.24345134606712
2025-03-21,2025,3,21,262500.0,662500.0,55.83613012441601,-4.195793465818992,2929.3898682148815,1.055354125053014
2025-03-21,2025,3,21,257500.0,667500.0,55.879574159628305,-4.278197631229293,4283.844651711825,1.3300430907882839
2025-03-21,2025,3,21,262500.0,667500.0,55.88102684588964,-4.198328199669799,2919.1308638017586,1.3385589669819182
2025-03-22,2025,3,22,257500.0,662500.0,55.83467987242347,-4.275570996161421,4290.841991963815,5.133451568926444
2025-03-22,2025,3,22,262500.0,662500.0,55.83613012441601,-4.195793465818992,2929.3898682148815,5.151744721973889
2025-03-22,2025,3,22,257500.0,667500.0,55.879574159628305,-4.278197631229293,4283.844651711825,5.1239896935065685
2025-03-22,2025,3,22,262500.0,667500.0,55.88102684588964,-4.198328199669799,2919.1308638017586,4.935081873235254
2025-03-23,2025,3,23,257500.0,662500.0,55.83467987242347,-4.275570996161421,4290.841991963815,0.0026931770263976377
2025-03-23,2025,3,23,262500.0,662500.0,55.83613012441601,-4.195793465818992,2929.3898682148815,0.00160308524896785
2025-03-23,2025,3,23,257500.0,667500.0,55.879574159628305,-4.278197631229293,4283.844651711825,0.002724849788591066
2025-03-23,2025,3,23,262500.0,667500.0,55.88102684588964,-4.198328199669799,2919.1308638017586,0.004882616322510485
2025-03-24,2025,3,24,257500.0,662500.0,55.83467987242347,-4.275570996161421,4290.841991963815,0.03337737045036335
2025-03-24,2025,3,24,262500.0,662500.0,55.83613012441601,-4.195793465818992,2929.3898682148815,0.004580156932434622
2025-03-24,2025,3,24,257500.0,667500.0,55.879574159628305,-4.278197631229293,4283.844651711825,0.11253477242643473
2025-03-24,2025,3,24,262500.0,667500.0,55.88102684588964,-4.198328199669799,2919.1308638017586,0.038684682017681986
2025-03-25,2025,3,25,257500.0,662500.0,55.83467987242347,-4.275570996161421,4290.841991963815,0.0004178461216136335
2025-03-25,2025,3,25,262500.0,662500.0,55.83613012441601,-4.195793465818992,2929.3898682148815,0.00017185415883288934
2025-03-25,2025,3,25,257500.0,667500.0,55.879574159628305,-4.278197631229293,4283.844651711825,0.0007139581772159392
2025-03-25,2025,3,25,262500.0,667500.0,55.88102684588964,-4.198328199669799,2919.1308638017586,0.0020915217959518117
2025-03-26,2025,3,26,257500.0,662500.0,55.83467987242347,-4.275570996161421,4290.841991963815,0.21617972116909415
2025-03-26,2025,3,26,262500.0,662500.0,55.83613012441601,-4.195793465818992,2929.3898682148815,0.024356577806483114
2025-03-26,2025,3,26,257500.0,667500.0,55.879574159628305,-4.278197631229293,4283.844651711825,0.1277818695268412
2025-03-26,2025,3,26,262500.0,667500.0,55.88102684588964,-4.198328199669799,2919.1308638017586,0.22138259944387642
2025-03-27,2025,3,27,257500.0,662500.0,55.83467987242347,-4.275570996161421,4290.841991963815,21.250552293713334
2025-03-27,2025,3,27,262500.0,662500.0,55.83613012441601,-4.195793465818992,2929.3898682148815,20.017679810197357
2025-03-27,2025,3,27,257500.0,667500.0,55.879574159628305,-4.278197631229293,4283.844651711825,19.774476646963933
2025-03-27,2025,3,27,262500.0,667500.0,55.88102684588964,-4.198328199669799,2919.1308638017586,20.614654579337408
2025-03-28,2025,3,28,257500.0,662500.0,55.83467987242347,-4.275570996161421,4290.841991963815,3.4197833689207697
2025-03-28,2025,3,28,262500.0,662500.0,55.83613012441601,-4.195793465818992,2929.3898682148815,2.953567805704157
2025-03-28,2025,3,28,257500.0,667500.0,55.879574159628305,-4.278197631229293,4283.844651711825,3.5313190290267142
2025-03-28,2025,3,28,262500.0,667500.0,55.88102684588964,-4.198328199669799,2919.1308638017586,3.4566348972735
2025-03-29,2025,3,29,257500.0,662500.0,55.83467987242347,-4.275570996161421,4290.841991963815,4.434495287377451
2025-03-29,2025,3,29,262500.0,662500.0,55.83613012441601,-4.195793465818992,2929.3898682148815,3.262894523390157
2025-03-29,2025,3,29,257500.0,667500.0,55.879574159628305,-4.278197631229293,4283.844651711825,3.347179291134595
2025-03-29,2025,3,29,262500.0,667500.0,55.88102684588964,-4.198328199669799,2919.1308638017586,3.672780689500267
2025-03-30,2025,3,30,257500.0,662500.0,55.83467987242347,-4.275570996161421,4290.841991963815,0.001185879876488849
2025-03-30,2025,3,30,262500.0,662500.0,55.83613012441601,-4.195793465818992,2929.3898682148815,0.00029782022303324245
2025-03-30,2025,3,30,257500.0,667500.0,55.879574159628305,-4.278197631229293,4283.844651711825,0.002018457065505584
2025-03-30,2025,3,30,262500.0,667500.0,55.88102684588964,-4.198328199669799,2919.1308638017586,0.0033930184046036638
2025-03-31,2025,3,31,257500.0,662500.0,55.83467987242347,-4.275570996161421,4290.841991963815,0.00010110281611088172
2025-03-31,2025,3,31,262500.0,662500.0,55.83613012441601,-4.195793465818992,2929.3898682148815,1.4234873079946359e-05
2025-03-31,2025,3,31,257500.0,667500.0,55.879574159628305,-4.278197631229293,4283.844651711825,9.073374543414654e-05
2025-03-31,2025,3,31,262500.0,667500.0,55.88102684588964,-4.198328199669799,2919.1308638017586,7.808724163980086e-05
2025-04-01,2025,4,1,257500.0,662500.0,55.83467987242347,-4.275570996161421,4290.841991963815,0.0015008765305304845
2025-04-01,2025,4,1,262500.0,662500.0,55.83613012441601,-4.195793465818992,2929.3898682148815,0.0015272860745366168
2025-04-01,2025,4,1,257500.0,667500.0,55.879574159628305,-4.278197631229293,4283.844651711825,0.0012152680832015696
2025-04-01,2025,4,1,262500.0,667500.0,55.88102684588964,-4.198328199669799,2919.1308638017586,0.0031098895416373754
2025-04-02,2025,4,2,257500.0,662500.0,55.83467987242347,-4.275570996161421,4290.841991963815,0.0006452258052337344
2025-04-02,2025,4,2,262500.0,662500.0,55.83613012441601,-4.195793465818992,2929.3898682148815,0.00013018877909641035
2025-04-02,2025,4,2,257500.0,667500.0,55.879574159628305,-4.278197631229293,4283.844651711825,0.00129621542624661
2025-04-02,2025,4,2,262500.0,667500.0,55.88102684588964,-4.198328199669799,2919.1308638017586,0.001302555711484341
2025-04-03,2025,4,3,257500.0,662500.0,55.83467987242347,-4.275570996161421,4290.841991963815,0.0
2025-04-03,2025,4,3,262500.0,662500.0,55.83613012441601,-4.195793465818992,2929.3898682148815,0.0
2025-04-03,2025,4,3,257500.0,667500.0,55.879574159628305,-4.278197631229293,4283.844651711825,0.0
2025-04-03,2025,4,3,262500.0,667500.0,55.88102684588964,-4.198328199669799,2919.1308638017586,0.0
2025-04-04,2025,4,4,257500.0,662500.0,55.83467987242347,-4.275570996161421,4290.841991963815,0.0
2025-04-04,2025,4,4,262500.0,662500.0,55.83613012441601,-4.195793465818992,2929.3898682148815,0.0
2025-04-04,2025,4,4,257500.0,667500.0,55.879574159628305,-4.278197631229293,4283.844651711825,0.0
2025-04-04,2025,4,4,262500.0,667500.0,55.88102684588964,-4.198328199669799,2919.1308638017586,0.0
2025-04-05,2025,4,5,257500.0,662500.0,55.83467987242347,-4.275570996161421,4290.841991963815,0.0
2025-04-05,2025,4,5,262500.0,662500.0,55.83613012441601,-4.195793465818992,2929.3898682148815,0.0
2025-04-05,2025,4,5,257500.0,667500.0,55.879574159628305,-4.278197631229293,4283.844651711825,0.0
2025-04-05,2025,4,5,262500.0,667500.0,55.88102684588964,-4.198328199669799,2919.1308638017586,0.0
2025-04-06,2025,4,6,257500.0,662500.0,55.83467987242347,-4.275570996161421,4290.841991963815,0.0026036671754882086
2025-04-06,2025,4,6,262500.0,662500.0,55.83613012441601,-4.195793465818992,2929.3898682148815,0.0003491280837495578
2025-04-06,2025,4,6,257500.0,667500.0,55.879574159628305,-4.278197631229293,4283.844651711825,0.0010172893622257925
2025-04-06,2025,4,6,262500.0,667500.0,55.88102684588964,-4.198328199669799,2919.1308638017586,0.0008577655335847272
2025-04-07,2025,4,7,257500.0,662500.0,55.83467987242347,-4.275570996161421,4290.841991963815,0.0
2025-04-07,2025,4,7,262500.0,662500.0,55.83613012441601,-4.195793465818992,2929.3898682148815,0.0
2025-04-07,2025,4,7,257500.0,667500.0,55.879574159628305,-4.278197631229293,4283.844651711825,0.0
2025-04-07,2025,4,7,262500.0,667500.0,55.88102684588964,-4.198328199669799,2919.1308638017586,0.0
2025-04-08,2025,4,8,257500.0,662500.0,55.83467987242347,-4.275570996161421,4290.841991963815,0.0
2025-04-08,2025,4,8,262500.0,662500.0,55.83613012441601,-4.195793465818992,2929.3898682148815,4.324993281666873e-06
2025-04-08,2025,4,8,257500.0,667500.0,55.879574159628305,-4.278197631229293,4283.844651711825,0.0
2025-04-08,2025,4,8,262500.0,667500.0,55.88102684588964,-4.198328199669799,2919.1308638017586,5.2638423859899115e-06
2025-04-09,2025,4,9,257500.0,662500.0,55.83467987242347,-4.275570996161421,4290.841991963815,0.011273599458887843
2025-04-09,2025,4,9,262500.0,662500.0,55.83613012441601,-4.195793465818992,2929.3898682148815,0.0014717428988822632
2025-04-09,2025,4,9,257500.0,667500.0,55.879574159628305,-4.278197631229293,4283.844651711825,0.1038211915297685
2025-04-09,2025,4,9,262500.0,667500.0,55.88102684588964,-4.198328199669799,2919.1308638017586,0.025346357977256748
2025-04-10,2025,4,10,257500.0,662500.0,55.83467987242347,-4.275570996161421,4290.841991963815,0.0008672357599665243
2025-04-10,2025,4,10,262500.0,662500.0,55.83613012441601,-4.195793465818992,2929.3898682148815,0.00038686428093575583
2025-04-10,2025,4,10,257500.0,667500.0,55.879574159628305,-4.278197631229293,4283.844651711825,0.0005955937355518184
2025-04-10,2025,4,10,262500.0,667500.0,55.88102684588964,-4.198328199669799,2919.1308638017586,0.0009590955135591122
2025-04-11,2025,4,11,257500.0,662500.0,55.83467987242347,-4.275570996161421,4290.841991963815,0.0
2025-04-11,2025,4,11,262500.0,662500.0,55.83613012441601,-4.195793465818992,2929.3898682148815,0.0
2025-04-11,2025,4,11,257500.0,667500.0,55.879574159628305,-4.278197631229293,4283.844651711825,0.0
2025-04-11,2025,4,11,262500.0,667500.0,55.88102684588964,-4.198328199669799,2919.1308638017586,0.0
2025-04-12,2025,4,12,257500.0,662500.0,55.83467987242347,-4.275570996161421,4290.841991963815,0.1510851478971504
2025-04-12,2025,4,12,262500.0,662500.0,55.83613012441601,-4.195793465818992,2929.3898682148815,0.024946600598078857
2025-04-12,2025,4,12,257500.0,667500.0,55.879574159628305,-4.278197631229293,4283.844651711825,0.07334104990523715
2025-04-12,2025,4,12,262500.0,667500.0,55.88102684588964,-4.198328199669799,2919.1308638017586,0.08496867387378358
2025-04-13,2025,4,13,257500.0,662500.0,55.83467987242347,-4.275570996161421,4290.841991963815,8.999939105742579
2025-04-13,2025,4,13,262500.0,662500.0,55.83613012441601,-4.195793465818992,2929.3898682148815,9.140985030379243
2025-04-13,2025,4,13,257500.0,667500.0,55.879574159628305,-4.278197631229293,4283.844651711825,10.039045268582482
2025-04-13,2025,4,13,262500.0,667500.0,55.88102684588964,-4.198328199669799,2919.1308638017586,9.383083956917513
2025-04-14,2025,4,14,257500.0,662500.0,55.83467987242347,-4.275570996161421,4290.841991963815,1.3993495789002108
2025-04-14,2025,4,14,262500.0,662500.0,55.83613012441601,-4.195793465818992,2929.3898682148815,1.5196366215331123
2025-04-14,2025,4,14,257500.0,667500.0,55.879574159628305,-4.278197631229293,4283.844651711825,1.995456851040747
2025-04-14,2025,4,14,262500.0,667500.0,55.88102684588964,-4.198328199669799,2919.1308638017586,2.110775321352155
2025-04-15,2025,4,15,257500.0,662500.0,55.83467987242347,-4.275570996161421,4290.841991963815,0.07756444258636955
2025-04-15,2025,4,15,262500.0,662500.0,55.83613012441601,-4.195793465818992,2929.3898682148815,0.012722573477010368
2025-04-15,2025,4,15,257500.0,667500.0,55.879574159628305,-4.278197631229293,4283.844651711825,0.03948292579231083
2025-04-15,2025,4,15,262500.0,667500.0,55.88102684588964,-4.198328199669799,2919.1308638017586,0.0680375677859578
2025-04-16,2025,4,16,257500.0,662500.0,55.83467987242347,-4.275570996161421,4290.841991963815,11.671661873154141
2025-04-16,2025,4,16,262500.0,662500.0,55.83613012441601,-4.195793465818992,2929.3898682148815,11.915514651056169
2025-04-16,2025,4,16,257500.0,667500.0,55.879574159628305,-4.278197631229293,4283.844651711825,13.185569769135203
2025-04-16,2025,4,16,262500.0,667500.0,55.88102684588964,-4.198328199669799,2919.1308638017586,12.951262751924737
2025-04-17,2025,4,17,257500.0,662500.0,55.83467987242347,-4.275570996161421,4290.841991963815,0.85418186084776
2025-04-17,2025,4,17,262500.0,662500.0,55.83613012441601,-4.195793465818992,2929.3898682148815,1.0290180561795135
2025-04-17,2025,4,17,257500.0,667500.0,55.879574159628305,-4.278197631229293,4283.844651711825,0.9134943696987021
2025-04-17,2025,4,17,262500.0,667500.0,55.88102684588964,-4.198328199669799,2919.1308638017586,0.9400819945501455
2025-04-18,2025,4,18,257500.0,662500.0,55.83467987242347,-4.275570996161421,4290.841991963815,7.864537694637665
2025-04-18,2025,4,18,262500.0,662500.0,55.83613012441601,-4.195793465818992,2929.3898682148815,7.890901181517129
2025-04-18,2025,4,18,257500.0,667500.0,55.879574159628305,-4.278197631229293,4283.844651711825,11.401045316271158
2025-04-18,2025,4,18,262500.0,667500.0,55.88102684588964,-4.198328199669799,2919.1308638017586,9.36067692576867
2025-04-19,2025,4,19,257500.0,662500.0,55.83467987242347,-4.275570996161421,4290.841991963815,0.0005769777381910838
2025-04-19,2025,4,19,262500.0,662500.0,55.83613012441601,-4.195793465818992,2929.3898682148815,0.00011462310732444334
2025-04-19,2025,4,19,257500.0,667500.0,55.879574159628305,-4.278197631229293,4283.844651711825,0.00023979270931881287
2025-04-19,2025,4,19,262500.0,667500.0,55.88102684588964,-4.198328199669799,2919.1308638017586,0.0003470841430516512
2025-04-20,2025,4,20,257500.0,662500.0,55.83467987242347,-4.275570996161421,4290.841991963815,0.002947084246659647
2025-04-20,2025,4,20,262500.0,662500.0,55.83613012441601,-4.195793465818992,2929.3898682148815,0.002568859500450574
2025-04-20,2025,4,20,257500.0,667500.0,55.879574159628305,-4.278197631229293,4283.844651711825,0.002340538452026507
2025-04-20,2025,4,20,262500.0,667500.0,55.88102684588964,-4.198328199669799,2919.1308638017586,0.005443734348670488
2025-04-21,2025,4,21,257500.0,662500.0,55.83467987242347,-4.275570996161421,4290.841991963815,2.32471967971367
2025-04-21,2025,4,21,262500.0,662500.0,55.83613012441601,-4.195793465818992,2929.3898682148815,2.4313422806393676
2025-04-21,2025,4,21,257500.0,667500.0,55.879574159628305,-4.278197631229293,4283.844651711825,2.3075652175453176
2025-04-21,2025,4,21,262500.0,667500.0,55.88102684588964,-4.198328199669799,2919.1308638017586,2.5602304432784933
2025-04-22,2025,4,22,257500.0,662500.0,55.83467987242347,-4.275570996161421,4290.841991963815,0.0024429672620986317
2025-04-22,2025,4,22,262500.0,662500.0,55.83613012441601,-4.195793465818992,2929.3898682148815,0.002032036021458981
2025-04-22,2025,4,22,257500.0,667500.0,55.879574159628305,-4.278197631229293,4283.844651711825,0.0021387472749730256
2025-04-22,2025,4,22,262500.0,667500.0,55.88102684588964,-4.198328199669799,2919.1308638017586,0.005084477194210583
2025-04-23,2025,4,23,257500.0,662500.0,55.83467987242347,-4.275570996161421,4290.841991963815,0.00310836110771689
2025-04-23,2025,4,23,262500.0,662500.0,55.83613012441601,-4.195793465818992,2929.3898682148815,0.0008247934362278788
2025-04-23,2025,4,23,257500.0,667500.0,55.879574159628305,-4.278197631229293,4283.844651711825,0.0028442383100344706
2025-04-23,2025,4,23,262500.0,667500.0,55.88102684588964,-4.198328199669799,2919.1308638017586,0.0034638505217184255
2025-04-24,2025,4,24,257500.0,662500.0,55.83467987242347,-4.275570996161421,4290.841991963815,0.0
2025-04-24,2025,4,24,262500.0,662500.0,55.83613012441601,-4.195793465818992,2929.3898682148815,0.0
2025-04-24,2025,4,24,257500.0,667500.0,55.879574159628305,-4.278197631229293,4283.844651711825,0.0
2025-04-24,2025,4,24,262500.0,667500.0,55.88102684588964,-4.198328199669799,2919.1308638017586,0.0
2025-04-25,2025,4,25,257500.0,662500.0,55.83467987242347,-4.275570996161421,4290.841991963815,1.6514530344567073
2025-04-25,2025,4,25,262500.0,662500.0,55.83613012441601,-4.195793465818992,2929.3898682148815,2.030793159991554
2025-04-25,2025,4,25,257500.0,667500.0,55.879574159628305,-4.278197631229293,4283.844651711825,1.9552553698611257
2025-04-25,2025,4,25,262500.0,667500.0,55.88102684588964,-4.198328199669799,2919.1308638017586,1.8470902831204277
2025-04-26,2025,4,26,257500.0,662500.0,55.83467987242347,-4.275570996161421,4290.841991963815,1.8720733730752674
2025-04-26,2025,4,26,262500.0,662500.0,55.83613012441601,-4.195793465818992,2929.3898682148815,1.3670904744438264
2025-04-26,2025,4,26,257500.0,667500.0,55.879574159628305,-4.278197631229293,4283.844651711825,1.8517459473884694
2025-04-26,2025,4,26,262500.0,667500.0,55.88102684588964,-4.198328199669799,2919.1308638017586,1.7561768964979594
2025-04-27,2025,4,27,257500.0,662500.0,55.83467987242347,-4.275570996161421,4290.841991963815,0.0865743997000175
2025-04-27,2025,4,27,262500.0,662500.0,55.83613012441601,-4.195793465818992,2929.3898682148815,0.015541860940329551
2025-04-27,2025,4,27,257500.0,667500.0,55.879574159628305,-4.278197631229293,4283.844651711825,0.1869403010361512
2025-04-27,2025,4,27,262500.0,667500.0,55.88102684588964,-4.198328199669799,2919.1308638017586,0.15430668797737862
2025-04-28,2025,4,28,257500.0,662500.0,55.83467987242347,-4.275570996161421,4290.841991963815,0.0
2025-04-28,2025,4,28,262500.0,662500.0,55.83613012441601,-4.195793465818992,2929.3898682148815,0.0
2025-04-28,2025,4,28,257500.0,667500.0,55.879574159628305,-4.278197631229293,4283.844651711825,0.0
2025-04-28,2025,4,28,262500.0,667500.0,55.88102684588964,-4.198328199669799,2919.1308638017586,0.0
2025-04-29,2025,4,29,257500.0,662500.0,55.83467987242347,-4.275570996161421,4290.841991963815,0.0
2025-04-29,2025,4,29,262500.0,662500.0,55.83613012441601,-4.195793465818992,2929.3898682148815,0.0
2025-04-29,2025,4,29,257500.0,667500.0,55.879574159628305,-4.278197631229293,4283.844651711825,0.0
2025-04-29,2025,4,29,262500.0,667500.0,55.88102684588964,-4.198328199669799,2919.1308638017586,0.0
2025-04-30,2025,4,30,257500.0,662500.0,55.83467987242347,-4.275570996161421,4290.841991963815,0.04491855364881797
2025-04-30,2025,4,30,262500.0,662500.0,55.83613012441601,-4.195793465818992,2929.3898682148815,0.011535014048319189
2025-04-30,2025,4,30,257500.0,667500.0,55.879574159628305,-4.278197631229293,4283.844651711825,0.14367245740055923
2025-04-30,2025,4,30,262500.0,667500.0,55.88102684588964,-4.198328199669799,2919.1308638017586,0.09356241449782436
2025-05-01,2025,5,1,257500.0,662500.0,55.83467987242347,-4.275570996161421,4290.841991963815,0.0023919631169361383
2025-05-01,2025,5,1,262500.0,662500.0,55.83613012441601,-4.195793465818992,2929.3898682148815,0.00024082698034585793
2025-05-01,2025,5,1,257500.0,667500.0,55.879574159628305,-4.278197631229293,4283.844651711825,0.002923676882650058
2025-05-01,2025,5,1,262500.0,667500.0,55.88102684588964,-4.198328199669799,2919.1308638017586,0.0016833337067283642
2025-05-02,2025,5,2,257500.0,662500.0,55.83467987242347,-4.275570996161421,4290.841991963815,0.21340152660830497
2025-05-02,2025,5,2,262500.0,662500.0,55.83613012441601,-4.195793465818992,2929.3898682148815,0.16247414391310394
2025-05-02,2025,5,2,257500.0,667500.0,55.879574159628305,-4.278197631229293,4283.844651711825,0.0669021160250248
2025-05-02,2025,5,2,262500.0,667500.0,55.88102684588964,-4.198328199669799,2919.1308638017586,0.09379449195643912
2025-05-03,2025,5,3,257500.0,662500.0,55.83467987242347,-4.275570996161421,4290.841991963815,0.0
2025-05-03,2025,5,3,262500.0,662500.0,55.83613012441601,-4.195793465818992,2929.3898682148815,0.0
2025-05-03,2025,5,3,257500.0,667500.0,55.879574159628305,-4.278197631229293,4283.844651711825,0.0
2025-05-03,2025,5,3,262500.0,667500.0,55.88102684588964,-4.198328199669799,2919.1308638017586,0.0
2025-05-04,2025,5,4,257500.0,662500.0,55.83467987242347,-4.275570996161421,4290.841991963815,0.0
2025-05-04,2025,5,4,262500.0,662500.0,55.83613012441601,-4.195793465818992,2929.3898682148815,0.0
2025-05-04,2025,5,4,257500.0,667500.0,55.879574159628305,-4.278197631229293,4283.844651711825,0.0
2025-05-04,2025,5,4,262500.0,667500.0,55.88102684588964,-4.198328199669799,2919.1308638017586,0.0
2025-05-05,2025,5,5,257500.0,662500.0,55.83467987242347,-4.275570996161421,4290.841991963815,9.996903333566469e-05
2025-05-05,2025,5,5,262500.0,662500.0,55.83613012441601,-4.195793465818992,2929.3898682148815,2.1073105288545877e-05
2025-05-05,2025,5,5,257500.0,667500.0,55.879574159628305,-4.278197631229293,4283.844651711825,6.807799375915571e-05
2025-05-05,2025,5,5,262500.0,667500.0,55.88102684588964,-4.198328199669799,2919.1308638017586,2.233525130219338e-05
2025-05-06,2025,5,6,257500.0,662500.0,55.83467987242347,-4.275570996161421,4290.841991963815,0.0
2025-05-06,2025,5,6,262500.0,662500.0,55.83613012441601,-4.195793465818992,2929.3898682148815,0.0
2025-05-06,2025,5,6,257500.0,667500.0,55.879574159628305,-4.278197631229293,4283.844651711825,0.0
2025-05-06,2025,5,6,262500.0,667500.0,55.88102684588964,-4.198328199669799,2919.1308638017586,0.0
2025-05-07,2025,5,7,257500.0,662500.0,55.83467987242347,-4.275570996161421,4290.841991963815,0.0
2025-05-07,2025,5,7,262500.0,662500.0,55.83613012441601,-4.195793465818992,2929.3898682148815,0.0
2025-05-07,2025,5,7,257500.0,667500.0,55.879574159628305,-4.278197631229293,4283.844651711825,0.0
2025-05-07,2025,5,7,262500.0,667500.0,55.88102684588964,-4.198328199669799,2919.1308638017586,0.0
2025-05-08,2025,5,8,257500.0,662500.0,55.83467987242347,-4.275570996161421,4290.841991963815,0.0
2025-05-08,2025,5,8,262500.0,662500.0,55.83613012441601,-4.195793465818992,2929.3898682148815,0.0
2025-05-08,2025,5,8,257500.0,667500.0,55.879574159628305,-4.278197631229293,4283.844651711825,0.0
2025-05-08,2025,5,8,262500.0,667500.0,55.88102684588964,-4.198328199669799,2919.1308638017586,0.0
2025-05-09,2025,5,9,257500.0,662500.0,55.83467987242347,-4.275570996161421,4290.841991963815,0.0
2025-05-09,2025,5,9,262500.0,662500.0,55.83613012441601,-4.195793465818992,2929.3898682148815,0.0
2025-05-09,2025,5,9,257500.0,667500.0,55.879574159628305,-4.278197631229293,4283.844651711825,0.0
2025-05-09,2025,5,9,262500.0,667500.0,55.88102684588964,-4.198328199669799,2919.1308638017586,0.0
2025-05-10,2025,5,10,257500.0,662500.0,55.83467987242347,-4.275570996161421,4290.841991963815,0.0
2025-05-10,2025,5,10,262500.0,662500.0,55.83613012441601,-4.195793465818992,2929.3898682148815,0.0
2025-05-10,2025,5,10,257500.0,667500.0,55.879574159628305,-4.278197631229293,4283.844651711825,0.0
2025-05-10,2025,5,10,262500.0,667500.0,55.88102684588964,-4.198328199669799,2919.1308638017586,0.0
2025-05-11,2025,5,11,257500.0,662500.0,55.83467987242347,-4.275570996161421,4290.841991963815,0.0
2025-05-11,2025,5,11,262500.0,662500.0,55.83613012441601,-4.195793465818992,2929.3898682148815,0.0
2025-05-11,2025,5,11,257500.0,667500.0,55.879574159628305,-4.278197631229293,4283.844651711825,0.0
2025-05-11,2025,5,11,262500.0,667500.0,55.88102684588964,-4.198328199669799,2919.1308638017586,0.0
2025-05-12,2025,5,12,257500.0,662500.0,55.83467987242347,-4.275570996161421,4290.841991963815,0.0
2025-05-12,2025,5,12,262500.0,662500.0,55.83613012441601,-4.195793465818992,2929.3898682148815,0.0
2025-05-12,2025,5,12,257500.0,667500.0,55.879574159628305,-4.278197631229293,4283.844651711825,0.0
2025-05-12,2025,5,12,262500.0,667500.0,55.88102684588964,-4.198328199669799,2919.1308638017586,0.0
2025-05-13,2025,5,13,257500.0,662500.0,55.83467987242347,-4.275570996161421,4290.841991963815,0.0
2025-05-13,2025,5,13,262500.0,662500.0,55.83613012441601,-4.195793465818992,2929.3898682148815,0.0
2025-05-13,2025,5,13,257500.0,667500.0,55.879574159628305,-4.278197631229293,4283.844651711825,0.0
2025-05-13,2025,5,13,262500.0,667500.0,55.88102684588964,-4.198328199669799,2919.1308638017586,0.0
2025-05-14,2025,5,14,257500.0,662500.0,55.83467987242347,-4.275570996161421,4290.841991963815,0.0
2025-05-14,2025,5,14,262500.0,662500.0,55.83613012441601,-4.195793465818992,2929.3898682148815,0.0
2025-05-14,2025,5,14,257500.0,667500.0,55.879574159628305,-4.278197631229293,4283.844651711825,0.0
2025-05-14,2025,5,14,262500.0,667500.0,55.88102684588964,-4.198328199669799,2919.1308638017586,0.0
2025-05-15,2025,5,15,257500.0,662500.0,55.83467987242347,-4.275570996161421,4290.841991963815,0.0
2025-05-15,2025,5,15,262500.0,662500.0,55.83613012441601,-4.195793465818992,2929.3898682148815,0.0
2025-05-15,2025,5,15,257500.0,667500.0,55.879574159628305,-4.278197631229293,4283.844651711825,0.0
2025-05-15,2025,5,15,262500.0,667500.0,55.88102684588964,-4.198328199669799,2919.1308638017586,0.0
2025-05-16,2025,5,16,257500.0,662500.0,55.83467987242347,-4.275570996161421,4290.841991963815,0.0
2025-05-16,2025,5,16,262500.0,662500.0,55.83613012441601,-4.195793465818992,2929.3898682148815,0.0
2025-05-16,2025,5,16,257500.0,667500.0,55.879574159628305,-4.278197631229293,4283.844651711825,0.0
2025-05-16,2025,5,16,262500.0,667500.0,55.88102684588964,-4.198328199669799,2919.1308638017586,0.0
2025-05-17,2025,5,17,257500.0,662500.0,55.83467987242347,-4.275570996161421,4290.841991963815,0.0
2025-05-17,2025,5,17,262500.0,662500.0,55.83613012441601,-4.195793465818992,2929.3898682148815,0.0
2025-05-17,2025,5,17,257500.0,667500.0,55.879574159628305,-4.278197631229293,4283.844651711825,0.0
2025-05-17,2025,5,17,262500.0,667500.0,55.88102684588964,-4.198328199669799,2919.1308638017586,0.0
2025-05-18,2025,5,18,257500.0,662500.0,55.83467987242347,-4.275570996161421,4290.841991963815,0.0
2025-05-18,2025,5,18,262500.0,662500.0,55.83613012441601,-4.195793465818992,2929.3898682148815,0.0
2025-05-18,2025,5,18,257500.0,667500.0,55.879574159628305,-4.278197631229293,4283.844651711825,0.0
2025-05-18,2025,5,18,262500.0,667500.0,55.88102684588964,-4.198328199669799,2919.1308638017586,0.0
2025-05-19,2025,5,19,257500.0,662500.0,55.83467987242347,-4.275570996161421,4290.841991963815,0.0
2025-05-19,2025,5,19,262500.0,662500.0,55.83613012441601,-4.195793465818992,2929.3898682148815,0.0
2025-05-19,2025,5,19,257500.0,667500.0,55.879574159628305,-4.278197631229293,4283.844651711825,0.0
2025-05-19,2025,5,19,262500.0,667500.0,55.88102684588964,-4.198328199669799,2919.1308638017586,0.0
2025-05-20,2025,5,20,257500.0,662500.0,55.83467987242347,-4.275570996161421,4290.841991963815,0.0
2025-05-20,2025,5,20,262500.0,662500.0,55.83613012441601,-4.195793465818992,2929.3898682148815,0.0
2025-05-20,2025,5,20,257500.0,667500.0,55.879574159628305,-4.278197631229293,4283.844651711825,0.0
2025-05-20,2025,5,20,262500.0,667500.0,55.88102684588964,-4.198328199669799,2919.1308638017586,0.0
2025-05-21,2025,5,21,257500.0,662500.0,55.83467987242347,-4.275570996161421,4290.841991963815,0.003248856731350719
2025-05-21,2025,5,21,262500.0,662500.0,55.83613012441601,-4.195793465818992,2929.3898682148815,0.0018192755577875097
2025-05-21,2025,5,21,257500.0,667500.0,55.879574159628305,-4.278197631229293,4283.844651711825,0.0033996719489488387
2025-05-21,2025,5,21,262500.0,667500.0,55.88102684588964,-4.198328199669799,2919.1308638017586,0.007911641612952037
2025-05-22,2025,5,22,257500.0,662500.0,55.83467987242347,-4.275570996161421,4290.841991963815,0.0
2025-05-22,2025,5,22,262500.0,662500.0,55.83613012441601,-4.195793465818992,2929.3898682148815,0.0
2025-05-22,2025,5,22,257500.0,667500.0,55.879574159628305,-4.278197631229293,4283.844651711825,0.0
2025-05-22,2025,5,22,262500.0,667500.0,55.88102684588964,-4.198328199669799,2919.1308638017586,0.0
2025-05-23,2025,5,23,257500.0,662500.0,55.83467987242347,-4.275570996161421,4290.841991963815,13.697031189718569
2025-05-23,2025,5,23,262500.0,662500.0,55.83613012441601,-4.195793465818992,2929.3898682148815,13.752936401652065
2025-05-23,2025,5,23,257500.0,667500.0,55.879574159628305,-4.278197631229293,4283.844651711825,14.755897792520926
2025-05-23,2025,5,23,262500.0,667500.0,55.88102684588964,-4.198328199669799,2919.1308638017586,14.26560273033439
2025-05-24,2025,5,24,257500.0,662500.0,55.83467987242347,-4.275570996161421,4290.841991963815,26.509672502263022
2025-05-24,2025,5,24,262500.0,662500.0,55.83613012441601,-4.195793465818992,2929.3898682148815,27.896955493663707
2025-05-24,2025,5,24,257500.0,667500.0,55.879574159628305,-4.278197631229293,4283.844651711825,19.051925966034048
2025-05-24,2025,5,24,262500.0,667500.0,55.88102684588964,-4.198328199669799,2919.1308638017586,22.461544038218847
2025-05-25,2025,5,25,257500.0,662500.0,55.83467987242347,-4.275570996161421,4290.841991963815,7.624187885113806
2025-05-25,2025,5,25,262500.0,662500.0,55.83613012441601,-4.195793465818992,2929.3898682148815,6.793241149193455
2025-05-25,2025,5,25,257500.0,667500.0,55.879574159628305,-4.278197631229293,4283.844651711825,13.070549126278667
2025-05-25,2025,5,25,262500.0,667500.0,55.88102684588964,-4.198328199669799,2919.1308638017586,10.127855577445892
2025-05-26,2025,5,26,257500.0,662500.0,55.83467987242347,-4.275570996161421,4290.841991963815,16.888684185111227
2025-05-26,2025,5,26,262500.0,662500.0,55.83613012441601,-4.195793465818992,2929.3898682148815,15.464279535306087
2025-05-26,2025,5,26,257500.0,667500.0,55.879574159628305,-4.278197631229293,4283.844651711825,18.230984103618727
2025-05-26,2025,5,26,262500.0,667500.0,55.88102684588964,-4.198328199669799,2919.1308638017586,16.07539200649155
2025-05-27,2025,5,27,257500.0,662500.0,55.83467987242347,-4.275570996161421,4290.841991963815,0.12092428294368376
2025-05-27,2025,5,27,262500.0,662500.0,55.83613012441601,-4.195793465818992,2929.3898682148815,0.026349883987388755
2025-05-27,2025,5,27,257500.0,667500.0,55.879574159628305,-4.278197631229293,4283.844651711825,0.20907358924521616
2025-05-27,2025,5,27,262500.0,667500.0,55.88102684588964,-4.198328199669799,2919.1308638017586,0.245285561534449
2025-05-28,2025,5,28,257500.0,662500.0,55.83467987242347,-4.275570996161421,4290.841991963815,11.468025015562427
2025-05-28,2025,5,28,262500.0,662500.0,55.83613012441601,-4.195793465818992,2929.3898682148815,9.592401937355655
2025-05-28,2025,5,28,257500.0,667500.0,55.879574159628305,-4.278197631229293,4283.844651711825,16.05937945525104
2025-05-28,2025,5,28,262500.0,667500.0,55.88102684588964,-4.198328199669799,2919.1308638017586,13.56704380409004
2025-05-29,2025,5,29,257500.0,662500.0,55.83467987242347,-4.275570996161421,4290.841991963815,2.7700839335903122
2025-05-29,2025,5,29,262500.0,662500.0,55.83613012441601,-4.195793465818992,2929.3898682148815,2.235564500517032
2025-05-29,2025,5,29,257500.0,667500.0,55.879574159628305,-4.278197631229293,4283.844651711825,2.602585338303158
2025-05-29,2025,5,29,262500.0,667500.0,55.88102684588964,-4.198328199669799,2919.1308638017586,2.465188507663678
2025-05-30,2025,5,30,257500.0,662500.0,55.83467987242347,-4.275570996161421,4290.841991963815,4.509262895923531
2025-05-30,2025,5,30,262500.0,662500.0,55.83613012441601,-4.195793465818992,2929.3898682148815,4.439950795349851
2025-05-30,2025,5,30,257500.0,667500.0,55.879574159628305,-4.278197631229293,4283.844651711825,5.233962558120137
2025-05-30,2025,5,30,262500.0,667500.0,55.88102684588964,-4.198328199669799,2919.1308638017586,4.7187567791276175
2025-05-31,2025,5,31,257500.0,662500.0,55.83467987242347,-4.275570996161421,4290.841991963815,8.337564435359015
2025-05-31,2025,5,31,262500.0,662500.0,55.83613012441601,-4.195793465818992,2929.3898682148815,6.7211225514437425
2025-05-31,2025,5,31,257500.0,667500.0,55.879574159628305,-4.278197631229293,4283.844651711825,12.844019617452549
2025-05-31,2025,5,31,262500.0,667500.0,55.88102684588964,-4.198328199669799,2919.1308638017586,9.406198644941528
2025-06-01,2025,6,1,257500.0,662500.0,55.83467987242347,-4.275570996161421,4290.841991963815,0.7561717902388654
2025-06-01,2025,6,1,262500.0,662500.0,55.83613012441601,-4.195793465818992,2929.3898682148815,0.17311014116575013
2025-06-01,2025,6,1,257500.0,667500.0,55.879574159628305,-4.278197631229293,4283.844651711825,4.438548559886962
2025-06-01,2025,6,1,262500.0,667500.0,55.88102684588964,-4.198328199669799,2919.1308638017586,2.4067626070957173
2025-06-02,2025,6,2,257500.0,662500.0,55.83467987242347,-4.275570996161421,4290.841991963815,13.99097524261422
2025-06-02,2025,6,2,262500.0,662500.0,55.83613012441601,-4.195793465818992,2929.3898682148815,12.499706126369746
2025-06-02,2025,6,2,257500.0,667500.0,55.879574159628305,-4.278197631229293,4283.844651711825,12.928349029318793
2025-06-02,2025,6,2,262500.0,667500.0,55.88102684588964,-4.198328199669799,2919.1308638017586,13.265483061437331
2025-06-03,2025,6,3,257500.0,662500.0,55.83467987242347,-4.275570996161421,4290.841991963815,5.999806087699714
2025-06-03,2025,6,3,262500.0,662500.0,55.83613012441601,-4.195793465818992,2929.3898682148815,5.895867326072488
2025-06-03,2025,6,3,257500.0,667500.0,55.879574159628305,-4.278197631229293,4283.844651711825,7.07841525939722
2025-06-03,2025,6,3,262500.0,667500.0,55.88102684588964,-4.198328199669799,2919.1308638017586,7.040461050236949
2025-06-04,2025,6,4,257500.0,662500.0,55.83467987242347,-4.275570996161421,4290.841991963815,1.6082222134327144
2025-06-04,2025,6,4,262500.0,662500.0,55.83613012441601,-4.195793465818992,2929.3898682148815,1.8538323024153083
2025-06-04,2025,6,4,257500.0,667500.0,55.879574159628305,-4.278197631229293,4283.844651711825,1.2797146832035633
2025-06-04,2025,6,4,262500.0,667500.0,55.88102684588964,-4.198328199669799,2919.1308638017586,1.6325252691002559
2025-06-05,2025,6,5,257500.0,662500.0,55.83467987242347,-4.275570996161421,4290.841991963815,0.01581404334126635
2025-06-05,2025,6,5,262500.0,662500.0,55.83613012441601,-4.195793465818992,2929.3898682148815,0.0021914583875358986
2025-06-05,2025,6,5,257500.0,667500.0,55.879574159628305,-4.278197631229293,4283.844651711825,0.11016429630056856
2025-06-05,2025,6,5,262500.0,667500.0,55.88102684588964,-4.198328199669799,2919.1308638017586,0.033570564152675314
2025-06-06,2025,6,6,257500.0,662500.0,55.83467987242347,-4.275570996161421,4290.841991963815,0.9300349596803333
2025-06-06,2025,6,6,262500.0,662500.0,55.83613012441601,-4.195793465818992,2929.3898682148815,0.8867039096384449
2025-06-06,2025,6,6,257500.0,667500.0,55.879574159628305,-4.278197631229293,4283.844651711825,1.1778028606740245
2025-06-06,2025,6,6,262500.0,667500.0,55.88102684588964,-4.198328199669799,2919.1308638017586,1.0263248170298225
2025-06-07,2025,6,7,257500.0,662500.0,55.83467987242347,-4.275570996161421,4290.841991963815,2.7551126999051214
2025-06-07,2025,6,7,262500.0,662500.0,55.83613012441601,-4.195793465818992,2929.3898682148815,2.4010351656865017
2025-06-07,2025,6,7,257500.0,667500.0,55.879574159628305,-4.278197631229293,4283.844651711825,3.2098875189343334
2025-06-07,2025,6,7,262500.0,667500.0,55.88102684588964,-4.198328199669799,2919.1308638017586,3.0349667422163638
2025-06-08,2025,6,8,257500.0,662500.0,55.83467987242347,-4.275570996161421,4290.841991963815,0.32068576858565395
2025-06-08,2025,6,8,262500.0,662500.0,55.83613012441601,-4.195793465818992,2929.3898682148815,0.07090029858750621
2025-06-08,2025,6,8,257500.0,667500.0,55.879574159628305,-4.278197631229293,4283.844651711825,1.3411968584883036
2025-06-08,2025,6,8,262500.0,667500.0,55.88102684588964,-4.198328199669799,2919.1308638017586,0.6984140806794147
2025-06-09,2025,6,9,257500.0,662500.0,55.83467987242347,-4.275570996161421,4290.841991963815,7.326628041748599
2025-06-09,2025,6,9,262500.0,662500.0,55.83613012441601,-4.195793465818992,2929.3898682148815,6.046917388534285
2025-06-09,2025,6,9,257500.0,667500.0,55.879574159628305,-4.278197631229293,4283.844651711825,11.126424320526658
2025-06-09,2025,6,9,262500.0,667500.0,55.88102684588964,-4.198328199669799,2919.1308638017586,9.154588501459141
2025-06-10,2025,6,10,257500.0,662500.0,55.83467987242347,-4.275570996161421,4290.841991963815,0.0
2025-06-10,2025,6,10,262500.0,662500.0,55.83613012441601,-4.195793465818992,2929.3898682148815,0.0
2025-06-10,2025,6,10,257500.0,667500.0,55.879574159628305,-4.278197631229293,4283.844651711825,1.7286920247415376e-05
2025-06-10,2025,6,10,262500.0,667500.0,55.88102684588964,-4.198328199669799,2919.1308638017586,3.505867780800872e-05
2025-06-11,2025,6,11,257500.0,662500.0,55.83467987242347,-4.275570996161421,4290.841991963815,0.0
2025-06-11,2025,6,11,262500.0,662500.0,55.83613012441601,-4.195793465818992,2929.3898682148815,0.0
2025-06-11,2025,6,11,257500.0,667500.0,55.879574159628305,-4.278197631229293,4283.844651711825,0.0
2025-06-11,2025,6,11,262500.0,667500.0,55.88102684588964,-4.198328199669799,2919.1308638017586,0.0
2025-06-12,2025,6,12,257500.0,662500.0,55.83467987242347,-4.275570996161421,4290.841991963815,0.7369109057807182
2025-06-12,2025,6,12,262500.0,662500.0,55.83613012441601,-4.195793465818992,2929.3898682148815,0.400395943198688
2025-06-12,2025,6,12,257500.0,667500.0,55.879574159628305,-4.278197631229293,4283.844651711825,0.9150356095078064
2025-06-12,2025,6,12,262500.0,667500.0,55.88102684588964,-4.198328199669799,2919.1308638017586,0.6489512161583719
2025-06-13,2025,6,13,257500.0,662500.0,55.83467987242347,-4.275570996161421,4290.841991963815,7.006897187761221
2025-06-13,2025,6,13,262500.0,662500.0,55.83613012441601,-4.195793465818992,2929.3898682148815,7.249850501984762
2025-06-13,2025,6,13,257500.0,667500.0,55.879574159628305,-4.278197631229293,4283.844651711825,6.206896564663817
2025-06-13,2025,6,13,262500.0,667500.0,55.88102684588964,-4.198328199669799,2919.1308638017586,7.866649261815134
2025-06-14,2025,6,14,257500.0,662500.0,55.83467987242347,-4.275570996161421,4290.841991963815,8.62082213905136
2025-06-14,2025,6,14,262500.0,662500.0,55.83613012441601,-4.195793465818992,2929.3898682148815,7.481857369226558
2025-06-14,2025,6,14,257500.0,667500.0,55.879574159628305,-4.278197631229293,4283.844651711825,8.265938521600988
2025-06-14,2025,6,14,262500.0,667500.0,55.88102684588964,-4.198328199669799,2919.1308638017586,7.914153914763951
2025-06-15,2025,6,15,257500.0,662500.0,55.83467987242347,-4.275570996161421,4290.841991963815,0.40799860544191136
2025-06-15,2025,6,15,262500.0,662500.0,55.83613012441601,-4.195793465818992,2929.3898682148815,0.36525419584353036
2025-06-15,2025,6,15,257500.0,667500.0,55.879574159628305,-4.278197631229293,4283.844651711825,0.7928795455246674
2025-06-15,2025,6,15,262500.0,667500.0,55.88102684588964,-4.198328199669799,2919.1308638017586,0.4936668093524462
2025-06-16,2025,6,16,257500.0,662500.0,55.83467987242347,-4.275570996161421,4290.841991963815,3.4111172527006874
2025-06-16,2025,6,16,262500.0,662500.0,55.83613012441601,-4.195793465818992,2929.3898682148815,2.6558280766620403
2025-06-16,2025,6,16,257500.0,667500.0,55.879574159628305,-4.278197631229293,4283.844651711825,3.838129399071048
2025-06-16,2025,6,16,262500.0,667500.0,55.88102684588964,-4.198328199669799,2919.1308638017586,3.5771135539330823
2025-06-17,2025,6,17,257500.0,662500.0,55.83467987242347,-4.275570996161421,4290.841991963815,0.14572461179470683
2025-06-17,2025,6,17,262500.0,662500.0,55.83613012441601,-4.195793465818992,2929.3898682148815,0.00862811861584408
2025-06-17,2025,6,17,257500.0,667500.0,55.879574159628305,-4.278197631229293,4283.844651711825,0.14833204000084843
2025-06-17,2025,6,17,262500.0,667500.0,55.88102684588964,-4.198328199669799,2919.1308638017586,0.08473686811995142
2025-06-18,2025,6,18,257500.0,662500.0,55.83467987242347,-4.275570996161421,4290.841991963815,0.020539592298076937
2025-06-18,2025,6,18,262500.0,662500.0,55.83613012441601,-4.195793465818992,2929.3898682148815,0.005126126423481982
2025-06-18,2025,6,18,257500.0,667500.0,55.879574159628305,-4.278197631229293,4283.844651711825,0.009414262671458092
2025-06-18,2025,6,18,262500.0,667500.0,55.88102684588964,-4.198328199669799,2919.1308638017586,0.010769046626966362
2025-06-19,2025,6,19,257500.0,662500.0,55.83467987242347,-4.275570996161421,4290.841991963815,0.00017737977865534807
2025-06-19,2025,6,19,262500.0,662500.0,55.83613012441601,-4.195793465818992,2929.3898682148815,3.6044180863151566e-05
2025-06-19,2025,6,19,257500.0,667500.0,55.879574159628305,-4.278197631229293,4283.844651711825,0.0001758749516620156
2025-06-19,2025,6,19,262500.0,667500.0,55.88102684588964,-4.198328199669799,2919.1308638017586,7.906931925665929e-05
2025-06-20,2025,6,20,257500.0,662500.0,55.83467987242347,-4.275570996161421,4290.841991963815,1.1858692610582086e-05
2025-06-20,2025,6,20,262500.0,662500.0,55.83613012441601,-4.195793465818992,2929.3898682148815,0.0
2025-06-20,2025,6,20,257500.0,667500.0,55.879574159628305,-4.278197631229293,4283.844651711825,1.614045209359782e-05
2025-06-20,2025,6,20,262500.0,667500.0,55.88102684588964,-4.198328199669799,2919.1308638017586,2.329082493994704e-06
2025-06-21,2025,6,21,257500.0,662500.0,55.83467987242347,-4.275570996161421,4290.841991963815,2.488865451176828
2025-06-21,2025,6,21,262500.0,662500.0,55.83613012441601,-4.195793465818992,2929.3898682148815,2.3986968177009724
2025-06-21,2025,6,21,257500.0,667500.0,55.879574159628305,-4.278197631229293,4283.844651711825,2.5551284605528974
2025-06-21,2025,6,21,262500.0,667500.0,55.88102684588964,-4.198328199669799,2919.1308638017586,2.436252714001252
2025-06-22,2025,6,22,257500.0,662500.0,55.83467987242347,-4.275570996161421,4290.841991963815,7.5351950329388435
2025-06-22,2025,6,22,262500.0,662500.0,55.83613012441601,-4.195793465818992,2929.3898682148815,7.112948457725414
2025-06-22,2025,6,22,257500.0,667500.0,55.879574159628305,-4.278197631229293,4283.844651711825,8.5534185660485
2025-06-22,2025,6,22,262500.0,667500.0,55.88102684588964,-4.198328199669799,2919.1308638017586,7.659705630938403
2025-06-23,2025,6,23,257500.0,662500.0,55.83467987242347,-4.275570996161421,4290.841991963815,1.846687787024144
2025-06-23,2025,6,23,262500.0,662500.0,55.83613012441601,-4.195793465818992,2929.3898682148815,1.2153593142284775
2025-06-23,2025,6,23,257500.0,667500.0,55.879574159628305,-4.278197631229293,4283.844651711825,2.188264144799337
2025-06-23,2025,6,23,262500.0,667500.0,55.88102684588964,-4.198328199669799,2919.1308638017586,1.7851297792898397
2025-06-24,2025,6,24,257500.0,662500.0,55.83467987242347,-4.275570996161421,4290.841991963815,0.18961690223109373
2025-06-24,2025,6,24,262500.0,662500.0,55.83613012441601,-4.195793465818992,2929.3898682148815,0.0700233529051007
2025-06-24,2025,6,24,257500.0,667500.0,55.879574159628305,-4.278197631229293,4283.844651711825,0.7201584969737647
2025-06-24,2025,6,24,262500.0,667500.0,55.88102684588964,-4.198328199669799,2919.1308638017586,0.3724216710834048
2025-06-25,2025,6,25,257500.0,662500.0,55.83467987242347,-4.275570996161421,4290.841991963815,4.036397978630257
2025-06-25,2025,6,25,262500.0,662500.0,55.83613012441601,-4.195793465818992,2929.3898682148815,3.875764079952078
2025-06-25,2025,6,25,257500.0,667500.0,55.879574159628305,-4.278197631229293,4283.844651711825,4.451256618435567
2025-06-25,2025,6,25,262500.0,667500.0,55.88102684588964,-4.198328199669799,2919.1308638017586,4.394229154031146
2025-06-26,2025,6,26,257500.0,662500.0,55.83467987242347,-4.275570996161421,4290.841991963815,0.5900512827113629
2025-06-26,2025,6,26,262500.0,662500.0,55.83613012441601,-4.195793465818992,2929.3898682148815,0.49668026604696
2025-06-26,2025,6,26,257500.0,667500.0,55.879574159628305,-4.278197631229293,4283.844651711825,0.3935477202237367
2025-06-26,2025,6,26,262500.0,667500.0,55.88102684588964,-4.198328199669799,2919.1308638017586,0.4307471057575173
2025-06-27,2025,6,27,257500.0,662500.0,55.83467987242347,-4.275570996161421,4290.841991963815,4.047160273466959
2025-06-27,2025,6,27,262500.0,662500.0,55.83613012441601,-4.195793465818992,2929.3898682148815,3.31526784633654
2025-06-27,2025,6,27,257500.0,667500.0,55.879574159628305,-4.278197631229293,4283.844651711825,3.631526453810588
2025-06-27,2025,6,27,262500.0,667500.0,55.88102684588964,-4.198328199669799,2919.1308638017586,4.0099154970345685
2025-06-28,2025,6,28,257500.0,662500.0,55.83467987242347,-4.275570996161421,4290.841991963815,0.0
2025-06-28,2025,6,28,262500.0,662500.0,55.83613012441601,-4.195793465818992,2929.3898682148815,0.0
2025-06-28,2025,6,28,257500.0,667500.0,55.879574159628305,-4.278197631229293,4283.844651711825,1.7286920247415376e-05
2025-06-28,2025,6,28,262500.0,667500.0,55.88102684588964,-4.198328199669799,2919.1308638017586,3.505867780800872e-05
2025-06-29,2025,6,29,257500.0,662500.0,55.83467987242347,-4.275570996161421,4290.841991963815,4.2155378257285546e-05
2025-06-29,2025,6,29,262500.0,662500.0,55.83613012441601,-4.195793465818992,2929.3898682148815,0.0
2025-06-29,2025,6,29,257500.0,667500.0,55.879574159628305,-4.278197631229293,4283.844651711825,3.119653214548549e-05
2025-06-29,2025,6,29,262500.0,667500.0,55.88102684588964,-4.198328199669799,2919.1308638017586,0.0
2025-06-30,2025,6,30,257500.0,662500.0,55.83467987242347,-4.275570996161421,4290.841991963815,1.599392296932676
2025-06-30,2025,6,30,262500.0,662500.0,55.83613012441601,-4.195793465818992,2929.3898682148815,1.4204718224444923
2025-06-30,2025,6,30,257500.0,667500.0,55.879574159628305,-4.278197631229293,4283.844651711825,1.6666722255765942
2025-06-30,2025,6,30,262500.0,667500.0,55.88102684588964,-4.198328199669799,2919.1308638017586,1.4498562855803288
2025-07-01,2025,7,1,257500.0,662500.0,55.83467987242347,-4.275570996161421,4290.841991963815,1.128951432120283
2025-07-01,2025,7,1,262500.0,662500.0,55.83613012441601,-4.195793465818992,2929.3898682148815,1.440174141245041
2025-07-01,2025,7,1,257500.0,667500.0,55.879574159628305,-4.278197631229293,4283.844651711825,0.7319766543012332
2025-07-01,2025,7,1,262500.0,667500.0,55.88102684588964,-4.198328199669799,2919.1308638017586,1.7367965232088358
2025-07-02,2025,7,2,257500.0,662500.0,55.83467987242347,-4.275570996161421,4290.841991963815,0.7775826550531632
2025-07-02,2025,7,2,262500.0,662500.0,55.83613012441601,-4.195793465818992,2929.3898682148815,1.164960770613909
2025-07-02,2025,7,2,257500.0,667500.0,55.879574159628305,-4.278197631229293,4283.844651711825,1.1860023292899733
2025-07-02,2025,7,2,262500.0,667500.0,55.88102684588964,-4.198328199669799,2919.1308638017586,2.0752540974511553
2025-07-03,2025,7,3,257500.0,662500.0,55.83467987242347,-4.275570996161421,4290.841991963815,6.539166710420898
2025-07-03,2025,7,3,262500.0,662500.0,55.83613012441601,-4.195793465818992,2929.3898682148815,5.970313610422288
2025-07-03,2025,7,3,257500.0,667500.0,55.879574159628305,-4.278197631229293,4283.844651711825,4.435034072076883
2025-07-03,2025,7,3,262500.0,667500.0,55.88102684588964,-4.198328199669799,2919.1308638017586,5.834602293666636
2025-07-04,2025,7,4,257500.0,662500.0,55.83467987242347,-4.275570996161421,4290.841991963815,8.222589232014272
2025-07-04,2025,7,4,262500.0,662500.0,55.83613012441601,-4.195793465818992,2929.3898682148815,6.0434776192128
2025-07-04,2025,7,4,257500.0,667500.0,55.879574159628305,-4.278197631229293,4283.844651711825,6.591857133325149
2025-07-04,2025,7,4,262500.0,667500.0,55.88102684588964,-4.198328199669799,2919.1308638017586,7.175054425759514
2025-07-05,2025,7,5,257500.0,662500.0,55.83467987242347,-4.275570996161421,4290.841991963815,0.25337685673279386
2025-07-05,2025,7,5,262500.0,662500.0,55.83613012441601,-4.195793465818992,2929.3898682148815,0.1374618915225298
2025-07-05,2025,7,5,257500.0,667500.0,55.879574159628305,-4.278197631229293,4283.844651711825,0.3985850918329586
2025-07-05,2025,7,5,262500.0,667500.0,55.88102684588964,-4.198328199669799,2919.1308638017586,0.4607717078275702
2025-07-06,2025,7,6,257500.0,662500.0,55.83467987242347,-4.275570996161421,4290.841991963815,8.679146297928737
2025-07-06,2025,7,6,262500.0,662500.0,55.83613012441601,-4.195793465818992,2929.3898682148815,8.557276837841584
2025-07-06,2025,7,6,257500.0,667500.0,55.879574159628305,-4.278197631229293,4283.844651711825,8.131443299897123
2025-07-06,2025,7,6,262500.0,667500.0,55.88102684588964,-4.198328199669799,2919.1308638017586,8.445430090029058
2025-07-07,2025,7,7,257500.0,662500.0,55.83467987242347,-4.275570996161421,4290.841991963815,0.08470083008836006
2025-07-07,2025,7,7,262500.0,662500.0,55.83613012441601,-4.195793465818992,2929.3898682148815,0.006652612764299724
2025-07-07,2025,7,7,257500.0,667500.0,55.879574159628305,-4.278197631229293,4283.844651711825,0.026146054616245872
2025-07-07,2025,7,7,262500.0,667500.0,55.88102684588964,-4.198328199669799,2919.1308638017586,0.01866161160709271
2025-07-08,2025,7,8,257500.0,662500.0,55.83467987242347,-4.275570996161421,4290.841991963815,0.20060853880033716
2025-07-08,2025,7,8,262500.0,662500.0,55.83613012441601,-4.195793465818992,2929.3898682148815,0.03949827412484308
2025-07-08,2025,7,8,257500.0,667500.0,55.879574159628305,-4.278197631229293,4283.844651711825,0.3280517082278024
2025-07-08,2025,7,8,262500.0,667500.0,55.88102684588964,-4.198328199669799,2919.1308638017586,0.30397334324877745
2025-07-09,2025,7,9,257500.0,662500.0,55.83467987242347,-4.275570996161421,4290.841991963815,0.004680988958521006
2025-07-09,2025,7,9,262500.0,662500.0,55.83613012441601,-4.195793465818992,2929.3898682148815,0.0017314370739632454
2025-07-09,2025,7,9,257500.0,667500.0,55.879574159628305,-4.278197631229293,4283.844651711825,0.0025811010518486197
2025-07-09,2025,7,9,262500.0,667500.0,55.88102684588964,-4.198328199669799,2919.1308638017586,0.004314976779538278
2025-07-10,2025,7,10,257500.0,662500.0,55.83467987242347,-4.275570996161421,4290.841991963815,0.0
2025-07-10,2025,7,10,262500.0,662500.0,55.83613012441601,-4.195793465818992,2929.3898682148815,0.0
2025-07-10,2025,7,10,257500.0,667500.0,55.879574159628305,-4.278197631229293,4283.844651711825,0.0
2025-07-10,2025,7,10,262500.0,667500.0,55.88102684588964,-4.198328199669799,2919.1308638017586,0.0
2025-07-11,2025,7,11,257500.0,662500.0,55.83467987242347,-4.275570996161421,4290.841991963815,0.0
2025-07-11,2025,7,11,262500.0,662500.0,55.83613012441601,-4.195793465818992,2929.3898682148815,0.0
2025-07-11,2025,7,11,257500.0,667500.0,55.879574159628305,-4.278197631229293,4283.844651711825,0.0
2025-07-11,2025,7,11,262500.0,667500.0,55.88102684588964,-4.198328199669799,2919.1308638017586,0.0
2025-07-12,2025,7,12,257500.0,662500.0,55.83467987242347,-4.275570996161421,4290.841991963815,0.0
2025-07-12,2025,7,12,262500.0,662500.0,55.83613012441601,-4.195793465818992,2929.3898682148815,1.4904193538902146e-05
2025-07-12,2025,7,12,257500.0,667500.0,55.879574159628305,-4.278197631229293,4283.844651711825,0.0
2025-07-12,2025,7,12,262500.0,667500.0,55.88102684588964,-4.198328199669799,2919.1308638017586,6.64611584735906e-05
2025-07-13,2025,7,13,257500.0,662500.0,55.83467987242347,-4.275570996161421,4290.841991963815,4.52793120629256
2025-07-13,2025,7,13,262500.0,662500.0,55.83613012441601,-4.195793465818992,2929.3898682148815,4.6683508866500505
2025-07-13,2025,7,13,257500.0,667500.0,55.879574159628305,-4.278197631229293,4283.844651711825,4.043603279317017
2025-07-13,2025,7,13,262500.0,667500.0,55.88102684588964,-4.198328199669799,2919.1308638017586,4.321358754124317
2025-07-14,2025,7,14,257500.0,662500.0,55.83467987242347,-4.275570996161421,4290.841991963815,5.288385673812578
2025-07-14,2025,7,14,262500.0,662500.0,55.83613012441601,-4.195793465818992,2929.3898682148815,4.90412493314981
2025-07-14,2025,7,14,257500.0,667500.0,55.879574159628305,-4.278197631229293,4283.844651711825,7.407890176477031
2025-07-14,2025,7,14,262500.0,667500.0,55.88102684588964,-4.198328199669799,2919.1308638017586,5.758502443939718
2025-07-15,2025,7,15,257500.0,662500.0,55.83467987242347,-4.275570996161421,4290.841991963815,12.157652375595276
2025-07-15,2025,7,15,262500.0,662500.0,55.83613012441601,-4.195793465818992,2929.3898682148815,10.044187731040022
2025-07-15,2025,7,15,257500.0,667500.0,55.879574159628305,-4.278197631229293,4283.844651711825,21.162289065631494
2025-07-15,2025,7,15,262500.0,667500.0,55.88102684588964,-4.198328199669799,2919.1308638017586,13.259871587367712
2025-07-16,2025,7,16,257500.0,662500.0,55.83467987242347,-4.275570996161421,4290.841991963815,0.00010319734063537861
2025-07-16,2025,7,16,262500.0,662500.0,55.83613012441601,-4.195793465818992,2929.3898682148815,5.151836585039022e-05
2025-07-16,2025,7,16,257500.0,667500.0,55.879574159628305,-4.278197631229293,4283.844651711825,5.082565431532213e-05
2025-07-16,2025,7,16,262500.0,667500.0,55.88102684588964,-4.198328199669799,2919.1308638017586,0.00015295490362842018
2025-07-17,2025,7,17,257500.0,662500.0,55.83467987242347,-4.275570996161421,4290.841991963815,3.5051475393973366
2025-07-17,2025,7,17,262500.0,662500.0,55.83613012441601,-4.195793465818992,2929.3898682148815,2.815824787057883
2025-07-17,2025,7,17,257500.0,667500.0,55.879574159628305,-4.278197631229293,4283.844651711825,5.793644276682495
2025-07-17,2025,7,17,262500.0,667500.0,55.88102684588964,-4.198328199669799,2919.1308638017586,4.373019198610005
2025-07-18,2025,7,18,257500.0,662500.0,55.83467987242347,-4.275570996161421,4290.841991963815,0.00520253851136953
2025-07-18,2025,7,18,262500.0,662500.0,55.83613012441601,-4.195793465818992,2929.3898682148815,0.002856295146087513
2025-07-18,2025,7,18,257500.0,667500.0,55.879574159628305,-4.278197631229293,4283.844651711825,0.0056797162648236175
2025-07-18,2025,7,18,262500.0,667500.0,55.88102684588964,-4.198328199669799,2919.1308638017586,0.01455364401194745
2025-07-19,2025,7,19,257500.0,662500.0,55.83467987242347,-4.275570996161421,4290.841991963815,1.5544726225402392
2025-07-19,2025,7,19,262500.0,662500.0,55.83613012441601,-4.195793465818992,2929.3898682148815,1.507482930622769
2025-07-19,2025,7,19,257500.0,667500.0,55.879574159628305,-4.278197631229293,4283.844651711825,1.486117147249096
2025-07-19,2025,7,19,262500.0,667500.0,55.88102684588964,-4.198328199669799,2919.1308638017586,1.8312461899845716
2025-07-20,2025,7,20,257500.0,662500.0,55.83467987242347,-4.275570996161421,4290.841991963815,14.873192357345111
2025-07-20,2025,7,20,262500.0,662500.0,55.83613012441601,-4.195793465818992,2929.3898682148815,17.232254428853484
2025-07-20,2025,7,20,257500.0,667500.0,55.879574159628305,-4.278197631229293,4283.844651711825,10.868755608328728
2025-07-20,2025,7,20,262500.0,667500.0,55.88102684588964,-4.198328199669799,2919.1308638017586,12.642661573321819
2025-07-21,2025,7,21,257500.0,662500.0,55.83467987242347,-4.275570996161421,4290.841991963815,3.2510147951158053
2025-07-21,2025,7,21,262500.0,662500.0,55.83613012441601,-4.195793465818992,2929.3898682148815,3.0417501184103646
2025-07-21,2025,7,21,257500.0,667500.0,55.879574159628305,-4.278197631229293,4283.844651711825,5.181399137472562
2025-07-21,2025,7,21,262500.0,667500.0,55.88102684588964,-4.198328199669799,2919.1308638017586,4.157998560902607
2025-07-22,2025,7,22,257500.0,662500.0,55.83467987242347,-4.275570996161421,4290.841991963815,0.002636315048495776
2025-07-22,2025,7,22,262500.0,662500.0,55.83613012441601,-4.195793465818992,2929.3898682148815,0.0011914077343070481
2025-07-22,2025,7,22,257500.0,667500.0,55.879574159628305,-4.278197631229293,4283.844651711825,0.003786044616728679
2025-07-22,2025,7,22,262500.0,667500.0,55.88102684588964,-4.198328199669799,2919.1308638017586,0.008976266811708496
2025-07-23,2025,7,23,257500.0,662500.0,55.83467987242347,-4.275570996161421,4290.841991963815,0.0
2025-07-23,2025,7,23,262500.0,662500.0,55.83613012441601,-4.195793465818992,2929.3898682148815,0.0
2025-07-23,2025,7,23,257500.0,667500.0,55.879574159628305,-4.278197631229293,4283.844651711825,0.0
2025-07-23,2025,7,23,262500.0,667500.0,55.88102684588964,-4.198328199669799,2919.1308638017586,0.0
2025-07-24,2025,7,24,257500.0,662500.0,55.83467987242347,-4.275570996161421,4290.841991963815,0.006496022540736975
2025-07-24,2025,7,24,262500.0,662500.0,55.83613012441601,-4.195793465818992,2929.3898682148815,0.0012137253614356957
2025-07-24,2025,7,24,257500.0,667500.0,55.879574159628305,-4.278197631229293,4283.844651711825,0.005742942092768245
2025-07-24,2025,7,24,262500.0,667500.0,55.88102684588964,-4.198328199669799,2919.1308638017586,0.008220352573124728
2025-07-25,2025,7,25,257500.0,662500.0,55.83467987242347,-4.275570996161421,4290.841991963815,0.1072688391615253
2025-07-25,2025,7,25,262500.0,662500.0,55.83613012441601,-4.195793465818992,2929.3898682148815,0.023348512386967866
2025-07-25,2025,7,25,257500.0,667500.0,55.879574159628305,-4.278197631229293,4283.844651711825,0.05091145195412565
2025-07-25,2025,7,25,262500.0,667500.0,55.88102684588964,-4.198328199669799,2919.1308638017586,0.07431615332718951
2025-07-26,2025,7,26,257500.0,662500.0,55.83467987242347,-4.275570996161421,4290.841991963815,2.136511989111178
2025-07-26,2025,7,26,262500.0,662500.0,55.83613012441601,-4.195793465818992,2929.3898682148815,1.5072701468870924
2025-07-26,2025,7,26,257500.0,667500.0,55.879574159628305,-4.278197631229293,4283.844651711825,4.538038630080375
2025-07-26,2025,7,26,262500.0,667500.0,55.88102684588964,-4.198328199669799,2919.1308638017586,2.9890909439231557
2025-07-27,2025,7,27,257500.0,662500.0,55.83467987242347,-4.275570996161421,4290.841991963815,2.138812720364391
2025-07-27,2025,7,27,262500.0,662500.0,55.83613012441601,-4.195793465818992,2929.3898682148815,2.507420138341292
2025-07-27,2025,7,27,257500.0,667500.0,55.879574159628305,-4.278197631229293,4283.844651711825,1.255459989072009
2025-07-27,2025,7,27,262500.0,667500.0,55.88102684588964,-4.198328199669799,2919.1308638017586,1.7242637754984322
2025-07-28,2025,7,28,257500.0,662500.0,55.83467987242347,-4.275570996161421,4290.841991963815,0.011439682811385025
2025-07-28,2025,7,28,262500.0,662500.0,55.83613012441601,-4.195793465818992,2929.3898682148815,0.0019042201701091554
2025-07-28,2025,7,28,257500.0,667500.0,55.879574159628305,-4.278197631229293,4283.844651711825,0.006721027766080328
2025-07-28,2025,7,28,262500.0,667500.0,55.88102684588964,-4.198328199669799,2919.1308638017586,0.005926122057714285
2025-07-29,2025,7,29,257500.0,662500.0,55.83467987242347,-4.275570996161421,4290.841991963815,0.0026050380877440317
2025-07-29,2025,7,29,262500.0,662500.0,55.83613012441601,-4.195793465818992,2929.3898682148815,0.0005263453028159029
2025-07-29,2025,7,29,257500.0,667500.0,55.879574159628305,-4.278197631229293,4283.844651711825,0.001680465002246625
2025-07-29,2025,7,29,262500.0,667500.0,55.88102684588964,-4.198328199669799,2919.1308638017586,0.0018278432929494306
2025-07-30,2025,7,30,257500.0,662500.0,55.83467987242347,-4.275570996161421,4290.841991963815,0.006198994647776158
2025-07-30,2025,7,30,262500.0,662500.0,55.83613012441601,-4.195793465818992,2929.3898682148815,0.0013249700017503902
2025-07-30,2025,7,30,257500.0,667500.0,55.879574159628305,-4.278197631229293,4283.844651711825,0.004611701474452772
2025-07-30,2025,7,30,262500.0,667500.0,55.88102684588964,-4.198328199669799,2919.1308638017586,0.005014989834535804
2025-07-31,2025,7,31,257500.0,662500.0,55.83467987242347,-4.275570996161421,4290.841991963815,1.6607333057007817e-05
2025-07-31,2025,7,31,262500.0,662500.0,55.83613012441601,-4.195793465818992,2929.3898682148815,2.1518110205947178e-05
2025-07-31,2025,7,31,257500.0,667500.0,55.879574159628305,-4.278197631229293,4283.844651711825,0.0
2025-07-31,2025,7,31,262500.0,667500.0,55.88102684588964,-4.198328199669799,2919.1308638017586,8.124943877205307e-05
2025-08-01,2025,8,1,257500.0,662500.0,55.83467987242347,-4.275570996161421,4290.841991963815,0.00012123321674102789
2025-08-01,2025,8,1,262500.0,662500.0,55.83613012441601,-4.195793465818992,2929.3898682148815,7.816657755408866e-05
2025-08-01,2025,8,1,257500.0,667500.0,55.879574159628305,-4.278197631229293,4283.844651711825,4.5612490526008046e-05
2025-08-01,2025,8,1,262500.0,667500.0,55.88102684588964,-4.198328199669799,2919.1308638017586,0.00028700738170357477
2025-08-02,2025,8,2,257500.0,662500.0,55.83467987242347,-4.275570996161421,4290.841991963815,3.5167014862511987
2025-08-02,2025,8,2,262500.0,662500.0,55.83613012441601,-4.195793465818992,2929.3898682148815,3.2448576598278254
2025-08-02,2025,8,2,257500.0,667500.0,55.879574159628305,-4.278197631229293,4283.844651711825,4.175876029941089
2025-08-02,2025,8,2,262500.0,667500.0,55.88102684588964,-4.198328199669799,2919.1308638017586,4.025913777342709
2025-08-03,2025,8,3,257500.0,662500.0,55.83467987242347,-4.275570996161421,4290.841991963815,14.67150945809038
2025-08-03,2025,8,3,262500.0,662500.0,55.83613012441601,-4.195793465818992,2929.3898682148815,13.418271948144115
2025-08-03,2025,8,3,257500.0,667500.0,55.879574159628305,-4.278197631229293,4283.844651711825,15.438246726791713
2025-08-03,2025,8,3,262500.0,667500.0,55.88102684588964,-4.198328199669799,2919.1308638017586,15.81361261918062
2025-08-04,2025,8,4,257500.0,662500.0,55.83467987242347,-4.275570996161421,4290.841991963815,1.7445773023491369
2025-08-04,2025,8,4,262500.0,662500.0,55.83613012441601,-4.195793465818992,2929.3898682148815,1.0533654421949192
2025-08-04,2025,8,4,257500.0,667500.0,55.879574159628305,-4.278197631229293,4283.844651711825,1.9256374977620434
2025-08-04,2025,8,4,262500.0,667500.0,55.88102684588964,-4.198328199669799,2919.1308638017586,1.9947779735553748
2025-08-05,2025,8,5,257500.0,662500.0,55.83467987242347,-4.275570996161421,4290.841991963815,0.12744475177911335
2025-08-05,2025,8,5,262500.0,662500.0,55.83613012441601,-4.195793465818992,2929.3898682148815,0.01777272689519067
2025-08-05,2025,8,5,257500.0,667500.0,55.879574159628305,-4.278197631229293,4283.844651711825,0.6512673586306997
2025-08-05,2025,8,5,262500.0,667500.0,55.88102684588964,-4.198328199669799,2919.1308638017586,0.21382096992792546
2025-08-06,2025,8,6,257500.0,662500.0,55.83467987242347,-4.275570996161421,4290.841991963815,2.6491692036509535
2025-08-06,2025,8,6,262500.0,662500.0,55.83613012441601,-4.195793465818992,2929.3898682148815,2.102677630407967
2025-08-06,2025,8,6,257500.0,667500.0,55.879574159628305,-4.278197631229293,4283.844651711825,2.160336834011479
2025-08-06,2025,8,6,262500.0,667500.0,55.88102684588964,-4.198328199669799,2919.1308638017586,2.512330481187945
2025-08-07,2025,8,7,257500.0,662500.0,55.83467987242347,-4.275570996161421,4290.841991963815,0.17753127052627904
2025-08-07,2025,8,7,262500.0,662500.0,55.83613012441601,-4.195793465818992,2929.3898682148815,0.034187891434341346
2025-08-07,2025,8,7,257500.0,667500.0,55.879574159628305,-4.278197631229293,4283.844651711825,0.2103060226348763
2025-08-07,2025,8,7,262500.0,667500.0,55.88102684588964,-4.198328199669799,2919.1308638017586,0.18612177516751827
2025-08-08,2025,8,8,257500.0,662500.0,55.83467987242347,-4.275570996161421,4290.841991963815,2.1075146101721667
2025-08-08,2025,8,8,262500.0,662500.0,55.83613012441601,-4.195793465818992,2929.3898682148815,1.6093585836785123
2025-08-08,2025,8,8,257500.0,667500.0,55.879574159628305,-4.278197631229293,4283.844651711825,3.125228747968868
2025-08-08,2025,8,8,262500.0,667500.0,55.88102684588964,-4.198328199669799,2919.1308638017586,3.069847553842426
2025-08-09,2025,8,9,257500.0,662500.0,55.83467987242347,-4.275570996161421,4290.841991963815,0.12140350995280672
2025-08-09,2025,8,9,262500.0,662500.0,55.83613012441601,-4.195793465818992,2929.3898682148815,0.01886986957867743
2025-08-09,2025,8,9,257500.0,667500.0,55.879574159628305,-4.278197631229293,4283.844651711825,0.4948477151961976
2025-08-09,2025,8,9,262500.0,667500.0,55.88102684588964,-4.198328199669799,2919.1308638017586,0.2546173878946517
2025-08-10,2025,8,10,257500.0,662500.0,55.83467987242347,-4.275570996161421,4290.841991963815,4.1363939847029485
2025-08-10,2025,8,10,262500.0,662500.0,55.83613012441601,-4.195793465818992,2929.3898682148815,4.482517438320109
2025-08-10,2025,8,10,257500.0,667500.0,55.879574159628305,-4.278197631229293,4283.844651711825,4.859199090714213
2025-08-10,2025,8,10,262500.0,667500.0,55.88102684588964,-4.198328199669799,2919.1308638017586,4.964238421140323
2025-08-11,2025,8,11,257500.0,662500.0,55.83467987242347,-4.275570996161421,4290.841991963815,0.021015693257165194
2025-08-11,2025,8,11,262500.0,662500.0,55.83613012441601,-4.195793465818992,2929.3898682148815,0.005611373634386582
2025-08-11,2025,8,11,257500.0,667500.0,55.879574159628305,-4.278197631229293,4283.844651711825,0.1184740090586989
2025-08-11,2025,8,11,262500.0,667500.0,55.88102684588964,-4.198328199669799,2919.1308638017586,0.0711774883185405
2025-08-12,2025,8,12,257500.0,662500.0,55.83467987242347,-4.275570996161421,4290.841991963815,0.001180633688886818
2025-08-12,2025,8,12,262500.0,662500.0,55.83613012441601,-4.195793465818992,2929.3898682148815,0.00012842200624963384
2025-08-12,2025,8,12,257500.0,667500.0,55.879574159628305,-4.278197631229293,4283.844651711825,0.0014539017547516508
2025-08-12,2025,8,12,262500.0,667500.0,55.88102684588964,-4.198328199669799,2919.1308638017586,0.0009625263457490041
2025-08-13,2025,8,13,257500.0,662500.0,55.83467987242347,-4.275570996161421,4290.841991963815,0.002803645355891607
2025-08-13,2025,8,13,262500.0,662500.0,55.83613012441601,-4.195793465818992,2929.3898682148815,0.0006974770478342116
2025-08-13,2025,8,13,257500.0,667500.0,55.879574159628305,-4.278197631229293,4283.844651711825,0.0010903448226169206
2025-08-13,2025,8,13,262500.0,667500.0,55.88102684588964,-4.198328199669799,2919.1308638017586,0.002433707796622699
2025-08-14,2025,8,14,257500.0,662500.0,55.83467987242347,-4.275570996161421,4290.841991963815,7.0462202264080495e-06
2025-08-14,2025,8,14,262500.0,662500.0,55.83613012441601,-4.195793465818992,2929.3898682148815,9.770822194261082e-06
2025-08-14,2025,8,14,257500.0,667500.0,55.879574159628305,-4.278197631229293,4283.844651711825,1.224501316360564e-07
2025-08-14,2025,8,14,262500.0,667500.0,55.88102684588964,-4.198328199669799,2919.1308638017586,3.5875922712946846e-05
2025-08-15,2025,8,15,257500.0,662500.0,55.83467987242347,-4.275570996161421,4290.841991963815,0.0008069720148580951
2025-08-15,2025,8,15,262500.0,662500.0,55.83613012441601,-4.195793465818992,2929.3898682148815,0.00015264382419325723
2025-08-15,2025,8,15,257500.0,667500.0,55.879574159628305,-4.278197631229293,4283.844651711825,0.0005134523336957139
2025-08-15,2025,8,15,262500.0,667500.0,55.88102684588964,-4.198328199669799,2919.1308638017586,0.0005850317428946489
2025-08-16,2025,8,16,257500.0,662500.0,55.83467987242347,-4.275570996161421,4290.841991963815,8.136292515882609e-05
2025-08-16,2025,8,16,262500.0,662500.0,55.83613012441601,-4.195793465818992,2929.3898682148815,1.7671928294459423e-05
2025-08-16,2025,8,16,257500.0,667500.0,55.879574159628305,-4.278197631229293,4283.844651711825,5.4628217537669e-05
2025-08-16,2025,8,16,262500.0,667500.0,55.88102684588964,-4.198328199669799,2919.1308638017586,1.9434943678065924e-05
2025-08-17,2025,8,17,257500.0,662500.0,55.83467987242347,-4.275570996161421,4290.841991963815,0.0
2025-08-17,2025,8,17,262500.0,662500.0,55.83613012441601,-4.195793465818992,2929.3898682148815,0.0
2025-08-17,2025,8,17,257500.0,667500.0,55.879574159628305,-4.278197631229293,4283.844651711825,0.0
2025-08-17,2025,8,17,262500.0,667500.0,55.88102684588964,-4.198328199669799,2919.1308638017586,0.0
2025-08-18,2025,8,18,257500.0,662500.0,55.83467987242347,-4.275570996161421,4290.841991963815,0.0
2025-08-18,2025,8,18,262500.0,662500.0,55.83613012441601,-4.195793465818992,2929.3898682148815,1.817970220747732e-05
2025-08-18,2025,8,18,257500.0,667500.0,55.879574159628305,-4.278197631229293,4283.844651711825,0.0
2025-08-18,2025,8,18,262500.0,667500.0,55.88102684588964,-4.198328199669799,2919.1308638017586,7.874978498396852e-05
2025-08-19,2025,8,19,257500.0,662500.0,55.83467987242347,-4.275570996161421,4290.841991963815,0.0003710650405922537
2025-08-19,2025,8,19,262500.0,662500.0,55.83613012441601,-4.195793465818992,2929.3898682148815,0.00028611086766247085
2025-08-19,2025,8,19,257500.0,667500.0,55.879574159628305,-4.278197631229293,4283.844651711825,0.0004100349833225336
2025-08-19,2025,8,19,262500.0,667500.0,55.88102684588964,-4.198328199669799,2919.1308638017586,0.0013029561379890693
2025-08-20,2025,8,20,257500.0,662500.0,55.83467987242347,-4.275570996161421,4290.841991963815,7.0462202264080495e-06
2025-08-20,2025,8,20,262500.0,662500.0,55.83613012441601,-4.195793465818992,2929.3898682148815,9.770822194261082e-06
2025-08-20,2025,8,20,257500.0,667500.0,55.879574159628305,-4.278197631229293,4283.844651711825,0.0
2025-08-20,2025,8,20,262500.0,667500.0,55.88102684588964,-4.198328199669799,2919.1308638017586,3.5875922712946846e-05
2025-08-21,2025,8,21,257500.0,662500.0,55.83467987242347,-4.275570996161421,4290.841991963815,0.00018877074766641136
2025-08-21,2025,8,21,262500.0,662500.0,55.83613012441601,-4.195793465818992,2929.3898682148815,4.8865071941395245e-05
2025-08-21,2025,8,21,257500.0,667500.0,55.879574159628305,-4.278197631229293,4283.844651711825,0.00030085232748426887
2025-08-21,2025,8,21,262500.0,667500.0,55.88102684588964,-4.198328199669799,2919.1308638017586,0.00041830822160203473
2025-08-22,2025,8,22,257500.0,662500.0,55.83467987242347,-4.275570996161421,4290.841991963815,0.0030540352154948213
2025-08-22,2025,8,22,262500.0,662500.0,55.83613012441601,-4.195793465818992,2929.3898682148815,0.00038361157936093895
2025-08-22,2025,8,22,257500.0,667500.0,55.879574159628305,-4.278197631229293,4283.844651711825,0.001343203201605536
2025-08-22,2025,8,22,262500.0,667500.0,55.88102684588964,-4.198328199669799,2919.1308638017586,0.0011735943008534774
2025-08-23,2025,8,23,257500.0,662500.0,55.83467987242347,-4.275570996161421,4290.841991963815,0.0010765620828862017
2025-08-23,2025,8,23,262500.0,662500.0,55.83613012441601,-4.195793465818992,2929.3898682148815,0.00040899389765092047
2025-08-23,2025,8,23,257500.0,667500.0,55.879574159628305,-4.278197631229293,4283.844651711825,0.001491668490066843
2025-08-23,2025,8,23,262500.0,667500.0,55.88102684588964,-4.198328199669799,2919.1308638017586,0.0027441856128515175
2025-08-24,2025,8,24,257500.0,662500.0,55.83467987242347,-4.275570996161421,4290.841991963815,0.00032469074804289714
2025-08-24,2025,8,24,262500.0,662500.0,55.83613012441601,-4.195793465818992,2929.3898682148815,7.647855973370006e-05
2025-08-24,2025,8,24,257500.0,667500.0,55.879574159628305,-4.278197631229293,4283.844651711825,0.0002242571140554859
2025-08-24,2025,8,24,262500.0,667500.0,55.88102684588964,-4.198328199669799,2919.1308638017586,0.0002520608593202547
2025-08-25,2025,8,25,257500.0,662500.0,55.83467987242347,-4.275570996161421,4290.841991963815,4.8609188321829615
2025-08-25,2025,8,25,262500.0,662500.0,55.83613012441601,-4.195793465818992,2929.3898682148815,4.1015888987082745
2025-08-25,2025,8,25,257500.0,667500.0,55.879574159628305,-4.278197631229293,4283.844651711825,5.370375810707513
2025-08-25,2025,8,25,262500.0,667500.0,55.88102684588964,-4.198328199669799,2919.1308638017586,4.858771591389015
2025-08-26,2025,8,26,257500.0,662500.0,55.83467987242347,-4.275570996161421,4290.841991963815,3.6144670572063564
2025-08-26,2025,8,26,262500.0,662500.0,55.83613012441601,-4.195793465818992,2929.3898682148815,2.5608162903240173
2025-08-26,2025,8,26,257500.0,667500.0,55.879574159628305,-4.278197631229293,4283.844651711825,2.645587386767285
2025-08-26,2025,8,26,262500.0,667500.0,55.88102684588964,-4.198328199669799,2919.1308638017586,3.482126478731367
2025-08-27,2025,8,27,257500.0,662500.0,55.83467987242347,-4.275570996161421,4290.841991963815,4.25668347685812
2025-08-27,2025,8,27,262500.0,662500.0,55.83613012441601,-4.195793465818992,2929.3898682148815,3.7817222325689106
2025-08-27,2025,8,27,257500.0,667500.0,55.879574159628305,-4.278197631229293,4283.844651711825,5.187255067548046
2025-08-27,2025,8,27,262500.0,667500.0,55.88102684588964,-4.198328199669799,2919.1308638017586,5.104250652583077
2025-08-28,2025,8,28,257500.0,662500.0,55.83467987242347,-4.275570996161421,4290.841991963815,1.9250451842934684
2025-08-28,2025,8,28,262500.0,662500.0,55.83613012441601,-4.195793465818992,2929.3898682148815,1.173244817673141
2025-08-28,2025,8,28,257500.0,667500.0,55.879574159628305,-4.278197631229293,4283.844651711825,2.182232089646324
2025-08-28,2025,8,28,262500.0,667500.0,55.88102684588964,-4.198328199669799,2919.1308638017586,2.231232554722549
2025-08-29,2025,8,29,257500.0,662500.0,55.83467987242347,-4.275570996161421,4290.841991963815,1.2517048311196548
2025-08-29,2025,8,29,262500.0,662500.0,55.83613012441601,-4.195793465818992,2929.3898682148815,0.6635514721316955
2025-08-29,2025,8,29,257500.0,667500.0,55.879574159628305,-4.278197631229293,4283.844651711825,1.8371818029541218
2025-08-29,2025,8,29,262500.0,667500.0,55.88102684588964,-4.198328199669799,2919.1308638017586,1.8639252224590819
2025-08-30,2025,8,30,257500.0,662500.0,55.83467987242347,-4.275570996161421,4290.841991963815,4.431830224570388
2025-08-30,2025,8,30,262500.0,662500.0,55.83613012441601,-4.195793465818992,2929.3898682148815,3.886045039926265
2025-08-30,2025,8,30,257500.0,667500.0,55.879574159628305,-4.278197631229293,4283.844651711825,5.690523596148857
2025-08-30,2025,8,30,262500.0,667500.0,55.88102684588964,-4.198328199669799,2919.1308638017586,5.247121614633074
2025-08-31,2025,8,31,257500.0,662500.0,55.83467987242347,-4.275570996161421,4290.841991963815,7.544372605253089
2025-08-31,2025,8,31,262500.0,662500.0,55.83613012441601,-4.195793465818992,2929.3898682148815,6.916308518252034
2025-08-31,2025,8,31,257500.0,667500.0,55.879574159628305,-4.278197631229293,4283.844651711825,7.3106681627638945
2025-08-31,2025,8,31,262500.0,667500.0,55.88102684588964,-4.198328199669799,2919.1308638017586,7.324514614218194
2025-09-01,2025,9,1,257500.0,662500.0,55.83467987242347,-4.275570996161421,4290.841991963815,3.3533368644091004
2025-09-01,2025,9,1,262500.0,662500.0,55.83613012441601,-4.195793465818992,2929.3898682148815,3.024690226207302
2025-09-01,2025,9,1,257500.0,667500.0,55.879574159628305,-4.278197631229293,4283.844651711825,2.7901562298101803
2025-09-01,2025,9,1,262500.0,667500.0,55.88102684588964,-4.198328199669799,2919.1308638017586,2.937296495821784
2025-09-02,2025,9,2,257500.0,662500.0,55.83467987242347,-4.275570996161421,4290.841991963815,0.08035953788095872
2025-09-02,2025,9,2,262500.0,662500.0,55.83613012441601,-4.195793465818992,2929.3898682148815,0.044003118188163576
2025-09-02,2025,9,2,257500.0,667500.0,55.879574159628305,-4.278197631229293,4283.844651711825,0.05717905101545181
2025-09-02,2025,9,2,262500.0,667500.0,55.88102684588964,-4.198328199669799,2919.1308638017586,0.09987590745124235
2025-09-03,2025,9,3,257500.0,662500.0,55.83467987242347,-4.275570996161421,4290.841991963815,1.266752208219262
2025-09-03,2025,9,3,262500.0,662500.0,55.83613012441601,-4.195793465818992,2929.3898682148815,1.1448500107241486
2025-09-03,2025,9,3,257500.0,667500.0,55.879574159628305,-4.278197631229293,4283.844651711825,1.0052282721736512
2025-09-03,2025,9,3,262500.0,667500.0,55.88102684588964,-4.198328199669799,2919.1308638017586,1.2359444703064628
2025-09-04,2025,9,4,257500.0,662500.0,55.83467987242347,-4.275570996161421,4290.841991963815,6.543934356278452
2025-09-04,2025,9,4,262500.0,662500.0,55.83613012441601,-4.195793465818992,2929.3898682148815,5.8555208059166315
2025-09-04,2025,9,4,257500.0,667500.0,55.879574159628305,-4.278197631229293,4283.844651711825,9.541883669904482
2025-09-04,2025,9,4,262500.0,667500.0,55.88102684588964,-4.198328199669799,2919.1308638017586,6.857465725613265
2025-09-05,2025,9,5,257500.0,662500.0,55.83467987242347,-4.275570996161421,4290.841991963815,0.2941825765528996
2025-09-05,2025,9,5,262500.0,662500.0,55.83613012441601,-4.195793465818992,2929.3898682148815,0.03477563136119117
2025-09-05,2025,9,5,257500.0,667500.0,55.879574159628305,-4.278197631229293,4283.844651711825,2.6709960928204137
2025-09-05,2025,9,5,262500.0,667500.0,55.88102684588964,-4.198328199669799,2919.1308638017586,0.8103461363672173
2025-09-06,2025,9,6,257500.0,662500.0,55.83467987242347,-4.275570996161421,4290.841991963815,0.0012954179371502687
2025-09-06,2025,9,6,262500.0,662500.0,55.83613012441601,-4.195793465818992,2929.3898682148815,0.00020573943605953598
2025-09-06,2025,9,6,257500.0,667500.0,55.879574159628305,-4.278197631229293,4283.844651711825,0.0013911561602722908
2025-09-06,2025,9,6,262500.0,667500.0,55.88102684588964,-4.198328199669799,2919.1308638017586,0.001361945659215538
2025-09-07,2025,9,7,257500.0,662500.0,55.83467987242347,-4.275570996161421,4290.841991963815,7.3836145580541555
2025-09-07,2025,9,7,262500.0,662500.0,55.83613012441601,-4.195793465818992,2929.3898682148815,6.140617306374014
2025-09-07,2025,9,7,257500.0,667500.0,55.879574159628305,-4.278197631229293,4283.844651711825,8.33058074328185
2025-09-07,2025,9,7,262500.0,667500.0,55.88102684588964,-4.198328199669799,2919.1308638017586,7.20156665371462
2025-09-08,2025,9,8,257500.0,662500.0,55.83467987242347,-4.275570996161421,4290.841991963815,0.7429667497907506
2025-09-08,2025,9,8,262500.0,662500.0,55.83613012441601,-4.195793465818992,2929.3898682148815,0.803839978055359
2025-09-08,2025,9,8,257500.0,667500.0,55.879574159628305,-4.278197631229293,4283.844651711825,0.45653269012618053
2025-09-08,2025,9,8,262500.0,667500.0,55.88102684588964,-4.198328199669799,2919.1308638017586,0.6470164186906863
2025-09-09,2025,9,9,257500.0,662500.0,55.83467987242347,-4.275570996161421,4290.841991963815,0.0053268100036438
2025-09-09,2025,9,9,262500.0,662500.0,55.83613012441601,-4.195793465818992,2929.3898682148815,0.0006752937424455401
2025-09-09,2025,9,9,257500.0,667500.0,55.879574159628305,-4.278197631229293,4283.844651711825,0.00514806259325942
2025-09-09,2025,9,9,262500.0,667500.0,55.88102684588964,-4.198328199669799,2919.1308638017586,0.0038912833978360793
2025-09-10,2025,9,10,257500.0,662500.0,55.83467987242347,-4.275570996161421,4290.841991963815,14.804736492964357
2025-09-10,2025,9,10,262500.0,662500.0,55.83613012441601,-4.195793465818992,2929.3898682148815,15.673373137096615
2025-09-10,2025,9,10,257500.0,667500.0,55.879574159628305,-4.278197631229293,4283.844651711825,13.253511158584951
2025-09-10,2025,9,10,262500.0,667500.0,55.88102684588964,-4.198328199669799,2919.1308638017586,15.696365483325458
2025-09-11,2025,9,11,257500.0,662500.0,55.83467987242347,-4.275570996161421,4290.841991963815,2.724454097601138
2025-09-11,2025,9,11,262500.0,662500.0,55.83613012441601,-4.195793465818992,2929.3898682148815,2.264750025739498
2025-09-11,2025,9,11,257500.0,667500.0,55.879574159628305,-4.278197631229293,4283.844651711825,3.3002830752985717
2025-09-11,2025,9,11,262500.0,667500.0,55.88102684588964,-4.198328199669799,2919.1308638017586,3.1224243036282315
2025-09-12,2025,9,12,257500.0,662500.0,55.83467987242347,-4.275570996161421,4290.841991963815,8.758057553863392
2025-09-12,2025,9,12,262500.0,662500.0,55.83613012441601,-4.195793465818992,2929.3898682148815,8.863919155248967
2025-09-12,2025,9,12,257500.0,667500.0,55.879574159628305,-4.278197631229293,4283.844651711825,9.263684709890718
2025-09-12,2025,9,12,262500.0,667500.0,55.88102684588964,-4.198328199669799,2919.1308638017586,8.528946422821331
2025-09-13,2025,9,13,257500.0,662500.0,55.83467987242347,-4.275570996161421,4290.841991963815,7.210579192566028
2025-09-13,2025,9,13,262500.0,662500.0,55.83613012441601,-4.195793465818992,2929.3898682148815,7.131506221776622
2025-09-13,2025,9,13,257500.0,667500.0,55.879574159628305,-4.278197631229293,4283.844651711825,5.461696032208832
2025-09-13,2025,9,13,262500.0,667500.0,55.88102684588964,-4.198328199669799,2919.1308638017586,5.959961893890146
2025-09-14,2025,9,14,257500.0,662500.0,55.83467987242347,-4.275570996161421,4290.841991963815,9.046227921649656
2025-09-14,2025,9,14,262500.0,662500.0,55.83613012441601,-4.195793465818992,2929.3898682148815,8.361558724284407
2025-09-14,2025,9,14,257500.0,667500.0,55.879574159628305,-4.278197631229293,4283.844651711825,9.662195055879252
2025-09-14,2025,9,14,262500.0,667500.0,55.88102684588964,-4.198328199669799,2919.1308638017586,9.618452740778402
2025-09-15,2025,9,15,257500.0,662500.0,55.83467987242347,-4.275570996161421,4290.841991963815,2.2761356232802545
2025-09-15,2025,9,15,262500.0,662500.0,55.83613012441601,-4.195793465818992,2929.3898682148815,2.4922287228541933
2025-09-15,2025,9,15,257500.0,667500.0,55.879574159628305,-4.278197631229293,4283.844651711825,2.1811894582528573
2025-09-15,2025,9,15,262500.0,667500.0,55.88102684588964,-4.198328199669799,2919.1308638017586,2.883944431782499
2025-09-16,2025,9,16,257500.0,662500.0,55.83467987242347,-4.275570996161421,4290.841991963815,4.626158976081427
2025-09-16,2025,9,16,262500.0,662500.0,55.83613012441601,-4.195793465818992,2929.3898682148815,5.059041984710289
2025-09-16,2025,9,16,257500.0,667500.0,55.879574159628305,-4.278197631229293,4283.844651711825,4.669380101690374
2025-09-16,2025,9,16,262500.0,667500.0,55.88102684588964,-4.198328199669799,2919.1308638017586,4.642527112671936
2025-09-17,2025,9,17,257500.0,662500.0,55.83467987242347,-4.275570996161421,4290.841991963815,0.6088110335304601
2025-09-17,2025,9,17,262500.0,662500.0,55.83613012441601,-4.195793465818992,2929.3898682148815,0.49322008597708755
2025-09-17,2025,9,17,257500.0,667500.0,55.879574159628305,-4.278197631229293,4283.844651711825,0.6930375728616002
2025-09-17,2025,9,17,262500.0,667500.0,55.88102684588964,-4.198328199669799,2919.1308638017586,0.5472234344662732
2025-09-18,2025,9,18,257500.0,662500.0,55.83467987242347,-4.275570996161421,4290.841991963815,8.319561801758223
2025-09-18,2025,9,18,262500.0,662500.0,55.83613012441601,-4.195793465818992,2929.3898682148815,7.6937598994819725
2025-09-18,2025,9,18,257500.0,667500.0,55.879574159628305,-4.278197631229293,4283.844651711825,7.827945781999352
2025-09-18,2025,9,18,262500.0,667500.0,55.88102684588964,-4.198328199669799,2919.1308638017586,8.372196180398774
2025-09-19,2025,9,19,257500.0,662500.0,55.83467987242347,-4.275570996161421,4290.841991963815,0.12582843085741297
2025-09-19,2025,9,19,262500.0,662500.0,55.83613012441601,-4.195793465818992,2929.3898682148815,0.15874874952171872
2025-09-19,2025,9,19,257500.0,667500.0,55.879574159628305,-4.278197631229293,4283.844651711825,0.054063600066614606
2025-09-19,2025,9,19,262500.0,667500.0,55.88102684588964,-4.198328199669799,2919.1308638017586,0.09884000311723455
2025-09-20,2025,9,20,257500.0,662500.0,55.83467987242347,-4.275570996161421,4290.841991963815,0.7795406378831947
2025-09-20,2025,9,20,262500.0,662500.0,55.83613012441601,-4.195793465818992,2929.3898682148815,0.6483877388871736
2025-09-20,2025,9,20,257500.0,667500.0,55.879574159628305,-4.278197631229293,4283.844651711825,0.28222109998225786
2025-09-20,2025,9,20,262500.0,667500.0,55.88102684588964,-4.198328199669799,2919.1308638017586,0.420782172613794
2025-09-21,2025,9,21,257500.0,662500.0,55.83467987242347,-4.275570996161421,4290.841991963815,0.013415015965494085
2025-09-21,2025,9,21,262500.0,662500.0,55.83613012441601,-4.195793465818992,2929.3898682148815,0.0019425939350609968
2025-09-21,2025,9,21,257500.0,667500.0,55.879574159628305,-4.278197631229293,4283.844651711825,0.013664309006317956
2025-09-21,2025,9,21,262500.0,667500.0,55.88102684588964,-4.198328199669799,2919.1308638017586,0.010312736876203153
2025-09-22,2025,9,22,257500.0,662500.0,55.83467987242347,-4.275570996161421,4290.841991963815,0.0
2025-09-22,2025,9,22,262500.0,662500.0,55.83613012441601,-4.195793465818992,2929.3898682148815,0.0
2025-09-22,2025,9,22,257500.0,667500.0,55.879574159628305,-4.278197631229293,4283.844651711825,0.0
2025-09-22,2025,9,22,262500.0,667500.0,55.88102684588964,-4.198328199669799,2919.1308638017586,0.0
2025-09-23,2025,9,23,257500.0,662500.0,55.83467987242347,-4.275570996161421,4290.841991963815,0.00010120393685071483
2025-09-23,2025,9,23,262500.0,662500.0,55.83613012441601,-4.195793465818992,2929.3898682148815,2.8129814502603108e-05
2025-09-23,2025,9,23,257500.0,667500.0,55.879574159628305,-4.278197631229293,4283.844651711825,7.764404766742917e-05
2025-09-23,2025,9,23,262500.0,667500.0,55.88102684588964,-4.198328199669799,2919.1308638017586,0.00010201858035522594
2025-09-24,2025,9,24,257500.0,662500.0,55.83467987242347,-4.275570996161421,4290.841991963815,0.00011948413808914195
2025-09-24,2025,9,24,262500.0,662500.0,55.83613012441601,-4.195793465818992,2929.3898682148815,4.357105901706883e-05
2025-09-24,2025,9,24,257500.0,667500.0,55.879574159628305,-4.278197631229293,4283.844651711825,0.00010737711952811412
2025-09-24,2025,9,24,262500.0,667500.0,55.88102684588964,-4.198328199669799,2919.1308638017586,0.0001746565741989487
2025-09-25,2025,9,25,257500.0,662500.0,55.83467987242347,-4.275570996161421,4290.841991963815,0.0003109872712342406
2025-09-25,2025,9,25,262500.0,662500.0,55.83613012441601,-4.195793465818992,2929.3898682148815,6.1638885243003e-05
2025-09-25,2025,9,25,257500.0,667500.0,55.879574159628305,-4.278197631229293,4283.844651711825,0.00026080996354668583
2025-09-25,2025,9,25,262500.0,667500.0,55.88102684588964,-4.198328199669799,2919.1308638017586,0.00022109602393184424
2025-09-26,2025,9,26,257500.0,662500.0,55.83467987242347,-4.275570996161421,4290.841991963815,0.030784601535065133
2025-09-26,2025,9,26,262500.0,662500.0,55.83613012441601,-4.195793465818992,2929.3898682148815,0.0011090829212577543
2025-09-26,2025,9,26,257500.0,667500.0,55.879574159628305,-4.278197631229293,4283.844651711825,0.007735373721021845
2025-09-26,2025,9,26,262500.0,667500.0,55.88102684588964,-4.198328199669799,2919.1308638017586,0.004392279382122457
2025-09-27,2025,9,27,257500.0,662500.0,55.83467987242347,-4.275570996161421,4290.841991963815,7.869442210552453
2025-09-27,2025,9,27,262500.0,662500.0,55.83613012441601,-4.195793465818992,2929.3898682148815,6.997499344433879
2025-09-27,2025,9,27,257500.0,667500.0,55.879574159628305,-4.278197631229293,4283.844651711825,10.296960229919591
2025-09-27,2025,9,27,262500.0,667500.0,55.88102684588964,-4.198328199669799,2919.1308638017586,9.195264907245004
2025-09-28,2025,9,28,257500.0,662500.0,55.83467987242347,-4.275570996161421,4290.841991963815,0.009232886554312775
2025-09-28,2025,9,28,262500.0,662500.0,55.83613012441601,-4.195793465818992,2929.3898682148815,0.002964856787322051
2025-09-28,2025,9,28,257500.0,667500.0,55.879574159628305,-4.278197631229293,4283.844651711825,0.014597624165893356
2025-09-28,2025,9,28,262500.0,667500.0,55.88102684588964,-4.198328199669799,2919.1308638017586,0.045037356154886764
2025-09-29,2025,9,29,257500.0,662500.0,55.83467987242347,-4.275570996161421,4290.841991963815,0.30985530983946485
2025-09-29,2025,9,29,262500.0,662500.0,55.83613012441601,-4.195793465818992,2929.3898682148815,0.20959554956606966
2025-09-29,2025,9,29,257500.0,667500.0,55.879574159628305,-4.278197631229293,4283.844651711825,0.5398780774264259
2025-09-29,2025,9,29,262500.0,667500.0,55.88102684588964,-4.198328199669799,2919.1308638017586,0.30678798548299097
2025-09-30,2025,9,30,257500.0,662500.0,55.83467987242347,-4.275570996161421,4290.841991963815,8.628815202927456
2025-09-30,2025,9,30,262500.0,662500.0,55.83613012441601,-4.195793465818992,2929.3898682148815,7.875507021250036
2025-09-30,2025,9,30,257500.0,667500.0,55.879574159628305,-4.278197631229293,4283.844651711825,12.447656151609763
2025-09-30,2025,9,30,262500.0,667500.0,55.88102684588964,-4.198328199669799,2919.1308638017586,10.191076807415456
2025-10-01,2025,10,1,257500.0,662500.0,55.83467987242347,-4.275570996161421,4290.841991963815,4.380396122393213
2025-10-01,2025,10,1,262500.0,662500.0,55.83613012441601,-4.195793465818992,2929.3898682148815,3.968696824452073
2025-10-01,2025,10,1,257500.0,667500.0,55.879574159628305,-4.278197631229293,4283.844651711825,6.128700220643979
2025-10-01,2025,10,1,262500.0,667500.0,55.88102684588964,-4.198328199669799,2919.1308638017586,5.190857048603396
2025-10-02,2025,10,2,257500.0,662500.0,55.83467987242347,-4.275570996161421,4290.841991963815,11.647123948223632
2025-10-02,2025,10,2,262500.0,662500.0,55.83613012441601,-4.195793465818992,2929.3898682148815,9.950595005570339
2025-10-02,2025,10,2,257500.0,667500.0,55.879574159628305,-4.278197631229293,4283.844651711825,12.188253608261357
2025-10-02,2025,10,2,262500.0,667500.0,55.88102684588964,-4.198328199669799,2919.1308638017586,11.549796031575577
2025-10-03,2025,10,3,257500.0,662500.0,55.83467987242347,-4.275570996161421,4290.841991963815,33.046405470059256
2025-10-03,2025,10,3,262500.0,662500.0,55.83613012441601,-4.195793465818992,2929.3898682148815,32.396777425082426
2025-10-03,2025,10,3,257500.0,667500.0,55.879574159628305,-4.278197631229293,4283.844651711825,29.281307730146207
2025-10-03,2025,10,3,262500.0,667500.0,55.88102684588964,-4.198328199669799,2919.1308638017586,31.827157706492713
2025-10-04,2025,10,4,257500.0,662500.0,55.83467987242347,-4.275570996161421,4290.841991963815,2.738065309392682
2025-10-04,2025,10,4,262500.0,662500.0,55.83613012441601,-4.195793465818992,2929.3898682148815,3.1379459426611915
2025-10-04,2025,10,4,257500.0,667500.0,55.879574159628305,-4.278197631229293,4283.844651711825,1.9848651619080877
2025-10-04,2025,10,4,262500.0,667500.0,55.88102684588964,-4.198328199669799,2919.1308638017586,2.2775955258056975
2025-10-05,2025,10,5,257500.0,662500.0,55.83467987242347,-4.275570996161421,4290.841991963815,0.9176434494909299
2025-10-05,2025,10,5,262500.0,662500.0,55.83613012441601,-4.195793465818992,2929.3898682148815,0.31552494525838426
2025-10-05,2025,10,5,257500.0,667500.0,55.879574159628305,-4.278197631229293,4283.844651711825,3.2874341520578776
2025-10-05,2025,10,5,262500.0,667500.0,55.88102684588964,-4.198328199669799,2919.1308638017586,1.8360572209699286
2025-10-06,2025,10,6,257500.0,662500.0,55.83467987242347,-4.275570996161421,4290.841991963815,3.0061191979754547
2025-10-06,2025,10,6,262500.0,662500.0,55.83613012441601,-4.195793465818992,2929.3898682148815,2.0328063787706125
2025-10-06,2025,10,6,257500.0,667500.0,55.879574159628305,-4.278197631229293,4283.844651711825,4.220195298733969
2025-10-06,2025,10,6,262500.0,667500.0,55.88102684588964,-4.198328199669799,2919.1308638017586,3.7103765570147487
2025-10-07,2025,10,7,257500.0,662500.0,55.83467987242347,-4.275570996161421,4290.841991963815,0.9342123227687114
2025-10-07,2025,10,7,262500.0,662500.0,55.83613012441601,-4.195793465818992,2929.3898682148815,0.6731935527480065
2025-10-07,2025,10,7,257500.0,667500.0,55.879574159628305,-4.278197631229293,4283.844651711825,0.7225046735768355
2025-10-07,2025,10,7,262500.0,667500.0,55.88102684588964,-4.198328199669799,2919.1308638017586,0.677232773084242
2025-10-08,2025,10,8,257500.0,662500.0,55.83467987242347,-4.275570996161421,4290.841991963815,0.43101058772003836
2025-10-08,2025,10,8,262500.0,662500.0,55.83613012441601,-4.195793465818992,2929.3898682148815,0.22481411720262962
2025-10-08,2025,10,8,257500.0,667500.0,55.879574159628305,-4.278197631229293,4283.844651711825,0.15893488141595974
2025-10-08,2025,10,8,262500.0,667500.0,55.88102684588964,-4.198328199669799,2919.1308638017586,0.25857479362146174
2025-10-09,2025,10,9,257500.0,662500.0,55.83467987242347,-4.275570996161421,4290.841991963815,0.02614854923398063
2025-10-09,2025,10,9,262500.0,662500.0,55.83613012441601,-4.195793465818992,2929.3898682148815,0.004351646573390681
2025-10-09,2025,10,9,257500.0,667500.0,55.879574159628305,-4.278197631229293,4283.844651711825,0.0152690670388057
2025-10-09,2025,10,9,262500.0,667500.0,55.88102684588964,-4.198328199669799,2919.1308638017586,0.016228959101629085
2025-10-10,2025,10,10,257500.0,662500.0,55.83467987242347,-4.275570996161421,4290.841991963815,0.0005739188470744903
2025-10-10,2025,10,10,262500.0,662500.0,55.83613012441601,-4.195793465818992,2929.3898682148815,8.11580576248957e-05
2025-10-10,2025,10,10,257500.0,667500.0,55.879574159628305,-4.278197631229293,4283.844651711825,0.0004901532589676325
2025-10-10,2025,10,10,262500.0,667500.0,55.88102684588964,-4.198328199669799,2919.1308638017586,0.0003850017515358567
2025-10-11,2025,10,11,257500.0,662500.0,55.83467987242347,-4.275570996161421,4290.841991963815,0.31354788974535464
2025-10-11,2025,10,11,262500.0,662500.0,55.83613012441601,-4.195793465818992,2929.3898682148815,0.33567079533828775
2025-10-11,2025,10,11,257500.0,667500.0,55.879574159628305,-4.278197631229293,4283.844651711825,0.11980271288784831
2025-10-11,2025,10,11,262500.0,667500.0,55.88102684588964,-4.198328199669799,2919.1308638017586,0.20790321471849782
2025-10-12,2025,10,12,257500.0,662500.0,55.83467987242347,-4.275570996161421,4290.841991963815,0.08218528855045004
2025-10-12,2025,10,12,262500.0,662500.0,55.83613012441601,-4.195793465818992,2929.3898682148815,0.07750859393520639
2025-10-12,2025,10,12,257500.0,667500.0,55.879574159628305,-4.278197631229293,4283.844651711825,0.14020088964846736
2025-10-12,2025,10,12,262500.0,667500.0,55.88102684588964,-4.198328199669799,2919.1308638017586,0.13713476172443606
2025-10-13,2025,10,13,257500.0,662500.0,55.83467987242347,-4.275570996161421,4290.841991963815,0.05667746142718083
2025-10-13,2025,10,13,262500.0,662500.0,55.83613012441601,-4.195793465818992,2929.3898682148815,0.008567898660811143
2025-10-13,2025,10,13,257500.0,667500.0,55.879574159628305,-4.278197631229293,4283.844651711825,0.024488604133605273
2025-10-13,2025,10,13,262500.0,667500.0,55.88102684588964,-4.198328199669799,2919.1308638017586,0.03832025026005066
2025-10-14,2025,10,14,257500.0,662500.0,55.83467987242347,-4.275570996161421,4290.841991963815,0.0003504591405831906
2025-10-14,2025,10,14,262500.0,662500.0,55.83613012441601,-4.195793465818992,2929.3898682148815,0.00010733721394929652
2025-10-14,2025,10,14,257500.0,667500.0,55.879574159628305,-4.278197631229293,4283.844651711825,0.00026924704790267056
2025-10-14,2025,10,14,262500.0,667500.0,55.88102684588964,-4.198328199669799,2919.1308638017586,0.0004162506028343363
2025-10-15,2025,10,15,257500.0,662500.0,55.83467987242347,-4.275570996161421,4290.841991963815,0.0
2025-10-15,2025,10,15,262500.0,662500.0,55.83613012441601,-4.195793465818992,2929.3898682148815,0.0
2025-10-15,2025,10,15,257500.0,667500.0,55.879574159628305,-4.278197631229293,4283.844651711825,0.0
2025-10-15,2025,10,15,262500.0,667500.0,55.88102684588964,-4.198328199669799,2919.1308638017586,0.0
2025-10-16,2025,10,16,257500.0,662500.0,55.83467987242347,-4.275570996161421,4290.841991963815,0.0
2025-10-16,2025,10,16,262500.0,662500.0,55.83613012441601,-4.195793465818992,2929.3898682148815,0.0
2025-10-16,2025,10,16,257500.0,667500.0,55.879574159628305,-4.278197631229293,4283.844651711825,0.0
2025-10-16,2025,10,16,262500.0,667500.0,55.88102684588964,-4.198328199669799,2919.1308638017586,0.0
2025-10-17,2025,10,17,257500.0,662500.0,55.83467987242347,-4.275570996161421,4290.841991963815,0.0
2025-10-17,2025,10,17,262500.0,662500.0,55.83613012441601,-4.195793465818992,2929.3898682148815,0.0
2025-10-17,2025,10,17,257500.0,667500.0,55.879574159628305,-4.278197631229293,4283.844651711825,0.0
2025-10-17,2025,10,17,262500.0,667500.0,55.88102684588964,-4.198328199669799,2919.1308638017586,0.0
2025-10-18,2025,10,18,257500.0,662500.0,55.83467987242347,-4.275570996161421,4290.841991963815,3.2957016613848245
2025-10-18,2025,10,18,262500.0,662500.0,55.83613012441601,-4.195793465818992,2929.3898682148815,3.3270014700259236
2025-10-18,2025,10,18,257500.0,667500.0,55.879574159628305,-4.278197631229293,4283.844651711825,2.6254844915423368
2025-10-18,2025,10,18,262500.0,667500.0,55.88102684588964,-4.198328199669799,2919.1308638017586,2.941815421962801
2025-10-19,2025,10,19,257500.0,662500.0,55.83467987242347,-4.275570996161421,4290.841991963815,11.301113192879408
2025-10-19,2025,10,19,262500.0,662500.0,55.83613012441601,-4.195793465818992,2929.3898682148815,11.177711589235713
2025-10-19,2025,10,19,257500.0,667500.0,55.879574159628305,-4.278197631229293,4283.844651711825,13.756314905199023
2025-10-19,2025,10,19,262500.0,667500.0,55.88102684588964,-4.198328199669799,2919.1308638017586,12.052332266013845
2025-10-20,2025,10,20,257500.0,662500.0,55.83467987242347,-4.275570996161421,4290.841991963815,2.1240300350201102
2025-10-20,2025,10,20,262500.0,662500.0,55.83613012441601,-4.195793465818992,2929.3898682148815,2.1575002190347456
2025-10-20,2025,10,20,257500.0,667500.0,55.879574159628305,-4.278197631229293,4283.844651711825,2.79280987844241
2025-10-20,2025,10,20,262500.0,667500.0,55.88102684588964,-4.198328199669799,2919.1308638017586,2.5554251418420635
2025-10-21,2025,10,21,257500.0,662500.0,55.83467987242347,-4.275570996161421,4290.841991963815,0.7974880975042273
2025-10-21,2025,10,21,262500.0,662500.0,55.83613012441601,-4.195793465818992,2929.3898682148815,0.6108012149710045
2025-10-21,2025,10,21,257500.0,667500.0,55.879574159628305,-4.278197631229293,4283.844651711825,0.7605709915926809
2025-10-21,2025,10,21,262500.0,667500.0,55.88102684588964,-4.198328199669799,2919.1308638017586,0.8613966725464682
2025-10-22,2025,10,22,257500.0,662500.0,55.83467987242347,-4.275570996161421,4290.841991963815,0.5520389530421046
2025-10-22,2025,10,22,262500.0,662500.0,55.83613012441601,-4.195793465818992,2929.3898682148815,0.25795965693873846
2025-10-22,2025,10,22,257500.0,667500.0,55.879574159628305,-4.278197631229293,4283.844651711825,0.6112000288396384
2025-10-22,2025,10,22,262500.0,667500.0,55.88102684588964,-4.198328199669799,2919.1308638017586,0.46782957330886993
2025-10-23,2025,10,23,257500.0,662500.0,55.83467987242347,-4.275570996161421,4290.841991963815,0.028055906623007183
2025-10-23,2025,10,23,262500.0,662500.0,55.83613012441601,-4.195793465818992,2929.3898682148815,0.00640245026173634
2025-10-23,2025,10,23,257500.0,667500.0,55.879574159628305,-4.278197631229293,4283.844651711825,0.02669535168940849
2025-10-23,2025,10,23,262500.0,667500.0,55.88102684588964,-4.198328199669799,2919.1308638017586,0.05715059210375533
2025-10-24,2025,10,24,257500.0,662500.0,55.83467987242347,-4.275570996161421,4290.841991963815,0.9525810611561711
2025-10-24,2025,10,24,262500.0,662500.0,55.83613012441601,-4.195793465818992,2929.3898682148815,1.1932627787298282
2025-10-24,2025,10,24,257500.0,667500.0,55.879574159628305,-4.278197631229293,4283.844651711825,0.5116665871509167
2025-10-24,2025,10,24,262500.0,667500.0,55.88102684588964,-4.198328199669799,2919.1308638017586,0.9511858959186763
2025-10-25,2025,10,25,257500.0,662500.0,55.83467987242347,-4.275570996161421,4290.841991963815,0.019898997406123265
2025-10-25,2025,10,25,262500.0,662500.0,55.83613012441601,-4.195793465818992,2929.3898682148815,0.03647743545941628
2025-10-25,2025,10,25,257500.0,667500.0,55.879574159628305,-4.278197631229293,4283.844651711825,0.02232081198411969
2025-10-25,2025,10,25,262500.0,667500.0,55.88102684588964,-4.198328199669799,2919.1308638017586,0.07388312625272073
2025-10-26,2025,10,26,257500.0,662500.0,55.83467987242347,-4.275570996161421,4290.841991963815,5.004831098782916
2025-10-26,2025,10,26,262500.0,662500.0,55.83613012441601,-4.195793465818992,2929.3898682148815,4.5713959805640245
2025-10-26,2025,10,26,257500.0,667500.0,55.879574159628305,-4.278197631229293,4283.844651711825,6.713549028637049
2025-10-26,2025,10,26,262500.0,667500.0,55.88102684588964,-4.198328199669799,2919.1308638017586,6.007196354152945
2025-10-27,2025,10,27,257500.0,662500.0,55.83467987242347,-4.275570996161421,4290.841991963815,4.930899176815762
2025-10-27,2025,10,27,262500.0,662500.0,55.83613012441601,-4.195793465818992,2929.3898682148815,4.254525333627319
2025-10-27,2025,10,27,257500.0,667500.0,55.879574159628305,-4.278197631229293,4283.844651711825,4.242068126250219
2025-10-27,2025,10,27,262500.0,667500.0,55.88102684588964,-4.198328199669799,2919.1308638017586,5.0948103003994385
2025-10-28,2025,10,28,257500.0,662500.0,55.83467987242347,-4.275570996161421,4290.841991963815,4.608701763511869
2025-10-28,2025,10,28,262500.0,662500.0,55.83613012441601,-4.195793465818992,2929.3898682148815,4.506130457586828
2025-10-28,2025,10,28,257500.0,667500.0,55.879574159628305,-4.278197631229293,4283.844651711825,3.192513494003045
2025-10-28,2025,10,28,262500.0,667500.0,55.88102684588964,-4.198328199669799,2919.1308638017586,4.015576209036468
2025-10-29,2025,10,29,257500.0,662500.0,55.83467987242347,-4.275570996161421,4290.841991963815,2.369531014008089
2025-10-29,2025,10,29,262500.0,662500.0,55.83613012441601,-4.195793465818992,2929.3898682148815,2.394276850906094
2025-10-29,2025,10,29,257500.0,667500.0,55.879574159628305,-4.278197631229293,4283.844651711825,1.0080313319443082
2025-10-29,2025,10,29,262500.0,667500.0,55.88102684588964,-4.198328199669799,2919.1308638017586,1.8129438602617216
2025-10-30,2025,10,30,257500.0,662500.0,55.83467987242347,-4.275570996161421,4290.841991963815,5.132428057228768
2025-10-30,2025,10,30,262500.0,662500.0,55.83613012441601,-4.195793465818992,2929.3898682148815,4.756377932871914
2025-10-30,2025,10,30,257500.0,667500.0,55.879574159628305,-4.278197631229293,4283.844651711825,6.3868211654904306
2025-10-30,2025,10,30,262500.0,667500.0,55.88102684588964,-4.198328199669799,2919.1308638017586,5.38800142253031
2025-10-31,2025,10,31,257500.0,662500.0,55.83467987242347,-4.275570996161421,4290.841991963815,13.991276469901544
2025-10-31,2025,10,31,262500.0,662500.0,55.83613012441601,-4.195793465818992,2929.3898682148815,13.20461461672865
2025-10-31,2025,10,31,257500.0,667500.0,55.879574159628305,-4.278197631229293,4283.844651711825,15.498951649178142
2025-10-31,2025,10,31,262500.0,667500.0,55.88102684588964,-4.198328199669799,2919.1308638017586,14.531589521446078
2025-11-01,2025,11,1,257500.0,662500.0,55.83467987242347,-4.275570996161421,4290.841991963815,2.7601580435851005
2025-11-01,2025,11,1,262500.0,662500.0,55.83613012441601,-4.195793465818992,2929.3898682148815,2.6192284843464106
2025-11-01,2025,11,1,257500.0,667500.0,55.879574159628305,-4.278197631229293,4283.844651711825,2.266436588539133
2025-11-01,2025,11,1,262500.0,667500.0,55.88102684588964,-4.198328199669799,2919.1308638017586,2.5353514611049373
2025-11-02,2025,11,2,257500.0,662500.0,55.83467987242347,-4.275570996161421,4290.841991963815,8.060880849300018
2025-11-02,2025,11,2,262500.0,662500.0,55.83613012441601,-4.195793465818992,2929.3898682148815,6.582916369290252
2025-11-02,2025,11,2,257500.0,667500.0,55.879574159628305,-4.278197631229293,4283.844651711825,6.9627666004073925
2025-11-02,2025,11,2,262500.0,667500.0,55.88102684588964,-4.198328199669799,2919.1308638017586,7.529058366120726
2025-11-03,2025,11,3,257500.0,662500.0,55.83467987242347,-4.275570996161421,4290.841991963815,7.828548651458159
2025-11-03,2025,11,3,262500.0,662500.0,55.83613012441601,-4.195793465818992,2929.3898682148815,6.717342869720981
2025-11-03,2025,11,3,257500.0,667500.0,55.879574159628305,-4.278197631229293,4283.844651711825,8.062261907830534
2025-11-03,2025,11,3,262500.0,667500.0,55.88102684588964,-4.198328199669799,2919.1308638017586,7.680710887380274
2025-11-04,2025,11,4,257500.0,662500.0,55.83467987242347,-4.275570996161421,4290.841991963815,2.297684810327735
2025-11-04,2025,11,4,262500.0,662500.0,55.83613012441601,-4.195793465818992,2929.3898682148815,2.1051482680349993
2025-11-04,2025,11,4,257500.0,667500.0,55.879574159628305,-4.278197631229293,4283.844651711825,1.6925362888865185
2025-11-04,2025,11,4,262500.0,667500.0,55.88102684588964,-4.198328199669799,2919.1308638017586,1.8930933579242366
2025-11-05,2025,11,5,257500.0,662500.0,55.83467987242347,-4.275570996161421,4290.841991963815,9.939829769390276
2025-11-05,2025,11,5,262500.0,662500.0,55.83613012441601,-4.195793465818992,2929.3898682148815,9.027229343688273
2025-11-05,2025,11,5,257500.0,667500.0,55.879574159628305,-4.278197631229293,4283.844651711825,11.767298092509197
2025-11-05,2025,11,5,262500.0,667500.0,55.88102684588964,-4.198328199669799,2919.1308638017586,10.644112412311255
2025-11-06,2025,11,6,257500.0,662500.0,55.83467987242347,-4.275570996161421,4290.841991963815,2.4047544356917503
2025-11-06,2025,11,6,262500.0,662500.0,55.83613012441601,-4.195793465818992,2929.3898682148815,1.7828043261915654
2025-11-06,2025,11,6,257500.0,667500.0,55.879574159628305,-4.278197631229293,4283.844651711825,4.390171867970768
2025-11-06,2025,11,6,262500.0,667500.0,55.88102684588964,-4.198328199669799,2919.1308638017586,2.5585989626767263
2025-11-07,2025,11,7,257500.0,662500.0,55.83467987242347,-4.275570996161421,4290.841991963815,0.6633757278146332
2025-11-07,2025,11,7,262500.0,662500.0,55.83613012441601,-4.195793465818992,2929.3898682148815,0.6181590392562624
2025-11-07,2025,11,7,257500.0,667500.0,55.879574159628305,-4.278197631229293,4283.844651711825,0.8441969079020379
2025-11-07,2025,11,7,262500.0,667500.0,55.88102684588964,-4.198328199669799,2919.1308638017586,0.8438479046964437
2025-11-08,2025,11,8,257500.0,662500.0,55.83467987242347,-4.275570996161421,4290.841991963815,0.5430292890131655
2025-11-08,2025,11,8,262500.0,662500.0,55.83613012441601,-4.195793465818992,2929.3898682148815,0.2647395910208366
2025-11-08,2025,11,8,257500.0,667500.0,55.879574159628305,-4.278197631229293,4283.844651711825,0.7513152615326579
2025-11-08,2025,11,8,262500.0,667500.0,55.88102684588964,-4.198328199669799,2919.1308638017586,0.5220608138919989
2025-11-09,2025,11,9,257500.0,662500.0,55.83467987242347,-4.275570996161421,4290.841991963815,7.213202051117313
2025-11-09,2025,11,9,262500.0,662500.0,55.83613012441601,-4.195793465818992,2929.3898682148815,6.501679033266358
2025-11-09,2025,11,9,257500.0,667500.0,55.879574159628305,-4.278197631229293,4283.844651711825,6.787569420683034
2025-11-09,2025,11,9,262500.0,667500.0,55.88102684588964,-4.198328199669799,2919.1308638017586,7.401216356158339
2025-11-10,2025,11,10,257500.0,662500.0,55.83467987242347,-4.275570996161421,4290.841991963815,0.06729865898940916
2025-11-10,2025,11,10,262500.0,662500.0,55.83613012441601,-4.195793465818992,2929.3898682148815,0.007265671313135664
2025-11-10,2025,11,10,257500.0,667500.0,55.879574159628305,-4.278197631229293,4283.844651711825,0.132775443223103
2025-11-10,2025,11,10,262500.0,667500.0,55.88102684588964,-4.198328199669799,2919.1308638017586,0.07754215829931825
2025-11-11,2025,11,11,257500.0,662500.0,55.83467987242347,-4.275570996161421,4290.841991963815,13.598808396754626
2025-11-11,2025,11,11,262500.0,662500.0,55.83613012441601,-4.195793465818992,2929.3898682148815,12.789277050225342
2025-11-11,2025,11,11,257500.0,667500.0,55.879574159628305,-4.278197631229293,4283.844651711825,15.05848726150853
2025-11-11,2025,11,11,262500.0,667500.0,55.88102684588964,-4.198328199669799,2919.1308638017586,14.204271779370174
2025-11-12,2025,11,12,257500.0,662500.0,55.83467987242347,-4.275570996161421,4290.841991963815,18.654939515126237
2025-11-12,2025,11,12,262500.0,662500.0,55.83613012441601,-4.195793465818992,2929.3898682148815,17.697411912235157
2025-11-12,2025,11,12,257500.0,667500.0,55.879574159628305,-4.278197631229293,4283.844651711825,17.857148804773804
2025-11-12,2025,11,12,262500.0,667500.0,55.88102684588964,-4.198328199669799,2919.1308638017586,18.94142528706303
2025-11-13,2025,11,13,257500.0,662500.0,55.83467987242347,-4.275570996161421,4290.841991963815,5.266636982838768
2025-11-13,2025,11,13,262500.0,662500.0,55.83613012441601,-4.195793465818992,2929.3898682148815,4.528381463987489
2025-11-13,2025,11,13,257500.0,667500.0,55.879574159628305,-4.278197631229293,4283.844651711825,4.398869141776847
2025-11-13,2025,11,13,262500.0,667500.0,55.88102684588964,-4.198328199669799,2919.1308638017586,4.827129395244525
2025-11-14,2025,11,14,257500.0,662500.0,55.83467987242347,-4.275570996161421,4290.841991963815,1.1296760792310416
2025-11-14,2025,11,14,262500.0,662500.0,55.83613012441601,-4.195793465818992,2929.3898682148815,1.3420485811111065
2025-11-14,2025,11,14,257500.0,667500.0,55.879574159628305,-4.278197631229293,4283.844651711825,0.8770109443540919
2025-11-14,2025,11,14,262500.0,667500.0,55.88102684588964,-4.198328199669799,2919.1308638017586,1.1459219236852396
2025-11-15,2025,11,15,257500.0,662500.0,55.83467987242347,-4.275570996161421,4290.841991963815,0.12796604698504563
2025-11-15,2025,11,15,262500.0,662500.0,55.83613012441601,-4.195793465818992,2929.3898682148815,0.16126283072755077
2025-11-15,2025,11,15,257500.0,667500.0,55.879574159628305,-4.278197631229293,4283.844651711825,0.04857654219074746
2025-11-15,2025,11,15,262500.0,667500.0,55.88102684588964,-4.198328199669799,2919.1308638017586,0.08819328809981375
2025-11-16,2025,11,16,257500.0,662500.0,55.83467987242347,-4.275570996161421,4290.841991963815,0.00381407410501675
2025-11-16,2025,11,16,262500.0,662500.0,55.83613012441601,-4.195793465818992,2929.3898682148815,0.001214672426958432
2025-11-16,2025,11,16,257500.0,667500.0,55.879574159628305,-4.278197631229293,4283.844651711825,0.0026553025790373966
2025-11-16,2025,11,16,262500.0,667500.0,55.88102684588964,-4.198328199669799,2919.1308638017586,0.007132280435892254
2025-11-17,2025,11,17,257500.0,662500.0,55.83467987242347,-4.275570996161421,4290.841991963815,3.2154392698462146
2025-11-17,2025,11,17,262500.0,662500.0,55.83613012441601,-4.195793465818992,2929.3898682148815,3.2767305867222896
2025-11-17,2025,11,17,257500.0,667500.0,55.879574159628305,-4.278197631229293,4283.844651711825,3.9487578768755562
2025-11-17,2025,11,17,262500.0,667500.0,55.88102684588964,-4.198328199669799,2919.1308638017586,3.6106136466008225
2025-11-18,2025,11,18,257500.0,662500.0,55.83467987242347,-4.275570996161421,4290.841991963815,2.1699771682559774
2025-11-18,2025,11,18,262500.0,662500.0,55.83613012441601,-4.195793465818992,2929.3898682148815,2.1668784386996167
2025-11-18,2025,11,18,257500.0,667500.0,55.879574159628305,-4.278197631229293,4283.844651711825,2.093413535755272
2025-11-18,2025,11,18,262500.0,667500.0,55.88102684588964,-4.198328199669799,2919.1308638017586,2.3538714096368256
2025-11-19,2025,11,19,257500.0,662500.0,55.83467987242347,-4.275570996161421,4290.841991963815,0.1586044140511078
2025-11-19,2025,11,19,262500.0,662500.0,55.83613012441601,-4.195793465818992,2929.3898682148815,0.16747608280909296
2025-11-19,2025,11,19,257500.0,667500.0,55.879574159628305,-4.278197631229293,4283.844651711825,0.0644207283778869
2025-11-19,2025,11,19,262500.0,667500.0,55.88102684588964,-4.198328199669799,2919.1308638017586,0.11158343774599697
2025-11-20,2025,11,20,257500.0,662500.0,55.83467987242347,-4.275570996161421,4290.841991963815,0.0008900654094506318
2025-11-20,2025,11,20,262500.0,662500.0,55.83613012441601,-4.195793465818992,2929.3898682148815,0.00015677514855425739
2025-11-20,2025,11,20,257500.0,667500.0,55.879574159628305,-4.278197631229293,4283.844651711825,0.0004122737089099122
2025-11-20,2025,11,20,262500.0,667500.0,55.88102684588964,-4.198328199669799,2919.1308638017586,0.0006033142175083899
2025-11-21,2025,11,21,257500.0,662500.0,55.83467987242347,-4.275570996161421,4290.841991963815,6.090523840803999
2025-11-21,2025,11,21,262500.0,662500.0,55.83613012441601,-4.195793465818992,2929.3898682148815,5.039136531972437
2025-11-21,2025,11,21,257500.0,667500.0,55.879574159628305,-4.278197631229293,4283.844651711825,7.271043875003557
2025-11-21,2025,11,21,262500.0,667500.0,55.88102684588964,-4.198328199669799,2919.1308638017586,7.045707010508497
2025-11-22,2025,11,22,257500.0,662500.0,55.83467987242347,-4.275570996161421,4290.841991963815,6.59471907574825
2025-11-22,2025,11,22,262500.0,662500.0,55.83613012441601,-4.195793465818992,2929.3898682148815,6.388567809953864
2025-11-22,2025,11,22,257500.0,667500.0,55.879574159628305,-4.278197631229293,4283.844651711825,6.901110126745906
2025-11-22,2025,11,22,262500.0,667500.0,55.88102684588964,-4.198328199669799,2919.1308638017586,6.9293845810383505
2025-11-23,2025,11,23,257500.0,662500.0,55.83467987242347,-4.275570996161421,4290.841991963815,1.4567023589908181
2025-11-23,2025,11,23,262500.0,662500.0,55.83613012441601,-4.195793465818992,2929.3898682148815,1.3580154944749978
2025-11-23,2025,11,23,257500.0,667500.0,55.879574159628305,-4.278197631229293,4283.844651711825,0.8213677413252501
2025-11-23,2025,11,23,262500.0,667500.0,55.88102684588964,-4.198328199669799,2919.1308638017586,1.1870768205654585
2025-11-24,2025,11,24,257500.0,662500.0,55.83467987242347,-4.275570996161421,4290.841991963815,0.0037035276710508367
2025-11-24,2025,11,24,262500.0,662500.0,55.83613012441601,-4.195793465818992,2929.3898682148815,0.0010292752140527211
2025-11-24,2025,11,24,257500.0,667500.0,55.879574159628305,-4.278197631229293,4283.844651711825,0.004450907216482197
2025-11-24,2025,11,24,262500.0,667500.0,55.88102684588964,-4.198328199669799,2919.1308638017586,0.006835699677149645
2025-11-25,2025,11,25,257500.0,662500.0,55.83467987242347,-4.275570996161421,4290.841991963815,0.022603820712022066
2025-11-25,2025,11,25,262500.0,662500.0,55.83613012441601,-4.195793465818992,2929.3898682148815,0.00536719055167842
2025-11-25,2025,11,25,257500.0,667500.0,55.879574159628305,-4.278197631229293,4283.844651711825,0.10881088510014636
2025-11-25,2025,11,25,262500.0,667500.0,55.88102684588964,-4.198328199669799,2919.1308638017586,0.03745607774989286
2025-11-26,2025,11,26,257500.0,662500.0,55.83467987242347,-4.275570996161421,4290.841991963815,9.715810986755596
2025-11-26,2025,11,26,262500.0,662500.0,55.83613012441601,-4.195793465818992,2929.3898682148815,7.200226083722563
2025-11-26,2025,11,26,257500.0,667500.0,55.879574159628305,-4.278197631229293,4283.844651711825,13.70343551585178
2025-11-26,2025,11,26,262500.0,667500.0,55.88102684588964,-4.198328199669799,2919.1308638017586,11.85847873841642
2025-11-27,2025,11,27,257500.0,662500.0,55.83467987242347,-4.275570996161421,4290.841991963815,2.735716499066349
2025-11-27,2025,11,27,262500.0,662500.0,55.83613012441601,-4.195793465818992,2929.3898682148815,2.8026107559167523
2025-11-27,2025,11,27,257500.0,667500.0,55.879574159628305,-4.278197631229293,4283.844651711825,2.1096218909322264
2025-11-27,2025,11,27,262500.0,667500.0,55.88102684588964,-4.198328199669799,2919.1308638017586,2.558897928066478
2025-11-28,2025,11,28,257500.0,662500.0,55.83467987242347,-4.275570996161421,4290.841991963815,4.502276373575655
2025-11-28,2025,11,28,262500.0,662500.0,55.83613012441601,-4.195793465818992,2929.3898682148815,3.970518260638521
2025-11-28,2025,11,28,257500.0,667500.0,55.879574159628305,-4.278197631229293,4283.844651711825,2.5815820431203873
2025-11-28,2025,11,28,262500.0,667500.0,55.88102684588964,-4.198328199669799,2919.1308638017586,3.5836147089485406
2025-11-29,2025,11,29,257500.0,662500.0,55.83467987242347,-4.275570996161421,4290.841991963815,0.010600036251243774
2025-11-29,2025,11,29,262500.0,662500.0,55.83613012441601,-4.195793465818992,2929.3898682148815,0.003370819272783805
2025-11-29,2025,11,29,257500.0,667500.0,55.879574159628305,-4.278197631229293,4283.844651711825,0.008481543987554276
2025-11-29,2025,11,29,262500.0,667500.0,55.88102684588964,-4.198328199669799,2919.1308638017586,0.01837318438992471
2025-11-30,2025,11,30,257500.0,662500.0,55.83467987242347,-4.275570996161421,4290.841991963815,11.18209552699262
2025-11-30,2025,11,30,262500.0,662500.0,55.83613012441601,-4.195793465818992,2929.3898682148815,9.46787574304754
2025-11-30,2025,11,30,257500.0,667500.0,55.879574159628305,-4.278197631229293,4283.844651711825,11.976534336867426
2025-11-30,2025,11,30,262500.0,667500.0,55.88102684588964,-4.198328199669799,2919.1308638017586,11.155409888105456
2025-12-01,2025,12,1,257500.0,662500.0,55.83467987242347,-4.275570996161421,4290.841991963815,7.138084486848938
2025-12-01,2025,12,1,262500.0,662500.0,55.83613012441601,-4.195793465818992,2929.3898682148815,8.152743265942659
2025-12-01,2025,12,1,257500.0,667500.0,55.879574159628305,-4.278197631229293,4283.844651711825,6.796050383908274
2025-12-01,2025,12,1,262500.0,667500.0,55.88102684588964,-4.198328199669799,2919.1308638017586,8.034227573860298
2025-12-02,2025,12,2,257500.0,662500.0,55.83467987242347,-4.275570996161421,4290.841991963815,2.561929747392947
2025-12-02,2025,12,2,262500.0,662500.0,55.83613012441601,-4.195793465818992,2929.3898682148815,2.582074342905316
2025-12-02,2025,12,2,257500.0,667500.0,55.879574159628305,-4.278197631229293,4283.844651711825,2.6291734494550214
2025-12-02,2025,12,2,262500.0,667500.0,55.88102684588964,-4.198328199669799,2919.1308638017586,2.6382485847080592
2025-12-03,2025,12,3,257500.0,662500.0,55.83467987242347,-4.275570996161421,4290.841991963815,3.0394105047415163
2025-12-03,2025,12,3,262500.0,662500.0,55.83613012441601,-4.195793465818992,2929.3898682148815,2.1966331219026545
2025-12-03,2025,12,3,257500.0,667500.0,55.879574159628305,-4.278197631229293,4283.844651711825,3.2832340417195818
2025-12-03,2025,12,3,262500.0,667500.0,55.88102684588964,-4.198328199669799,2919.1308638017586,2.3401325363109478
2025-12-04,2025,12,4,257500.0,662500.0,55.83467987242347,-4.275570996161421,4290.841991963815,1.1451374864281925
2025-12-04,2025,12,4,262500.0,662500.0,55.83613012441601,-4.195793465818992,2929.3898682148815,0.866560890947191
2025-12-04,2025,12,4,257500.0,667500.0,55.879574159628305,-4.278197631229293,4283.844651711825,1.0991035094036552
2025-12-04,2025,12,4,262500.0,667500.0,55.88102684588964,-4.198328199669799,2919.1308638017586,0.8503964806008452
2025-12-05,2025,12,5,257500.0,662500.0,55.83467987242347,-4.275570996161421,4290.841991963815,5.691320204887881
2025-12-05,2025,12,5,262500.0,662500.0,55.83613012441601,-4.195793465818992,2929.3898682148815,5.4158306320708425
2025-12-05,2025,12,5,257500.0,667500.0,55.879574159628305,-4.278197631229293,4283.844651711825,6.137910533641722
2025-12-05,2025,12,5,262500.0,667500.0,55.88102684588964,-4.198328199669799,2919.1308638017586,6.037209303107266
2025-12-06,2025,12,6,257500.0,662500.0,55.83467987242347,-4.275570996161421,4290.841991963815,2.5526550575947264
2025-12-06,2025,12,6,262500.0,662500.0,55.83613012441601,-4.195793465818992,2929.3898682148815,2.3305066447296854
2025-12-06,2025,12,6,257500.0,667500.0,55.879574159628305,-4.278197631229293,4283.844651711825,2.8219079361980044
2025-12-06,2025,12,6,262500.0,667500.0,55.88102684588964,-4.198328199669799,2919.1308638017586,2.612146429329406
2025-12-07,2025,12,7,257500.0,662500.0,55.83467987242347,-4.275570996161421,4290.841991963815,15.338815081345599
2025-12-07,2025,12,7,262500.0,662500.0,55.83613012441601,-4.195793465818992,2929.3898682148815,15.895461182344656
2025-12-07,2025,12,7,257500.0,667500.0,55.879574159628305,-4.278197631229293,4283.844651711825,14.612198378775778
2025-12-07,2025,12,7,262500.0,667500.0,55.88102684588964,-4.198328199669799,2919.1308638017586,15.26119413102572
2025-12-08,2025,12,8,257500.0,662500.0,55.83467987242347,-4.275570996161421,4290.841991963815,8.341273542716612
2025-12-08,2025,12,8,262500.0,662500.0,55.83613012441601,-4.195793465818992,2929.3898682148815,8.88365744486937
2025-12-08,2025,12,8,257500.0,667500.0,55.879574159628305,-4.278197631229293,4283.844651711825,8.544459859601197
2025-12-08,2025,12,8,262500.0,667500.0,55.88102684588964,-4.198328199669799,2919.1308638017586,9.376378855488182
2025-12-09,2025,12,9,257500.0,662500.0,55.83467987242347,-4.275570996161421,4290.841991963815,9.206843008900858
2025-12-09,2025,12,9,262500.0,662500.0,55.83613012441601,-4.195793465818992,2929.3898682148815,7.13819974824315
2025-12-09,2025,12,9,257500.0,667500.0,55.879574159628305,-4.278197631229293,4283.844651711825,10.537243472953977
2025-12-09,2025,12,9,262500.0,667500.0,55.88102684588964,-4.198328199669799,2919.1308638017586,8.143608859591629
2025-12-10,2025,12,10,257500.0,662500.0,55.83467987242347,-4.275570996161421,4290.841991963815,3.402689561492593
2025-12-10,2025,12,10,262500.0,662500.0,55.83613012441601,-4.195793465818992,2929.3898682148815,3.518480539313856
2025-12-10,2025,12,10,257500.0,667500.0,55.879574159628305,-4.278197631229293,4283.844651711825,3.7651273949574304
2025-12-10,2025,12,10,262500.0,667500.0,55.88102684588964,-4.198328199669799,2919.1308638017586,3.8807811314596585
2025-12-11,2025,12,11,257500.0,662500.0,55.83467987242347,-4.275570996161421,4290.841991963815,5.2126657254369935
2025-12-11,2025,12,11,262500.0,662500.0,55.83613012441601,-4.195793465818992,2929.3898682148815,5.175107414451181
2025-12-11,2025,12,11,257500.0,667500.0,55.879574159628305,-4.278197631229293,4283.844651711825,5.184832814890731
2025-12-11,2025,12,11,262500.0,667500.0,55.88102684588964,-4.198328199669799,2919.1308638017586,5.193654685025743
2025-12-12,2025,12,12,257500.0,662500.0,55.83467987242347,-4.275570996161421,4290.841991963815,0.08974333695299859
2025-12-12,2025,12,12,262500.0,662500.0,55.83613012441601,-4.195793465818992,2929.3898682148815,0.09992319723831845
2025-12-12,2025,12,12,257500.0,667500.0,55.879574159628305,-4.278197631229293,4283.844651711825,0.09017716867849987
2025-12-12,2025,12,12,262500.0,667500.0,55.88102684588964,-4.198328199669799,2919.1308638017586,0.09620542877352543
2025-12-13,2025,12,13,257500.0,662500.0,55.83467987242347,-4.275570996161421,4290.841991963815,18.008917912534223
2025-12-13,2025,12,13,262500.0,662500.0,55.83613012441601,-4.195793465818992,2929.3898682148815,15.564635122049634
2025-12-13,2025,12,13,257500.0,667500.0,55.879574159628305,-4.278197631229293,4283.844651711825,19.5127549554691
2025-12-13,2025,12,13,262500.0,667500.0,55.88102684588964,-4.198328199669799,2919.1308638017586,17.147040574477316
2025-12-14,2025,12,14,257500.0,662500.0,55.83467987242347,-4.275570996161421,4290.841991963815,9.380605614828443
2025-12-14,2025,12,14,262500.0,662500.0,55.83613012441601,-4.195793465818992,2929.3898682148815,7.509579917077364
2025-12-14,2025,12,14,257500.0,667500.0,55.879574159628305,-4.278197631229293,4283.844651711825,10.399789113890058
2025-12-14,2025,12,14,262500.0,667500.0,55.88102684588964,-4.198328199669799,2919.1308638017586,8.526542074930289
2025-12-15,2025,12,15,257500.0,662500.0,55.83467987242347,-4.275570996161421,4290.841991963815,0.37397044355885656
2025-12-15,2025,12,15,262500.0,662500.0,55.83613012441601,-4.195793465818992,2929.3898682148815,0.3503248668634024
2025-12-15,2025,12,15,257500.0,667500.0,55.879574159628305,-4.278197631229293,4283.844651711825,0.41063597388540857
2025-12-15,2025,12,15,262500.0,667500.0,55.88102684588964,-4.198328199669799,2919.1308638017586,0.42163122226234045
2025-12-16,2025,12,16,257500.0,662500.0,55.83467987242347,-4.275570996161421,4290.841991963815,4.672737592617164
2025-12-16,2025,12,16,262500.0,662500.0,55.83613012441601,-4.195793465818992,2929.3898682148815,3.9720407251574086
2025-12-16,2025,12,16,257500.0,667500.0,55.879574159628305,-4.278197631229293,4283.844651711825,4.961868535729205
2025-12-16,2025,12,16,262500.0,667500.0,55.88102684588964,-4.198328199669799,2919.1308638017586,4.261146356287621
2025-12-17,2025,12,17,257500.0,662500.0,55.83467987242347,-4.275570996161421,4290.841991963815,4.401652727389581
2025-12-17,2025,12,17,262500.0,662500.0,55.83613012441601,-4.195793465818992,2929.3898682148815,4.437101228801438
2025-12-17,2025,12,17,257500.0,667500.0,55.879574159628305,-4.278197631229293,4283.844651711825,4.6481640290964314
2025-12-17,2025,12,17,262500.0,667500.0,55.88102684588964,-4.198328199669799,2919.1308638017586,4.708861264826328
2025-12-18,2025,12,18,257500.0,662500.0,55.83467987242347,-4.275570996161421,4290.841991963815,7.835229747654403
2025-12-18,2025,12,18,262500.0,662500.0,55.83613012441601,-4.195793465818992,2929.3898682148815,6.674218241529784
2025-12-18,2025,12,18,257500.0,667500.0,55.879574159628305,-4.278197631229293,4283.844651711825,8.528147944110001
2025-12-18,2025,12,18,262500.0,667500.0,55.88102684588964,-4.198328199669799,2919.1308638017586,7.402743387347919
2025-12-19,2025,12,19,257500.0,662500.0,55.83467987242347,-4.275570996161421,4290.841991963815,4.172530794059899
2025-12-19,2025,12,19,262500.0,662500.0,55.83613012441601,-4.195793465818992,2929.3898682148815,3.2071432088785334
2025-12-19,2025,12,19,257500.0,667500.0,55.879574159628305,-4.278197631229293,4283.844651711825,5.152968217750999
2025-12-19,2025,12,19,262500.0,667500.0,55.88102684588964,-4.198328199669799,2919.1308638017586,4.301080230623437
2025-12-20,2025,12,20,257500.0,662500.0,55.83467987242347,-4.275570996161421,4290.841991963815,0.04836028341669246
2025-12-20,2025,12,20,262500.0,662500.0,55.83613012441601,-4.195793465818992,2929.3898682148815,0.043757475554761574
2025-12-20,2025,12,20,257500.0,667500.0,55.879574159628305,-4.278197631229293,4283.844651711825,0.05515416537904143
2025-12-20,2025,12,20,262500.0,667500.0,55.88102684588964,-4.198328199669799,2919.1308638017586,0.05361782629695611
2025-12-21,2025,12,21,257500.0,662500.0,55.83467987242347,-4.275570996161421,4290.841991963815,4.80399529545483
2025-12-21,2025,12,21,262500.0,662500.0,55.83613012441601,-4.195793465818992,2929.3898682148815,4.752756711066868
2025-12-21,2025,12,21,257500.0,667500.0,55.879574159628305,-4.278197631229293,4283.844651711825,5.278104339558672
2025-12-21,2025,12,21,262500.0,667500.0,55.88102684588964,-4.198328199669799,2919.1308638017586,5.332013287130336
2025-12-22,2025,12,22,257500.0,662500.0,55.83467987242347,-4.275570996161421,4290.841991963815,0.09724947025758
2025-12-22,2025,12,22,262500.0,662500.0,55.83613012441601,-4.195793465818992,2929.3898682148815,0.10626597273043265
2025-12-22,2025,12,22,257500.0,667500.0,55.879574159628305,-4.278197631229293,4283.844651711825,0.1209862639462522
2025-12-22,2025,12,22,262500.0,667500.0,55.88102684588964,-4.198328199669799,2919.1308638017586,0.12858535867306317
2025-12-23,2025,12,23,257500.0,662500.0,55.83467987242347,-4.275570996161421,4290.841991963815,0.0
2025-12-23,2025,12,23,262500.0,662500.0,55.83613012441601,-4.195793465818992,2929.3898682148815,0.0
2025-12-23,2025,12,23,257500.0,667500.0,55.879574159628305,-4.278197631229293,4283.844651711825,0.0
2025-12-23,2025,12,23,262500.0,667500.0,55.88102684588964,-4.198328199669799,2919.1308638017586,0.0
2025-12-24,2025,12,24,257500.0,662500.0,55.83467987242347,-4.275570996161421,4290.841991963815,0.0
2025-12-24,2025,12,24,262500.0,662500.0,55.83613012441601,-4.195793465818992,2929.3898682148815,0.0
2025-12-24,2025,12,24,257500.0,667500.0,55.879574159628305,-4.278197631229293,4283.844651711825,0.0
2025-12-24,2025,12,24,262500.0,667500.0,55.88102684588964,-4.198328199669799,2919.1308638017586,0.0
2025-12-25,2025,12,25,257500.0,662500.0,55.83467987242347,-4.275570996161421,4290.841991963815,0.012191562198040407
2025-12-25,2025,12,25,262500.0,662500.0,55.83613012441601,-4.195793465818992,2929.3898682148815,0.012997980399081023
2025-12-25,2025,12,25,257500.0,667500.0,55.879574159628305,-4.278197631229293,4283.844651711825,0.007242655644123849
2025-12-25,2025,12,25,262500.0,667500.0,55.88102684588964,-4.198328199669799,2919.1308638017586,0.00809281094781927
2025-12-26,2025,12,26,257500.0,662500.0,55.83467987242347,-4.275570996161421,4290.841991963815,0.053125217416648364
2025-12-26,2025,12,26,262500.0,662500.0,55.83613012441601,-4.195793465818992,2929.3898682148815,0.09064345844907473
2025-12-26,2025,12,26,257500.0,667500.0,55.879574159628305,-4.278197631229293,4283.844651711825,0.03794538898105744
2025-12-26,2025,12,26,262500.0,667500.0,55.88102684588964,-4.198328199669799,2919.1308638017586,0.07596874132119762
2025-12-27,2025,12,27,257500.0,662500.0,55.83467987242347,-4.275570996161421,4290.841991963815,0.022420138790770542
2025-12-27,2025,12,27,262500.0,662500.0,55.83613012441601,-4.195793465818992,2929.3898682148815,0.031961398798021214
2025-12-27,2025,12,27,257500.0,667500.0,55.879574159628305,-4.278197631229293,4283.844651711825,0.013790012665604109
2025-12-27,2025,12,27,262500.0,667500.0,55.88102684588964,-4.198328199669799,2919.1308638017586,0.022080211775660444
2025-12-28,2025,12,28,257500.0,662500.0,55.83467987242347,-4.275570996161421,4290.841991963815,0.0
2025-12-28,2025,12,28,262500.0,662500.0,55.83613012441601,-4.195793465818992,2929.3898682148815,0.0
2025-12-28,2025,12,28,257500.0,667500.0,55.879574159628305,-4.278197631229293,4283.844651711825,0.0
2025-12-28,2025,12,28,262500.0,667500.0,55.88102684588964,-4.198328199669799,2919.1308638017586,0.0
2025-12-29,2025,12,29,257500.0,662500.0,55.83467987242347,-4.275570996161421,4290.841991963815,0.0
2025-12-29,2025,12,29,262500.0,662500.0,55.83613012441601,-4.195793465818992,2929.3898682148815,0.0
2025-12-29,2025,12,29,257500.0,667500.0,55.879574159628305,-4.278197631229293,4283.844651711825,0.0
2025-12-29,2025,12,29,262500.0,667500.0,55.88102684588964,-4.198328199669799,2919.1308638017586,0.0
2025-12-30,2025,12,30,257500.0,662500.0,55.83467987242347,-4.275570996161421,4290.841991963815,0.045914064503994385
2025-12-30,2025,12,30,262500.0,662500.0,55.83613012441601,-4.195793465818992,2929.3898682148815,0.01952392399736042
2025-12-30,2025,12,30,257500.0,667500.0,55.879574159628305,-4.278197631229293,4283.844651711825,0.0550571532162483
2025-12-30,2025,12,30,262500.0,667500.0,55.88102684588964,-4.198328199669799,2919.1308638017586,0.025301316026791334
2025-12-31,2025,12,31,257500.0,662500.0,55.83467987242347,-4.275570996161421,4290.841991963815,0.7866663922657884
2025-12-31,2025,12,31,262500.0,662500.0,55.83613012441601,-4.195793465818992,2929.3898682148815,0.652118181349657
2025-12-31,2025,12,31,257500.0,667500.0,55.879574159628305,-4.278197631229293,4283.844651711825,0.7732244639367156
2025-12-31,2025,12,31,262500.0,667500.0,55.88102684588964,-4.198328199669799,2919.1308638017586,0.6271325915958433
