date,year,month,day,x_bng,y_bng,latitude,longitude,dist_from_uni_m,rainfall_mm
2023-01-01,2023,1,1,257500.0,662500.0,55.83467987242347,-4.275570996161421,4290.841991963815,0.1675152707579178
2023-01-01,2023,1,1,262500.0,662500.0,55.83613012441601,-4.195793465818992,2929.3898682148815,0.1666926059372691
2023-01-01,2023,1,1,257500.0,667500.0,55.879574159628305,-4.278197631229293,4283.844651711825,0.1674662648077018
2023-01-01,2023,1,1,262500.0,667500.0,55.88102684588964,-4.198328199669799,2919.1308638017586,0.1572020916846687
2023-01-02,2023,1,2,257500.0,662500.0,55.83467987242347,-4.275570996161421,4290.841991963815,0.5736699455996134
2023-01-02,2023,1,2,262500.0,662500.0,55.83613012441601,-4.195793465818992,2929.3898682148815,0.4607433584281629
2023-01-02,2023,1,2,257500.0,667500.0,55.879574159628305,-4.278197631229293,4283.844651711825,0.766972477002521
2023-01-02,2023,1,2,262500.0,667500.0,55.88102684588964,-4.198328199669799,2919.1308638017586,0.6560589518602332
2023-01-03,2023,1,3,257500.0,662500.0,55.83467987242347,-4.275570996161421,4290.841991963815,9.312789132748152
2023-01-03,2023,1,3,262500.0,662500.0,55.83613012441601,-4.195793465818992,2929.3898682148815,6.745653566820489
2023-01-03,2023,1,3,257500.0,667500.0,55.879574159628305,-4.278197631229293,4283.844651711825,11.3381151538366
2023-01-03,2023,1,3,262500.0,667500.0,55.88102684588964,-4.198328199669799,2919.1308638017586,9.29945292936749
2023-01-04,2023,1,4,257500.0,662500.0,55.83467987242347,-4.275570996161421,4290.841991963815,1.5780720857784274
2023-01-04,2023,1,4,262500.0,662500.0,55.83613012441601,-4.195793465818992,2929.3898682148815,0.8928149573850267
2023-01-04,2023,1,4,257500.0,667500.0,55.879574159628305,-4.278197631229293,4283.844651711825,1.279643941415151
2023-01-04,2023,1,4,262500.0,667500.0,55.88102684588964,-4.198328199669799,2919.1308638017586,1.1432881012905172
2023-01-05,2023,1,5,257500.0,662500.0,55.83467987242347,-4.275570996161421,4290.841991963815,9.71686967585447
2023-01-05,2023,1,5,262500.0,662500.0,55.83613012441601,-4.195793465818992,2929.3898682148815,9.461843153163075
2023-01-05,2023,1,5,257500.0,667500.0,55.879574159628305,-4.278197631229293,4283.844651711825,7.742297393157463
2023-01-05,2023,1,5,262500.0,667500.0,55.88102684588964,-4.198328199669799,2919.1308638017586,9.405333444030266
2023-01-06,2023,1,6,257500.0,662500.0,55.83467987242347,-4.275570996161421,4290.841991963815,6.977404226653875
2023-01-06,2023,1,6,262500.0,662500.0,55.83613012441601,-4.195793465818992,2929.3898682148815,5.7605302673043095
2023-01-06,2023,1,6,257500.0,667500.0,55.879574159628305,-4.278197631229293,4283.844651711825,7.737501231733382
2023-01-06,2023,1,6,262500.0,667500.0,55.88102684588964,-4.198328199669799,2919.1308638017586,6.877929078665993
2023-01-07,2023,1,7,257500.0,662500.0,55.83467987242347,-4.275570996161421,4290.841991963815,1.3207625346292222
2023-01-07,2023,1,7,262500.0,662500.0,55.83613012441601,-4.195793465818992,2929.3898682148815,0.987761115978298
2023-01-07,2023,1,7,257500.0,667500.0,55.879574159628305,-4.278197631229293,4283.844651711825,1.2567600920443085
2023-01-07,2023,1,7,262500.0,667500.0,55.88102684588964,-4.198328199669799,2919.1308638017586,1.1953249054773167
2023-01-08,2023,1,8,257500.0,662500.0,55.83467987242347,-4.275570996161421,4290.841991963815,2.238948681040284
2023-01-08,2023,1,8,262500.0,662500.0,55.83613012441601,-4.195793465818992,2929.3898682148815,1.642163673866794
2023-01-08,2023,1,8,257500.0,667500.0,55.879574159628305,-4.278197631229293,4283.844651711825,2.7297172698359726
2023-01-08,2023,1,8,262500.0,667500.0,55.88102684588964,-4.198328199669799,2919.1308638017586,2.1297020209952855
2023-01-09,2023,1,9,257500.0,662500.0,55.83467987242347,-4.275570996161421,4290.841991963815,6.651628282636074
2023-01-09,2023,1,9,262500.0,662500.0,55.83613012441601,-4.195793465818992,2929.3898682148815,6.438422293598905
2023-01-09,2023,1,9,257500.0,667500.0,55.879574159628305,-4.278197631229293,4283.844651711825,6.683414939780847
2023-01-09,2023,1,9,262500.0,667500.0,55.88102684588964,-4.198328199669799,2919.1308638017586,6.226279769902201
2023-01-10,2023,1,10,257500.0,662500.0,55.83467987242347,-4.275570996161421,4290.841991963815,13.3451909746217
2023-01-10,2023,1,10,262500.0,662500.0,55.83613012441601,-4.195793465818992,2929.3898682148815,11.906164155083465
2023-01-10,2023,1,10,257500.0,667500.0,55.879574159628305,-4.278197631229293,4283.844651711825,15.67894568564053
2023-01-10,2023,1,10,262500.0,667500.0,55.88102684588964,-4.198328199669799,2919.1308638017586,13.341273735862234
2023-01-11,2023,1,11,257500.0,662500.0,55.83467987242347,-4.275570996161421,4290.841991963815,3.7245072113027686
2023-01-11,2023,1,11,262500.0,662500.0,55.83613012441601,-4.195793465818992,2929.3898682148815,3.0917574049141057
2023-01-11,2023,1,11,257500.0,667500.0,55.879574159628305,-4.278197631229293,4283.844651711825,4.5194876510941215
2023-01-11,2023,1,11,262500.0,667500.0,55.88102684588964,-4.198328199669799,2919.1308638017586,4.345066154097258
2023-01-12,2023,1,12,257500.0,662500.0,55.83467987242347,-4.275570996161421,4290.841991963815,8.968669520743324
2023-01-12,2023,1,12,262500.0,662500.0,55.83613012441601,-4.195793465818992,2929.3898682148815,7.4785099001844095
2023-01-12,2023,1,12,257500.0,667500.0,55.879574159628305,-4.278197631229293,4283.844651711825,9.29033657742908
2023-01-12,2023,1,12,262500.0,667500.0,55.88102684588964,-4.198328199669799,2919.1308638017586,8.803374334050947
2023-01-13,2023,1,13,257500.0,662500.0,55.83467987242347,-4.275570996161421,4290.841991963815,10.53442298566801
2023-01-13,2023,1,13,262500.0,662500.0,55.83613012441601,-4.195793465818992,2929.3898682148815,9.50993272680992
2023-01-13,2023,1,13,257500.0,667500.0,55.879574159628305,-4.278197631229293,4283.844651711825,11.969109240427356
2023-01-13,2023,1,13,262500.0,667500.0,55.88102684588964,-4.198328199669799,2919.1308638017586,11.30866968318562
2023-01-14,2023,1,14,257500.0,662500.0,55.83467987242347,-4.275570996161421,4290.841991963815,8.961898871341193
2023-01-14,2023,1,14,262500.0,662500.0,55.83613012441601,-4.195793465818992,2929.3898682148815,7.049371107250293
2023-01-14,2023,1,14,257500.0,667500.0,55.879574159628305,-4.278197631229293,4283.844651711825,6.425148467550077
2023-01-14,2023,1,14,262500.0,667500.0,55.88102684588964,-4.198328199669799,2919.1308638017586,7.173835608613014
2023-01-15,2023,1,15,257500.0,662500.0,55.83467987242347,-4.275570996161421,4290.841991963815,0.2766154017679717
2023-01-15,2023,1,15,262500.0,662500.0,55.83613012441601,-4.195793465818992,2929.3898682148815,0.2856245677520572
2023-01-15,2023,1,15,257500.0,667500.0,55.879574159628305,-4.278197631229293,4283.844651711825,0.124494978128553
2023-01-15,2023,1,15,262500.0,667500.0,55.88102684588964,-4.198328199669799,2919.1308638017586,0.2750003445039206
2023-01-16,2023,1,16,257500.0,662500.0,55.83467987242347,-4.275570996161421,4290.841991963815,0.0003480401994089
2023-01-16,2023,1,16,262500.0,662500.0,55.83613012441601,-4.195793465818992,2929.3898682148815,9.490823134451128e-05
2023-01-16,2023,1,16,257500.0,667500.0,55.879574159628305,-4.278197631229293,4283.844651711825,0.0003075003699223
2023-01-16,2023,1,16,262500.0,667500.0,55.88102684588964,-4.198328199669799,2919.1308638017586,0.0004507304472392
2023-01-17,2023,1,17,257500.0,662500.0,55.83467987242347,-4.275570996161421,4290.841991963815,0.0120023274199365
2023-01-17,2023,1,17,262500.0,662500.0,55.83613012441601,-4.195793465818992,2929.3898682148815,0.0024710656204035
2023-01-17,2023,1,17,257500.0,667500.0,55.879574159628305,-4.278197631229293,4283.844651711825,0.0109700171595836
2023-01-17,2023,1,17,262500.0,667500.0,55.88102684588964,-4.198328199669799,2919.1308638017586,0.0105531952922729
2023-01-18,2023,1,18,257500.0,662500.0,55.83467987242347,-4.275570996161421,4290.841991963815,0.0009925634125024
2023-01-18,2023,1,18,262500.0,662500.0,55.83613012441601,-4.195793465818992,2929.3898682148815,0.0001949133926221
2023-01-18,2023,1,18,257500.0,667500.0,55.879574159628305,-4.278197631229293,4283.844651711825,0.0014020400504314
2023-01-18,2023,1,18,262500.0,667500.0,55.88102684588964,-4.198328199669799,2919.1308638017586,0.0013869529877492
2023-01-19,2023,1,19,257500.0,662500.0,55.83467987242347,-4.275570996161421,4290.841991963815,0.0042856052451372
2023-01-19,2023,1,19,262500.0,662500.0,55.83613012441601,-4.195793465818992,2929.3898682148815,0.0016855475632658
2023-01-19,2023,1,19,257500.0,667500.0,55.879574159628305,-4.278197631229293,4283.844651711825,0.0044674751253402
2023-01-19,2023,1,19,262500.0,667500.0,55.88102684588964,-4.198328199669799,2919.1308638017586,0.0094492892599061
2023-01-20,2023,1,20,257500.0,662500.0,55.83467987242347,-4.275570996161421,4290.841991963815,0.1512367236459473
2023-01-20,2023,1,20,262500.0,662500.0,55.83613012441601,-4.195793465818992,2929.3898682148815,0.1983728917944603
2023-01-20,2023,1,20,257500.0,667500.0,55.879574159628305,-4.278197631229293,4283.844651711825,0.1716443955881237
2023-01-20,2023,1,20,262500.0,667500.0,55.88102684588964,-4.198328199669799,2919.1308638017586,0.1804335792141961
2023-01-21,2023,1,21,257500.0,662500.0,55.83467987242347,-4.275570996161421,4290.841991963815,0.4628196376055908
2023-01-21,2023,1,21,262500.0,662500.0,55.83613012441601,-4.195793465818992,2929.3898682148815,0.238167883928512
2023-01-21,2023,1,21,257500.0,667500.0,55.879574159628305,-4.278197631229293,4283.844651711825,0.8937631910652724
2023-01-21,2023,1,21,262500.0,667500.0,55.88102684588964,-4.198328199669799,2919.1308638017586,0.5637498082974937
2023-01-22,2023,1,22,257500.0,662500.0,55.83467987242347,-4.275570996161421,4290.841991963815,1.3801589970991723
2023-01-22,2023,1,22,262500.0,662500.0,55.83613012441601,-4.195793465818992,2929.3898682148815,0.1626222505148556
2023-01-22,2023,1,22,257500.0,667500.0,55.879574159628305,-4.278197631229293,4283.844651711825,1.9482414297222423
2023-01-22,2023,1,22,262500.0,667500.0,55.88102684588964,-4.198328199669799,2919.1308638017586,1.3329256503607496
2023-01-23,2023,1,23,257500.0,662500.0,55.83467987242347,-4.275570996161421,4290.841991963815,0.5159667064399311
2023-01-23,2023,1,23,262500.0,662500.0,55.83613012441601,-4.195793465818992,2929.3898682148815,0.2467367063936874
2023-01-23,2023,1,23,257500.0,667500.0,55.879574159628305,-4.278197631229293,4283.844651711825,0.914597517845131
2023-01-23,2023,1,23,262500.0,667500.0,55.88102684588964,-4.198328199669799,2919.1308638017586,0.6078280555482606
2023-01-24,2023,1,24,257500.0,662500.0,55.83467987242347,-4.275570996161421,4290.841991963815,1.6666003088828183
2023-01-24,2023,1,24,262500.0,662500.0,55.83613012441601,-4.195793465818992,2929.3898682148815,1.1167829629002146
2023-01-24,2023,1,24,257500.0,667500.0,55.879574159628305,-4.278197631229293,4283.844651711825,2.061455612979745
2023-01-24,2023,1,24,262500.0,667500.0,55.88102684588964,-4.198328199669799,2919.1308638017586,2.178643354867125
2023-01-25,2023,1,25,257500.0,662500.0,55.83467987242347,-4.275570996161421,4290.841991963815,0.0301974741340337
2023-01-25,2023,1,25,262500.0,662500.0,55.83613012441601,-4.195793465818992,2929.3898682148815,0.0120677724391286
2023-01-25,2023,1,25,257500.0,667500.0,55.879574159628305,-4.278197631229293,4283.844651711825,0.0220771713860545
2023-01-25,2023,1,25,262500.0,667500.0,55.88102684588964,-4.198328199669799,2919.1308638017586,0.0376977590390104
2023-01-26,2023,1,26,257500.0,662500.0,55.83467987242347,-4.275570996161421,4290.841991963815,0.1605105667684718
2023-01-26,2023,1,26,262500.0,662500.0,55.83613012441601,-4.195793465818992,2929.3898682148815,0.1640045562235664
2023-01-26,2023,1,26,257500.0,667500.0,55.879574159628305,-4.278197631229293,4283.844651711825,0.1549032582494552
2023-01-26,2023,1,26,262500.0,667500.0,55.88102684588964,-4.198328199669799,2919.1308638017586,0.1354273298428829
2023-01-27,2023,1,27,257500.0,662500.0,55.83467987242347,-4.275570996161421,4290.841991963815,0.729291502692848
2023-01-27,2023,1,27,262500.0,662500.0,55.83613012441601,-4.195793465818992,2929.3898682148815,0.8047286920889922
2023-01-27,2023,1,27,257500.0,667500.0,55.879574159628305,-4.278197631229293,4283.844651711825,0.9716482266726032
2023-01-27,2023,1,27,262500.0,667500.0,55.88102684588964,-4.198328199669799,2919.1308638017586,0.7900519405605526
2023-01-28,2023,1,28,257500.0,662500.0,55.83467987242347,-4.275570996161421,4290.841991963815,0.0431854536243029
2023-01-28,2023,1,28,262500.0,662500.0,55.83613012441601,-4.195793465818992,2929.3898682148815,0.0040366300983889
2023-01-28,2023,1,28,257500.0,667500.0,55.879574159628305,-4.278197631229293,4283.844651711825,0.0190796228990068
2023-01-28,2023,1,28,262500.0,667500.0,55.88102684588964,-4.198328199669799,2919.1308638017586,0.0380320936515847
2023-01-29,2023,1,29,257500.0,662500.0,55.83467987242347,-4.275570996161421,4290.841991963815,4.233939424460979
2023-01-29,2023,1,29,262500.0,662500.0,55.83613012441601,-4.195793465818992,2929.3898682148815,4.094379354641128
2023-01-29,2023,1,29,257500.0,667500.0,55.879574159628305,-4.278197631229293,4283.844651711825,4.372565829066834
2023-01-29,2023,1,29,262500.0,667500.0,55.88102684588964,-4.198328199669799,2919.1308638017586,3.9547491513765025
2023-01-30,2023,1,30,257500.0,662500.0,55.83467987242347,-4.275570996161421,4290.841991963815,4.870767175635468
2023-01-30,2023,1,30,262500.0,662500.0,55.83613012441601,-4.195793465818992,2929.3898682148815,4.531931043246491
2023-01-30,2023,1,30,257500.0,667500.0,55.879574159628305,-4.278197631229293,4283.844651711825,5.259401668352934
2023-01-30,2023,1,30,262500.0,667500.0,55.88102684588964,-4.198328199669799,2919.1308638017586,5.412863846728842
2023-01-31,2023,1,31,257500.0,662500.0,55.83467987242347,-4.275570996161421,4290.841991963815,15.343873959013676
2023-01-31,2023,1,31,262500.0,662500.0,55.83613012441601,-4.195793465818992,2929.3898682148815,16.24251613446776
2023-01-31,2023,1,31,257500.0,667500.0,55.879574159628305,-4.278197631229293,4283.844651711825,15.377922881091314
2023-01-31,2023,1,31,262500.0,667500.0,55.88102684588964,-4.198328199669799,2919.1308638017586,15.44787784008054
2023-02-01,2023,2,1,257500.0,662500.0,55.83467987242347,-4.275570996161421,4290.841991963815,4.072086024769757
2023-02-01,2023,2,1,262500.0,662500.0,55.83613012441601,-4.195793465818992,2929.3898682148815,3.4740060200029905
2023-02-01,2023,2,1,257500.0,667500.0,55.879574159628305,-4.278197631229293,4283.844651711825,4.40936077408063
2023-02-01,2023,2,1,262500.0,667500.0,55.88102684588964,-4.198328199669799,2919.1308638017586,4.40048346398494
2023-02-02,2023,2,2,257500.0,662500.0,55.83467987242347,-4.275570996161421,4290.841991963815,3.321292947563593
2023-02-02,2023,2,2,262500.0,662500.0,55.83613012441601,-4.195793465818992,2929.3898682148815,3.43299122856902
2023-02-02,2023,2,2,257500.0,667500.0,55.879574159628305,-4.278197631229293,4283.844651711825,1.574354575269861
2023-02-02,2023,2,2,262500.0,667500.0,55.88102684588964,-4.198328199669799,2919.1308638017586,2.3923669213736627
2023-02-03,2023,2,3,257500.0,662500.0,55.83467987242347,-4.275570996161421,4290.841991963815,0.1369929606109096
2023-02-03,2023,2,3,262500.0,662500.0,55.83613012441601,-4.195793465818992,2929.3898682148815,0.0812802147207353
2023-02-03,2023,2,3,257500.0,667500.0,55.879574159628305,-4.278197631229293,4283.844651711825,0.3433774940440209
2023-02-03,2023,2,3,262500.0,667500.0,55.88102684588964,-4.198328199669799,2919.1308638017586,0.2629046512751981
2023-02-04,2023,2,4,257500.0,662500.0,55.83467987242347,-4.275570996161421,4290.841991963815,0.952162122416394
2023-02-04,2023,2,4,262500.0,662500.0,55.83613012441601,-4.195793465818992,2929.3898682148815,0.8393996315048847
2023-02-04,2023,2,4,257500.0,667500.0,55.879574159628305,-4.278197631229293,4283.844651711825,0.9326915875597148
2023-02-04,2023,2,4,262500.0,667500.0,55.88102684588964,-4.198328199669799,2919.1308638017586,0.977723837183318
2023-02-05,2023,2,5,257500.0,662500.0,55.83467987242347,-4.275570996161421,4290.841991963815,0.0786513324339212
2023-02-05,2023,2,5,262500.0,662500.0,55.83613012441601,-4.195793465818992,2929.3898682148815,0.1924752397336074
2023-02-05,2023,2,5,257500.0,667500.0,55.879574159628305,-4.278197631229293,4283.844651711825,0.063163775566745
2023-02-05,2023,2,5,262500.0,667500.0,55.88102684588964,-4.198328199669799,2919.1308638017586,0.1605406839140366
2023-02-06,2023,2,6,257500.0,662500.0,55.83467987242347,-4.275570996161421,4290.841991963815,0.0644829606856441
2023-02-06,2023,2,6,262500.0,662500.0,55.83613012441601,-4.195793465818992,2929.3898682148815,0.0095484416263999
2023-02-06,2023,2,6,257500.0,667500.0,55.879574159628305,-4.278197631229293,4283.844651711825,0.0504542245771874
2023-02-06,2023,2,6,262500.0,667500.0,55.88102684588964,-4.198328199669799,2919.1308638017586,0.0543846259282455
2023-02-07,2023,2,7,257500.0,662500.0,55.83467987242347,-4.275570996161421,4290.841991963815,0.079674243137601
2023-02-07,2023,2,7,262500.0,662500.0,55.83613012441601,-4.195793465818992,2929.3898682148815,0.052267156481632
2023-02-07,2023,2,7,257500.0,667500.0,55.879574159628305,-4.278197631229293,4283.844651711825,0.2728257629865661
2023-02-07,2023,2,7,262500.0,667500.0,55.88102684588964,-4.198328199669799,2919.1308638017586,0.2089241951500968
2023-02-08,2023,2,8,257500.0,662500.0,55.83467987242347,-4.275570996161421,4290.841991963815,2.8140469954945075
2023-02-08,2023,2,8,262500.0,662500.0,55.83613012441601,-4.195793465818992,2929.3898682148815,2.6002544594516257
2023-02-08,2023,2,8,257500.0,667500.0,55.879574159628305,-4.278197631229293,4283.844651711825,2.889164313584838
2023-02-08,2023,2,8,262500.0,667500.0,55.88102684588964,-4.198328199669799,2919.1308638017586,2.871908727937758
2023-02-09,2023,2,9,257500.0,662500.0,55.83467987242347,-4.275570996161421,4290.841991963815,1.0681414138105092
2023-02-09,2023,2,9,262500.0,662500.0,55.83613012441601,-4.195793465818992,2929.3898682148815,0.4443839360966083
2023-02-09,2023,2,9,257500.0,667500.0,55.879574159628305,-4.278197631229293,4283.844651711825,0.7523772323598786
2023-02-09,2023,2,9,262500.0,667500.0,55.88102684588964,-4.198328199669799,2919.1308638017586,0.8894763967434635
2023-02-10,2023,2,10,257500.0,662500.0,55.83467987242347,-4.275570996161421,4290.841991963815,1.1788260159056796
2023-02-10,2023,2,10,262500.0,662500.0,55.83613012441601,-4.195793465818992,2929.3898682148815,0.6573069298206979
2023-02-10,2023,2,10,257500.0,667500.0,55.879574159628305,-4.278197631229293,4283.844651711825,0.7993500112549756
2023-02-10,2023,2,10,262500.0,667500.0,55.88102684588964,-4.198328199669799,2919.1308638017586,1.132439636100388
2023-02-11,2023,2,11,257500.0,662500.0,55.83467987242347,-4.275570996161421,4290.841991963815,0.233978259122612
2023-02-11,2023,2,11,262500.0,662500.0,55.83613012441601,-4.195793465818992,2929.3898682148815,0.1717977616973076
2023-02-11,2023,2,11,257500.0,667500.0,55.879574159628305,-4.278197631229293,4283.844651711825,0.0967708903341992
2023-02-11,2023,2,11,262500.0,667500.0,55.88102684588964,-4.198328199669799,2919.1308638017586,0.1420716536026306
2023-02-12,2023,2,12,257500.0,662500.0,55.83467987242347,-4.275570996161421,4290.841991963815,0.0002185201115322
2023-02-12,2023,2,12,262500.0,662500.0,55.83613012441601,-4.195793465818992,2929.3898682148815,0.0001040238489786
2023-02-12,2023,2,12,257500.0,667500.0,55.879574159628305,-4.278197631229293,4283.844651711825,0.0013693894715007
2023-02-12,2023,2,12,262500.0,667500.0,55.88102684588964,-4.198328199669799,2919.1308638017586,0.0013853049075243
2023-02-13,2023,2,13,257500.0,662500.0,55.83467987242347,-4.275570996161421,4290.841991963815,3.2301870289258215e-05
2023-02-13,2023,2,13,262500.0,662500.0,55.83613012441601,-4.195793465818992,2929.3898682148815,4.5433968932273896e-05
2023-02-13,2023,2,13,257500.0,667500.0,55.879574159628305,-4.278197631229293,4283.844651711825,0.0001069500635548
2023-02-13,2023,2,13,262500.0,667500.0,55.88102684588964,-4.198328199669799,2919.1308638017586,0.0002502005532679
2023-02-14,2023,2,14,257500.0,662500.0,55.83467987242347,-4.275570996161421,4290.841991963815,1.850628108603428
2023-02-14,2023,2,14,262500.0,662500.0,55.83613012441601,-4.195793465818992,2929.3898682148815,1.3979631626761977
2023-02-14,2023,2,14,257500.0,667500.0,55.879574159628305,-4.278197631229293,4283.844651711825,1.7565170702708228
2023-02-14,2023,2,14,262500.0,667500.0,55.88102684588964,-4.198328199669799,2919.1308638017586,1.6010035684385078
2023-02-15,2023,2,15,257500.0,662500.0,55.83467987242347,-4.275570996161421,4290.841991963815,0.5592334195584746
2023-02-15,2023,2,15,262500.0,662500.0,55.83613012441601,-4.195793465818992,2929.3898682148815,0.5292777422070764
2023-02-15,2023,2,15,257500.0,667500.0,55.879574159628305,-4.278197631229293,4283.844651711825,0.907218033308099
2023-02-15,2023,2,15,262500.0,667500.0,55.88102684588964,-4.198328199669799,2919.1308638017586,0.8334185403271751
2023-02-16,2023,2,16,257500.0,662500.0,55.83467987242347,-4.275570996161421,4290.841991963815,12.29574692446481
2023-02-16,2023,2,16,262500.0,662500.0,55.83613012441601,-4.195793465818992,2929.3898682148815,9.704802807378163
2023-02-16,2023,2,16,257500.0,667500.0,55.879574159628305,-4.278197631229293,4283.844651711825,13.067240263127204
2023-02-16,2023,2,16,262500.0,667500.0,55.88102684588964,-4.198328199669799,2919.1308638017586,12.92682730127514
2023-02-17,2023,2,17,257500.0,662500.0,55.83467987242347,-4.275570996161421,4290.841991963815,10.615844477359683
2023-02-17,2023,2,17,262500.0,662500.0,55.83613012441601,-4.195793465818992,2929.3898682148815,10.856382471003895
2023-02-17,2023,2,17,257500.0,667500.0,55.879574159628305,-4.278197631229293,4283.844651711825,10.86782990178456
2023-02-17,2023,2,17,262500.0,667500.0,55.88102684588964,-4.198328199669799,2919.1308638017586,11.331649647400535
2023-02-18,2023,2,18,257500.0,662500.0,55.83467987242347,-4.275570996161421,4290.841991963815,3.7342695672354145
2023-02-18,2023,2,18,262500.0,662500.0,55.83613012441601,-4.195793465818992,2929.3898682148815,3.2430712616373167
2023-02-18,2023,2,18,257500.0,667500.0,55.879574159628305,-4.278197631229293,4283.844651711825,3.259964388165128
2023-02-18,2023,2,18,262500.0,667500.0,55.88102684588964,-4.198328199669799,2919.1308638017586,3.252161071809742
2023-02-19,2023,2,19,257500.0,662500.0,55.83467987242347,-4.275570996161421,4290.841991963815,0.1679186345375097
2023-02-19,2023,2,19,262500.0,662500.0,55.83613012441601,-4.195793465818992,2929.3898682148815,0.0468835014807795
2023-02-19,2023,2,19,257500.0,667500.0,55.879574159628305,-4.278197631229293,4283.844651711825,0.4390142232986164
2023-02-19,2023,2,19,262500.0,667500.0,55.88102684588964,-4.198328199669799,2919.1308638017586,0.5900627124494084
2023-02-20,2023,2,20,257500.0,662500.0,55.83467987242347,-4.275570996161421,4290.841991963815,1.5096210743426757
2023-02-20,2023,2,20,262500.0,662500.0,55.83613012441601,-4.195793465818992,2929.3898682148815,0.2291890710514375
2023-02-20,2023,2,20,257500.0,667500.0,55.879574159628305,-4.278197631229293,4283.844651711825,1.549710867495838
2023-02-20,2023,2,20,262500.0,667500.0,55.88102684588964,-4.198328199669799,2919.1308638017586,1.5338138929489014
2023-02-21,2023,2,21,257500.0,662500.0,55.83467987242347,-4.275570996161421,4290.841991963815,2.5186159530962393
2023-02-21,2023,2,21,262500.0,662500.0,55.83613012441601,-4.195793465818992,2929.3898682148815,2.400076348603782
2023-02-21,2023,2,21,257500.0,667500.0,55.879574159628305,-4.278197631229293,4283.844651711825,2.035323236065961
2023-02-21,2023,2,21,262500.0,667500.0,55.88102684588964,-4.198328199669799,2919.1308638017586,2.329109960251168
2023-02-22,2023,2,22,257500.0,662500.0,55.83467987242347,-4.275570996161421,4290.841991963815,0.0036658449482178
2023-02-22,2023,2,22,262500.0,662500.0,55.83613012441601,-4.195793465818992,2929.3898682148815,0.0031685843278651
2023-02-22,2023,2,22,257500.0,667500.0,55.879574159628305,-4.278197631229293,4283.844651711825,0.0066891422340932
2023-02-22,2023,2,22,262500.0,667500.0,55.88102684588964,-4.198328199669799,2919.1308638017586,0.0129911545217188
2023-02-23,2023,2,23,257500.0,662500.0,55.83467987242347,-4.275570996161421,4290.841991963815,0.0508964231587021
2023-02-23,2023,2,23,262500.0,662500.0,55.83613012441601,-4.195793465818992,2929.3898682148815,0.0032403393892244
2023-02-23,2023,2,23,257500.0,667500.0,55.879574159628305,-4.278197631229293,4283.844651711825,0.018123350410282
2023-02-23,2023,2,23,262500.0,667500.0,55.88102684588964,-4.198328199669799,2919.1308638017586,0.0119147291126083
2023-02-24,2023,2,24,257500.0,662500.0,55.83467987242347,-4.275570996161421,4290.841991963815,4.343387307514662e-06
2023-02-24,2023,2,24,262500.0,662500.0,55.83613012441601,-4.195793465818992,2929.3898682148815,0.0
2023-02-24,2023,2,24,257500.0,667500.0,55.879574159628305,-4.278197631229293,4283.844651711825,1.7800386917140443e-05
2023-02-24,2023,2,24,262500.0,667500.0,55.88102684588964,-4.198328199669799,2919.1308638017586,2.8347867954679247e-06
2023-02-25,2023,2,25,257500.0,662500.0,55.83467987242347,-4.275570996161421,4290.841991963815,7.030191756875226e-05
2023-02-25,2023,2,25,262500.0,662500.0,55.83613012441601,-4.195793465818992,2929.3898682148815,5.479855651736206e-05
2023-02-25,2023,2,25,257500.0,667500.0,55.879574159628305,-4.278197631229293,4283.844651711825,0.00015556673965
2023-02-25,2023,2,25,262500.0,667500.0,55.88102684588964,-4.198328199669799,2919.1308638017586,0.0002230681942254
2023-02-26,2023,2,26,257500.0,662500.0,55.83467987242347,-4.275570996161421,4290.841991963815,8.701954096817587e-05
2023-02-26,2023,2,26,262500.0,662500.0,55.83613012441601,-4.195793465818992,2929.3898682148815,0.0001236564153678
2023-02-26,2023,2,26,257500.0,667500.0,55.879574159628305,-4.278197631229293,4283.844651711825,0.00019485795189
2023-02-26,2023,2,26,262500.0,667500.0,55.88102684588964,-4.198328199669799,2919.1308638017586,0.0004971785879462
2023-02-27,2023,2,27,257500.0,662500.0,55.83467987242347,-4.275570996161421,4290.841991963815,0.0094980712140442
2023-02-27,2023,2,27,262500.0,662500.0,55.83613012441601,-4.195793465818992,2929.3898682148815,0.0051802195719787
2023-02-27,2023,2,27,257500.0,667500.0,55.879574159628305,-4.278197631229293,4283.844651711825,0.0104186444241037
2023-02-27,2023,2,27,262500.0,667500.0,55.88102684588964,-4.198328199669799,2919.1308638017586,0.0144178431670754
2023-02-28,2023,2,28,257500.0,662500.0,55.83467987242347,-4.275570996161421,4290.841991963815,3.066806557291466e-05
2023-02-28,2023,2,28,262500.0,662500.0,55.83613012441601,-4.195793465818992,2929.3898682148815,3.413007973934351e-05
2023-02-28,2023,2,28,257500.0,667500.0,55.879574159628305,-4.278197631229293,4283.844651711825,5.4240440224464544e-05
2023-02-28,2023,2,28,262500.0,667500.0,55.88102684588964,-4.198328199669799,2919.1308638017586,9.621194689868856e-05
2023-03-01,2023,3,1,257500.0,662500.0,55.83467987242347,-4.275570996161421,4290.841991963815,0.0013648569578531
2023-03-01,2023,3,1,262500.0,662500.0,55.83613012441601,-4.195793465818992,2929.3898682148815,0.0024067518137401
2023-03-01,2023,3,1,257500.0,667500.0,55.879574159628305,-4.278197631229293,4283.844651711825,0.0032698222778251
2023-03-01,2023,3,1,262500.0,667500.0,55.88102684588964,-4.198328199669799,2919.1308638017586,0.0123554479039874
2023-03-02,2023,3,2,257500.0,662500.0,55.83467987242347,-4.275570996161421,4290.841991963815,0.0259484281120866
2023-03-02,2023,3,2,262500.0,662500.0,55.83613012441601,-4.195793465818992,2929.3898682148815,0.0594475759979161
2023-03-02,2023,3,2,257500.0,667500.0,55.879574159628305,-4.278197631229293,4283.844651711825,0.0436978739174224
2023-03-02,2023,3,2,262500.0,667500.0,55.88102684588964,-4.198328199669799,2919.1308638017586,0.1362836884081714
2023-03-03,2023,3,3,257500.0,662500.0,55.83467987242347,-4.275570996161421,4290.841991963815,3.8737984504125815e-06
2023-03-03,2023,3,3,262500.0,662500.0,55.83613012441601,-4.195793465818992,2929.3898682148815,0.0
2023-03-03,2023,3,3,257500.0,667500.0,55.879574159628305,-4.278197631229293,4283.844651711825,0.0
2023-03-03,2023,3,3,262500.0,667500.0,55.88102684588964,-4.198328199669799,2919.1308638017586,0.0
2023-03-04,2023,3,4,257500.0,662500.0,55.83467987242347,-4.275570996161421,4290.841991963815,0.0008245820319259
2023-03-04,2023,3,4,262500.0,662500.0,55.83613012441601,-4.195793465818992,2929.3898682148815,0.000413097119752
2023-03-04,2023,3,4,257500.0,667500.0,55.879574159628305,-4.278197631229293,4283.844651711825,0.0015732503351994
2023-03-04,2023,3,4,262500.0,667500.0,55.88102684588964,-4.198328199669799,2919.1308638017586,0.001685592457864
2023-03-05,2023,3,5,257500.0,662500.0,55.83467987242347,-4.275570996161421,4290.841991963815,1.101276577522477
2023-03-05,2023,3,5,262500.0,662500.0,55.83613012441601,-4.195793465818992,2929.3898682148815,1.3417063585042928
2023-03-05,2023,3,5,257500.0,667500.0,55.879574159628305,-4.278197631229293,4283.844651711825,0.5656201242899047
2023-03-05,2023,3,5,262500.0,667500.0,55.88102684588964,-4.198328199669799,2919.1308638017586,1.222702316940086
2023-03-06,2023,3,6,257500.0,662500.0,55.83467987242347,-4.275570996161421,4290.841991963815,0.000571922384271
2023-03-06,2023,3,6,262500.0,662500.0,55.83613012441601,-4.195793465818992,2929.3898682148815,0.0005117993050696
2023-03-06,2023,3,6,257500.0,667500.0,55.879574159628305,-4.278197631229293,4283.844651711825,0.0013002729038212
2023-03-06,2023,3,6,262500.0,667500.0,55.88102684588964,-4.198328199669799,2919.1308638017586,0.0025356682661616
2023-03-07,2023,3,7,257500.0,662500.0,55.83467987242347,-4.275570996161421,4290.841991963815,0.0061613928040869
2023-03-07,2023,3,7,262500.0,662500.0,55.83613012441601,-4.195793465818992,2929.3898682148815,0.0015873092255706
2023-03-07,2023,3,7,257500.0,667500.0,55.879574159628305,-4.278197631229293,4283.844651711825,0.0052889792314182
2023-03-07,2023,3,7,262500.0,667500.0,55.88102684588964,-4.198328199669799,2919.1308638017586,0.0052771501062705
2023-03-08,2023,3,8,257500.0,662500.0,55.83467987242347,-4.275570996161421,4290.841991963815,0.0001727183799704
2023-03-08,2023,3,8,262500.0,662500.0,55.83613012441601,-4.195793465818992,2929.3898682148815,0.0001870608612751
2023-03-08,2023,3,8,257500.0,667500.0,55.879574159628305,-4.278197631229293,4283.844651711825,0.0004809569924685
2023-03-08,2023,3,8,262500.0,667500.0,55.88102684588964,-4.198328199669799,2919.1308638017586,0.0011462958260824
2023-03-09,2023,3,9,257500.0,662500.0,55.83467987242347,-4.275570996161421,4290.841991963815,0.8817856957559712
2023-03-09,2023,3,9,262500.0,662500.0,55.83613012441601,-4.195793465818992,2929.3898682148815,1.4596749183433015
2023-03-09,2023,3,9,257500.0,667500.0,55.879574159628305,-4.278197631229293,4283.844651711825,0.5432254638040163
2023-03-09,2023,3,9,262500.0,667500.0,55.88102684588964,-4.198328199669799,2919.1308638017586,1.093452413626092
2023-03-10,2023,3,10,257500.0,662500.0,55.83467987242347,-4.275570996161421,4290.841991963815,0.0003983156367093
2023-03-10,2023,3,10,262500.0,662500.0,55.83613012441601,-4.195793465818992,2929.3898682148815,0.0001721501103114
2023-03-10,2023,3,10,257500.0,667500.0,55.879574159628305,-4.278197631229293,4283.844651711825,0.0011435460334071
2023-03-10,2023,3,10,262500.0,667500.0,55.88102684588964,-4.198328199669799,2919.1308638017586,0.0009685050484466
2023-03-11,2023,3,11,257500.0,662500.0,55.83467987242347,-4.275570996161421,4290.841991963815,3.993473284799901
2023-03-11,2023,3,11,262500.0,662500.0,55.83613012441601,-4.195793465818992,2929.3898682148815,3.8220958590996577
2023-03-11,2023,3,11,257500.0,667500.0,55.879574159628305,-4.278197631229293,4283.844651711825,3.973227756278495
2023-03-11,2023,3,11,262500.0,667500.0,55.88102684588964,-4.198328199669799,2919.1308638017586,4.034729445450717
2023-03-12,2023,3,12,257500.0,662500.0,55.83467987242347,-4.275570996161421,4290.841991963815,18.52296091662235
2023-03-12,2023,3,12,262500.0,662500.0,55.83613012441601,-4.195793465818992,2929.3898682148815,15.330141055658846
2023-03-12,2023,3,12,257500.0,667500.0,55.879574159628305,-4.278197631229293,4283.844651711825,21.00962189592774
2023-03-12,2023,3,12,262500.0,667500.0,55.88102684588964,-4.198328199669799,2919.1308638017586,20.328558885068123
2023-03-13,2023,3,13,257500.0,662500.0,55.83467987242347,-4.275570996161421,4290.841991963815,6.096923081589213
2023-03-13,2023,3,13,262500.0,662500.0,55.83613012441601,-4.195793465818992,2929.3898682148815,6.280204410230274
2023-03-13,2023,3,13,257500.0,667500.0,55.879574159628305,-4.278197631229293,4283.844651711825,5.22919081442823
2023-03-13,2023,3,13,262500.0,667500.0,55.88102684588964,-4.198328199669799,2919.1308638017586,6.238108927464695
2023-03-14,2023,3,14,257500.0,662500.0,55.83467987242347,-4.275570996161421,4290.841991963815,2.347199923632488
2023-03-14,2023,3,14,262500.0,662500.0,55.83613012441601,-4.195793465818992,2929.3898682148815,2.5845816346238317
2023-03-14,2023,3,14,257500.0,667500.0,55.879574159628305,-4.278197631229293,4283.844651711825,2.2375505492325067
2023-03-14,2023,3,14,262500.0,667500.0,55.88102684588964,-4.198328199669799,2919.1308638017586,2.1370772712648485
2023-03-15,2023,3,15,257500.0,662500.0,55.83467987242347,-4.275570996161421,4290.841991963815,10.904780244831484
2023-03-15,2023,3,15,262500.0,662500.0,55.83613012441601,-4.195793465818992,2929.3898682148815,10.25361059532542
2023-03-15,2023,3,15,257500.0,667500.0,55.879574159628305,-4.278197631229293,4283.844651711825,10.806917212184294
2023-03-15,2023,3,15,262500.0,667500.0,55.88102684588964,-4.198328199669799,2919.1308638017586,11.29135435172965
2023-03-16,2023,3,16,257500.0,662500.0,55.83467987242347,-4.275570996161421,4290.841991963815,5.349265677988385
2023-03-16,2023,3,16,262500.0,662500.0,55.83613012441601,-4.195793465818992,2929.3898682148815,4.7008291986494966
2023-03-16,2023,3,16,257500.0,667500.0,55.879574159628305,-4.278197631229293,4283.844651711825,5.59753972996706
2023-03-16,2023,3,16,262500.0,667500.0,55.88102684588964,-4.198328199669799,2919.1308638017586,5.2942147093402365
2023-03-17,2023,3,17,257500.0,662500.0,55.83467987242347,-4.275570996161421,4290.841991963815,6.407001292873915
2023-03-17,2023,3,17,262500.0,662500.0,55.83613012441601,-4.195793465818992,2929.3898682148815,5.479232922096686
2023-03-17,2023,3,17,257500.0,667500.0,55.879574159628305,-4.278197631229293,4283.844651711825,9.312527520505862
2023-03-17,2023,3,17,262500.0,667500.0,55.88102684588964,-4.198328199669799,2919.1308638017586,7.178775622696179
2023-03-18,2023,3,18,257500.0,662500.0,55.83467987242347,-4.275570996161421,4290.841991963815,1.768921178439854
2023-03-18,2023,3,18,262500.0,662500.0,55.83613012441601,-4.195793465818992,2929.3898682148815,1.8297857328395053
2023-03-18,2023,3,18,257500.0,667500.0,55.879574159628305,-4.278197631229293,4283.844651711825,1.719713110591985
2023-03-18,2023,3,18,262500.0,667500.0,55.88102684588964,-4.198328199669799,2919.1308638017586,2.0499404038833866
2023-03-19,2023,3,19,257500.0,662500.0,55.83467987242347,-4.275570996161421,4290.841991963815,2.329054356852694
2023-03-19,2023,3,19,262500.0,662500.0,55.83613012441601,-4.195793465818992,2929.3898682148815,1.9886751396201072
2023-03-19,2023,3,19,257500.0,667500.0,55.879574159628305,-4.278197631229293,4283.844651711825,2.6839059974072996
2023-03-19,2023,3,19,262500.0,667500.0,55.88102684588964,-4.198328199669799,2919.1308638017586,2.41530636491191
2023-03-20,2023,3,20,257500.0,662500.0,55.83467987242347,-4.275570996161421,4290.841991963815,4.287318582928237
2023-03-20,2023,3,20,262500.0,662500.0,55.83613012441601,-4.195793465818992,2929.3898682148815,2.9948271988630712
2023-03-20,2023,3,20,257500.0,667500.0,55.879574159628305,-4.278197631229293,4283.844651711825,4.314356546992399
2023-03-20,2023,3,20,262500.0,667500.0,55.88102684588964,-4.198328199669799,2919.1308638017586,4.062319448692303
2023-03-21,2023,3,21,257500.0,662500.0,55.83467987242347,-4.275570996161421,4290.841991963815,7.080503510981154
2023-03-21,2023,3,21,262500.0,662500.0,55.83613012441601,-4.195793465818992,2929.3898682148815,4.639197515832837
2023-03-21,2023,3,21,257500.0,667500.0,55.879574159628305,-4.278197631229293,4283.844651711825,6.851565877217229
2023-03-21,2023,3,21,262500.0,667500.0,55.88102684588964,-4.198328199669799,2919.1308638017586,5.954165958086916
2023-03-22,2023,3,22,257500.0,662500.0,55.83467987242347,-4.275570996161421,4290.841991963815,5.21591120601693
2023-03-22,2023,3,22,262500.0,662500.0,55.83613012441601,-4.195793465818992,2929.3898682148815,4.41793779823861
2023-03-22,2023,3,22,257500.0,667500.0,55.879574159628305,-4.278197631229293,4283.844651711825,5.352147071514046
2023-03-22,2023,3,22,262500.0,667500.0,55.88102684588964,-4.198328199669799,2919.1308638017586,5.121344124370911
2023-03-23,2023,3,23,257500.0,662500.0,55.83467987242347,-4.275570996161421,4290.841991963815,5.752124739689148
2023-03-23,2023,3,23,262500.0,662500.0,55.83613012441601,-4.195793465818992,2929.3898682148815,5.976365205552127
2023-03-23,2023,3,23,257500.0,667500.0,55.879574159628305,-4.278197631229293,4283.844651711825,6.197761252777641
2023-03-23,2023,3,23,262500.0,667500.0,55.88102684588964,-4.198328199669799,2919.1308638017586,6.704357680038897
2023-03-24,2023,3,24,257500.0,662500.0,55.83467987242347,-4.275570996161421,4290.841991963815,4.581234747051328
2023-03-24,2023,3,24,262500.0,662500.0,55.83613012441601,-4.195793465818992,2929.3898682148815,4.284092447266626
2023-03-24,2023,3,24,257500.0,667500.0,55.879574159628305,-4.278197631229293,4283.844651711825,4.579130216177769
2023-03-24,2023,3,24,262500.0,667500.0,55.88102684588964,-4.198328199669799,2919.1308638017586,4.683732687828255
2023-03-25,2023,3,25,257500.0,662500.0,55.83467987242347,-4.275570996161421,4290.841991963815,9.509883872646643
2023-03-25,2023,3,25,262500.0,662500.0,55.83613012441601,-4.195793465818992,2929.3898682148815,7.722901075010913
2023-03-25,2023,3,25,257500.0,667500.0,55.879574159628305,-4.278197631229293,4283.844651711825,8.084952545331717
2023-03-25,2023,3,25,262500.0,667500.0,55.88102684588964,-4.198328199669799,2919.1308638017586,7.705284717243704
2023-03-26,2023,3,26,257500.0,662500.0,55.83467987242347,-4.275570996161421,4290.841991963815,0.0004458902332467
2023-03-26,2023,3,26,262500.0,662500.0,55.83613012441601,-4.195793465818992,2929.3898682148815,0.0004597428473544
2023-03-26,2023,3,26,257500.0,667500.0,55.879574159628305,-4.278197631229293,4283.844651711825,0.0019637782757693
2023-03-26,2023,3,26,262500.0,667500.0,55.88102684588964,-4.198328199669799,2919.1308638017586,0.0034266692250925
2023-03-27,2023,3,27,257500.0,662500.0,55.83467987242347,-4.275570996161421,4290.841991963815,1.5934824135115884
2023-03-27,2023,3,27,262500.0,662500.0,55.83613012441601,-4.195793465818992,2929.3898682148815,0.98619235586375
2023-03-27,2023,3,27,257500.0,667500.0,55.879574159628305,-4.278197631229293,4283.844651711825,1.75477120038907
2023-03-27,2023,3,27,262500.0,667500.0,55.88102684588964,-4.198328199669799,2919.1308638017586,1.5356888120780574
2023-03-28,2023,3,28,257500.0,662500.0,55.83467987242347,-4.275570996161421,4290.841991963815,1.3757586235839034
2023-03-28,2023,3,28,262500.0,662500.0,55.83613012441601,-4.195793465818992,2929.3898682148815,1.3969241347124302
2023-03-28,2023,3,28,257500.0,667500.0,55.879574159628305,-4.278197631229293,4283.844651711825,2.631567247062424
2023-03-28,2023,3,28,262500.0,667500.0,55.88102684588964,-4.198328199669799,2919.1308638017586,2.4097295358793853
2023-03-29,2023,3,29,257500.0,662500.0,55.83467987242347,-4.275570996161421,4290.841991963815,1.7221384009780552
2023-03-29,2023,3,29,262500.0,662500.0,55.83613012441601,-4.195793465818992,2929.3898682148815,2.2658055800157433
2023-03-29,2023,3,29,257500.0,667500.0,55.879574159628305,-4.278197631229293,4283.844651711825,1.5892619555962109
2023-03-29,2023,3,29,262500.0,667500.0,55.88102684588964,-4.198328199669799,2919.1308638017586,2.0930729215590644
2023-03-30,2023,3,30,257500.0,662500.0,55.83467987242347,-4.275570996161421,4290.841991963815,0.0851848453373215
2023-03-30,2023,3,30,262500.0,662500.0,55.83613012441601,-4.195793465818992,2929.3898682148815,0.1999912280767847
2023-03-30,2023,3,30,257500.0,667500.0,55.879574159628305,-4.278197631229293,4283.844651711825,0.0663909603360932
2023-03-30,2023,3,30,262500.0,667500.0,55.88102684588964,-4.198328199669799,2919.1308638017586,0.1740375513194755
2023-03-31,2023,3,31,257500.0,662500.0,55.83467987242347,-4.275570996161421,4290.841991963815,0.0053078704357336
2023-03-31,2023,3,31,262500.0,662500.0,55.83613012441601,-4.195793465818992,2929.3898682148815,0.0075585363271188
2023-03-31,2023,3,31,257500.0,667500.0,55.879574159628305,-4.278197631229293,4283.844651711825,0.0149589029425453
2023-03-31,2023,3,31,262500.0,667500.0,55.88102684588964,-4.198328199669799,2919.1308638017586,0.0528542278871519
2023-04-01,2023,4,1,257500.0,662500.0,55.83467987242347,-4.275570996161421,4290.841991963815,4.892104899169417e-05
2023-04-01,2023,4,1,262500.0,662500.0,55.83613012441601,-4.195793465818992,2929.3898682148815,7.488806289465498e-05
2023-04-01,2023,4,1,257500.0,667500.0,55.879574159628305,-4.278197631229293,4283.844651711825,0.0001154517003403
2023-04-01,2023,4,1,262500.0,667500.0,55.88102684588964,-4.198328199669799,2919.1308638017586,0.0003228189843209
2023-04-02,2023,4,2,257500.0,662500.0,55.83467987242347,-4.275570996161421,4290.841991963815,0.0
2023-04-02,2023,4,2,262500.0,662500.0,55.83613012441601,-4.195793465818992,2929.3898682148815,4.22422271935774e-06
2023-04-02,2023,4,2,257500.0,667500.0,55.879574159628305,-4.278197631229293,4283.844651711825,0.0
2023-04-02,2023,4,2,262500.0,667500.0,55.88102684588964,-4.198328199669799,2919.1308638017586,5.007117208874812e-06
2023-04-03,2023,4,3,257500.0,662500.0,55.83467987242347,-4.275570996161421,4290.841991963815,0.0009046000978087
2023-04-03,2023,4,3,262500.0,662500.0,55.83613012441601,-4.195793465818992,2929.3898682148815,0.0010780917133187
2023-04-03,2023,4,3,257500.0,667500.0,55.879574159628305,-4.278197631229293,4283.844651711825,0.0024234484204849
2023-04-03,2023,4,3,262500.0,667500.0,55.88102684588964,-4.198328199669799,2919.1308638017586,0.0048969039593091
2023-04-04,2023,4,4,257500.0,662500.0,55.83467987242347,-4.275570996161421,4290.841991963815,1.234436820734655
2023-04-04,2023,4,4,262500.0,662500.0,55.83613012441601,-4.195793465818992,2929.3898682148815,0.7892658703666221
2023-04-04,2023,4,4,257500.0,667500.0,55.879574159628305,-4.278197631229293,4283.844651711825,2.0913798050207215
2023-04-04,2023,4,4,262500.0,667500.0,55.88102684588964,-4.198328199669799,2919.1308638017586,2.007683747863412
2023-04-05,2023,4,5,257500.0,662500.0,55.83467987242347,-4.275570996161421,4290.841991963815,5.067061972498223
2023-04-05,2023,4,5,262500.0,662500.0,55.83613012441601,-4.195793465818992,2929.3898682148815,5.5824705367748875
2023-04-05,2023,4,5,257500.0,667500.0,55.879574159628305,-4.278197631229293,4283.844651711825,5.1232024173131885
2023-04-05,2023,4,5,262500.0,667500.0,55.88102684588964,-4.198328199669799,2919.1308638017586,5.375916444122325
2023-04-06,2023,4,6,257500.0,662500.0,55.83467987242347,-4.275570996161421,4290.841991963815,0.0079035025491352
2023-04-06,2023,4,6,262500.0,662500.0,55.83613012441601,-4.195793465818992,2929.3898682148815,0.0034807843666562
2023-04-06,2023,4,6,257500.0,667500.0,55.879574159628305,-4.278197631229293,4283.844651711825,0.0088869869840927
2023-04-06,2023,4,6,262500.0,667500.0,55.88102684588964,-4.198328199669799,2919.1308638017586,0.0089736553079834
2023-04-07,2023,4,7,257500.0,662500.0,55.83467987242347,-4.275570996161421,4290.841991963815,0.0026912524622434
2023-04-07,2023,4,7,262500.0,662500.0,55.83613012441601,-4.195793465818992,2929.3898682148815,0.0351751706000038
2023-04-07,2023,4,7,257500.0,667500.0,55.879574159628305,-4.278197631229293,4283.844651711825,0.0047218030813437
2023-04-07,2023,4,7,262500.0,667500.0,55.88102684588964,-4.198328199669799,2919.1308638017586,0.027471242842799
2023-04-08,2023,4,8,257500.0,662500.0,55.83467987242347,-4.275570996161421,4290.841991963815,8.04688046367208e-05
2023-04-08,2023,4,8,262500.0,662500.0,55.83613012441601,-4.195793465818992,2929.3898682148815,0.0001117767886452
2023-04-08,2023,4,8,257500.0,667500.0,55.879574159628305,-4.278197631229293,4283.844651711825,0.0001547710260149
2023-04-08,2023,4,8,262500.0,667500.0,55.88102684588964,-4.198328199669799,2919.1308638017586,0.0003229590185492
2023-04-09,2023,4,9,257500.0,662500.0,55.83467987242347,-4.275570996161421,4290.841991963815,2.6497559080107926
2023-04-09,2023,4,9,262500.0,662500.0,55.83613012441601,-4.195793465818992,2929.3898682148815,2.0309621158910707
2023-04-09,2023,4,9,257500.0,667500.0,55.879574159628305,-4.278197631229293,4283.844651711825,3.470817316597586
2023-04-09,2023,4,9,262500.0,667500.0,55.88102684588964,-4.198328199669799,2919.1308638017586,2.7349534811287715
2023-04-10,2023,4,10,257500.0,662500.0,55.83467987242347,-4.275570996161421,4290.841991963815,1.5347861268559997
2023-04-10,2023,4,10,262500.0,662500.0,55.83613012441601,-4.195793465818992,2929.3898682148815,1.538102270481257
2023-04-10,2023,4,10,257500.0,667500.0,55.879574159628305,-4.278197631229293,4283.844651711825,1.6995826734372774
2023-04-10,2023,4,10,262500.0,667500.0,55.88102684588964,-4.198328199669799,2919.1308638017586,1.8717634563182433
2023-04-11,2023,4,11,257500.0,662500.0,55.83467987242347,-4.275570996161421,4290.841991963815,14.89696948654817
2023-04-11,2023,4,11,262500.0,662500.0,55.83613012441601,-4.195793465818992,2929.3898682148815,15.959751854799205
2023-04-11,2023,4,11,257500.0,667500.0,55.879574159628305,-4.278197631229293,4283.844651711825,16.53712320962525
2023-04-11,2023,4,11,262500.0,667500.0,55.88102684588964,-4.198328199669799,2919.1308638017586,16.457188076878527
2023-04-12,2023,4,12,257500.0,662500.0,55.83467987242347,-4.275570996161421,4290.841991963815,1.380259413830915
2023-04-12,2023,4,12,262500.0,662500.0,55.83613012441601,-4.195793465818992,2929.3898682148815,0.6611446764628188
2023-04-12,2023,4,12,257500.0,667500.0,55.879574159628305,-4.278197631229293,4283.844651711825,2.2482127181109273
2023-04-12,2023,4,12,262500.0,667500.0,55.88102684588964,-4.198328199669799,2919.1308638017586,1.3126286467129662
2023-04-13,2023,4,13,257500.0,662500.0,55.83467987242347,-4.275570996161421,4290.841991963815,1.1775953787748226
2023-04-13,2023,4,13,262500.0,662500.0,55.83613012441601,-4.195793465818992,2929.3898682148815,1.595764749113267
2023-04-13,2023,4,13,257500.0,667500.0,55.879574159628305,-4.278197631229293,4283.844651711825,1.171216997213288
2023-04-13,2023,4,13,262500.0,667500.0,55.88102684588964,-4.198328199669799,2919.1308638017586,1.3646422904143276
2023-04-14,2023,4,14,257500.0,662500.0,55.83467987242347,-4.275570996161421,4290.841991963815,2.781486514470027
2023-04-14,2023,4,14,262500.0,662500.0,55.83613012441601,-4.195793465818992,2929.3898682148815,3.934772102366296
2023-04-14,2023,4,14,257500.0,667500.0,55.879574159628305,-4.278197631229293,4283.844651711825,4.643724617664592
2023-04-14,2023,4,14,262500.0,667500.0,55.88102684588964,-4.198328199669799,2919.1308638017586,3.1193461674527705
2023-04-15,2023,4,15,257500.0,662500.0,55.83467987242347,-4.275570996161421,4290.841991963815,0.0017524797051672
2023-04-15,2023,4,15,262500.0,662500.0,55.83613012441601,-4.195793465818992,2929.3898682148815,0.0028260091207584
2023-04-15,2023,4,15,257500.0,667500.0,55.879574159628305,-4.278197631229293,4283.844651711825,0.004724913941751
2023-04-15,2023,4,15,262500.0,667500.0,55.88102684588964,-4.198328199669799,2919.1308638017586,0.00810730997072
2023-04-16,2023,4,16,257500.0,662500.0,55.83467987242347,-4.275570996161421,4290.841991963815,0.0782613497716396
2023-04-16,2023,4,16,262500.0,662500.0,55.83613012441601,-4.195793465818992,2929.3898682148815,0.0131943696473666
2023-04-16,2023,4,16,257500.0,667500.0,55.879574159628305,-4.278197631229293,4283.844651711825,0.2344250025141595
2023-04-16,2023,4,16,262500.0,667500.0,55.88102684588964,-4.198328199669799,2919.1308638017586,0.1112780882841775
2023-04-17,2023,4,17,257500.0,662500.0,55.83467987242347,-4.275570996161421,4290.841991963815,0.1314623666560577
2023-04-17,2023,4,17,262500.0,662500.0,55.83613012441601,-4.195793465818992,2929.3898682148815,0.2080222041849448
2023-04-17,2023,4,17,257500.0,667500.0,55.879574159628305,-4.278197631229293,4283.844651711825,0.1869651299365128
2023-04-17,2023,4,17,262500.0,667500.0,55.88102684588964,-4.198328199669799,2919.1308638017586,0.2189037134186372
2023-04-18,2023,4,18,257500.0,662500.0,55.83467987242347,-4.275570996161421,4290.841991963815,0.0001439382743679
2023-04-18,2023,4,18,262500.0,662500.0,55.83613012441601,-4.195793465818992,2929.3898682148815,0.0002050001996103
2023-04-18,2023,4,18,257500.0,667500.0,55.879574159628305,-4.278197631229293,4283.844651711825,0.0002354436168185
2023-04-18,2023,4,18,262500.0,667500.0,55.88102684588964,-4.198328199669799,2919.1308638017586,0.0005107679629715
2023-04-19,2023,4,19,257500.0,662500.0,55.83467987242347,-4.275570996161421,4290.841991963815,0.0
2023-04-19,2023,4,19,262500.0,662500.0,55.83613012441601,-4.195793465818992,2929.3898682148815,0.0
2023-04-19,2023,4,19,257500.0,667500.0,55.879574159628305,-4.278197631229293,4283.844651711825,0.0
2023-04-19,2023,4,19,262500.0,667500.0,55.88102684588964,-4.198328199669799,2919.1308638017586,0.0
2023-04-20,2023,4,20,257500.0,662500.0,55.83467987242347,-4.275570996161421,4290.841991963815,0.0
2023-04-20,2023,4,20,262500.0,662500.0,55.83613012441601,-4.195793465818992,2929.3898682148815,0.0
2023-04-20,2023,4,20,257500.0,667500.0,55.879574159628305,-4.278197631229293,4283.844651711825,0.0
2023-04-20,2023,4,20,262500.0,667500.0,55.88102684588964,-4.198328199669799,2919.1308638017586,0.0
2023-04-21,2023,4,21,257500.0,662500.0,55.83467987242347,-4.275570996161421,4290.841991963815,3.580640649534771e-05
2023-04-21,2023,4,21,262500.0,662500.0,55.83613012441601,-4.195793465818992,2929.3898682148815,4.534024856682757e-05
2023-04-21,2023,4,21,257500.0,667500.0,55.879574159628305,-4.278197631229293,4283.844651711825,7.565024282139787e-05
2023-04-21,2023,4,21,262500.0,667500.0,55.88102684588964,-4.198328199669799,2919.1308638017586,0.0001530814416801
2023-04-22,2023,4,22,257500.0,662500.0,55.83467987242347,-4.275570996161421,4290.841991963815,0.0025177111409582
2023-04-22,2023,4,22,262500.0,662500.0,55.83613012441601,-4.195793465818992,2929.3898682148815,0.0037823651943074
2023-04-22,2023,4,22,257500.0,667500.0,55.879574159628305,-4.278197631229293,4283.844651711825,0.0057481988749057
2023-04-22,2023,4,22,262500.0,667500.0,55.88102684588964,-4.198328199669799,2919.1308638017586,0.0149613936630146
2023-04-23,2023,4,23,257500.0,662500.0,55.83467987242347,-4.275570996161421,4290.841991963815,0.0168113067484727
2023-04-23,2023,4,23,262500.0,662500.0,55.83613012441601,-4.195793465818992,2929.3898682148815,0.023870415970608
2023-04-23,2023,4,23,257500.0,667500.0,55.879574159628305,-4.278197631229293,4283.844651711825,0.0300265741262735
2023-04-23,2023,4,23,262500.0,667500.0,55.88102684588964,-4.198328199669799,2919.1308638017586,0.0767690777010878
2023-04-24,2023,4,24,257500.0,662500.0,55.83467987242347,-4.275570996161421,4290.841991963815,0.7035017704478908
2023-04-24,2023,4,24,262500.0,662500.0,55.83613012441601,-4.195793465818992,2929.3898682148815,1.3432880294548035
2023-04-24,2023,4,24,257500.0,667500.0,55.879574159628305,-4.278197631229293,4283.844651711825,0.3636823227828471
2023-04-24,2023,4,24,262500.0,667500.0,55.88102684588964,-4.198328199669799,2919.1308638017586,0.7321964697865657
2023-04-25,2023,4,25,257500.0,662500.0,55.83467987242347,-4.275570996161421,4290.841991963815,0.0
2023-04-25,2023,4,25,262500.0,662500.0,55.83613012441601,-4.195793465818992,2929.3898682148815,0.0
2023-04-25,2023,4,25,257500.0,667500.0,55.879574159628305,-4.278197631229293,4283.844651711825,0.0
2023-04-25,2023,4,25,262500.0,667500.0,55.88102684588964,-4.198328199669799,2919.1308638017586,0.0
2023-04-26,2023,4,26,257500.0,662500.0,55.83467987242347,-4.275570996161421,4290.841991963815,0.260689700557884
2023-04-26,2023,4,26,262500.0,662500.0,55.83613012441601,-4.195793465818992,2929.3898682148815,0.2302418464257593
2023-04-26,2023,4,26,257500.0,667500.0,55.879574159628305,-4.278197631229293,4283.844651711825,0.2318327205746443
2023-04-26,2023,4,26,262500.0,667500.0,55.88102684588964,-4.198328199669799,2919.1308638017586,0.2521763031788398
2023-04-27,2023,4,27,257500.0,662500.0,55.83467987242347,-4.275570996161421,4290.841991963815,2.1892893986892106
2023-04-27,2023,4,27,262500.0,662500.0,55.83613012441601,-4.195793465818992,2929.3898682148815,1.9222037655358244
2023-04-27,2023,4,27,257500.0,667500.0,55.879574159628305,-4.278197631229293,4283.844651711825,2.921159988473817
2023-04-27,2023,4,27,262500.0,667500.0,55.88102684588964,-4.198328199669799,2919.1308638017586,2.446519701721606
2023-04-28,2023,4,28,257500.0,662500.0,55.83467987242347,-4.275570996161421,4290.841991963815,0.957437752756075
2023-04-28,2023,4,28,262500.0,662500.0,55.83613012441601,-4.195793465818992,2929.3898682148815,1.1147285791429664
2023-04-28,2023,4,28,257500.0,667500.0,55.879574159628305,-4.278197631229293,4283.844651711825,1.1828424572453176
2023-04-28,2023,4,28,262500.0,667500.0,55.88102684588964,-4.198328199669799,2919.1308638017586,0.9544249370554704
2023-04-29,2023,4,29,257500.0,662500.0,55.83467987242347,-4.275570996161421,4290.841991963815,6.695041941100738
2023-04-29,2023,4,29,262500.0,662500.0,55.83613012441601,-4.195793465818992,2929.3898682148815,8.024481641665409
2023-04-29,2023,4,29,257500.0,667500.0,55.879574159628305,-4.278197631229293,4283.844651711825,6.06974733717842
2023-04-29,2023,4,29,262500.0,667500.0,55.88102684588964,-4.198328199669799,2919.1308638017586,6.987689500324691
2023-04-30,2023,4,30,257500.0,662500.0,55.83467987242347,-4.275570996161421,4290.841991963815,1.8250761110584872
2023-04-30,2023,4,30,262500.0,662500.0,55.83613012441601,-4.195793465818992,2929.3898682148815,1.914782722376199
2023-04-30,2023,4,30,257500.0,667500.0,55.879574159628305,-4.278197631229293,4283.844651711825,2.064004901805371
2023-04-30,2023,4,30,262500.0,667500.0,55.88102684588964,-4.198328199669799,2919.1308638017586,2.085491194499789
2023-05-01,2023,5,1,257500.0,662500.0,55.83467987242347,-4.275570996161421,4290.841991963815,1.776156394997375
2023-05-01,2023,5,1,262500.0,662500.0,55.83613012441601,-4.195793465818992,2929.3898682148815,2.3004606279305175
2023-05-01,2023,5,1,257500.0,667500.0,55.879574159628305,-4.278197631229293,4283.844651711825,1.3101026473010422
2023-05-01,2023,5,1,262500.0,667500.0,55.88102684588964,-4.198328199669799,2919.1308638017586,1.5270577274664374
2023-05-02,2023,5,2,257500.0,662500.0,55.83467987242347,-4.275570996161421,4290.841991963815,0.0034395535225302
2023-05-02,2023,5,2,262500.0,662500.0,55.83613012441601,-4.195793465818992,2929.3898682148815,0.0021418678571148
2023-05-02,2023,5,2,257500.0,667500.0,55.879574159628305,-4.278197631229293,4283.844651711825,0.0038354727466665
2023-05-02,2023,5,2,262500.0,667500.0,55.88102684588964,-4.198328199669799,2919.1308638017586,0.0113072734988123
2023-05-03,2023,5,3,257500.0,662500.0,55.83467987242347,-4.275570996161421,4290.841991963815,0.1104389064686395
2023-05-03,2023,5,3,262500.0,662500.0,55.83613012441601,-4.195793465818992,2929.3898682148815,0.075024224006386
2023-05-03,2023,5,3,257500.0,667500.0,55.879574159628305,-4.278197631229293,4283.844651711825,0.558226039839745
2023-05-03,2023,5,3,262500.0,667500.0,55.88102684588964,-4.198328199669799,2919.1308638017586,0.2506879695341445
2023-05-04,2023,5,4,257500.0,662500.0,55.83467987242347,-4.275570996161421,4290.841991963815,0.044440579846329
2023-05-04,2023,5,4,262500.0,662500.0,55.83613012441601,-4.195793465818992,2929.3898682148815,0.0440073659636841
2023-05-04,2023,5,4,257500.0,667500.0,55.879574159628305,-4.278197631229293,4283.844651711825,0.1515504922029173
2023-05-04,2023,5,4,262500.0,667500.0,55.88102684588964,-4.198328199669799,2919.1308638017586,0.1757456939382957
2023-05-05,2023,5,5,257500.0,662500.0,55.83467987242347,-4.275570996161421,4290.841991963815,0.8242493882341796
2023-05-05,2023,5,5,262500.0,662500.0,55.83613012441601,-4.195793465818992,2929.3898682148815,1.0465237144992845
2023-05-05,2023,5,5,257500.0,667500.0,55.879574159628305,-4.278197631229293,4283.844651711825,1.6318260132037683
2023-05-05,2023,5,5,262500.0,667500.0,55.88102684588964,-4.198328199669799,2919.1308638017586,1.5509217949242466
2023-05-06,2023,5,6,257500.0,662500.0,55.83467987242347,-4.275570996161421,4290.841991963815,2.2037357170762513
2023-05-06,2023,5,6,262500.0,662500.0,55.83613012441601,-4.195793465818992,2929.3898682148815,1.6297656661803797
2023-05-06,2023,5,6,257500.0,667500.0,55.879574159628305,-4.278197631229293,4283.844651711825,2.313136802714464
2023-05-06,2023,5,6,262500.0,667500.0,55.88102684588964,-4.198328199669799,2919.1308638017586,1.9984235686409708
2023-05-07,2023,5,7,257500.0,662500.0,55.83467987242347,-4.275570996161421,4290.841991963815,7.858837518594589
2023-05-07,2023,5,7,262500.0,662500.0,55.83613012441601,-4.195793465818992,2929.3898682148815,8.257854815112264
2023-05-07,2023,5,7,257500.0,667500.0,55.879574159628305,-4.278197631229293,4283.844651711825,9.077829595204532
2023-05-07,2023,5,7,262500.0,667500.0,55.88102684588964,-4.198328199669799,2919.1308638017586,9.034962798371687
2023-05-08,2023,5,8,257500.0,662500.0,55.83467987242347,-4.275570996161421,4290.841991963815,10.736418527513033
2023-05-08,2023,5,8,262500.0,662500.0,55.83613012441601,-4.195793465818992,2929.3898682148815,10.111354536669005
2023-05-08,2023,5,8,257500.0,667500.0,55.879574159628305,-4.278197631229293,4283.844651711825,11.545470938204572
2023-05-08,2023,5,8,262500.0,667500.0,55.88102684588964,-4.198328199669799,2919.1308638017586,10.624658330208977
2023-05-09,2023,5,9,257500.0,662500.0,55.83467987242347,-4.275570996161421,4290.841991963815,0.4994097554637587
2023-05-09,2023,5,9,262500.0,662500.0,55.83613012441601,-4.195793465818992,2929.3898682148815,0.487154727663246
2023-05-09,2023,5,9,257500.0,667500.0,55.879574159628305,-4.278197631229293,4283.844651711825,1.2651296297285464
2023-05-09,2023,5,9,262500.0,667500.0,55.88102684588964,-4.198328199669799,2919.1308638017586,0.783817164469526
2023-05-10,2023,5,10,257500.0,662500.0,55.83467987242347,-4.275570996161421,4290.841991963815,0.2284030584948912
2023-05-10,2023,5,10,262500.0,662500.0,55.83613012441601,-4.195793465818992,2929.3898682148815,0.054517185839353
2023-05-10,2023,5,10,257500.0,667500.0,55.879574159628305,-4.278197631229293,4283.844651711825,0.8933023511506967
2023-05-10,2023,5,10,262500.0,667500.0,55.88102684588964,-4.198328199669799,2919.1308638017586,0.5763578144421174
2023-05-11,2023,5,11,257500.0,662500.0,55.83467987242347,-4.275570996161421,4290.841991963815,0.1950571171912885
2023-05-11,2023,5,11,262500.0,662500.0,55.83613012441601,-4.195793465818992,2929.3898682148815,0.1895707798467684
2023-05-11,2023,5,11,257500.0,667500.0,55.879574159628305,-4.278197631229293,4283.844651711825,0.0867324645733166
2023-05-11,2023,5,11,262500.0,667500.0,55.88102684588964,-4.198328199669799,2919.1308638017586,0.1367584269649241
2023-05-12,2023,5,12,257500.0,662500.0,55.83467987242347,-4.275570996161421,4290.841991963815,0.0003740121396212
2023-05-12,2023,5,12,262500.0,662500.0,55.83613012441601,-4.195793465818992,2929.3898682148815,9.78850279269776e-05
2023-05-12,2023,5,12,257500.0,667500.0,55.879574159628305,-4.278197631229293,4283.844651711825,0.0003212474883629
2023-05-12,2023,5,12,262500.0,667500.0,55.88102684588964,-4.198328199669799,2919.1308638017586,0.0003652692380424
2023-05-13,2023,5,13,257500.0,662500.0,55.83467987242347,-4.275570996161421,4290.841991963815,0.0027599731109801
2023-05-13,2023,5,13,262500.0,662500.0,55.83613012441601,-4.195793465818992,2929.3898682148815,0.0004355271245553
2023-05-13,2023,5,13,257500.0,667500.0,55.879574159628305,-4.278197631229293,4283.844651711825,0.0033817306226586
2023-05-13,2023,5,13,262500.0,667500.0,55.88102684588964,-4.198328199669799,2919.1308638017586,0.0030504131122571
2023-05-14,2023,5,14,257500.0,662500.0,55.83467987242347,-4.275570996161421,4290.841991963815,0.1485896255306072
2023-05-14,2023,5,14,262500.0,662500.0,55.83613012441601,-4.195793465818992,2929.3898682148815,0.1667896813858609
2023-05-14,2023,5,14,257500.0,667500.0,55.879574159628305,-4.278197631229293,4283.844651711825,0.0665576801776116
2023-05-14,2023,5,14,262500.0,667500.0,55.88102684588964,-4.198328199669799,2919.1308638017586,0.1068567009634409
2023-05-15,2023,5,15,257500.0,662500.0,55.83467987242347,-4.275570996161421,4290.841991963815,0.0101091290076106
2023-05-15,2023,5,15,262500.0,662500.0,55.83613012441601,-4.195793465818992,2929.3898682148815,0.0019101136642665
2023-05-15,2023,5,15,257500.0,667500.0,55.879574159628305,-4.278197631229293,4283.844651711825,0.006295616932989
2023-05-15,2023,5,15,262500.0,667500.0,55.88102684588964,-4.198328199669799,2919.1308638017586,0.0061059466372258
2023-05-16,2023,5,16,257500.0,662500.0,55.83467987242347,-4.275570996161421,4290.841991963815,0.0156526848490111
2023-05-16,2023,5,16,262500.0,662500.0,55.83613012441601,-4.195793465818992,2929.3898682148815,0.0028993639978461
2023-05-16,2023,5,16,257500.0,667500.0,55.879574159628305,-4.278197631229293,4283.844651711825,0.0065647522368541
2023-05-16,2023,5,16,262500.0,667500.0,55.88102684588964,-4.198328199669799,2919.1308638017586,0.0062618745244511
2023-05-17,2023,5,17,257500.0,662500.0,55.83467987242347,-4.275570996161421,4290.841991963815,0.3363768376451105
2023-05-17,2023,5,17,262500.0,662500.0,55.83613012441601,-4.195793465818992,2929.3898682148815,0.2219423831916215
2023-05-17,2023,5,17,257500.0,667500.0,55.879574159628305,-4.278197631229293,4283.844651711825,0.1299391602148259
2023-05-17,2023,5,17,262500.0,667500.0,55.88102684588964,-4.198328199669799,2919.1308638017586,0.183753364012215
2023-05-18,2023,5,18,257500.0,662500.0,55.83467987242347,-4.275570996161421,4290.841991963815,0.0305274716853602
2023-05-18,2023,5,18,262500.0,662500.0,55.83613012441601,-4.195793465818992,2929.3898682148815,0.0094019199371829
2023-05-18,2023,5,18,257500.0,667500.0,55.879574159628305,-4.278197631229293,4283.844651711825,0.0220642659739982
2023-05-18,2023,5,18,262500.0,667500.0,55.88102684588964,-4.198328199669799,2919.1308638017586,0.0486476381242713
2023-05-19,2023,5,19,257500.0,662500.0,55.83467987242347,-4.275570996161421,4290.841991963815,7.935881311019827e-05
2023-05-19,2023,5,19,262500.0,662500.0,55.83613012441601,-4.195793465818992,2929.3898682148815,0.0
2023-05-19,2023,5,19,257500.0,667500.0,55.879574159628305,-4.278197631229293,4283.844651711825,2.5216372963558448e-05
2023-05-19,2023,5,19,262500.0,667500.0,55.88102684588964,-4.198328199669799,2919.1308638017586,4.59518237853872e-06
2023-05-20,2023,5,20,257500.0,662500.0,55.83467987242347,-4.275570996161421,4290.841991963815,4.106960087135612
2023-05-20,2023,5,20,262500.0,662500.0,55.83613012441601,-4.195793465818992,2929.3898682148815,3.522864625109868
2023-05-20,2023,5,20,257500.0,667500.0,55.879574159628305,-4.278197631229293,4283.844651711825,5.7059463136434285
2023-05-20,2023,5,20,262500.0,667500.0,55.88102684588964,-4.198328199669799,2919.1308638017586,4.373193555888327
2023-05-21,2023,5,21,257500.0,662500.0,55.83467987242347,-4.275570996161421,4290.841991963815,0.1712770049147821
2023-05-21,2023,5,21,262500.0,662500.0,55.83613012441601,-4.195793465818992,2929.3898682148815,0.1680387860513454
2023-05-21,2023,5,21,257500.0,667500.0,55.879574159628305,-4.278197631229293,4283.844651711825,0.0782712998683618
2023-05-21,2023,5,21,262500.0,667500.0,55.88102684588964,-4.198328199669799,2919.1308638017586,0.1222024591784398
2023-05-22,2023,5,22,257500.0,662500.0,55.83467987242347,-4.275570996161421,4290.841991963815,0.0008975039341953
2023-05-22,2023,5,22,262500.0,662500.0,55.83613012441601,-4.195793465818992,2929.3898682148815,0.0007290346465282
2023-05-22,2023,5,22,257500.0,667500.0,55.879574159628305,-4.278197631229293,4283.844651711825,0.0007269228699393
2023-05-22,2023,5,22,262500.0,667500.0,55.88102684588964,-4.198328199669799,2919.1308638017586,0.001595882384787
2023-05-23,2023,5,23,257500.0,662500.0,55.83467987242347,-4.275570996161421,4290.841991963815,0.0002313274185511
2023-05-23,2023,5,23,262500.0,662500.0,55.83613012441601,-4.195793465818992,2929.3898682148815,3.80636350792656e-05
2023-05-23,2023,5,23,257500.0,667500.0,55.879574159628305,-4.278197631229293,4283.844651711825,0.0003221810505137
2023-05-23,2023,5,23,262500.0,667500.0,55.88102684588964,-4.198328199669799,2919.1308638017586,0.0002943918032708
2023-05-24,2023,5,24,257500.0,662500.0,55.83467987242347,-4.275570996161421,4290.841991963815,0.0
2023-05-24,2023,5,24,262500.0,662500.0,55.83613012441601,-4.195793465818992,2929.3898682148815,0.0
2023-05-24,2023,5,24,257500.0,667500.0,55.879574159628305,-4.278197631229293,4283.844651711825,3.766361839123461e-07
2023-05-24,2023,5,24,262500.0,667500.0,55.88102684588964,-4.198328199669799,2919.1308638017586,0.0
2023-05-25,2023,5,25,257500.0,662500.0,55.83467987242347,-4.275570996161421,4290.841991963815,0.0
2023-05-25,2023,5,25,262500.0,662500.0,55.83613012441601,-4.195793465818992,2929.3898682148815,1.7318897934071572e-05
2023-05-25,2023,5,25,257500.0,667500.0,55.879574159628305,-4.278197631229293,4283.844651711825,0.0
2023-05-25,2023,5,25,262500.0,667500.0,55.88102684588964,-4.198328199669799,2919.1308638017586,7.055015003397268e-05
2023-05-26,2023,5,26,257500.0,662500.0,55.83467987242347,-4.275570996161421,4290.841991963815,0.0
2023-05-26,2023,5,26,262500.0,662500.0,55.83613012441601,-4.195793465818992,2929.3898682148815,0.0
2023-05-26,2023,5,26,257500.0,667500.0,55.879574159628305,-4.278197631229293,4283.844651711825,0.0
2023-05-26,2023,5,26,262500.0,667500.0,55.88102684588964,-4.198328199669799,2919.1308638017586,0.0
2023-05-27,2023,5,27,257500.0,662500.0,55.83467987242347,-4.275570996161421,4290.841991963815,0.0048922884776518
2023-05-27,2023,5,27,262500.0,662500.0,55.83613012441601,-4.195793465818992,2929.3898682148815,0.0005294494493864
2023-05-27,2023,5,27,257500.0,667500.0,55.879574159628305,-4.278197631229293,4283.844651711825,0.0057682002496204
2023-05-27,2023,5,27,262500.0,667500.0,55.88102684588964,-4.198328199669799,2919.1308638017586,0.0034970047557958
2023-05-28,2023,5,28,257500.0,662500.0,55.83467987242347,-4.275570996161421,4290.841991963815,0.0
2023-05-28,2023,5,28,262500.0,662500.0,55.83613012441601,-4.195793465818992,2929.3898682148815,0.0
2023-05-28,2023,5,28,257500.0,667500.0,55.879574159628305,-4.278197631229293,4283.844651711825,0.0
2023-05-28,2023,5,28,262500.0,667500.0,55.88102684588964,-4.198328199669799,2919.1308638017586,0.0
2023-05-29,2023,5,29,257500.0,662500.0,55.83467987242347,-4.275570996161421,4290.841991963815,0.0
2023-05-29,2023,5,29,262500.0,662500.0,55.83613012441601,-4.195793465818992,2929.3898682148815,0.0
2023-05-29,2023,5,29,257500.0,667500.0,55.879574159628305,-4.278197631229293,4283.844651711825,0.0
2023-05-29,2023,5,29,262500.0,667500.0,55.88102684588964,-4.198328199669799,2919.1308638017586,0.0
2023-05-30,2023,5,30,257500.0,662500.0,55.83467987242347,-4.275570996161421,4290.841991963815,0.0
2023-05-30,2023,5,30,262500.0,662500.0,55.83613012441601,-4.195793465818992,2929.3898682148815,0.0
2023-05-30,2023,5,30,257500.0,667500.0,55.879574159628305,-4.278197631229293,4283.844651711825,0.0
2023-05-30,2023,5,30,262500.0,667500.0,55.88102684588964,-4.198328199669799,2919.1308638017586,0.0
2023-05-31,2023,5,31,257500.0,662500.0,55.83467987242347,-4.275570996161421,4290.841991963815,0.0
2023-05-31,2023,5,31,262500.0,662500.0,55.83613012441601,-4.195793465818992,2929.3898682148815,0.0
2023-05-31,2023,5,31,257500.0,667500.0,55.879574159628305,-4.278197631229293,4283.844651711825,0.0
2023-05-31,2023,5,31,262500.0,667500.0,55.88102684588964,-4.198328199669799,2919.1308638017586,0.0
2023-06-01,2023,6,1,257500.0,662500.0,55.83467987242347,-4.275570996161421,4290.841991963815,0.0690096203264294
2023-06-01,2023,6,1,262500.0,662500.0,55.83613012441601,-4.195793465818992,2929.3898682148815,0.0040425437473968
2023-06-01,2023,6,1,257500.0,667500.0,55.879574159628305,-4.278197631229293,4283.844651711825,0.0165792475758496
2023-06-01,2023,6,1,262500.0,667500.0,55.88102684588964,-4.198328199669799,2919.1308638017586,0.0115980996170653
2023-06-02,2023,6,2,257500.0,662500.0,55.83467987242347,-4.275570996161421,4290.841991963815,0.0010191502592085
2023-06-02,2023,6,2,262500.0,662500.0,55.83613012441601,-4.195793465818992,2929.3898682148815,0.0004546388414648
2023-06-02,2023,6,2,257500.0,667500.0,55.879574159628305,-4.278197631229293,4283.844651711825,0.000902227051121
2023-06-02,2023,6,2,262500.0,667500.0,55.88102684588964,-4.198328199669799,2919.1308638017586,0.0016572157544819
2023-06-03,2023,6,3,257500.0,662500.0,55.83467987242347,-4.275570996161421,4290.841991963815,0.0
2023-06-03,2023,6,3,262500.0,662500.0,55.83613012441601,-4.195793465818992,2929.3898682148815,0.0
2023-06-03,2023,6,3,257500.0,667500.0,55.879574159628305,-4.278197631229293,4283.844651711825,0.0
2023-06-03,2023,6,3,262500.0,667500.0,55.88102684588964,-4.198328199669799,2919.1308638017586,0.0
2023-06-04,2023,6,4,257500.0,662500.0,55.83467987242347,-4.275570996161421,4290.841991963815,0.0
2023-06-04,2023,6,4,262500.0,662500.0,55.83613012441601,-4.195793465818992,2929.3898682148815,0.0
2023-06-04,2023,6,4,257500.0,667500.0,55.879574159628305,-4.278197631229293,4283.844651711825,0.0
2023-06-04,2023,6,4,262500.0,667500.0,55.88102684588964,-4.198328199669799,2919.1308638017586,0.0
2023-06-05,2023,6,5,257500.0,662500.0,55.83467987242347,-4.275570996161421,4290.841991963815,8.982203856368036e-05
2023-06-05,2023,6,5,262500.0,662500.0,55.83613012441601,-4.195793465818992,2929.3898682148815,2.6261721146858793e-05
2023-06-05,2023,6,5,257500.0,667500.0,55.879574159628305,-4.278197631229293,4283.844651711825,6.842340630754069e-05
2023-06-05,2023,6,5,262500.0,667500.0,55.88102684588964,-4.198328199669799,2919.1308638017586,9.149139666062233e-05
2023-06-06,2023,6,6,257500.0,662500.0,55.83467987242347,-4.275570996161421,4290.841991963815,0.012834466088367
2023-06-06,2023,6,6,262500.0,662500.0,55.83613012441601,-4.195793465818992,2929.3898682148815,0.0603713056149211
2023-06-06,2023,6,6,257500.0,667500.0,55.879574159628305,-4.278197631229293,4283.844651711825,0.0114680849166072
2023-06-06,2023,6,6,262500.0,667500.0,55.88102684588964,-4.198328199669799,2919.1308638017586,0.0543757109342029
2023-06-07,2023,6,7,257500.0,662500.0,55.83467987242347,-4.275570996161421,4290.841991963815,0.0
2023-06-07,2023,6,7,262500.0,662500.0,55.83613012441601,-4.195793465818992,2929.3898682148815,0.0
2023-06-07,2023,6,7,257500.0,667500.0,55.879574159628305,-4.278197631229293,4283.844651711825,0.0
2023-06-07,2023,6,7,262500.0,667500.0,55.88102684588964,-4.198328199669799,2919.1308638017586,0.0
2023-06-08,2023,6,8,257500.0,662500.0,55.83467987242347,-4.275570996161421,4290.841991963815,0.0
2023-06-08,2023,6,8,262500.0,662500.0,55.83613012441601,-4.195793465818992,2929.3898682148815,0.0
2023-06-08,2023,6,8,257500.0,667500.0,55.879574159628305,-4.278197631229293,4283.844651711825,0.0
2023-06-08,2023,6,8,262500.0,667500.0,55.88102684588964,-4.198328199669799,2919.1308638017586,0.0
2023-06-09,2023,6,9,257500.0,662500.0,55.83467987242347,-4.275570996161421,4290.841991963815,0.0
2023-06-09,2023,6,9,262500.0,662500.0,55.83613012441601,-4.195793465818992,2929.3898682148815,0.0
2023-06-09,2023,6,9,257500.0,667500.0,55.879574159628305,-4.278197631229293,4283.844651711825,0.0
2023-06-09,2023,6,9,262500.0,667500.0,55.88102684588964,-4.198328199669799,2919.1308638017586,0.0
2023-06-10,2023,6,10,257500.0,662500.0,55.83467987242347,-4.275570996161421,4290.841991963815,2.8613836706012004
2023-06-10,2023,6,10,262500.0,662500.0,55.83613012441601,-4.195793465818992,2929.3898682148815,2.7421159177114296
2023-06-10,2023,6,10,257500.0,667500.0,55.879574159628305,-4.278197631229293,4283.844651711825,2.27928598285933
2023-06-10,2023,6,10,262500.0,667500.0,55.88102684588964,-4.198328199669799,2919.1308638017586,2.642965050059178
2023-06-11,2023,6,11,257500.0,662500.0,55.83467987242347,-4.275570996161421,4290.841991963815,0.0110988659106903
2023-06-11,2023,6,11,262500.0,662500.0,55.83613012441601,-4.195793465818992,2929.3898682148815,0.0038273452825885
2023-06-11,2023,6,11,257500.0,667500.0,55.879574159628305,-4.278197631229293,4283.844651711825,0.0087120303947723
2023-06-11,2023,6,11,262500.0,667500.0,55.88102684588964,-4.198328199669799,2919.1308638017586,0.0119913144500595
2023-06-12,2023,6,12,257500.0,662500.0,55.83467987242347,-4.275570996161421,4290.841991963815,0.0356313651255424
2023-06-12,2023,6,12,262500.0,662500.0,55.83613012441601,-4.195793465818992,2929.3898682148815,0.0063180974379808
2023-06-12,2023,6,12,257500.0,667500.0,55.879574159628305,-4.278197631229293,4283.844651711825,0.0272242526402299
2023-06-12,2023,6,12,262500.0,667500.0,55.88102684588964,-4.198328199669799,2919.1308638017586,0.025610422387186
2023-06-13,2023,6,13,257500.0,662500.0,55.83467987242347,-4.275570996161421,4290.841991963815,0.0072108410832806
2023-06-13,2023,6,13,262500.0,662500.0,55.83613012441601,-4.195793465818992,2929.3898682148815,0.0013447203442813
2023-06-13,2023,6,13,257500.0,667500.0,55.879574159628305,-4.278197631229293,4283.844651711825,0.0064548010401926
2023-06-13,2023,6,13,262500.0,667500.0,55.88102684588964,-4.198328199669799,2919.1308638017586,0.0065934989290808
2023-06-14,2023,6,14,257500.0,662500.0,55.83467987242347,-4.275570996161421,4290.841991963815,0.0
2023-06-14,2023,6,14,262500.0,662500.0,55.83613012441601,-4.195793465818992,2929.3898682148815,7.152552974331523e-06
2023-06-14,2023,6,14,257500.0,667500.0,55.879574159628305,-4.278197631229293,4283.844651711825,0.0
2023-06-14,2023,6,14,262500.0,667500.0,55.88102684588964,-4.198328199669799,2919.1308638017586,9.85586404305888e-06
2023-06-15,2023,6,15,257500.0,662500.0,55.83467987242347,-4.275570996161421,4290.841991963815,0.0
2023-06-15,2023,6,15,262500.0,662500.0,55.83613012441601,-4.195793465818992,2929.3898682148815,0.0
2023-06-15,2023,6,15,257500.0,667500.0,55.879574159628305,-4.278197631229293,4283.844651711825,0.0
2023-06-15,2023,6,15,262500.0,667500.0,55.88102684588964,-4.198328199669799,2919.1308638017586,0.0
2023-06-16,2023,6,16,257500.0,662500.0,55.83467987242347,-4.275570996161421,4290.841991963815,1.1996018231332044
2023-06-16,2023,6,16,262500.0,662500.0,55.83613012441601,-4.195793465818992,2929.3898682148815,0.6901175685332586
2023-06-16,2023,6,16,257500.0,667500.0,55.879574159628305,-4.278197631229293,4283.844651711825,5.159414823451779
2023-06-16,2023,6,16,262500.0,667500.0,55.88102684588964,-4.198328199669799,2919.1308638017586,1.5374146208443535
2023-06-17,2023,6,17,257500.0,662500.0,55.83467987242347,-4.275570996161421,4290.841991963815,0.6501960813959355
2023-06-17,2023,6,17,262500.0,662500.0,55.83613012441601,-4.195793465818992,2929.3898682148815,0.1526568599079956
2023-06-17,2023,6,17,257500.0,667500.0,55.879574159628305,-4.278197631229293,4283.844651711825,0.405518737786628
2023-06-17,2023,6,17,262500.0,667500.0,55.88102684588964,-4.198328199669799,2919.1308638017586,0.3043219818456645
2023-06-18,2023,6,18,257500.0,662500.0,55.83467987242347,-4.275570996161421,4290.841991963815,12.97910438789932
2023-06-18,2023,6,18,262500.0,662500.0,55.83613012441601,-4.195793465818992,2929.3898682148815,13.464496066968156
2023-06-18,2023,6,18,257500.0,667500.0,55.879574159628305,-4.278197631229293,4283.844651711825,14.87259830318749
2023-06-18,2023,6,18,262500.0,667500.0,55.88102684588964,-4.198328199669799,2919.1308638017586,17.02583325932487
2023-06-19,2023,6,19,257500.0,662500.0,55.83467987242347,-4.275570996161421,4290.841991963815,1.222845024299645
2023-06-19,2023,6,19,262500.0,662500.0,55.83613012441601,-4.195793465818992,2929.3898682148815,1.6115610037915682
2023-06-19,2023,6,19,257500.0,667500.0,55.879574159628305,-4.278197631229293,4283.844651711825,0.6970737274010737
2023-06-19,2023,6,19,262500.0,667500.0,55.88102684588964,-4.198328199669799,2919.1308638017586,1.3046642108215636
2023-06-20,2023,6,20,257500.0,662500.0,55.83467987242347,-4.275570996161421,4290.841991963815,9.46585106586449
2023-06-20,2023,6,20,262500.0,662500.0,55.83613012441601,-4.195793465818992,2929.3898682148815,11.341143009476628
2023-06-20,2023,6,20,257500.0,667500.0,55.879574159628305,-4.278197631229293,4283.844651711825,7.728554177040792
2023-06-20,2023,6,20,262500.0,667500.0,55.88102684588964,-4.198328199669799,2919.1308638017586,8.454740738595765
2023-06-21,2023,6,21,257500.0,662500.0,55.83467987242347,-4.275570996161421,4290.841991963815,1.247232988747636
2023-06-21,2023,6,21,262500.0,662500.0,55.83613012441601,-4.195793465818992,2929.3898682148815,1.342625540560446
2023-06-21,2023,6,21,257500.0,667500.0,55.879574159628305,-4.278197631229293,4283.844651711825,0.6197398615901505
2023-06-21,2023,6,21,262500.0,667500.0,55.88102684588964,-4.198328199669799,2919.1308638017586,0.9842031955111192
2023-06-22,2023,6,22,257500.0,662500.0,55.83467987242347,-4.275570996161421,4290.841991963815,1.038572443367222
2023-06-22,2023,6,22,262500.0,662500.0,55.83613012441601,-4.195793465818992,2929.3898682148815,0.69166762747339
2023-06-22,2023,6,22,257500.0,667500.0,55.879574159628305,-4.278197631229293,4283.844651711825,2.0427512409030375
2023-06-22,2023,6,22,262500.0,667500.0,55.88102684588964,-4.198328199669799,2919.1308638017586,1.5881853405089592
2023-06-23,2023,6,23,257500.0,662500.0,55.83467987242347,-4.275570996161421,4290.841991963815,3.367677200394423
2023-06-23,2023,6,23,262500.0,662500.0,55.83613012441601,-4.195793465818992,2929.3898682148815,2.576251552393107
2023-06-23,2023,6,23,257500.0,667500.0,55.879574159628305,-4.278197631229293,4283.844651711825,5.9879919300293505
2023-06-23,2023,6,23,262500.0,667500.0,55.88102684588964,-4.198328199669799,2919.1308638017586,4.269779364429374
2023-06-24,2023,6,24,257500.0,662500.0,55.83467987242347,-4.275570996161421,4290.841991963815,0.0004812493659145
2023-06-24,2023,6,24,262500.0,662500.0,55.83613012441601,-4.195793465818992,2929.3898682148815,0.0001915445602227
2023-06-24,2023,6,24,257500.0,667500.0,55.879574159628305,-4.278197631229293,4283.844651711825,0.0006423532210762
2023-06-24,2023,6,24,262500.0,667500.0,55.88102684588964,-4.198328199669799,2919.1308638017586,0.0010431028830603
2023-06-25,2023,6,25,257500.0,662500.0,55.83467987242347,-4.275570996161421,4290.841991963815,7.07766046549691
2023-06-25,2023,6,25,262500.0,662500.0,55.83613012441601,-4.195793465818992,2929.3898682148815,7.162488626100505
2023-06-25,2023,6,25,257500.0,667500.0,55.879574159628305,-4.278197631229293,4283.844651711825,6.397817313161971
2023-06-25,2023,6,25,262500.0,667500.0,55.88102684588964,-4.198328199669799,2919.1308638017586,6.867191402832806
2023-06-26,2023,6,26,257500.0,662500.0,55.83467987242347,-4.275570996161421,4290.841991963815,4.589990889796421
2023-06-26,2023,6,26,262500.0,662500.0,55.83613012441601,-4.195793465818992,2929.3898682148815,4.269723171753795
2023-06-26,2023,6,26,257500.0,667500.0,55.879574159628305,-4.278197631229293,4283.844651711825,5.451104596654486
2023-06-26,2023,6,26,262500.0,667500.0,55.88102684588964,-4.198328199669799,2919.1308638017586,4.363701426289728
2023-06-27,2023,6,27,257500.0,662500.0,55.83467987242347,-4.275570996161421,4290.841991963815,7.690264283994827
2023-06-27,2023,6,27,262500.0,662500.0,55.83613012441601,-4.195793465818992,2929.3898682148815,7.618740901585605
2023-06-27,2023,6,27,257500.0,667500.0,55.879574159628305,-4.278197631229293,4283.844651711825,9.279835227832145
2023-06-27,2023,6,27,262500.0,667500.0,55.88102684588964,-4.198328199669799,2919.1308638017586,8.700985156338353
2023-06-28,2023,6,28,257500.0,662500.0,55.83467987242347,-4.275570996161421,4290.841991963815,2.3943332295066724
2023-06-28,2023,6,28,262500.0,662500.0,55.83613012441601,-4.195793465818992,2929.3898682148815,2.304111433764937
2023-06-28,2023,6,28,257500.0,667500.0,55.879574159628305,-4.278197631229293,4283.844651711825,1.2823832445452923
2023-06-28,2023,6,28,262500.0,667500.0,55.88102684588964,-4.198328199669799,2919.1308638017586,1.8788610142702704
2023-06-29,2023,6,29,257500.0,662500.0,55.83467987242347,-4.275570996161421,4290.841991963815,0.1800133482954672
2023-06-29,2023,6,29,262500.0,662500.0,55.83613012441601,-4.195793465818992,2929.3898682148815,0.0246156471807982
2023-06-29,2023,6,29,257500.0,667500.0,55.879574159628305,-4.278197631229293,4283.844651711825,0.1324137300604988
2023-06-29,2023,6,29,262500.0,667500.0,55.88102684588964,-4.198328199669799,2919.1308638017586,0.1914446314016469
2023-06-30,2023,6,30,257500.0,662500.0,55.83467987242347,-4.275570996161421,4290.841991963815,9.080526841697528
2023-06-30,2023,6,30,262500.0,662500.0,55.83613012441601,-4.195793465818992,2929.3898682148815,8.69148885321484
2023-06-30,2023,6,30,257500.0,667500.0,55.879574159628305,-4.278197631229293,4283.844651711825,11.167581819364518
2023-06-30,2023,6,30,262500.0,667500.0,55.88102684588964,-4.198328199669799,2919.1308638017586,9.795487815502677
2023-07-01,2023,7,1,257500.0,662500.0,55.83467987242347,-4.275570996161421,4290.841991963815,2.065334711488885
2023-07-01,2023,7,1,262500.0,662500.0,55.83613012441601,-4.195793465818992,2929.3898682148815,1.9820751645751495
2023-07-01,2023,7,1,257500.0,667500.0,55.879574159628305,-4.278197631229293,4283.844651711825,1.9867282835043572
2023-07-01,2023,7,1,262500.0,667500.0,55.88102684588964,-4.198328199669799,2919.1308638017586,2.18627228093913
2023-07-02,2023,7,2,257500.0,662500.0,55.83467987242347,-4.275570996161421,4290.841991963815,6.477582294956678
2023-07-02,2023,7,2,262500.0,662500.0,55.83613012441601,-4.195793465818992,2929.3898682148815,7.165606078329617
2023-07-02,2023,7,2,257500.0,667500.0,55.879574159628305,-4.278197631229293,4283.844651711825,5.566834284462252
2023-07-02,2023,7,2,262500.0,667500.0,55.88102684588964,-4.198328199669799,2919.1308638017586,6.2547130878219654
2023-07-03,2023,7,3,257500.0,662500.0,55.83467987242347,-4.275570996161421,4290.841991963815,1.5731678579514667
2023-07-03,2023,7,3,262500.0,662500.0,55.83613012441601,-4.195793465818992,2929.3898682148815,1.6600437903815086
2023-07-03,2023,7,3,257500.0,667500.0,55.879574159628305,-4.278197631229293,4283.844651711825,2.411367779915064
2023-07-03,2023,7,3,262500.0,667500.0,55.88102684588964,-4.198328199669799,2919.1308638017586,1.8992104875985445
2023-07-04,2023,7,4,257500.0,662500.0,55.83467987242347,-4.275570996161421,4290.841991963815,1.809835114596257
2023-07-04,2023,7,4,262500.0,662500.0,55.83613012441601,-4.195793465818992,2929.3898682148815,2.167153620494392
2023-07-04,2023,7,4,257500.0,667500.0,55.879574159628305,-4.278197631229293,4283.844651711825,4.3699108748935505
2023-07-04,2023,7,4,262500.0,667500.0,55.88102684588964,-4.198328199669799,2919.1308638017586,3.1044489759249325
2023-07-05,2023,7,5,257500.0,662500.0,55.83467987242347,-4.275570996161421,4290.841991963815,0.7347895387724066
2023-07-05,2023,7,5,262500.0,662500.0,55.83613012441601,-4.195793465818992,2929.3898682148815,0.5079003997683905
2023-07-05,2023,7,5,257500.0,667500.0,55.879574159628305,-4.278197631229293,4283.844651711825,0.5262376260344374
2023-07-05,2023,7,5,262500.0,667500.0,55.88102684588964,-4.198328199669799,2919.1308638017586,0.7496488138844184
2023-07-06,2023,7,6,257500.0,662500.0,55.83467987242347,-4.275570996161421,4290.841991963815,17.233997000594886
2023-07-06,2023,7,6,262500.0,662500.0,55.83613012441601,-4.195793465818992,2929.3898682148815,14.594879954023185
2023-07-06,2023,7,6,257500.0,667500.0,55.879574159628305,-4.278197631229293,4283.844651711825,16.867374855576106
2023-07-06,2023,7,6,262500.0,667500.0,55.88102684588964,-4.198328199669799,2919.1308638017586,17.635875396096488
2023-07-07,2023,7,7,257500.0,662500.0,55.83467987242347,-4.275570996161421,4290.841991963815,0.0306477239131841
2023-07-07,2023,7,7,262500.0,662500.0,55.83613012441601,-4.195793465818992,2929.3898682148815,0.0424664380415049
2023-07-07,2023,7,7,257500.0,667500.0,55.879574159628305,-4.278197631229293,4283.844651711825,0.034554634122165
2023-07-07,2023,7,7,262500.0,667500.0,55.88102684588964,-4.198328199669799,2919.1308638017586,0.1052042614904077
2023-07-08,2023,7,8,257500.0,662500.0,55.83467987242347,-4.275570996161421,4290.841991963815,8.327936444463647
2023-07-08,2023,7,8,262500.0,662500.0,55.83613012441601,-4.195793465818992,2929.3898682148815,6.838434795404047
2023-07-08,2023,7,8,257500.0,667500.0,55.879574159628305,-4.278197631229293,4283.844651711825,14.623125891036477
2023-07-08,2023,7,8,262500.0,667500.0,55.88102684588964,-4.198328199669799,2919.1308638017586,11.750703183811154
2023-07-09,2023,7,9,257500.0,662500.0,55.83467987242347,-4.275570996161421,4290.841991963815,0.0505473626868522
2023-07-09,2023,7,9,262500.0,662500.0,55.83613012441601,-4.195793465818992,2929.3898682148815,0.0157599904728622
2023-07-09,2023,7,9,257500.0,667500.0,55.879574159628305,-4.278197631229293,4283.844651711825,0.1025300439530912
2023-07-09,2023,7,9,262500.0,667500.0,55.88102684588964,-4.198328199669799,2919.1308638017586,0.187753369511731
2023-07-10,2023,7,10,257500.0,662500.0,55.83467987242347,-4.275570996161421,4290.841991963815,29.13919897174677
2023-07-10,2023,7,10,262500.0,662500.0,55.83613012441601,-4.195793465818992,2929.3898682148815,28.44882474553904
2023-07-10,2023,7,10,257500.0,667500.0,55.879574159628305,-4.278197631229293,4283.844651711825,27.07453915066186
2023-07-10,2023,7,10,262500.0,667500.0,55.88102684588964,-4.198328199669799,2919.1308638017586,28.59947943013976
2023-07-11,2023,7,11,257500.0,662500.0,55.83467987242347,-4.275570996161421,4290.841991963815,1.8345423422448608
2023-07-11,2023,7,11,262500.0,662500.0,55.83613012441601,-4.195793465818992,2929.3898682148815,1.1295774588913867
2023-07-11,2023,7,11,257500.0,667500.0,55.879574159628305,-4.278197631229293,4283.844651711825,1.0402069842894657
2023-07-11,2023,7,11,262500.0,667500.0,55.88102684588964,-4.198328199669799,2919.1308638017586,1.4877523201775036
2023-07-12,2023,7,12,257500.0,662500.0,55.83467987242347,-4.275570996161421,4290.841991963815,0.5370049001848564
2023-07-12,2023,7,12,262500.0,662500.0,55.83613012441601,-4.195793465818992,2929.3898682148815,0.5454858478936826
2023-07-12,2023,7,12,257500.0,667500.0,55.879574159628305,-4.278197631229293,4283.844651711825,0.3589550515721454
2023-07-12,2023,7,12,262500.0,667500.0,55.88102684588964,-4.198328199669799,2919.1308638017586,0.7948655752027144
2023-07-13,2023,7,13,257500.0,662500.0,55.83467987242347,-4.275570996161421,4290.841991963815,1.9585045931048088
2023-07-13,2023,7,13,262500.0,662500.0,55.83613012441601,-4.195793465818992,2929.3898682148815,1.8236760613596
2023-07-13,2023,7,13,257500.0,667500.0,55.879574159628305,-4.278197631229293,4283.844651711825,2.4630346142692923
2023-07-13,2023,7,13,262500.0,667500.0,55.88102684588964,-4.198328199669799,2919.1308638017586,2.811376783147869
2023-07-14,2023,7,14,257500.0,662500.0,55.83467987242347,-4.275570996161421,4290.841991963815,9.111443532054125
2023-07-14,2023,7,14,262500.0,662500.0,55.83613012441601,-4.195793465818992,2929.3898682148815,8.923645469204839
2023-07-14,2023,7,14,257500.0,667500.0,55.879574159628305,-4.278197631229293,4283.844651711825,11.022596780436904
2023-07-14,2023,7,14,262500.0,667500.0,55.88102684588964,-4.198328199669799,2919.1308638017586,9.848710554400354
2023-07-15,2023,7,15,257500.0,662500.0,55.83467987242347,-4.275570996161421,4290.841991963815,1.4039093637402733
2023-07-15,2023,7,15,262500.0,662500.0,55.83613012441601,-4.195793465818992,2929.3898682148815,1.1288121021379365
2023-07-15,2023,7,15,257500.0,667500.0,55.879574159628305,-4.278197631229293,4283.844651711825,2.0568877755842405
2023-07-15,2023,7,15,262500.0,667500.0,55.88102684588964,-4.198328199669799,2919.1308638017586,1.5108852907800188
2023-07-16,2023,7,16,257500.0,662500.0,55.83467987242347,-4.275570996161421,4290.841991963815,0.3851583547261484
2023-07-16,2023,7,16,262500.0,662500.0,55.83613012441601,-4.195793465818992,2929.3898682148815,0.2151885287769503
2023-07-16,2023,7,16,257500.0,667500.0,55.879574159628305,-4.278197631229293,4283.844651711825,0.5592625998476394
2023-07-16,2023,7,16,262500.0,667500.0,55.88102684588964,-4.198328199669799,2919.1308638017586,0.3549336381432504
2023-07-17,2023,7,17,257500.0,662500.0,55.83467987242347,-4.275570996161421,4290.841991963815,0.1990435980035626
2023-07-17,2023,7,17,262500.0,662500.0,55.83613012441601,-4.195793465818992,2929.3898682148815,0.2091892059396512
2023-07-17,2023,7,17,257500.0,667500.0,55.879574159628305,-4.278197631229293,4283.844651711825,0.1310811591926249
2023-07-17,2023,7,17,262500.0,667500.0,55.88102684588964,-4.198328199669799,2919.1308638017586,0.3845648881150503
2023-07-18,2023,7,18,257500.0,662500.0,55.83467987242347,-4.275570996161421,4290.841991963815,0.0489990109267959
2023-07-18,2023,7,18,262500.0,662500.0,55.83613012441601,-4.195793465818992,2929.3898682148815,0.0050418020161887
2023-07-18,2023,7,18,257500.0,667500.0,55.879574159628305,-4.278197631229293,4283.844651711825,0.016319533578323
2023-07-18,2023,7,18,262500.0,667500.0,55.88102684588964,-4.198328199669799,2919.1308638017586,0.0156995335604862
2023-07-19,2023,7,19,257500.0,662500.0,55.83467987242347,-4.275570996161421,4290.841991963815,0.0027279406702676
2023-07-19,2023,7,19,262500.0,662500.0,55.83613012441601,-4.195793465818992,2929.3898682148815,0.0012259109787912
2023-07-19,2023,7,19,257500.0,667500.0,55.879574159628305,-4.278197631229293,4283.844651711825,0.0032514706167899
2023-07-19,2023,7,19,262500.0,667500.0,55.88102684588964,-4.198328199669799,2919.1308638017586,0.0069110974257722
2023-07-20,2023,7,20,257500.0,662500.0,55.83467987242347,-4.275570996161421,4290.841991963815,3.4314431635402163
2023-07-20,2023,7,20,262500.0,662500.0,55.83613012441601,-4.195793465818992,2929.3898682148815,4.304221951782566
2023-07-20,2023,7,20,257500.0,667500.0,55.879574159628305,-4.278197631229293,4283.844651711825,1.6712466846819078
2023-07-20,2023,7,20,262500.0,667500.0,55.88102684588964,-4.198328199669799,2919.1308638017586,2.8516702769200593
2023-07-21,2023,7,21,257500.0,662500.0,55.83467987242347,-4.275570996161421,4290.841991963815,1.4312272230203258
2023-07-21,2023,7,21,262500.0,662500.0,55.83613012441601,-4.195793465818992,2929.3898682148815,1.0670624041126513
2023-07-21,2023,7,21,257500.0,667500.0,55.879574159628305,-4.278197631229293,4283.844651711825,1.0637708173576168
2023-07-21,2023,7,21,262500.0,667500.0,55.88102684588964,-4.198328199669799,2919.1308638017586,1.1202446631111582
2023-07-22,2023,7,22,257500.0,662500.0,55.83467987242347,-4.275570996161421,4290.841991963815,0.4990247072165156
2023-07-22,2023,7,22,262500.0,662500.0,55.83613012441601,-4.195793465818992,2929.3898682148815,0.3504759881786601
2023-07-22,2023,7,22,257500.0,667500.0,55.879574159628305,-4.278197631229293,4283.844651711825,0.2205389164521428
2023-07-22,2023,7,22,262500.0,667500.0,55.88102684588964,-4.198328199669799,2919.1308638017586,0.400610133717604
2023-07-23,2023,7,23,257500.0,662500.0,55.83467987242347,-4.275570996161421,4290.841991963815,0.5260906807888392
2023-07-23,2023,7,23,262500.0,662500.0,55.83613012441601,-4.195793465818992,2929.3898682148815,0.2264527744053669
2023-07-23,2023,7,23,257500.0,667500.0,55.879574159628305,-4.278197631229293,4283.844651711825,0.9527735292299262
2023-07-23,2023,7,23,262500.0,667500.0,55.88102684588964,-4.198328199669799,2919.1308638017586,0.6966654162059037
2023-07-24,2023,7,24,257500.0,662500.0,55.83467987242347,-4.275570996161421,4290.841991963815,0.0013089945083906
2023-07-24,2023,7,24,262500.0,662500.0,55.83613012441601,-4.195793465818992,2929.3898682148815,0.0004816166015648
2023-07-24,2023,7,24,257500.0,667500.0,55.879574159628305,-4.278197631229293,4283.844651711825,0.0018101701459365
2023-07-24,2023,7,24,262500.0,667500.0,55.88102684588964,-4.198328199669799,2919.1308638017586,0.0038825942015623
2023-07-25,2023,7,25,257500.0,662500.0,55.83467987242347,-4.275570996161421,4290.841991963815,6.079402441708888
2023-07-25,2023,7,25,262500.0,662500.0,55.83613012441601,-4.195793465818992,2929.3898682148815,5.264773095407865
2023-07-25,2023,7,25,257500.0,667500.0,55.879574159628305,-4.278197631229293,4283.844651711825,5.796518715772364
2023-07-25,2023,7,25,262500.0,667500.0,55.88102684588964,-4.198328199669799,2919.1308638017586,5.824036076710156
2023-07-26,2023,7,26,257500.0,662500.0,55.83467987242347,-4.275570996161421,4290.841991963815,10.885504993562812
2023-07-26,2023,7,26,262500.0,662500.0,55.83613012441601,-4.195793465818992,2929.3898682148815,10.456734517634594
2023-07-26,2023,7,26,257500.0,667500.0,55.879574159628305,-4.278197631229293,4283.844651711825,10.846474077753232
2023-07-26,2023,7,26,262500.0,667500.0,55.88102684588964,-4.198328199669799,2919.1308638017586,11.344608486941333
2023-07-27,2023,7,27,257500.0,662500.0,55.83467987242347,-4.275570996161421,4290.841991963815,0.5652356007583758
2023-07-27,2023,7,27,262500.0,662500.0,55.83613012441601,-4.195793465818992,2929.3898682148815,0.1950423916731036
2023-07-27,2023,7,27,257500.0,667500.0,55.879574159628305,-4.278197631229293,4283.844651711825,0.3951799870334141
2023-07-27,2023,7,27,262500.0,667500.0,55.88102684588964,-4.198328199669799,2919.1308638017586,0.3426583848408692
2023-07-28,2023,7,28,257500.0,662500.0,55.83467987242347,-4.275570996161421,4290.841991963815,0.5182745091834613
2023-07-28,2023,7,28,262500.0,662500.0,55.83613012441601,-4.195793465818992,2929.3898682148815,0.644146944125278
2023-07-28,2023,7,28,257500.0,667500.0,55.879574159628305,-4.278197631229293,4283.844651711825,0.5067375448698477
2023-07-28,2023,7,28,262500.0,667500.0,55.88102684588964,-4.198328199669799,2919.1308638017586,0.8069614125415012
2023-07-29,2023,7,29,257500.0,662500.0,55.83467987242347,-4.275570996161421,4290.841991963815,11.053954645774636
2023-07-29,2023,7,29,262500.0,662500.0,55.83613012441601,-4.195793465818992,2929.3898682148815,9.921961236049317
2023-07-29,2023,7,29,257500.0,667500.0,55.879574159628305,-4.278197631229293,4283.844651711825,16.91547341243297
2023-07-29,2023,7,29,262500.0,667500.0,55.88102684588964,-4.198328199669799,2919.1308638017586,14.252924457134789
2023-07-30,2023,7,30,257500.0,662500.0,55.83467987242347,-4.275570996161421,4290.841991963815,8.290656931024893
2023-07-30,2023,7,30,262500.0,662500.0,55.83613012441601,-4.195793465818992,2929.3898682148815,8.470694953746225
2023-07-30,2023,7,30,257500.0,667500.0,55.879574159628305,-4.278197631229293,4283.844651711825,7.447113844980717
2023-07-30,2023,7,30,262500.0,667500.0,55.88102684588964,-4.198328199669799,2919.1308638017586,8.468129797382023
2023-07-31,2023,7,31,257500.0,662500.0,55.83467987242347,-4.275570996161421,4290.841991963815,2.248344258244286
2023-07-31,2023,7,31,262500.0,662500.0,55.83613012441601,-4.195793465818992,2929.3898682148815,1.7879423616468748
2023-07-31,2023,7,31,257500.0,667500.0,55.879574159628305,-4.278197631229293,4283.844651711825,2.3177442906906616
2023-07-31,2023,7,31,262500.0,667500.0,55.88102684588964,-4.198328199669799,2919.1308638017586,2.4187105477291557
2023-08-01,2023,8,1,257500.0,662500.0,55.83467987242347,-4.275570996161421,4290.841991963815,6.638163922711185
2023-08-01,2023,8,1,262500.0,662500.0,55.83613012441601,-4.195793465818992,2929.3898682148815,6.516826514352532
2023-08-01,2023,8,1,257500.0,667500.0,55.879574159628305,-4.278197631229293,4283.844651711825,6.5461177459459075
2023-08-01,2023,8,1,262500.0,667500.0,55.88102684588964,-4.198328199669799,2919.1308638017586,7.070687740084596
2023-08-02,2023,8,2,257500.0,662500.0,55.83467987242347,-4.275570996161421,4290.841991963815,0.0988573883890861
2023-08-02,2023,8,2,262500.0,662500.0,55.83613012441601,-4.195793465818992,2929.3898682148815,0.0527350052857003
2023-08-02,2023,8,2,257500.0,667500.0,55.879574159628305,-4.278197631229293,4283.844651711825,0.0512065104380877
2023-08-02,2023,8,2,262500.0,667500.0,55.88102684588964,-4.198328199669799,2919.1308638017586,0.1054841651043081
2023-08-03,2023,8,3,257500.0,662500.0,55.83467987242347,-4.275570996161421,4290.841991963815,0.0020158588058238
2023-08-03,2023,8,3,262500.0,662500.0,55.83613012441601,-4.195793465818992,2929.3898682148815,0.0015354179395894
2023-08-03,2023,8,3,257500.0,667500.0,55.879574159628305,-4.278197631229293,4283.844651711825,0.0017664476472252
2023-08-03,2023,8,3,262500.0,667500.0,55.88102684588964,-4.198328199669799,2919.1308638017586,0.0056534250457942
2023-08-04,2023,8,4,257500.0,662500.0,55.83467987242347,-4.275570996161421,4290.841991963815,0.01086610473675
2023-08-04,2023,8,4,262500.0,662500.0,55.83613012441601,-4.195793465818992,2929.3898682148815,0.002721079108322
2023-08-04,2023,8,4,257500.0,667500.0,55.879574159628305,-4.278197631229293,4283.844651711825,0.0144637522471621
2023-08-04,2023,8,4,262500.0,667500.0,55.88102684588964,-4.198328199669799,2919.1308638017586,0.0385642302255347
2023-08-05,2023,8,5,257500.0,662500.0,55.83467987242347,-4.275570996161421,4290.841991963815,4.882304250286321
2023-08-05,2023,8,5,262500.0,662500.0,55.83613012441601,-4.195793465818992,2929.3898682148815,3.017678639841707
2023-08-05,2023,8,5,257500.0,667500.0,55.879574159628305,-4.278197631229293,4283.844651711825,3.940497148027643
2023-08-05,2023,8,5,262500.0,667500.0,55.88102684588964,-4.198328199669799,2919.1308638017586,3.687002798413082
2023-08-06,2023,8,6,257500.0,662500.0,55.83467987242347,-4.275570996161421,4290.841991963815,3.248314085378427
2023-08-06,2023,8,6,262500.0,662500.0,55.83613012441601,-4.195793465818992,2929.3898682148815,3.562553809447927
2023-08-06,2023,8,6,257500.0,667500.0,55.879574159628305,-4.278197631229293,4283.844651711825,3.0590300100531183
2023-08-06,2023,8,6,262500.0,667500.0,55.88102684588964,-4.198328199669799,2919.1308638017586,5.251606312536816
2023-08-07,2023,8,7,257500.0,662500.0,55.83467987242347,-4.275570996161421,4290.841991963815,0.0420479044120571
2023-08-07,2023,8,7,262500.0,662500.0,55.83613012441601,-4.195793465818992,2929.3898682148815,0.0108076125367595
2023-08-07,2023,8,7,257500.0,667500.0,55.879574159628305,-4.278197631229293,4283.844651711825,0.0592620336966011
2023-08-07,2023,8,7,262500.0,667500.0,55.88102684588964,-4.198328199669799,2919.1308638017586,0.0973717690500706
2023-08-08,2023,8,8,257500.0,662500.0,55.83467987242347,-4.275570996161421,4290.841991963815,0.100532237366317
2023-08-08,2023,8,8,262500.0,662500.0,55.83613012441601,-4.195793465818992,2929.3898682148815,0.0154006397539577
2023-08-08,2023,8,8,257500.0,667500.0,55.879574159628305,-4.278197631229293,4283.844651711825,0.0257712507069643
2023-08-08,2023,8,8,262500.0,667500.0,55.88102684588964,-4.198328199669799,2919.1308638017586,0.0244915777912195
2023-08-09,2023,8,9,257500.0,662500.0,55.83467987242347,-4.275570996161421,4290.841991963815,0.0653579561357827
2023-08-09,2023,8,9,262500.0,662500.0,55.83613012441601,-4.195793465818992,2929.3898682148815,0.0424641457090192
2023-08-09,2023,8,9,257500.0,667500.0,55.879574159628305,-4.278197631229293,4283.844651711825,0.0520928027632142
2023-08-09,2023,8,9,262500.0,667500.0,55.88102684588964,-4.198328199669799,2919.1308638017586,0.1308450403907345
2023-08-10,2023,8,10,257500.0,662500.0,55.83467987242347,-4.275570996161421,4290.841991963815,1.7247834559326751
2023-08-10,2023,8,10,262500.0,662500.0,55.83613012441601,-4.195793465818992,2929.3898682148815,1.1358382088351284
2023-08-10,2023,8,10,257500.0,667500.0,55.879574159628305,-4.278197631229293,4283.844651711825,2.2947773363321327
2023-08-10,2023,8,10,262500.0,667500.0,55.88102684588964,-4.198328199669799,2919.1308638017586,1.5136977802072535
2023-08-11,2023,8,11,257500.0,662500.0,55.83467987242347,-4.275570996161421,4290.841991963815,3.052021901320317
2023-08-11,2023,8,11,262500.0,662500.0,55.83613012441601,-4.195793465818992,2929.3898682148815,1.5044669721265846
2023-08-11,2023,8,11,257500.0,667500.0,55.879574159628305,-4.278197631229293,4283.844651711825,2.639024567891614
2023-08-11,2023,8,11,262500.0,667500.0,55.88102684588964,-4.198328199669799,2919.1308638017586,2.292951581992359
2023-08-12,2023,8,12,257500.0,662500.0,55.83467987242347,-4.275570996161421,4290.841991963815,13.59521013615585
2023-08-12,2023,8,12,262500.0,662500.0,55.83613012441601,-4.195793465818992,2929.3898682148815,14.761803497151943
2023-08-12,2023,8,12,257500.0,667500.0,55.879574159628305,-4.278197631229293,4283.844651711825,10.725078127440598
2023-08-12,2023,8,12,262500.0,667500.0,55.88102684588964,-4.198328199669799,2919.1308638017586,13.593851194409051
2023-08-13,2023,8,13,257500.0,662500.0,55.83467987242347,-4.275570996161421,4290.841991963815,0.8378538451771562
2023-08-13,2023,8,13,262500.0,662500.0,55.83613012441601,-4.195793465818992,2929.3898682148815,0.6791181125722908
2023-08-13,2023,8,13,257500.0,667500.0,55.879574159628305,-4.278197631229293,4283.844651711825,0.6754492307800605
2023-08-13,2023,8,13,262500.0,667500.0,55.88102684588964,-4.198328199669799,2919.1308638017586,1.0400038760664525
2023-08-14,2023,8,14,257500.0,662500.0,55.83467987242347,-4.275570996161421,4290.841991963815,0.0211660221906308
2023-08-14,2023,8,14,262500.0,662500.0,55.83613012441601,-4.195793465818992,2929.3898682148815,0.0375966807104356
2023-08-14,2023,8,14,257500.0,667500.0,55.879574159628305,-4.278197631229293,4283.844651711825,0.0193612328130625
2023-08-14,2023,8,14,262500.0,667500.0,55.88102684588964,-4.198328199669799,2919.1308638017586,0.0525923493959561
2023-08-15,2023,8,15,257500.0,662500.0,55.83467987242347,-4.275570996161421,4290.841991963815,2.784066968484738
2023-08-15,2023,8,15,262500.0,662500.0,55.83613012441601,-4.195793465818992,2929.3898682148815,4.057896695399079
2023-08-15,2023,8,15,257500.0,667500.0,55.879574159628305,-4.278197631229293,4283.844651711825,1.1973992507672893
2023-08-15,2023,8,15,262500.0,667500.0,55.88102684588964,-4.198328199669799,2919.1308638017586,2.733869248901702
2023-08-16,2023,8,16,257500.0,662500.0,55.83467987242347,-4.275570996161421,4290.841991963815,0.0054946744783413
2023-08-16,2023,8,16,262500.0,662500.0,55.83613012441601,-4.195793465818992,2929.3898682148815,0.0034889471424625
2023-08-16,2023,8,16,257500.0,667500.0,55.879574159628305,-4.278197631229293,4283.844651711825,0.0037810206656007
2023-08-16,2023,8,16,262500.0,667500.0,55.88102684588964,-4.198328199669799,2919.1308638017586,0.0095824713947894
2023-08-17,2023,8,17,257500.0,662500.0,55.83467987242347,-4.275570996161421,4290.841991963815,3.502913962659393e-05
2023-08-17,2023,8,17,262500.0,662500.0,55.83613012441601,-4.195793465818992,2929.3898682148815,4.910185738627188e-05
2023-08-17,2023,8,17,257500.0,667500.0,55.879574159628305,-4.278197631229293,4283.844651711825,0.0
2023-08-17,2023,8,17,262500.0,667500.0,55.88102684588964,-4.198328199669799,2919.1308638017586,0.0001751845420402
2023-08-18,2023,8,18,257500.0,662500.0,55.83467987242347,-4.275570996161421,4290.841991963815,6.065424318782842
2023-08-18,2023,8,18,262500.0,662500.0,55.83613012441601,-4.195793465818992,2929.3898682148815,6.191434314735692
2023-08-18,2023,8,18,257500.0,667500.0,55.879574159628305,-4.278197631229293,4283.844651711825,6.870276126645337
2023-08-18,2023,8,18,262500.0,667500.0,55.88102684588964,-4.198328199669799,2919.1308638017586,7.193873165140893
2023-08-19,2023,8,19,257500.0,662500.0,55.83467987242347,-4.275570996161421,4290.841991963815,1.0343815878205311
2023-08-19,2023,8,19,262500.0,662500.0,55.83613012441601,-4.195793465818992,2929.3898682148815,0.60942248029036
2023-08-19,2023,8,19,257500.0,667500.0,55.879574159628305,-4.278197631229293,4283.844651711825,1.4490400355615431
2023-08-19,2023,8,19,262500.0,667500.0,55.88102684588964,-4.198328199669799,2919.1308638017586,1.2068839118117158
2023-08-20,2023,8,20,257500.0,662500.0,55.83467987242347,-4.275570996161421,4290.841991963815,1.0100228762089822
2023-08-20,2023,8,20,262500.0,662500.0,55.83613012441601,-4.195793465818992,2929.3898682148815,1.0883150941473292
2023-08-20,2023,8,20,257500.0,667500.0,55.879574159628305,-4.278197631229293,4283.844651711825,1.0365305075308897
2023-08-20,2023,8,20,262500.0,667500.0,55.88102684588964,-4.198328199669799,2919.1308638017586,1.3707367320621338
2023-08-21,2023,8,21,257500.0,662500.0,55.83467987242347,-4.275570996161421,4290.841991963815,4.625338355362954
2023-08-21,2023,8,21,262500.0,662500.0,55.83613012441601,-4.195793465818992,2929.3898682148815,4.524339564760961
2023-08-21,2023,8,21,257500.0,667500.0,55.879574159628305,-4.278197631229293,4283.844651711825,4.608276468308666
2023-08-21,2023,8,21,262500.0,667500.0,55.88102684588964,-4.198328199669799,2919.1308638017586,4.974137633859033
2023-08-22,2023,8,22,257500.0,662500.0,55.83467987242347,-4.275570996161421,4290.841991963815,3.231790833478839
2023-08-22,2023,8,22,262500.0,662500.0,55.83613012441601,-4.195793465818992,2929.3898682148815,3.5455128895885744
2023-08-22,2023,8,22,257500.0,667500.0,55.879574159628305,-4.278197631229293,4283.844651711825,2.695024952968237
2023-08-22,2023,8,22,262500.0,667500.0,55.88102684588964,-4.198328199669799,2919.1308638017586,3.1089908780511295
2023-08-23,2023,8,23,257500.0,662500.0,55.83467987242347,-4.275570996161421,4290.841991963815,2.1546685507952335
2023-08-23,2023,8,23,262500.0,662500.0,55.83613012441601,-4.195793465818992,2929.3898682148815,2.458584312677504
2023-08-23,2023,8,23,257500.0,667500.0,55.879574159628305,-4.278197631229293,4283.844651711825,2.2167132598189307
2023-08-23,2023,8,23,262500.0,667500.0,55.88102684588964,-4.198328199669799,2919.1308638017586,2.2709718515258337
2023-08-24,2023,8,24,257500.0,662500.0,55.83467987242347,-4.275570996161421,4290.841991963815,2.078152366376916
2023-08-24,2023,8,24,262500.0,662500.0,55.83613012441601,-4.195793465818992,2929.3898682148815,1.5864247756682617
2023-08-24,2023,8,24,257500.0,667500.0,55.879574159628305,-4.278197631229293,4283.844651711825,1.5757763913937382
2023-08-24,2023,8,24,262500.0,667500.0,55.88102684588964,-4.198328199669799,2919.1308638017586,1.6972315980055683
2023-08-25,2023,8,25,257500.0,662500.0,55.83467987242347,-4.275570996161421,4290.841991963815,3.7025294892217504
2023-08-25,2023,8,25,262500.0,662500.0,55.83613012441601,-4.195793465818992,2929.3898682148815,0.8416835371839234
2023-08-25,2023,8,25,257500.0,667500.0,55.879574159628305,-4.278197631229293,4283.844651711825,1.9839877081492736
2023-08-25,2023,8,25,262500.0,667500.0,55.88102684588964,-4.198328199669799,2919.1308638017586,2.484705416988911
2023-08-26,2023,8,26,257500.0,662500.0,55.83467987242347,-4.275570996161421,4290.841991963815,4.287995550637224
2023-08-26,2023,8,26,262500.0,662500.0,55.83613012441601,-4.195793465818992,2929.3898682148815,2.703882536048845
2023-08-26,2023,8,26,257500.0,667500.0,55.879574159628305,-4.278197631229293,4283.844651711825,2.175766785822023
2023-08-26,2023,8,26,262500.0,667500.0,55.88102684588964,-4.198328199669799,2919.1308638017586,3.4467930209592708
2023-08-27,2023,8,27,257500.0,662500.0,55.83467987242347,-4.275570996161421,4290.841991963815,0.0045394969761492
2023-08-27,2023,8,27,262500.0,662500.0,55.83613012441601,-4.195793465818992,2929.3898682148815,0.0014641104917607
2023-08-27,2023,8,27,257500.0,667500.0,55.879574159628305,-4.278197631229293,4283.844651711825,0.0097182791198425
2023-08-27,2023,8,27,262500.0,667500.0,55.88102684588964,-4.198328199669799,2919.1308638017586,0.0330048294364093
2023-08-28,2023,8,28,257500.0,662500.0,55.83467987242347,-4.275570996161421,4290.841991963815,1.663238606803698
2023-08-28,2023,8,28,262500.0,662500.0,55.83613012441601,-4.195793465818992,2929.3898682148815,1.8254388460222517
2023-08-28,2023,8,28,257500.0,667500.0,55.879574159628305,-4.278197631229293,4283.844651711825,1.0969211882048464
2023-08-28,2023,8,28,262500.0,667500.0,55.88102684588964,-4.198328199669799,2919.1308638017586,1.4975468726808592
2023-08-29,2023,8,29,257500.0,662500.0,55.83467987242347,-4.275570996161421,4290.841991963815,0.6597231517350975
2023-08-29,2023,8,29,262500.0,662500.0,55.83613012441601,-4.195793465818992,2929.3898682148815,0.42959321390511
2023-08-29,2023,8,29,257500.0,667500.0,55.879574159628305,-4.278197631229293,4283.844651711825,0.2634603703429273
2023-08-29,2023,8,29,262500.0,667500.0,55.88102684588964,-4.198328199669799,2919.1308638017586,0.4216410016751037
2023-08-30,2023,8,30,257500.0,662500.0,55.83467987242347,-4.275570996161421,4290.841991963815,0.0073256690705582
2023-08-30,2023,8,30,262500.0,662500.0,55.83613012441601,-4.195793465818992,2929.3898682148815,0.0048212494735311
2023-08-30,2023,8,30,257500.0,667500.0,55.879574159628305,-4.278197631229293,4283.844651711825,0.0101638802662885
2023-08-30,2023,8,30,262500.0,667500.0,55.88102684588964,-4.198328199669799,2919.1308638017586,0.0336615350618855
2023-08-31,2023,8,31,257500.0,662500.0,55.83467987242347,-4.275570996161421,4290.841991963815,0.0006668294334388
2023-08-31,2023,8,31,262500.0,662500.0,55.83613012441601,-4.195793465818992,2929.3898682148815,6.089970646852144e-05
2023-08-31,2023,8,31,257500.0,667500.0,55.879574159628305,-4.278197631229293,4283.844651711825,0.0003048387339416
2023-08-31,2023,8,31,262500.0,667500.0,55.88102684588964,-4.198328199669799,2919.1308638017586,0.0002584359243466
2023-09-01,2023,9,1,257500.0,662500.0,55.83467987242347,-4.275570996161421,4290.841991963815,0.0025870048513162
2023-09-01,2023,9,1,262500.0,662500.0,55.83613012441601,-4.195793465818992,2929.3898682148815,0.0003061483942129
2023-09-01,2023,9,1,257500.0,667500.0,55.879574159628305,-4.278197631229293,4283.844651711825,0.001019352171809
2023-09-01,2023,9,1,262500.0,667500.0,55.88102684588964,-4.198328199669799,2919.1308638017586,0.0008097665545835
2023-09-02,2023,9,2,257500.0,662500.0,55.83467987242347,-4.275570996161421,4290.841991963815,0.0021496668997025
2023-09-02,2023,9,2,262500.0,662500.0,55.83613012441601,-4.195793465818992,2929.3898682148815,0.000881838534493
2023-09-02,2023,9,2,257500.0,667500.0,55.879574159628305,-4.278197631229293,4283.844651711825,0.006690000710566
2023-09-02,2023,9,2,262500.0,667500.0,55.88102684588964,-4.198328199669799,2919.1308638017586,0.0287479693341846
2023-09-03,2023,9,3,257500.0,662500.0,55.83467987242347,-4.275570996161421,4290.841991963815,0.000286683639887
2023-09-03,2023,9,3,262500.0,662500.0,55.83613012441601,-4.195793465818992,2929.3898682148815,7.090330707010437e-05
2023-09-03,2023,9,3,257500.0,667500.0,55.879574159628305,-4.278197631229293,4283.844651711825,0.0003513383083639
2023-09-03,2023,9,3,262500.0,667500.0,55.88102684588964,-4.198328199669799,2919.1308638017586,0.000431636432563
2023-09-04,2023,9,4,257500.0,662500.0,55.83467987242347,-4.275570996161421,4290.841991963815,0.002766119816161
2023-09-04,2023,9,4,262500.0,662500.0,55.83613012441601,-4.195793465818992,2929.3898682148815,0.0003501322403011
2023-09-04,2023,9,4,257500.0,667500.0,55.879574159628305,-4.278197631229293,4283.844651711825,0.0011498196539415
2023-09-04,2023,9,4,262500.0,667500.0,55.88102684588964,-4.198328199669799,2919.1308638017586,0.0009259971832262
2023-09-05,2023,9,5,257500.0,662500.0,55.83467987242347,-4.275570996161421,4290.841991963815,0.0005393205965654
2023-09-05,2023,9,5,262500.0,662500.0,55.83613012441601,-4.195793465818992,2929.3898682148815,0.000212842072585
2023-09-05,2023,9,5,257500.0,667500.0,55.879574159628305,-4.278197631229293,4283.844651711825,0.0003736196457575
2023-09-05,2023,9,5,262500.0,667500.0,55.88102684588964,-4.198328199669799,2919.1308638017586,0.0005831400569144
2023-09-06,2023,9,6,257500.0,662500.0,55.83467987242347,-4.275570996161421,4290.841991963815,0.0025324882869758
2023-09-06,2023,9,6,262500.0,662500.0,55.83613012441601,-4.195793465818992,2929.3898682148815,0.0010047836803381
2023-09-06,2023,9,6,257500.0,667500.0,55.879574159628305,-4.278197631229293,4283.844651711825,0.0071917180183151
2023-09-06,2023,9,6,262500.0,667500.0,55.88102684588964,-4.198328199669799,2919.1308638017586,0.0296013555303188
2023-09-07,2023,9,7,257500.0,662500.0,55.83467987242347,-4.275570996161421,4290.841991963815,0.0102858843986507
2023-09-07,2023,9,7,262500.0,662500.0,55.83613012441601,-4.195793465818992,2929.3898682148815,0.0031629319280962
2023-09-07,2023,9,7,257500.0,667500.0,55.879574159628305,-4.278197631229293,4283.844651711825,0.011006306366619
2023-09-07,2023,9,7,262500.0,667500.0,55.88102684588964,-4.198328199669799,2919.1308638017586,0.0108852329864083
2023-09-08,2023,9,8,257500.0,662500.0,55.83467987242347,-4.275570996161421,4290.841991963815,0.0001281940015155
2023-09-08,2023,9,8,262500.0,662500.0,55.83613012441601,-4.195793465818992,2929.3898682148815,4.301532345267621e-05
2023-09-08,2023,9,8,257500.0,667500.0,55.879574159628305,-4.278197631229293,4283.844651711825,0.0001188810216044
2023-09-08,2023,9,8,262500.0,667500.0,55.88102684588964,-4.198328199669799,2919.1308638017586,0.0001708493534951
2023-09-09,2023,9,9,257500.0,662500.0,55.83467987242347,-4.275570996161421,4290.841991963815,2.239812598219717
2023-09-09,2023,9,9,262500.0,662500.0,55.83613012441601,-4.195793465818992,2929.3898682148815,2.500284027336518
2023-09-09,2023,9,9,257500.0,667500.0,55.879574159628305,-4.278197631229293,4283.844651711825,2.006371240217899
2023-09-09,2023,9,9,262500.0,667500.0,55.88102684588964,-4.198328199669799,2919.1308638017586,2.3735229769342268
2023-09-10,2023,9,10,257500.0,662500.0,55.83467987242347,-4.275570996161421,4290.841991963815,13.525103717305692
2023-09-10,2023,9,10,262500.0,662500.0,55.83613012441601,-4.195793465818992,2929.3898682148815,14.940811029319336
2023-09-10,2023,9,10,257500.0,667500.0,55.879574159628305,-4.278197631229293,4283.844651711825,14.527034835183718
2023-09-10,2023,9,10,262500.0,667500.0,55.88102684588964,-4.198328199669799,2919.1308638017586,15.582593889532536
2023-09-11,2023,9,11,257500.0,662500.0,55.83467987242347,-4.275570996161421,4290.841991963815,0.0252615180495688
2023-09-11,2023,9,11,262500.0,662500.0,55.83613012441601,-4.195793465818992,2929.3898682148815,0.0048823120831831
2023-09-11,2023,9,11,257500.0,667500.0,55.879574159628305,-4.278197631229293,4283.844651711825,0.1232793524095188
2023-09-11,2023,9,11,262500.0,667500.0,55.88102684588964,-4.198328199669799,2919.1308638017586,0.0503543657116706
2023-09-12,2023,9,12,257500.0,662500.0,55.83467987242347,-4.275570996161421,4290.841991963815,9.678637614508758e-05
2023-09-12,2023,9,12,262500.0,662500.0,55.83613012441601,-4.195793465818992,2929.3898682148815,1.4576811822561058e-05
2023-09-12,2023,9,12,257500.0,667500.0,55.879574159628305,-4.278197631229293,4283.844651711825,0.0001336517470645
2023-09-12,2023,9,12,262500.0,667500.0,55.88102684588964,-4.198328199669799,2919.1308638017586,0.0001217775346217
2023-09-13,2023,9,13,257500.0,662500.0,55.83467987242347,-4.275570996161421,4290.841991963815,5.586689399568202
2023-09-13,2023,9,13,262500.0,662500.0,55.83613012441601,-4.195793465818992,2929.3898682148815,5.015269263796397
2023-09-13,2023,9,13,257500.0,667500.0,55.879574159628305,-4.278197631229293,4283.844651711825,6.223703876826594
2023-09-13,2023,9,13,262500.0,667500.0,55.88102684588964,-4.198328199669799,2919.1308638017586,6.497492044188614
2023-09-14,2023,9,14,257500.0,662500.0,55.83467987242347,-4.275570996161421,4290.841991963815,0.9739729651539109
2023-09-14,2023,9,14,262500.0,662500.0,55.83613012441601,-4.195793465818992,2929.3898682148815,0.9104743869993046
2023-09-14,2023,9,14,257500.0,667500.0,55.879574159628305,-4.278197631229293,4283.844651711825,0.6734986104440532
2023-09-14,2023,9,14,262500.0,667500.0,55.88102684588964,-4.198328199669799,2919.1308638017586,1.192396470714084
2023-09-15,2023,9,15,257500.0,662500.0,55.83467987242347,-4.275570996161421,4290.841991963815,17.767627041566833
2023-09-15,2023,9,15,262500.0,662500.0,55.83613012441601,-4.195793465818992,2929.3898682148815,18.036031108819778
2023-09-15,2023,9,15,257500.0,667500.0,55.879574159628305,-4.278197631229293,4283.844651711825,17.150235941317547
2023-09-15,2023,9,15,262500.0,667500.0,55.88102684588964,-4.198328199669799,2919.1308638017586,18.593529776536535
2023-09-16,2023,9,16,257500.0,662500.0,55.83467987242347,-4.275570996161421,4290.841991963815,0.0080164936390151
2023-09-16,2023,9,16,262500.0,662500.0,55.83613012441601,-4.195793465818992,2929.3898682148815,0.0032063004916319
2023-09-16,2023,9,16,257500.0,667500.0,55.879574159628305,-4.278197631229293,4283.844651711825,0.0082046230347943
2023-09-16,2023,9,16,262500.0,667500.0,55.88102684588964,-4.198328199669799,2919.1308638017586,0.0109367663343117
2023-09-17,2023,9,17,257500.0,662500.0,55.83467987242347,-4.275570996161421,4290.841991963815,10.599622257710145
2023-09-17,2023,9,17,262500.0,662500.0,55.83613012441601,-4.195793465818992,2929.3898682148815,10.081634607099238
2023-09-17,2023,9,17,257500.0,667500.0,55.879574159628305,-4.278197631229293,4283.844651711825,11.894137242790126
2023-09-17,2023,9,17,262500.0,667500.0,55.88102684588964,-4.198328199669799,2919.1308638017586,11.3911090000171
2023-09-18,2023,9,18,257500.0,662500.0,55.83467987242347,-4.275570996161421,4290.841991963815,14.0781663865501
2023-09-18,2023,9,18,262500.0,662500.0,55.83613012441601,-4.195793465818992,2929.3898682148815,11.900800678019383
2023-09-18,2023,9,18,257500.0,667500.0,55.879574159628305,-4.278197631229293,4283.844651711825,15.424164102394462
2023-09-18,2023,9,18,262500.0,667500.0,55.88102684588964,-4.198328199669799,2919.1308638017586,14.96240652799931
2023-09-19,2023,9,19,257500.0,662500.0,55.83467987242347,-4.275570996161421,4290.841991963815,14.041055658222009
2023-09-19,2023,9,19,262500.0,662500.0,55.83613012441601,-4.195793465818992,2929.3898682148815,12.36612631227605
2023-09-19,2023,9,19,257500.0,667500.0,55.879574159628305,-4.278197631229293,4283.844651711825,14.240066814858649
2023-09-19,2023,9,19,262500.0,667500.0,55.88102684588964,-4.198328199669799,2919.1308638017586,13.866325796520185
2023-09-20,2023,9,20,257500.0,662500.0,55.83467987242347,-4.275570996161421,4290.841991963815,5.234685835702285
2023-09-20,2023,9,20,262500.0,662500.0,55.83613012441601,-4.195793465818992,2929.3898682148815,4.484812612720685
2023-09-20,2023,9,20,257500.0,667500.0,55.879574159628305,-4.278197631229293,4283.844651711825,7.185178096913297
2023-09-20,2023,9,20,262500.0,667500.0,55.88102684588964,-4.198328199669799,2919.1308638017586,4.895657986242699
2023-09-21,2023,9,21,257500.0,662500.0,55.83467987242347,-4.275570996161421,4290.841991963815,0.3483763408990509
2023-09-21,2023,9,21,262500.0,662500.0,55.83613012441601,-4.195793465818992,2929.3898682148815,0.088808070710003
2023-09-21,2023,9,21,257500.0,667500.0,55.879574159628305,-4.278197631229293,4283.844651711825,1.0279492175326097
2023-09-21,2023,9,21,262500.0,667500.0,55.88102684588964,-4.198328199669799,2919.1308638017586,0.7637917394256618
2023-09-22,2023,9,22,257500.0,662500.0,55.83467987242347,-4.275570996161421,4290.841991963815,0.0117593323161557
2023-09-22,2023,9,22,262500.0,662500.0,55.83613012441601,-4.195793465818992,2929.3898682148815,0.0067666049914637
2023-09-22,2023,9,22,257500.0,667500.0,55.879574159628305,-4.278197631229293,4283.844651711825,0.0127622216041284
2023-09-22,2023,9,22,262500.0,667500.0,55.88102684588964,-4.198328199669799,2919.1308638017586,0.0338420403469467
2023-09-23,2023,9,23,257500.0,662500.0,55.83467987242347,-4.275570996161421,4290.841991963815,3.041164141681619
2023-09-23,2023,9,23,262500.0,662500.0,55.83613012441601,-4.195793465818992,2929.3898682148815,2.488261781773178
2023-09-23,2023,9,23,257500.0,667500.0,55.879574159628305,-4.278197631229293,4283.844651711825,4.138305390485754
2023-09-23,2023,9,23,262500.0,667500.0,55.88102684588964,-4.198328199669799,2919.1308638017586,3.546324129980337
2023-09-24,2023,9,24,257500.0,662500.0,55.83467987242347,-4.275570996161421,4290.841991963815,10.866685802445778
2023-09-24,2023,9,24,262500.0,662500.0,55.83613012441601,-4.195793465818992,2929.3898682148815,11.333738014927686
2023-09-24,2023,9,24,257500.0,667500.0,55.879574159628305,-4.278197631229293,4283.844651711825,8.566230146546962
2023-09-24,2023,9,24,262500.0,667500.0,55.88102684588964,-4.198328199669799,2919.1308638017586,9.504629339674295
2023-09-25,2023,9,25,257500.0,662500.0,55.83467987242347,-4.275570996161421,4290.841991963815,0.015305157884898
2023-09-25,2023,9,25,262500.0,662500.0,55.83613012441601,-4.195793465818992,2929.3898682148815,0.0038866836798772
2023-09-25,2023,9,25,257500.0,667500.0,55.879574159628305,-4.278197631229293,4283.844651711825,0.0267586650889117
2023-09-25,2023,9,25,262500.0,667500.0,55.88102684588964,-4.198328199669799,2919.1308638017586,0.0304857790338329
2023-09-26,2023,9,26,257500.0,662500.0,55.83467987242347,-4.275570996161421,4290.841991963815,7.468612422010145
2023-09-26,2023,9,26,262500.0,662500.0,55.83613012441601,-4.195793465818992,2929.3898682148815,6.517633988771947
2023-09-26,2023,9,26,257500.0,667500.0,55.879574159628305,-4.278197631229293,4283.844651711825,7.96921977766067
2023-09-26,2023,9,26,262500.0,667500.0,55.88102684588964,-4.198328199669799,2919.1308638017586,7.823791609407982
2023-09-27,2023,9,27,257500.0,662500.0,55.83467987242347,-4.275570996161421,4290.841991963815,6.838921693436454
2023-09-27,2023,9,27,262500.0,662500.0,55.83613012441601,-4.195793465818992,2929.3898682148815,6.249545194715311
2023-09-27,2023,9,27,257500.0,667500.0,55.879574159628305,-4.278197631229293,4283.844651711825,7.0959487809355375
2023-09-27,2023,9,27,262500.0,667500.0,55.88102684588964,-4.198328199669799,2919.1308638017586,7.508140029822252
2023-09-28,2023,9,28,257500.0,662500.0,55.83467987242347,-4.275570996161421,4290.841991963815,2.7841749223091887
2023-09-28,2023,9,28,262500.0,662500.0,55.83613012441601,-4.195793465818992,2929.3898682148815,2.0671037044689577
2023-09-28,2023,9,28,257500.0,667500.0,55.879574159628305,-4.278197631229293,4283.844651711825,2.7073302670625705
2023-09-28,2023,9,28,262500.0,667500.0,55.88102684588964,-4.198328199669799,2919.1308638017586,2.4941870084870676
2023-09-29,2023,9,29,257500.0,662500.0,55.83467987242347,-4.275570996161421,4290.841991963815,0.6521382756668169
2023-09-29,2023,9,29,262500.0,662500.0,55.83613012441601,-4.195793465818992,2929.3898682148815,0.7436531642770142
2023-09-29,2023,9,29,257500.0,667500.0,55.879574159628305,-4.278197631229293,4283.844651711825,0.8632563360846217
2023-09-29,2023,9,29,262500.0,667500.0,55.88102684588964,-4.198328199669799,2919.1308638017586,0.7303208272657276
2023-09-30,2023,9,30,257500.0,662500.0,55.83467987242347,-4.275570996161421,4290.841991963815,2.682500808202502
2023-09-30,2023,9,30,262500.0,662500.0,55.83613012441601,-4.195793465818992,2929.3898682148815,2.4293780275054555
2023-09-30,2023,9,30,257500.0,667500.0,55.879574159628305,-4.278197631229293,4283.844651711825,3.0958628943048563
2023-09-30,2023,9,30,262500.0,667500.0,55.88102684588964,-4.198328199669799,2919.1308638017586,3.0497508088951597
2023-10-01,2023,10,1,257500.0,662500.0,55.83467987242347,-4.275570996161421,4290.841991963815,0.0080208168931358
2023-10-01,2023,10,1,262500.0,662500.0,55.83613012441601,-4.195793465818992,2929.3898682148815,0.002858153386424
2023-10-01,2023,10,1,257500.0,667500.0,55.879574159628305,-4.278197631229293,4283.844651711825,0.0139412210772412
2023-10-01,2023,10,1,262500.0,667500.0,55.88102684588964,-4.198328199669799,2919.1308638017586,0.0384166591862089
2023-10-02,2023,10,2,257500.0,662500.0,55.83467987242347,-4.275570996161421,4290.841991963815,0.8968121117284114
2023-10-02,2023,10,2,262500.0,662500.0,55.83613012441601,-4.195793465818992,2929.3898682148815,0.6215748453412195
2023-10-02,2023,10,2,257500.0,667500.0,55.879574159628305,-4.278197631229293,4283.844651711825,0.95911662182394
2023-10-02,2023,10,2,262500.0,667500.0,55.88102684588964,-4.198328199669799,2919.1308638017586,0.95380495788442
2023-10-03,2023,10,3,257500.0,662500.0,55.83467987242347,-4.275570996161421,4290.841991963815,5.31810339636154
2023-10-03,2023,10,3,262500.0,662500.0,55.83613012441601,-4.195793465818992,2929.3898682148815,4.636230125298247
2023-10-03,2023,10,3,257500.0,667500.0,55.879574159628305,-4.278197631229293,4283.844651711825,5.250524358810978
2023-10-03,2023,10,3,262500.0,667500.0,55.88102684588964,-4.198328199669799,2919.1308638017586,5.530149405152498
2023-10-04,2023,10,4,257500.0,662500.0,55.83467987242347,-4.275570996161421,4290.841991963815,8.10800511407288
2023-10-04,2023,10,4,262500.0,662500.0,55.83613012441601,-4.195793465818992,2929.3898682148815,7.3453112709199795
2023-10-04,2023,10,4,257500.0,667500.0,55.879574159628305,-4.278197631229293,4283.844651711825,9.37028120403233
2023-10-04,2023,10,4,262500.0,667500.0,55.88102684588964,-4.198328199669799,2919.1308638017586,8.393550999995767
2023-10-05,2023,10,5,257500.0,662500.0,55.83467987242347,-4.275570996161421,4290.841991963815,3.9483934384520025
2023-10-05,2023,10,5,262500.0,662500.0,55.83613012441601,-4.195793465818992,2929.3898682148815,2.834378707664903
2023-10-05,2023,10,5,257500.0,667500.0,55.879574159628305,-4.278197631229293,4283.844651711825,4.359278260889055
2023-10-05,2023,10,5,262500.0,667500.0,55.88102684588964,-4.198328199669799,2919.1308638017586,4.182315492878359
2023-10-06,2023,10,6,257500.0,662500.0,55.83467987242347,-4.275570996161421,4290.841991963815,37.88555804926799
2023-10-06,2023,10,6,262500.0,662500.0,55.83613012441601,-4.195793465818992,2929.3898682148815,37.09587334301672
2023-10-06,2023,10,6,257500.0,667500.0,55.879574159628305,-4.278197631229293,4283.844651711825,39.45783525970221
2023-10-06,2023,10,6,262500.0,667500.0,55.88102684588964,-4.198328199669799,2919.1308638017586,38.714181782563635
2023-10-07,2023,10,7,257500.0,662500.0,55.83467987242347,-4.275570996161421,4290.841991963815,15.330048076801434
2023-10-07,2023,10,7,262500.0,662500.0,55.83613012441601,-4.195793465818992,2929.3898682148815,13.553682055162176
2023-10-07,2023,10,7,257500.0,667500.0,55.879574159628305,-4.278197631229293,4283.844651711825,19.218110673675486
2023-10-07,2023,10,7,262500.0,667500.0,55.88102684588964,-4.198328199669799,2919.1308638017586,16.60348782908596
2023-10-08,2023,10,8,257500.0,662500.0,55.83467987242347,-4.275570996161421,4290.841991963815,0.6451911824338432
2023-10-08,2023,10,8,262500.0,662500.0,55.83613012441601,-4.195793465818992,2929.3898682148815,0.6217086231101588
2023-10-08,2023,10,8,257500.0,667500.0,55.879574159628305,-4.278197631229293,4283.844651711825,0.6190589922005848
2023-10-08,2023,10,8,262500.0,667500.0,55.88102684588964,-4.198328199669799,2919.1308638017586,0.6717840935903788
2023-10-09,2023,10,9,257500.0,662500.0,55.83467987242347,-4.275570996161421,4290.841991963815,0.9281361639304416
2023-10-09,2023,10,9,262500.0,662500.0,55.83613012441601,-4.195793465818992,2929.3898682148815,0.821631813745085
2023-10-09,2023,10,9,257500.0,667500.0,55.879574159628305,-4.278197631229293,4283.844651711825,0.9674399985651528
2023-10-09,2023,10,9,262500.0,667500.0,55.88102684588964,-4.198328199669799,2919.1308638017586,0.9042770968126091
2023-10-10,2023,10,10,257500.0,662500.0,55.83467987242347,-4.275570996161421,4290.841991963815,4.969781308808117
2023-10-10,2023,10,10,262500.0,662500.0,55.83613012441601,-4.195793465818992,2929.3898682148815,5.133387370027309
2023-10-10,2023,10,10,257500.0,667500.0,55.879574159628305,-4.278197631229293,4283.844651711825,3.252479408454
2023-10-10,2023,10,10,262500.0,667500.0,55.88102684588964,-4.198328199669799,2919.1308638017586,4.158171365076612
2023-10-11,2023,10,11,257500.0,662500.0,55.83467987242347,-4.275570996161421,4290.841991963815,0.177417860284553
2023-10-11,2023,10,11,262500.0,662500.0,55.83613012441601,-4.195793465818992,2929.3898682148815,0.2294768998762119
2023-10-11,2023,10,11,257500.0,667500.0,55.879574159628305,-4.278197631229293,4283.844651711825,0.0747796810702448
2023-10-11,2023,10,11,262500.0,667500.0,55.88102684588964,-4.198328199669799,2919.1308638017586,0.1603375606440071
2023-10-12,2023,10,12,257500.0,662500.0,55.83467987242347,-4.275570996161421,4290.841991963815,0.3499913699307809
2023-10-12,2023,10,12,262500.0,662500.0,55.83613012441601,-4.195793465818992,2929.3898682148815,0.2200928705202937
2023-10-12,2023,10,12,257500.0,667500.0,55.879574159628305,-4.278197631229293,4283.844651711825,0.477565936984717
2023-10-12,2023,10,12,262500.0,667500.0,55.88102684588964,-4.198328199669799,2919.1308638017586,0.3845113884447289
2023-10-13,2023,10,13,257500.0,662500.0,55.83467987242347,-4.275570996161421,4290.841991963815,0.2562626819534742
2023-10-13,2023,10,13,262500.0,662500.0,55.83613012441601,-4.195793465818992,2929.3898682148815,0.2095863428438751
2023-10-13,2023,10,13,257500.0,667500.0,55.879574159628305,-4.278197631229293,4283.844651711825,0.106730834240547
2023-10-13,2023,10,13,262500.0,667500.0,55.88102684588964,-4.198328199669799,2919.1308638017586,0.1656349213596724
2023-10-14,2023,10,14,257500.0,662500.0,55.83467987242347,-4.275570996161421,4290.841991963815,0.0120485400534667
2023-10-14,2023,10,14,262500.0,662500.0,55.83613012441601,-4.195793465818992,2929.3898682148815,0.0022247823003983
2023-10-14,2023,10,14,257500.0,667500.0,55.879574159628305,-4.278197631229293,4283.844651711825,0.0082659709798143
2023-10-14,2023,10,14,262500.0,667500.0,55.88102684588964,-4.198328199669799,2919.1308638017586,0.0078278636522806
2023-10-15,2023,10,15,257500.0,662500.0,55.83467987242347,-4.275570996161421,4290.841991963815,0.0053128623866492
2023-10-15,2023,10,15,262500.0,662500.0,55.83613012441601,-4.195793465818992,2929.3898682148815,0.0009961078498716
2023-10-15,2023,10,15,257500.0,667500.0,55.879574159628305,-4.278197631229293,4283.844651711825,0.0038222179418263
2023-10-15,2023,10,15,262500.0,667500.0,55.88102684588964,-4.198328199669799,2919.1308638017586,0.0032345055618277
2023-10-16,2023,10,16,257500.0,662500.0,55.83467987242347,-4.275570996161421,4290.841991963815,0.0216502008143256
2023-10-16,2023,10,16,262500.0,662500.0,55.83613012441601,-4.195793465818992,2929.3898682148815,0.0047326100400159
2023-10-16,2023,10,16,257500.0,667500.0,55.879574159628305,-4.278197631229293,4283.844651711825,0.1033655015793307
2023-10-16,2023,10,16,262500.0,667500.0,55.88102684588964,-4.198328199669799,2919.1308638017586,0.0321598494469291
2023-10-17,2023,10,17,257500.0,662500.0,55.83467987242347,-4.275570996161421,4290.841991963815,0.0140342290806863
2023-10-17,2023,10,17,262500.0,662500.0,55.83613012441601,-4.195793465818992,2929.3898682148815,0.0341443980075807
2023-10-17,2023,10,17,257500.0,667500.0,55.879574159628305,-4.278197631229293,4283.844651711825,0.015113421197821
2023-10-17,2023,10,17,262500.0,667500.0,55.88102684588964,-4.198328199669799,2919.1308638017586,0.0583733449205019
2023-10-18,2023,10,18,257500.0,662500.0,55.83467987242347,-4.275570996161421,4290.841991963815,0.4237720744888447
2023-10-18,2023,10,18,262500.0,662500.0,55.83613012441601,-4.195793465818992,2929.3898682148815,0.2731436041306881
2023-10-18,2023,10,18,257500.0,667500.0,55.879574159628305,-4.278197631229293,4283.844651711825,0.756615377894413
2023-10-18,2023,10,18,262500.0,667500.0,55.88102684588964,-4.198328199669799,2919.1308638017586,0.7703526804190812
2023-10-19,2023,10,19,257500.0,662500.0,55.83467987242347,-4.275570996161421,4290.841991963815,3.6309342399949425
2023-10-19,2023,10,19,262500.0,662500.0,55.83613012441601,-4.195793465818992,2929.3898682148815,3.354259575318993
2023-10-19,2023,10,19,257500.0,667500.0,55.879574159628305,-4.278197631229293,4283.844651711825,5.4273511437024435
2023-10-19,2023,10,19,262500.0,667500.0,55.88102684588964,-4.198328199669799,2919.1308638017586,4.730077745806778
2023-10-20,2023,10,20,257500.0,662500.0,55.83467987242347,-4.275570996161421,4290.841991963815,4.121662482074247
2023-10-20,2023,10,20,262500.0,662500.0,55.83613012441601,-4.195793465818992,2929.3898682148815,4.789979410598337
2023-10-20,2023,10,20,257500.0,667500.0,55.879574159628305,-4.278197631229293,4283.844651711825,5.474117356002102
2023-10-20,2023,10,20,262500.0,667500.0,55.88102684588964,-4.198328199669799,2919.1308638017586,6.53936179640846
2023-10-21,2023,10,21,257500.0,662500.0,55.83467987242347,-4.275570996161421,4290.841991963815,0.0076572113382501
2023-10-21,2023,10,21,262500.0,662500.0,55.83613012441601,-4.195793465818992,2929.3898682148815,0.0037201717822978
2023-10-21,2023,10,21,257500.0,667500.0,55.879574159628305,-4.278197631229293,4283.844651711825,0.0106263260559212
2023-10-21,2023,10,21,262500.0,667500.0,55.88102684588964,-4.198328199669799,2919.1308638017586,0.0211312751194398
2023-10-22,2023,10,22,257500.0,662500.0,55.83467987242347,-4.275570996161421,4290.841991963815,0.0457808859975759
2023-10-22,2023,10,22,262500.0,662500.0,55.83613012441601,-4.195793465818992,2929.3898682148815,0.0039026158215339
2023-10-22,2023,10,22,257500.0,667500.0,55.879574159628305,-4.278197631229293,4283.844651711825,0.1115574642029336
2023-10-22,2023,10,22,262500.0,667500.0,55.88102684588964,-4.198328199669799,2919.1308638017586,0.0567590655121464
2023-10-23,2023,10,23,257500.0,662500.0,55.83467987242347,-4.275570996161421,4290.841991963815,0.0036968772923778
2023-10-23,2023,10,23,262500.0,662500.0,55.83613012441601,-4.195793465818992,2929.3898682148815,0.0005743761416971
2023-10-23,2023,10,23,257500.0,667500.0,55.879574159628305,-4.278197631229293,4283.844651711825,0.0024517853954658
2023-10-23,2023,10,23,262500.0,667500.0,55.88102684588964,-4.198328199669799,2919.1308638017586,0.0027543183220289
2023-10-24,2023,10,24,257500.0,662500.0,55.83467987242347,-4.275570996161421,4290.841991963815,0.0255473300653287
2023-10-24,2023,10,24,262500.0,662500.0,55.83613012441601,-4.195793465818992,2929.3898682148815,0.0446487129225979
2023-10-24,2023,10,24,257500.0,667500.0,55.879574159628305,-4.278197631229293,4283.844651711825,0.0232499077225659
2023-10-24,2023,10,24,262500.0,667500.0,55.88102684588964,-4.198328199669799,2919.1308638017586,0.0646527070119253
2023-10-25,2023,10,25,257500.0,662500.0,55.83467987242347,-4.275570996161421,4290.841991963815,0.8772187236228832
2023-10-25,2023,10,25,262500.0,662500.0,55.83613012441601,-4.195793465818992,2929.3898682148815,0.8066753364808321
2023-10-25,2023,10,25,257500.0,667500.0,55.879574159628305,-4.278197631229293,4283.844651711825,1.7179708819341273
2023-10-25,2023,10,25,262500.0,667500.0,55.88102684588964,-4.198328199669799,2919.1308638017586,1.1652830711067816
2023-10-26,2023,10,26,257500.0,662500.0,55.83467987242347,-4.275570996161421,4290.841991963815,0.6975063360207076
2023-10-26,2023,10,26,262500.0,662500.0,55.83613012441601,-4.195793465818992,2929.3898682148815,0.7671964237487027
2023-10-26,2023,10,26,257500.0,667500.0,55.879574159628305,-4.278197631229293,4283.844651711825,0.9015136751664568
2023-10-26,2023,10,26,262500.0,667500.0,55.88102684588964,-4.198328199669799,2919.1308638017586,0.8283418234667377
2023-10-27,2023,10,27,257500.0,662500.0,55.83467987242347,-4.275570996161421,4290.841991963815,0.058674016039522
2023-10-27,2023,10,27,262500.0,662500.0,55.83613012441601,-4.195793465818992,2929.3898682148815,0.0229105212369809
2023-10-27,2023,10,27,257500.0,667500.0,55.879574159628305,-4.278197631229293,4283.844651711825,0.0954429867606708
2023-10-27,2023,10,27,262500.0,667500.0,55.88102684588964,-4.198328199669799,2919.1308638017586,0.2264669310541945
2023-10-28,2023,10,28,257500.0,662500.0,55.83467987242347,-4.275570996161421,4290.841991963815,4.090221600981567
2023-10-28,2023,10,28,262500.0,662500.0,55.83613012441601,-4.195793465818992,2929.3898682148815,4.105739318973951
2023-10-28,2023,10,28,257500.0,667500.0,55.879574159628305,-4.278197631229293,4283.844651711825,4.009366478541936
2023-10-28,2023,10,28,262500.0,667500.0,55.88102684588964,-4.198328199669799,2919.1308638017586,4.829832106989326
2023-10-29,2023,10,29,257500.0,662500.0,55.83467987242347,-4.275570996161421,4290.841991963815,9.531888790597362
2023-10-29,2023,10,29,262500.0,662500.0,55.83613012441601,-4.195793465818992,2929.3898682148815,8.746482129486553
2023-10-29,2023,10,29,257500.0,667500.0,55.879574159628305,-4.278197631229293,4283.844651711825,14.073003866631984
2023-10-29,2023,10,29,262500.0,667500.0,55.88102684588964,-4.198328199669799,2919.1308638017586,13.791317555079852
2023-10-30,2023,10,30,257500.0,662500.0,55.83467987242347,-4.275570996161421,4290.841991963815,9.61203018216035e-06
2023-10-30,2023,10,30,262500.0,662500.0,55.83613012441601,-4.195793465818992,2929.3898682148815,2.4420910541402893e-05
2023-10-30,2023,10,30,257500.0,667500.0,55.879574159628305,-4.278197631229293,4283.844651711825,1.1982111708111882e-05
2023-10-30,2023,10,30,262500.0,667500.0,55.88102684588964,-4.198328199669799,2919.1308638017586,8.91380806832657e-05
2023-10-31,2023,10,31,257500.0,662500.0,55.83467987242347,-4.275570996161421,4290.841991963815,8.66522334623126
2023-10-31,2023,10,31,262500.0,662500.0,55.83613012441601,-4.195793465818992,2929.3898682148815,8.694998197689118
2023-10-31,2023,10,31,257500.0,667500.0,55.879574159628305,-4.278197631229293,4283.844651711825,8.853653538147329
2023-10-31,2023,10,31,262500.0,667500.0,55.88102684588964,-4.198328199669799,2919.1308638017586,9.190198483939092
2023-11-01,2023,11,1,257500.0,662500.0,55.83467987242347,-4.275570996161421,4290.841991963815,18.831365942379698
2023-11-01,2023,11,1,262500.0,662500.0,55.83613012441601,-4.195793465818992,2929.3898682148815,19.426155340580703
2023-11-01,2023,11,1,257500.0,667500.0,55.879574159628305,-4.278197631229293,4283.844651711825,16.056191001292376
2023-11-01,2023,11,1,262500.0,667500.0,55.88102684588964,-4.198328199669799,2919.1308638017586,17.017068876668848
2023-11-02,2023,11,2,257500.0,662500.0,55.83467987242347,-4.275570996161421,4290.841991963815,0.1472126140623814
2023-11-02,2023,11,2,262500.0,662500.0,55.83613012441601,-4.195793465818992,2929.3898682148815,0.1748322100989007
2023-11-02,2023,11,2,257500.0,667500.0,55.879574159628305,-4.278197631229293,4283.844651711825,0.0654085732150215
2023-11-02,2023,11,2,262500.0,667500.0,55.88102684588964,-4.198328199669799,2919.1308638017586,0.1394072015595987
2023-11-03,2023,11,3,257500.0,662500.0,55.83467987242347,-4.275570996161421,4290.841991963815,0.0031025763369365
2023-11-03,2023,11,3,262500.0,662500.0,55.83613012441601,-4.195793465818992,2929.3898682148815,0.0008635982541356
2023-11-03,2023,11,3,257500.0,667500.0,55.879574159628305,-4.278197631229293,4283.844651711825,0.0039522913577015
2023-11-03,2023,11,3,262500.0,667500.0,55.88102684588964,-4.198328199669799,2919.1308638017586,0.0056989898685178
2023-11-04,2023,11,4,257500.0,662500.0,55.83467987242347,-4.275570996161421,4290.841991963815,0.0074230788219915
2023-11-04,2023,11,4,262500.0,662500.0,55.83613012441601,-4.195793465818992,2929.3898682148815,0.0026569757269713
2023-11-04,2023,11,4,257500.0,667500.0,55.879574159628305,-4.278197631229293,4283.844651711825,0.0123924664440086
2023-11-04,2023,11,4,262500.0,667500.0,55.88102684588964,-4.198328199669799,2919.1308638017586,0.0379163998132173
2023-11-05,2023,11,5,257500.0,662500.0,55.83467987242347,-4.275570996161421,4290.841991963815,0.3114218447932542
2023-11-05,2023,11,5,262500.0,662500.0,55.83613012441601,-4.195793465818992,2929.3898682148815,0.0918679957198059
2023-11-05,2023,11,5,257500.0,667500.0,55.879574159628305,-4.278197631229293,4283.844651711825,0.1423170322442009
2023-11-05,2023,11,5,262500.0,667500.0,55.88102684588964,-4.198328199669799,2919.1308638017586,0.1861894726254109
2023-11-06,2023,11,6,257500.0,662500.0,55.83467987242347,-4.275570996161421,4290.841991963815,1.0457119410872464
2023-11-06,2023,11,6,262500.0,662500.0,55.83613012441601,-4.195793465818992,2929.3898682148815,0.6004400745640274
2023-11-06,2023,11,6,257500.0,667500.0,55.879574159628305,-4.278197631229293,4283.844651711825,0.8264461779661414
2023-11-06,2023,11,6,262500.0,667500.0,55.88102684588964,-4.198328199669799,2919.1308638017586,0.7475676774464627
2023-11-07,2023,11,7,257500.0,662500.0,55.83467987242347,-4.275570996161421,4290.841991963815,7.076916649441537
2023-11-07,2023,11,7,262500.0,662500.0,55.83613012441601,-4.195793465818992,2929.3898682148815,6.587090662211402
2023-11-07,2023,11,7,257500.0,667500.0,55.879574159628305,-4.278197631229293,4283.844651711825,6.908649161802664
2023-11-07,2023,11,7,262500.0,667500.0,55.88102684588964,-4.198328199669799,2919.1308638017586,6.804655231744839
2023-11-08,2023,11,8,257500.0,662500.0,55.83467987242347,-4.275570996161421,4290.841991963815,1.9810699436488095
2023-11-08,2023,11,8,262500.0,662500.0,55.83613012441601,-4.195793465818992,2929.3898682148815,1.6395935314820622
2023-11-08,2023,11,8,257500.0,667500.0,55.879574159628305,-4.278197631229293,4283.844651711825,1.8162618546825335
2023-11-08,2023,11,8,262500.0,667500.0,55.88102684588964,-4.198328199669799,2919.1308638017586,1.7042180643379292
2023-11-09,2023,11,9,257500.0,662500.0,55.83467987242347,-4.275570996161421,4290.841991963815,0.0124337044951993
2023-11-09,2023,11,9,262500.0,662500.0,55.83613012441601,-4.195793465818992,2929.3898682148815,0.0027675512484139
2023-11-09,2023,11,9,257500.0,667500.0,55.879574159628305,-4.278197631229293,4283.844651711825,0.0124648310795061
2023-11-09,2023,11,9,262500.0,667500.0,55.88102684588964,-4.198328199669799,2919.1308638017586,0.0166564790822574
2023-11-10,2023,11,10,257500.0,662500.0,55.83467987242347,-4.275570996161421,4290.841991963815,0.0387014945013091
2023-11-10,2023,11,10,262500.0,662500.0,55.83613012441601,-4.195793465818992,2929.3898682148815,0.0034783015374631
2023-11-10,2023,11,10,257500.0,667500.0,55.879574159628305,-4.278197631229293,4283.844651711825,0.0163337967829144
2023-11-10,2023,11,10,262500.0,667500.0,55.88102684588964,-4.198328199669799,2919.1308638017586,0.0353777469068793
2023-11-11,2023,11,11,257500.0,662500.0,55.83467987242347,-4.275570996161421,4290.841991963815,0.1487218237130294
2023-11-11,2023,11,11,262500.0,662500.0,55.83613012441601,-4.195793465818992,2929.3898682148815,0.1947534929299149
2023-11-11,2023,11,11,257500.0,667500.0,55.879574159628305,-4.278197631229293,4283.844651711825,0.1532354652825042
2023-11-11,2023,11,11,262500.0,667500.0,55.88102684588964,-4.198328199669799,2919.1308638017586,0.1436627919861421
2023-11-12,2023,11,12,257500.0,662500.0,55.83467987242347,-4.275570996161421,4290.841991963815,12.537498784194472
2023-11-12,2023,11,12,262500.0,662500.0,55.83613012441601,-4.195793465818992,2929.3898682148815,12.78074407900476
2023-11-12,2023,11,12,257500.0,667500.0,55.879574159628305,-4.278197631229293,4283.844651711825,12.151353308572212
2023-11-12,2023,11,12,262500.0,667500.0,55.88102684588964,-4.198328199669799,2919.1308638017586,12.416759181027036
2023-11-13,2023,11,13,257500.0,662500.0,55.83467987242347,-4.275570996161421,4290.841991963815,5.8084764231598545
2023-11-13,2023,11,13,262500.0,662500.0,55.83613012441601,-4.195793465818992,2929.3898682148815,5.576870267856142
2023-11-13,2023,11,13,257500.0,667500.0,55.879574159628305,-4.278197631229293,4283.844651711825,4.715477426775309
2023-11-13,2023,11,13,262500.0,667500.0,55.88102684588964,-4.198328199669799,2919.1308638017586,5.28848113756608
2023-11-14,2023,11,14,257500.0,662500.0,55.83467987242347,-4.275570996161421,4290.841991963815,10.633079541893515
2023-11-14,2023,11,14,262500.0,662500.0,55.83613012441601,-4.195793465818992,2929.3898682148815,10.325687760565112
2023-11-14,2023,11,14,257500.0,667500.0,55.879574159628305,-4.278197631229293,4283.844651711825,8.76198371356726
2023-11-14,2023,11,14,262500.0,667500.0,55.88102684588964,-4.198328199669799,2919.1308638017586,9.698144186827207
2023-11-15,2023,11,15,257500.0,662500.0,55.83467987242347,-4.275570996161421,4290.841991963815,0.6522406036143749
2023-11-15,2023,11,15,262500.0,662500.0,55.83613012441601,-4.195793465818992,2929.3898682148815,0.4195510957121256
2023-11-15,2023,11,15,257500.0,667500.0,55.879574159628305,-4.278197631229293,4283.844651711825,0.7193444972616606
2023-11-15,2023,11,15,262500.0,667500.0,55.88102684588964,-4.198328199669799,2919.1308638017586,0.4707034664558798
2023-11-16,2023,11,16,257500.0,662500.0,55.83467987242347,-4.275570996161421,4290.841991963815,1.983394310142848
2023-11-16,2023,11,16,262500.0,662500.0,55.83613012441601,-4.195793465818992,2929.3898682148815,1.7500490500356487
2023-11-16,2023,11,16,257500.0,667500.0,55.879574159628305,-4.278197631229293,4283.844651711825,1.8322447447215644
2023-11-16,2023,11,16,262500.0,667500.0,55.88102684588964,-4.198328199669799,2919.1308638017586,1.8238587579888144
2023-11-17,2023,11,17,257500.0,662500.0,55.83467987242347,-4.275570996161421,4290.841991963815,4.152080677785945
2023-11-17,2023,11,17,262500.0,662500.0,55.83613012441601,-4.195793465818992,2929.3898682148815,3.66224916746579
2023-11-17,2023,11,17,257500.0,667500.0,55.879574159628305,-4.278197631229293,4283.844651711825,4.7566620569165785
2023-11-17,2023,11,17,262500.0,667500.0,55.88102684588964,-4.198328199669799,2919.1308638017586,4.28829965571486
2023-11-18,2023,11,18,257500.0,662500.0,55.83467987242347,-4.275570996161421,4290.841991963815,10.94479278607468
2023-11-18,2023,11,18,262500.0,662500.0,55.83613012441601,-4.195793465818992,2929.3898682148815,9.306791685497094
2023-11-18,2023,11,18,257500.0,667500.0,55.879574159628305,-4.278197631229293,4283.844651711825,10.44770023597374
2023-11-18,2023,11,18,262500.0,667500.0,55.88102684588964,-4.198328199669799,2919.1308638017586,10.152983004672496
2023-11-19,2023,11,19,257500.0,662500.0,55.83467987242347,-4.275570996161421,4290.841991963815,1.3437628262735943
2023-11-19,2023,11,19,262500.0,662500.0,55.83613012441601,-4.195793465818992,2929.3898682148815,0.8489552756131947
2023-11-19,2023,11,19,257500.0,667500.0,55.879574159628305,-4.278197631229293,4283.844651711825,1.0709829051048856
2023-11-19,2023,11,19,262500.0,667500.0,55.88102684588964,-4.198328199669799,2919.1308638017586,1.117736255542135
2023-11-20,2023,11,20,257500.0,662500.0,55.83467987242347,-4.275570996161421,4290.841991963815,0.0640680042927804
2023-11-20,2023,11,20,262500.0,662500.0,55.83613012441601,-4.195793465818992,2929.3898682148815,0.0460236881607698
2023-11-20,2023,11,20,257500.0,667500.0,55.879574159628305,-4.278197631229293,4283.844651711825,0.0303793837602214
2023-11-20,2023,11,20,262500.0,667500.0,55.88102684588964,-4.198328199669799,2919.1308638017586,0.0735939429080863
2023-11-21,2023,11,21,257500.0,662500.0,55.83467987242347,-4.275570996161421,4290.841991963815,1.4388801262975175
2023-11-21,2023,11,21,262500.0,662500.0,55.83613012441601,-4.195793465818992,2929.3898682148815,0.5006785356125338
2023-11-21,2023,11,21,257500.0,667500.0,55.879574159628305,-4.278197631229293,4283.844651711825,1.829208412107136
2023-11-21,2023,11,21,262500.0,667500.0,55.88102684588964,-4.198328199669799,2919.1308638017586,1.5342239468613434
2023-11-22,2023,11,22,257500.0,662500.0,55.83467987242347,-4.275570996161421,4290.841991963815,3.0613077559077446
2023-11-22,2023,11,22,262500.0,662500.0,55.83613012441601,-4.195793465818992,2929.3898682148815,0.7830558882007556
2023-11-22,2023,11,22,257500.0,667500.0,55.879574159628305,-4.278197631229293,4283.844651711825,3.579659813140972
2023-11-22,2023,11,22,262500.0,667500.0,55.88102684588964,-4.198328199669799,2919.1308638017586,3.3229126997960137
2023-11-23,2023,11,23,257500.0,662500.0,55.83467987242347,-4.275570996161421,4290.841991963815,0.2639637496307354
2023-11-23,2023,11,23,262500.0,662500.0,55.83613012441601,-4.195793465818992,2929.3898682148815,0.2400522531165362
2023-11-23,2023,11,23,257500.0,667500.0,55.879574159628305,-4.278197631229293,4283.844651711825,0.2053607608616739
2023-11-23,2023,11,23,262500.0,667500.0,55.88102684588964,-4.198328199669799,2919.1308638017586,0.2344294679558745
2023-11-24,2023,11,24,257500.0,662500.0,55.83467987242347,-4.275570996161421,4290.841991963815,0.0
2023-11-24,2023,11,24,262500.0,662500.0,55.83613012441601,-4.195793465818992,2929.3898682148815,0.0
2023-11-24,2023,11,24,257500.0,667500.0,55.879574159628305,-4.278197631229293,4283.844651711825,0.0
2023-11-24,2023,11,24,262500.0,667500.0,55.88102684588964,-4.198328199669799,2919.1308638017586,0.0
2023-11-25,2023,11,25,257500.0,662500.0,55.83467987242347,-4.275570996161421,4290.841991963815,0.0097024409340911
2023-11-25,2023,11,25,262500.0,662500.0,55.83613012441601,-4.195793465818992,2929.3898682148815,0.0026067660043346
2023-11-25,2023,11,25,257500.0,667500.0,55.879574159628305,-4.278197631229293,4283.844651711825,0.0093605222689525
2023-11-25,2023,11,25,262500.0,667500.0,55.88102684588964,-4.198328199669799,2919.1308638017586,0.0149657970405797
2023-11-26,2023,11,26,257500.0,662500.0,55.83467987242347,-4.275570996161421,4290.841991963815,1.2658546207486507
2023-11-26,2023,11,26,262500.0,662500.0,55.83613012441601,-4.195793465818992,2929.3898682148815,1.105065043052607
2023-11-26,2023,11,26,257500.0,667500.0,55.879574159628305,-4.278197631229293,4283.844651711825,1.2898679221711755
2023-11-26,2023,11,26,262500.0,667500.0,55.88102684588964,-4.198328199669799,2919.1308638017586,1.3891742246299503
2023-11-27,2023,11,27,257500.0,662500.0,55.83467987242347,-4.275570996161421,4290.841991963815,0.0533423220022577
2023-11-27,2023,11,27,262500.0,662500.0,55.83613012441601,-4.195793465818992,2929.3898682148815,0.0514039196037695
2023-11-27,2023,11,27,257500.0,667500.0,55.879574159628305,-4.278197631229293,4283.844651711825,0.1518613708490624
2023-11-27,2023,11,27,262500.0,667500.0,55.88102684588964,-4.198328199669799,2919.1308638017586,0.1794503116005409
2023-11-28,2023,11,28,257500.0,662500.0,55.83467987242347,-4.275570996161421,4290.841991963815,0.0133130837118256
2023-11-28,2023,11,28,262500.0,662500.0,55.83613012441601,-4.195793465818992,2929.3898682148815,0.005306686611633
2023-11-28,2023,11,28,257500.0,667500.0,55.879574159628305,-4.278197631229293,4283.844651711825,0.0071034169536269
2023-11-28,2023,11,28,262500.0,667500.0,55.88102684588964,-4.198328199669799,2919.1308638017586,0.0148827848965371
2023-11-29,2023,11,29,257500.0,662500.0,55.83467987242347,-4.275570996161421,4290.841991963815,0.1428159757309831
2023-11-29,2023,11,29,262500.0,662500.0,55.83613012441601,-4.195793465818992,2929.3898682148815,0.1926394484530286
2023-11-29,2023,11,29,257500.0,667500.0,55.879574159628305,-4.278197631229293,4283.844651711825,0.1497359241381754
2023-11-29,2023,11,29,262500.0,667500.0,55.88102684588964,-4.198328199669799,2919.1308638017586,0.1376598313335533
2023-11-30,2023,11,30,257500.0,662500.0,55.83467987242347,-4.275570996161421,4290.841991963815,9.45880505020062e-05
2023-11-30,2023,11,30,262500.0,662500.0,55.83613012441601,-4.195793465818992,2929.3898682148815,3.338499296300632e-05
2023-11-30,2023,11,30,257500.0,667500.0,55.879574159628305,-4.278197631229293,4283.844651711825,6.585204881953556e-05
2023-11-30,2023,11,30,262500.0,667500.0,55.88102684588964,-4.198328199669799,2919.1308638017586,4.104819385009824e-05
2023-12-01,2023,12,1,257500.0,662500.0,55.83467987242347,-4.275570996161421,4290.841991963815,2.231035807349127
2023-12-01,2023,12,1,262500.0,662500.0,55.83613012441601,-4.195793465818992,2929.3898682148815,2.2230261323878153
2023-12-01,2023,12,1,257500.0,667500.0,55.879574159628305,-4.278197631229293,4283.844651711825,2.3041973196818435
2023-12-01,2023,12,1,262500.0,667500.0,55.88102684588964,-4.198328199669799,2919.1308638017586,2.1211811744715163
2023-12-02,2023,12,2,257500.0,662500.0,55.83467987242347,-4.275570996161421,4290.841991963815,0.0083904121624425
2023-12-02,2023,12,2,262500.0,662500.0,55.83613012441601,-4.195793465818992,2929.3898682148815,0.0017054833154398
2023-12-02,2023,12,2,257500.0,667500.0,55.879574159628305,-4.278197631229293,4283.844651711825,0.0062413482975341
2023-12-02,2023,12,2,262500.0,667500.0,55.88102684588964,-4.198328199669799,2919.1308638017586,0.0061282036976128
2023-12-03,2023,12,3,257500.0,662500.0,55.83467987242347,-4.275570996161421,4290.841991963815,0.0128799484601572
2023-12-03,2023,12,3,262500.0,662500.0,55.83613012441601,-4.195793465818992,2929.3898682148815,0.0042701920482439
2023-12-03,2023,12,3,257500.0,667500.0,55.879574159628305,-4.278197631229293,4283.844651711825,0.0239930793606712
2023-12-03,2023,12,3,262500.0,667500.0,55.88102684588964,-4.198328199669799,2919.1308638017586,0.0378989100156533
2023-12-04,2023,12,4,257500.0,662500.0,55.83467987242347,-4.275570996161421,4290.841991963815,2.2648339206363253
2023-12-04,2023,12,4,262500.0,662500.0,55.83613012441601,-4.195793465818992,2929.3898682148815,2.989891955112571
2023-12-04,2023,12,4,257500.0,667500.0,55.879574159628305,-4.278197631229293,4283.844651711825,1.8866899488783084
2023-12-04,2023,12,4,262500.0,667500.0,55.88102684588964,-4.198328199669799,2919.1308638017586,3.1990239282641597
2023-12-05,2023,12,5,257500.0,662500.0,55.83467987242347,-4.275570996161421,4290.841991963815,0.000429350994924
2023-12-05,2023,12,5,262500.0,662500.0,55.83613012441601,-4.195793465818992,2929.3898682148815,0.0003105108429523
2023-12-05,2023,12,5,257500.0,667500.0,55.879574159628305,-4.278197631229293,4283.844651711825,0.0003325677865521
2023-12-05,2023,12,5,262500.0,667500.0,55.88102684588964,-4.198328199669799,2919.1308638017586,0.0010587187689405
2023-12-06,2023,12,6,257500.0,662500.0,55.83467987242347,-4.275570996161421,4290.841991963815,1.2333078237211017
2023-12-06,2023,12,6,262500.0,662500.0,55.83613012441601,-4.195793465818992,2929.3898682148815,1.0019194989020477
2023-12-06,2023,12,6,257500.0,667500.0,55.879574159628305,-4.278197631229293,4283.844651711825,1.8766282550274935
2023-12-06,2023,12,6,262500.0,667500.0,55.88102684588964,-4.198328199669799,2919.1308638017586,1.38653176693169
2023-12-07,2023,12,7,257500.0,662500.0,55.83467987242347,-4.275570996161421,4290.841991963815,13.7261317068859
2023-12-07,2023,12,7,262500.0,662500.0,55.83613012441601,-4.195793465818992,2929.3898682148815,14.438337303577356
2023-12-07,2023,12,7,257500.0,667500.0,55.879574159628305,-4.278197631229293,4283.844651711825,18.054234801701107
2023-12-07,2023,12,7,262500.0,667500.0,55.88102684588964,-4.198328199669799,2919.1308638017586,16.138893762976767
2023-12-08,2023,12,8,257500.0,662500.0,55.83467987242347,-4.275570996161421,4290.841991963815,8.815772008971232
2023-12-08,2023,12,8,262500.0,662500.0,55.83613012441601,-4.195793465818992,2929.3898682148815,7.012878964840591
2023-12-08,2023,12,8,257500.0,667500.0,55.879574159628305,-4.278197631229293,4283.844651711825,9.361127827997558
2023-12-08,2023,12,8,262500.0,667500.0,55.88102684588964,-4.198328199669799,2919.1308638017586,8.672332816211311
2023-12-09,2023,12,9,257500.0,662500.0,55.83467987242347,-4.275570996161421,4290.841991963815,9.484578627402112
2023-12-09,2023,12,9,262500.0,662500.0,55.83613012441601,-4.195793465818992,2929.3898682148815,10.24504857835599
2023-12-09,2023,12,9,257500.0,667500.0,55.879574159628305,-4.278197631229293,4283.844651711825,8.166570339194767
2023-12-09,2023,12,9,262500.0,667500.0,55.88102684588964,-4.198328199669799,2919.1308638017586,8.952095631111808
2023-12-10,2023,12,10,257500.0,662500.0,55.83467987242347,-4.275570996161421,4290.841991963815,7.861372977814328
2023-12-10,2023,12,10,262500.0,662500.0,55.83613012441601,-4.195793465818992,2929.3898682148815,7.803258161472998
2023-12-10,2023,12,10,257500.0,667500.0,55.879574159628305,-4.278197631229293,4283.844651711825,8.68032072543274
2023-12-10,2023,12,10,262500.0,667500.0,55.88102684588964,-4.198328199669799,2919.1308638017586,8.026873156929492
2023-12-11,2023,12,11,257500.0,662500.0,55.83467987242347,-4.275570996161421,4290.841991963815,7.975378608685547
2023-12-11,2023,12,11,262500.0,662500.0,55.83613012441601,-4.195793465818992,2929.3898682148815,8.245251908374424
2023-12-11,2023,12,11,257500.0,667500.0,55.879574159628305,-4.278197631229293,4283.844651711825,9.278408756586025
2023-12-11,2023,12,11,262500.0,667500.0,55.88102684588964,-4.198328199669799,2919.1308638017586,8.494288904826323
2023-12-12,2023,12,12,257500.0,662500.0,55.83467987242347,-4.275570996161421,4290.841991963815,4.680711439469442
2023-12-12,2023,12,12,262500.0,662500.0,55.83613012441601,-4.195793465818992,2929.3898682148815,5.10687883595786
2023-12-12,2023,12,12,257500.0,667500.0,55.879574159628305,-4.278197631229293,4283.844651711825,4.3009751941413485
2023-12-12,2023,12,12,262500.0,667500.0,55.88102684588964,-4.198328199669799,2919.1308638017586,5.110349522764808
2023-12-13,2023,12,13,257500.0,662500.0,55.83467987242347,-4.275570996161421,4290.841991963815,1.5092693306473857
2023-12-13,2023,12,13,262500.0,662500.0,55.83613012441601,-4.195793465818992,2929.3898682148815,0.9595847673852864
2023-12-13,2023,12,13,257500.0,667500.0,55.879574159628305,-4.278197631229293,4283.844651711825,1.8854082072454683
2023-12-13,2023,12,13,262500.0,667500.0,55.88102684588964,-4.198328199669799,2919.1308638017586,1.753995285795762
2023-12-14,2023,12,14,257500.0,662500.0,55.83467987242347,-4.275570996161421,4290.841991963815,1.3409418982138166
2023-12-14,2023,12,14,262500.0,662500.0,55.83613012441601,-4.195793465818992,2929.3898682148815,1.2368695785658328
2023-12-14,2023,12,14,257500.0,667500.0,55.879574159628305,-4.278197631229293,4283.844651711825,1.565480719975178
2023-12-14,2023,12,14,262500.0,667500.0,55.88102684588964,-4.198328199669799,2919.1308638017586,1.3061276498635916
2023-12-15,2023,12,15,257500.0,662500.0,55.83467987242347,-4.275570996161421,4290.841991963815,1.341855677446068
2023-12-15,2023,12,15,262500.0,662500.0,55.83613012441601,-4.195793465818992,2929.3898682148815,0.5201145110418862
2023-12-15,2023,12,15,257500.0,667500.0,55.879574159628305,-4.278197631229293,4283.844651711825,3.2827168750130067
2023-12-15,2023,12,15,262500.0,667500.0,55.88102684588964,-4.198328199669799,2919.1308638017586,2.126867377569267
2023-12-16,2023,12,16,257500.0,662500.0,55.83467987242347,-4.275570996161421,4290.841991963815,2.222769511775909
2023-12-16,2023,12,16,262500.0,662500.0,55.83613012441601,-4.195793465818992,2929.3898682148815,1.8445748319622872
2023-12-16,2023,12,16,257500.0,667500.0,55.879574159628305,-4.278197631229293,4283.844651711825,1.505632305822222
2023-12-16,2023,12,16,262500.0,667500.0,55.88102684588964,-4.198328199669799,2919.1308638017586,1.771338418758921
2023-12-17,2023,12,17,257500.0,662500.0,55.83467987242347,-4.275570996161421,4290.841991963815,8.394837000760221
2023-12-17,2023,12,17,262500.0,662500.0,55.83613012441601,-4.195793465818992,2929.3898682148815,5.376986462830952
2023-12-17,2023,12,17,257500.0,667500.0,55.879574159628305,-4.278197631229293,4283.844651711825,10.015644932121734
2023-12-17,2023,12,17,262500.0,667500.0,55.88102684588964,-4.198328199669799,2919.1308638017586,8.955137326404842
2023-12-18,2023,12,18,257500.0,662500.0,55.83467987242347,-4.275570996161421,4290.841991963815,2.1534615581504384
2023-12-18,2023,12,18,262500.0,662500.0,55.83613012441601,-4.195793465818992,2929.3898682148815,2.085974843945792
2023-12-18,2023,12,18,257500.0,667500.0,55.879574159628305,-4.278197631229293,4283.844651711825,1.3718646679588111
2023-12-18,2023,12,18,262500.0,667500.0,55.88102684588964,-4.198328199669799,2919.1308638017586,1.8819978138077056
2023-12-19,2023,12,19,257500.0,662500.0,55.83467987242347,-4.275570996161421,4290.841991963815,3.925978958228138
2023-12-19,2023,12,19,262500.0,662500.0,55.83613012441601,-4.195793465818992,2929.3898682148815,3.701901507352638
2023-12-19,2023,12,19,257500.0,667500.0,55.879574159628305,-4.278197631229293,4283.844651711825,4.789808231759294
2023-12-19,2023,12,19,262500.0,667500.0,55.88102684588964,-4.198328199669799,2919.1308638017586,3.896287611521641
2023-12-20,2023,12,20,257500.0,662500.0,55.83467987242347,-4.275570996161421,4290.841991963815,6.2980758538377755
2023-12-20,2023,12,20,262500.0,662500.0,55.83613012441601,-4.195793465818992,2929.3898682148815,6.354786353505001
2023-12-20,2023,12,20,257500.0,667500.0,55.879574159628305,-4.278197631229293,4283.844651711825,7.913329491823717
2023-12-20,2023,12,20,262500.0,667500.0,55.88102684588964,-4.198328199669799,2919.1308638017586,6.6143566191999215
2023-12-21,2023,12,21,257500.0,662500.0,55.83467987242347,-4.275570996161421,4290.841991963815,1.282525305413716
2023-12-21,2023,12,21,262500.0,662500.0,55.83613012441601,-4.195793465818992,2929.3898682148815,0.712905381113209
2023-12-21,2023,12,21,257500.0,667500.0,55.879574159628305,-4.278197631229293,4283.844651711825,1.3773436064896314
2023-12-21,2023,12,21,262500.0,667500.0,55.88102684588964,-4.198328199669799,2919.1308638017586,1.2811256916600964
2023-12-22,2023,12,22,257500.0,662500.0,55.83467987242347,-4.275570996161421,4290.841991963815,3.9292523912714934
2023-12-22,2023,12,22,262500.0,662500.0,55.83613012441601,-4.195793465818992,2929.3898682148815,3.2174478938096467
2023-12-22,2023,12,22,257500.0,667500.0,55.879574159628305,-4.278197631229293,4283.844651711825,6.565904191872528
2023-12-22,2023,12,22,262500.0,667500.0,55.88102684588964,-4.198328199669799,2919.1308638017586,4.841067633969223
2023-12-23,2023,12,23,257500.0,662500.0,55.83467987242347,-4.275570996161421,4290.841991963815,11.1668093076945
2023-12-23,2023,12,23,262500.0,662500.0,55.83613012441601,-4.195793465818992,2929.3898682148815,9.395556046318848
2023-12-23,2023,12,23,257500.0,667500.0,55.879574159628305,-4.278197631229293,4283.844651711825,9.909060076251407
2023-12-23,2023,12,23,262500.0,667500.0,55.88102684588964,-4.198328199669799,2919.1308638017586,10.945010305639398
2023-12-24,2023,12,24,257500.0,662500.0,55.83467987242347,-4.275570996161421,4290.841991963815,3.35043410228134
2023-12-24,2023,12,24,262500.0,662500.0,55.83613012441601,-4.195793465818992,2929.3898682148815,2.87846017532155
2023-12-24,2023,12,24,257500.0,667500.0,55.879574159628305,-4.278197631229293,4283.844651711825,3.686926783629479
2023-12-24,2023,12,24,262500.0,667500.0,55.88102684588964,-4.198328199669799,2919.1308638017586,3.462525382915538
2023-12-25,2023,12,25,257500.0,662500.0,55.83467987242347,-4.275570996161421,4290.841991963815,13.626526789898309
2023-12-25,2023,12,25,262500.0,662500.0,55.83613012441601,-4.195793465818992,2929.3898682148815,13.897263927032238
2023-12-25,2023,12,25,257500.0,667500.0,55.879574159628305,-4.278197631229293,4283.844651711825,13.77996064240144
2023-12-25,2023,12,25,262500.0,667500.0,55.88102684588964,-4.198328199669799,2919.1308638017586,13.796549648832096
2023-12-26,2023,12,26,257500.0,662500.0,55.83467987242347,-4.275570996161421,4290.841991963815,13.738122213506442
2023-12-26,2023,12,26,262500.0,662500.0,55.83613012441601,-4.195793465818992,2929.3898682148815,14.64422391939651
2023-12-26,2023,12,26,257500.0,667500.0,55.879574159628305,-4.278197631229293,4283.844651711825,15.42697854323704
2023-12-26,2023,12,26,262500.0,667500.0,55.88102684588964,-4.198328199669799,2919.1308638017586,13.983917759055446
2023-12-27,2023,12,27,257500.0,662500.0,55.83467987242347,-4.275570996161421,4290.841991963815,13.5650809926914
2023-12-27,2023,12,27,262500.0,662500.0,55.83613012441601,-4.195793465818992,2929.3898682148815,12.49407295632544
2023-12-27,2023,12,27,257500.0,667500.0,55.879574159628305,-4.278197631229293,4283.844651711825,15.218431523857143
2023-12-27,2023,12,27,262500.0,667500.0,55.88102684588964,-4.198328199669799,2919.1308638017586,13.74258793764118
2023-12-28,2023,12,28,257500.0,662500.0,55.83467987242347,-4.275570996161421,4290.841991963815,13.38484123045724
2023-12-28,2023,12,28,262500.0,662500.0,55.83613012441601,-4.195793465818992,2929.3898682148815,13.681082449667898
2023-12-28,2023,12,28,257500.0,667500.0,55.879574159628305,-4.278197631229293,4283.844651711825,11.21728005812044
2023-12-28,2023,12,28,262500.0,667500.0,55.88102684588964,-4.198328199669799,2919.1308638017586,12.980841409366777
2023-12-29,2023,12,29,257500.0,662500.0,55.83467987242347,-4.275570996161421,4290.841991963815,0.008692558985632
2023-12-29,2023,12,29,262500.0,662500.0,55.83613012441601,-4.195793465818992,2929.3898682148815,0.0020216297541213
2023-12-29,2023,12,29,257500.0,667500.0,55.879574159628305,-4.278197631229293,4283.844651711825,0.0061582730893298
2023-12-29,2023,12,29,262500.0,667500.0,55.88102684588964,-4.198328199669799,2919.1308638017586,0.006947962605329
2023-12-30,2023,12,30,257500.0,662500.0,55.83467987242347,-4.275570996161421,4290.841991963815,5.07223324178711
2023-12-30,2023,12,30,262500.0,662500.0,55.83613012441601,-4.195793465818992,2929.3898682148815,4.845970250513989
2023-12-30,2023,12,30,257500.0,667500.0,55.879574159628305,-4.278197631229293,4283.844651711825,6.862605185772442
2023-12-30,2023,12,30,262500.0,667500.0,55.88102684588964,-4.198328199669799,2919.1308638017586,6.085121539917251
2023-12-31,2023,12,31,257500.0,662500.0,55.83467987242347,-4.275570996161421,4290.841991963815,2.3170686925932813
2023-12-31,2023,12,31,262500.0,662500.0,55.83613012441601,-4.195793465818992,2929.3898682148815,2.5450060840665643
2023-12-31,2023,12,31,257500.0,667500.0,55.879574159628305,-4.278197631229293,4283.844651711825,2.106793805909754
2023-12-31,2023,12,31,262500.0,667500.0,55.88102684588964,-4.198328199669799,2919.1308638017586,2.320260580513796
2024-01-01,2024,1,1,257500.0,662500.0,55.83467987242347,-4.275570996161421,4290.841991963815,6.3267317828120175
2024-01-01,2024,1,1,262500.0,662500.0,55.83613012441601,-4.195793465818992,2929.3898682148815,7.459406939084087
2024-01-01,2024,1,1,257500.0,667500.0,55.879574159628305,-4.278197631229293,4283.844651711825,6.407902766303677
2024-01-01,2024,1,1,262500.0,667500.0,55.88102684588964,-4.198328199669799,2919.1308638017586,6.816845884723791
2024-01-02,2024,1,2,257500.0,662500.0,55.83467987242347,-4.275570996161421,4290.841991963815,6.178194017202239
2024-01-02,2024,1,2,262500.0,662500.0,55.83613012441601,-4.195793465818992,2929.3898682148815,7.220747290609419
2024-01-02,2024,1,2,257500.0,667500.0,55.879574159628305,-4.278197631229293,4283.844651711825,6.278519044368311
2024-01-02,2024,1,2,262500.0,667500.0,55.88102684588964,-4.198328199669799,2919.1308638017586,6.146832936191235
2024-01-03,2024,1,3,257500.0,662500.0,55.83467987242347,-4.275570996161421,4290.841991963815,0.6164819418417293
2024-01-03,2024,1,3,262500.0,662500.0,55.83613012441601,-4.195793465818992,2929.3898682148815,0.5257559103788688
2024-01-03,2024,1,3,257500.0,667500.0,55.879574159628305,-4.278197631229293,4283.844651711825,1.5217103751341998
2024-01-03,2024,1,3,262500.0,667500.0,55.88102684588964,-4.198328199669799,2919.1308638017586,1.2253320292892425
2024-01-04,2024,1,4,257500.0,662500.0,55.83467987242347,-4.275570996161421,4290.841991963815,0.336360541092769
2024-01-04,2024,1,4,262500.0,662500.0,55.83613012441601,-4.195793465818992,2929.3898682148815,0.2634722456697214
2024-01-04,2024,1,4,257500.0,667500.0,55.879574159628305,-4.278197631229293,4283.844651711825,0.7826885202876841
2024-01-04,2024,1,4,262500.0,667500.0,55.88102684588964,-4.198328199669799,2919.1308638017586,0.9195963983514752
2024-01-05,2024,1,5,257500.0,662500.0,55.83467987242347,-4.275570996161421,4290.841991963815,0.0072238132106421
2024-01-05,2024,1,5,262500.0,662500.0,55.83613012441601,-4.195793465818992,2929.3898682148815,0.0035934258828099
2024-01-05,2024,1,5,257500.0,667500.0,55.879574159628305,-4.278197631229293,4283.844651711825,0.009598486659519
2024-01-05,2024,1,5,262500.0,667500.0,55.88102684588964,-4.198328199669799,2919.1308638017586,0.0164876419789682
2024-01-06,2024,1,6,257500.0,662500.0,55.83467987242347,-4.275570996161421,4290.841991963815,0.5195749986419845
2024-01-06,2024,1,6,262500.0,662500.0,55.83613012441601,-4.195793465818992,2929.3898682148815,0.2093465591177112
2024-01-06,2024,1,6,257500.0,667500.0,55.879574159628305,-4.278197631229293,4283.844651711825,0.2530731058587115
2024-01-06,2024,1,6,262500.0,667500.0,55.88102684588964,-4.198328199669799,2919.1308638017586,0.2058828866165954
2024-01-07,2024,1,7,257500.0,662500.0,55.83467987242347,-4.275570996161421,4290.841991963815,0.0112851271275987
2024-01-07,2024,1,7,262500.0,662500.0,55.83613012441601,-4.195793465818992,2929.3898682148815,0.0364402040541033
2024-01-07,2024,1,7,257500.0,667500.0,55.879574159628305,-4.278197631229293,4283.844651711825,0.0166608393002237
2024-01-07,2024,1,7,262500.0,667500.0,55.88102684588964,-4.198328199669799,2919.1308638017586,0.0447702537470891
2024-01-08,2024,1,8,257500.0,662500.0,55.83467987242347,-4.275570996161421,4290.841991963815,0.0099727068343155
2024-01-08,2024,1,8,262500.0,662500.0,55.83613012441601,-4.195793465818992,2929.3898682148815,0.00758931826393
2024-01-08,2024,1,8,257500.0,667500.0,55.879574159628305,-4.278197631229293,4283.844651711825,0.1124705018761311
2024-01-08,2024,1,8,262500.0,667500.0,55.88102684588964,-4.198328199669799,2919.1308638017586,0.0959681192080007
2024-01-09,2024,1,9,257500.0,662500.0,55.83467987242347,-4.275570996161421,4290.841991963815,0.0002387643414026
2024-01-09,2024,1,9,262500.0,662500.0,55.83613012441601,-4.195793465818992,2929.3898682148815,0.0004689670721953
2024-01-09,2024,1,9,257500.0,667500.0,55.879574159628305,-4.278197631229293,4283.844651711825,0.0005635859338541
2024-01-09,2024,1,9,262500.0,667500.0,55.88102684588964,-4.198328199669799,2919.1308638017586,0.0018016100895216
2024-01-10,2024,1,10,257500.0,662500.0,55.83467987242347,-4.275570996161421,4290.841991963815,0.0126479891838303
2024-01-10,2024,1,10,262500.0,662500.0,55.83613012441601,-4.195793465818992,2929.3898682148815,0.0105865185893208
2024-01-10,2024,1,10,257500.0,667500.0,55.879574159628305,-4.278197631229293,4283.844651711825,0.0159856423279293
2024-01-10,2024,1,10,262500.0,667500.0,55.88102684588964,-4.198328199669799,2919.1308638017586,0.0328720014483655
2024-01-11,2024,1,11,257500.0,662500.0,55.83467987242347,-4.275570996161421,4290.841991963815,0.0002515351041776
2024-01-11,2024,1,11,262500.0,662500.0,55.83613012441601,-4.195793465818992,2929.3898682148815,0.0002204621028566
2024-01-11,2024,1,11,257500.0,667500.0,55.879574159628305,-4.278197631229293,4283.844651711825,0.0010358136524354
2024-01-11,2024,1,11,262500.0,667500.0,55.88102684588964,-4.198328199669799,2919.1308638017586,0.0014265132557203
2024-01-12,2024,1,12,257500.0,662500.0,55.83467987242347,-4.275570996161421,4290.841991963815,0.0773390226598487
2024-01-12,2024,1,12,262500.0,662500.0,55.83613012441601,-4.195793465818992,2929.3898682148815,0.1633451435345436
2024-01-12,2024,1,12,257500.0,667500.0,55.879574159628305,-4.278197631229293,4283.844651711825,0.1399217367652857
2024-01-12,2024,1,12,262500.0,667500.0,55.88102684588964,-4.198328199669799,2919.1308638017586,0.1283622529747126
2024-01-13,2024,1,13,257500.0,662500.0,55.83467987242347,-4.275570996161421,4290.841991963815,0.0044028446736597
2024-01-13,2024,1,13,262500.0,662500.0,55.83613012441601,-4.195793465818992,2929.3898682148815,0.0033396382845438
2024-01-13,2024,1,13,257500.0,667500.0,55.879574159628305,-4.278197631229293,4283.844651711825,0.009232548651624
2024-01-13,2024,1,13,262500.0,667500.0,55.88102684588964,-4.198328199669799,2919.1308638017586,0.0316118711732654
2024-01-14,2024,1,14,257500.0,662500.0,55.83467987242347,-4.275570996161421,4290.841991963815,0.148392463165877
2024-01-14,2024,1,14,262500.0,662500.0,55.83613012441601,-4.195793465818992,2929.3898682148815,0.3529242348904839
2024-01-14,2024,1,14,257500.0,667500.0,55.879574159628305,-4.278197631229293,4283.844651711825,0.0911425341479778
2024-01-14,2024,1,14,262500.0,667500.0,55.88102684588964,-4.198328199669799,2919.1308638017586,0.2025502723968708
2024-01-15,2024,1,15,257500.0,662500.0,55.83467987242347,-4.275570996161421,4290.841991963815,0.0774842610599412
2024-01-15,2024,1,15,262500.0,662500.0,55.83613012441601,-4.195793465818992,2929.3898682148815,0.1944279558719525
2024-01-15,2024,1,15,257500.0,667500.0,55.879574159628305,-4.278197631229293,4283.844651711825,0.1321503516159852
2024-01-15,2024,1,15,262500.0,667500.0,55.88102684588964,-4.198328199669799,2919.1308638017586,0.1373260966267051
2024-01-16,2024,1,16,257500.0,662500.0,55.83467987242347,-4.275570996161421,4290.841991963815,1.0660952182156518
2024-01-16,2024,1,16,262500.0,662500.0,55.83613012441601,-4.195793465818992,2929.3898682148815,1.1090286691584432
2024-01-16,2024,1,16,257500.0,667500.0,55.879574159628305,-4.278197631229293,4283.844651711825,0.6647887717086912
2024-01-16,2024,1,16,262500.0,667500.0,55.88102684588964,-4.198328199669799,2919.1308638017586,0.7998456414032756
2024-01-17,2024,1,17,257500.0,662500.0,55.83467987242347,-4.275570996161421,4290.841991963815,0.0028943251401483
2024-01-17,2024,1,17,262500.0,662500.0,55.83613012441601,-4.195793465818992,2929.3898682148815,0.0325661112463983
2024-01-17,2024,1,17,257500.0,667500.0,55.879574159628305,-4.278197631229293,4283.844651711825,0.0049739578207266
2024-01-17,2024,1,17,262500.0,667500.0,55.88102684588964,-4.198328199669799,2919.1308638017586,0.0271257008394461
2024-01-18,2024,1,18,257500.0,662500.0,55.83467987242347,-4.275570996161421,4290.841991963815,2.7107905337197007
2024-01-18,2024,1,18,262500.0,662500.0,55.83613012441601,-4.195793465818992,2929.3898682148815,2.580392512196605
2024-01-18,2024,1,18,257500.0,667500.0,55.879574159628305,-4.278197631229293,4283.844651711825,2.898894509362647
2024-01-18,2024,1,18,262500.0,667500.0,55.88102684588964,-4.198328199669799,2919.1308638017586,2.274030288193715
2024-01-19,2024,1,19,257500.0,662500.0,55.83467987242347,-4.275570996161421,4290.841991963815,12.017807878487131
2024-01-19,2024,1,19,262500.0,662500.0,55.83613012441601,-4.195793465818992,2929.3898682148815,8.796596599372013
2024-01-19,2024,1,19,257500.0,667500.0,55.879574159628305,-4.278197631229293,4283.844651711825,9.559993803291404
2024-01-19,2024,1,19,262500.0,667500.0,55.88102684588964,-4.198328199669799,2919.1308638017586,8.803394748396329
2024-01-20,2024,1,20,257500.0,662500.0,55.83467987242347,-4.275570996161421,4290.841991963815,18.50967477258143
2024-01-20,2024,1,20,262500.0,662500.0,55.83613012441601,-4.195793465818992,2929.3898682148815,14.91359847570804
2024-01-20,2024,1,20,257500.0,667500.0,55.879574159628305,-4.278197631229293,4283.844651711825,15.801453923603388
2024-01-20,2024,1,20,262500.0,667500.0,55.88102684588964,-4.198328199669799,2919.1308638017586,14.572806187284852
2024-01-21,2024,1,21,257500.0,662500.0,55.83467987242347,-4.275570996161421,4290.841991963815,20.198019155041205
2024-01-21,2024,1,21,262500.0,662500.0,55.83613012441601,-4.195793465818992,2929.3898682148815,20.034807117095568
2024-01-21,2024,1,21,257500.0,667500.0,55.879574159628305,-4.278197631229293,4283.844651711825,21.75229006730785
2024-01-21,2024,1,21,262500.0,667500.0,55.88102684588964,-4.198328199669799,2919.1308638017586,21.10745798075667
2024-01-22,2024,1,22,257500.0,662500.0,55.83467987242347,-4.275570996161421,4290.841991963815,5.396296085214481
2024-01-22,2024,1,22,262500.0,662500.0,55.83613012441601,-4.195793465818992,2929.3898682148815,5.588646030975329
2024-01-22,2024,1,22,257500.0,667500.0,55.879574159628305,-4.278197631229293,4283.844651711825,3.874542812495544
2024-01-22,2024,1,22,262500.0,667500.0,55.88102684588964,-4.198328199669799,2919.1308638017586,4.824303990799129
2024-01-23,2024,1,23,257500.0,662500.0,55.83467987242347,-4.275570996161421,4290.841991963815,18.389810404130248
2024-01-23,2024,1,23,262500.0,662500.0,55.83613012441601,-4.195793465818992,2929.3898682148815,15.975358781464454
2024-01-23,2024,1,23,257500.0,667500.0,55.879574159628305,-4.278197631229293,4283.844651711825,20.559754829857216
2024-01-23,2024,1,23,262500.0,667500.0,55.88102684588964,-4.198328199669799,2919.1308638017586,19.49356380271892
2024-01-24,2024,1,24,257500.0,662500.0,55.83467987242347,-4.275570996161421,4290.841991963815,2.8406068682774333
2024-01-24,2024,1,24,262500.0,662500.0,55.83613012441601,-4.195793465818992,2929.3898682148815,2.351748226573902
2024-01-24,2024,1,24,257500.0,667500.0,55.879574159628305,-4.278197631229293,4283.844651711825,2.260697050976331
2024-01-24,2024,1,24,262500.0,667500.0,55.88102684588964,-4.198328199669799,2919.1308638017586,2.1405181324156515
2024-01-25,2024,1,25,257500.0,662500.0,55.83467987242347,-4.275570996161421,4290.841991963815,9.016865743353108
2024-01-25,2024,1,25,262500.0,662500.0,55.83613012441601,-4.195793465818992,2929.3898682148815,8.07385342579167
2024-01-25,2024,1,25,257500.0,667500.0,55.879574159628305,-4.278197631229293,4283.844651711825,9.905355483791894
2024-01-25,2024,1,25,262500.0,667500.0,55.88102684588964,-4.198328199669799,2919.1308638017586,9.240715568081416
2024-01-26,2024,1,26,257500.0,662500.0,55.83467987242347,-4.275570996161421,4290.841991963815,0.0038328378547547
2024-01-26,2024,1,26,262500.0,662500.0,55.83613012441601,-4.195793465818992,2929.3898682148815,0.0026960149167163
2024-01-26,2024,1,26,257500.0,667500.0,55.879574159628305,-4.278197631229293,4283.844651711825,0.0152089473616016
2024-01-26,2024,1,26,262500.0,667500.0,55.88102684588964,-4.198328199669799,2919.1308638017586,0.0216483625433902
2024-01-27,2024,1,27,257500.0,662500.0,55.83467987242347,-4.275570996161421,4290.841991963815,0.5945454616619896
2024-01-27,2024,1,27,262500.0,662500.0,55.83613012441601,-4.195793465818992,2929.3898682148815,0.3558885447821965
2024-01-27,2024,1,27,257500.0,667500.0,55.879574159628305,-4.278197631229293,4283.844651711825,0.7051089234764099
2024-01-27,2024,1,27,262500.0,667500.0,55.88102684588964,-4.198328199669799,2919.1308638017586,0.4278172517014557
2024-01-28,2024,1,28,257500.0,662500.0,55.83467987242347,-4.275570996161421,4290.841991963815,4.874604317079705
2024-01-28,2024,1,28,262500.0,662500.0,55.83613012441601,-4.195793465818992,2929.3898682148815,4.810587595741953
2024-01-28,2024,1,28,257500.0,667500.0,55.879574159628305,-4.278197631229293,4283.844651711825,4.038287380657248
2024-01-28,2024,1,28,262500.0,667500.0,55.88102684588964,-4.198328199669799,2919.1308638017586,4.280582914839066
2024-01-29,2024,1,29,257500.0,662500.0,55.83467987242347,-4.275570996161421,4290.841991963815,0.1937916683481791
2024-01-29,2024,1,29,262500.0,662500.0,55.83613012441601,-4.195793465818992,2929.3898682148815,0.155626784286183
2024-01-29,2024,1,29,257500.0,667500.0,55.879574159628305,-4.278197631229293,4283.844651711825,0.1086040639192562
2024-01-29,2024,1,29,262500.0,667500.0,55.88102684588964,-4.198328199669799,2919.1308638017586,0.2254310911324556
2024-01-30,2024,1,30,257500.0,662500.0,55.83467987242347,-4.275570996161421,4290.841991963815,0.2955828982544481
2024-01-30,2024,1,30,262500.0,662500.0,55.83613012441601,-4.195793465818992,2929.3898682148815,0.0100414118311285
2024-01-30,2024,1,30,257500.0,667500.0,55.879574159628305,-4.278197631229293,4283.844651711825,0.0810264278562555
2024-01-30,2024,1,30,262500.0,667500.0,55.88102684588964,-4.198328199669799,2919.1308638017586,0.0324434445115589
2024-01-31,2024,1,31,257500.0,662500.0,55.83467987242347,-4.275570996161421,4290.841991963815,11.73600601440116
2024-01-31,2024,1,31,262500.0,662500.0,55.83613012441601,-4.195793465818992,2929.3898682148815,11.461393556161912
2024-01-31,2024,1,31,257500.0,667500.0,55.879574159628305,-4.278197631229293,4283.844651711825,9.677910917377726
2024-01-31,2024,1,31,262500.0,667500.0,55.88102684588964,-4.198328199669799,2919.1308638017586,9.93319661059552
2024-02-01,2024,2,1,257500.0,662500.0,55.83467987242347,-4.275570996161421,4290.841991963815,0.2090221756038653
2024-02-01,2024,2,1,262500.0,662500.0,55.83613012441601,-4.195793465818992,2929.3898682148815,0.016398359342447
2024-02-01,2024,2,1,257500.0,667500.0,55.879574159628305,-4.278197631229293,4283.844651711825,0.1076255805999422
2024-02-01,2024,2,1,262500.0,667500.0,55.88102684588964,-4.198328199669799,2919.1308638017586,0.2012305414388144
2024-02-02,2024,2,2,257500.0,662500.0,55.83467987242347,-4.275570996161421,4290.841991963815,1.411406888074085
2024-02-02,2024,2,2,262500.0,662500.0,55.83613012441601,-4.195793465818992,2929.3898682148815,0.8055079172610204
2024-02-02,2024,2,2,257500.0,667500.0,55.879574159628305,-4.278197631229293,4283.844651711825,1.3338190901130174
2024-02-02,2024,2,2,262500.0,667500.0,55.88102684588964,-4.198328199669799,2919.1308638017586,1.1593441029766232
2024-02-03,2024,2,3,257500.0,662500.0,55.83467987242347,-4.275570996161421,4290.841991963815,2.442444911277859
2024-02-03,2024,2,3,262500.0,662500.0,55.83613012441601,-4.195793465818992,2929.3898682148815,1.9036853859033944
2024-02-03,2024,2,3,257500.0,667500.0,55.879574159628305,-4.278197631229293,4283.844651711825,2.875510467441375
2024-02-03,2024,2,3,262500.0,667500.0,55.88102684588964,-4.198328199669799,2919.1308638017586,2.4837506405782337
2024-02-04,2024,2,4,257500.0,662500.0,55.83467987242347,-4.275570996161421,4290.841991963815,6.816109639769502
2024-02-04,2024,2,4,262500.0,662500.0,55.83613012441601,-4.195793465818992,2929.3898682148815,5.6617112776793785
2024-02-04,2024,2,4,257500.0,667500.0,55.879574159628305,-4.278197631229293,4283.844651711825,7.221809264107824
2024-02-04,2024,2,4,262500.0,667500.0,55.88102684588964,-4.198328199669799,2919.1308638017586,6.867223925156179
2024-02-05,2024,2,5,257500.0,662500.0,55.83467987242347,-4.275570996161421,4290.841991963815,15.659868071122531
2024-02-05,2024,2,5,262500.0,662500.0,55.83613012441601,-4.195793465818992,2929.3898682148815,14.53996715080286
2024-02-05,2024,2,5,257500.0,667500.0,55.879574159628305,-4.278197631229293,4283.844651711825,16.12589482752603
2024-02-05,2024,2,5,262500.0,667500.0,55.88102684588964,-4.198328199669799,2919.1308638017586,15.68757056486915
2024-02-06,2024,2,6,257500.0,662500.0,55.83467987242347,-4.275570996161421,4290.841991963815,0.3900344935449629
2024-02-06,2024,2,6,262500.0,662500.0,55.83613012441601,-4.195793465818992,2929.3898682148815,0.5814446102980605
2024-02-06,2024,2,6,257500.0,667500.0,55.879574159628305,-4.278197631229293,4283.844651711825,0.3696695473212257
2024-02-06,2024,2,6,262500.0,667500.0,55.88102684588964,-4.198328199669799,2919.1308638017586,0.4441610754890689
2024-02-07,2024,2,7,257500.0,662500.0,55.83467987242347,-4.275570996161421,4290.841991963815,0.0007738555610831
2024-02-07,2024,2,7,262500.0,662500.0,55.83613012441601,-4.195793465818992,2929.3898682148815,0.0005441788273403
2024-02-07,2024,2,7,257500.0,667500.0,55.879574159628305,-4.278197631229293,4283.844651711825,0.0019636197735391
2024-02-07,2024,2,7,262500.0,667500.0,55.88102684588964,-4.198328199669799,2919.1308638017586,0.0024435639460096
2024-02-08,2024,2,8,257500.0,662500.0,55.83467987242347,-4.275570996161421,4290.841991963815,0.2666636276795857
2024-02-08,2024,2,8,262500.0,662500.0,55.83613012441601,-4.195793465818992,2929.3898682148815,0.2284715335238483
2024-02-08,2024,2,8,257500.0,667500.0,55.879574159628305,-4.278197631229293,4283.844651711825,0.2591455551218871
2024-02-08,2024,2,8,262500.0,667500.0,55.88102684588964,-4.198328199669799,2919.1308638017586,0.353224057838805
2024-02-09,2024,2,9,257500.0,662500.0,55.83467987242347,-4.275570996161421,4290.841991963815,5.975569541585494
2024-02-09,2024,2,9,262500.0,662500.0,55.83613012441601,-4.195793465818992,2929.3898682148815,5.916637209956539
2024-02-09,2024,2,9,257500.0,667500.0,55.879574159628305,-4.278197631229293,4283.844651711825,5.5509004109280635
2024-02-09,2024,2,9,262500.0,667500.0,55.88102684588964,-4.198328199669799,2919.1308638017586,5.601519283657382
2024-02-10,2024,2,10,257500.0,662500.0,55.83467987242347,-4.275570996161421,4290.841991963815,0.4977795836101886
2024-02-10,2024,2,10,262500.0,662500.0,55.83613012441601,-4.195793465818992,2929.3898682148815,0.23478092321573
2024-02-10,2024,2,10,257500.0,667500.0,55.879574159628305,-4.278197631229293,4283.844651711825,0.5573006853718083
2024-02-10,2024,2,10,262500.0,667500.0,55.88102684588964,-4.198328199669799,2919.1308638017586,0.3138155826670589
2024-02-11,2024,2,11,257500.0,662500.0,55.83467987242347,-4.275570996161421,4290.841991963815,0.9459444240634656
2024-02-11,2024,2,11,262500.0,662500.0,55.83613012441601,-4.195793465818992,2929.3898682148815,0.5180196414886837
2024-02-11,2024,2,11,257500.0,667500.0,55.879574159628305,-4.278197631229293,4283.844651711825,1.2040411305998129
2024-02-11,2024,2,11,262500.0,667500.0,55.88102684588964,-4.198328199669799,2919.1308638017586,1.11519088804493
2024-02-12,2024,2,12,257500.0,662500.0,55.83467987242347,-4.275570996161421,4290.841991963815,4.8801181959643305
2024-02-12,2024,2,12,262500.0,662500.0,55.83613012441601,-4.195793465818992,2929.3898682148815,4.70825379964702
2024-02-12,2024,2,12,257500.0,667500.0,55.879574159628305,-4.278197631229293,4283.844651711825,5.535809087534106
2024-02-12,2024,2,12,262500.0,667500.0,55.88102684588964,-4.198328199669799,2919.1308638017586,5.507089503993004
2024-02-13,2024,2,13,257500.0,662500.0,55.83467987242347,-4.275570996161421,4290.841991963815,1.695488853598936
2024-02-13,2024,2,13,262500.0,662500.0,55.83613012441601,-4.195793465818992,2929.3898682148815,1.6521413916420995
2024-02-13,2024,2,13,257500.0,667500.0,55.879574159628305,-4.278197631229293,4283.844651711825,1.984164244987729
2024-02-13,2024,2,13,262500.0,667500.0,55.88102684588964,-4.198328199669799,2919.1308638017586,1.8548557114437063
2024-02-14,2024,2,14,257500.0,662500.0,55.83467987242347,-4.275570996161421,4290.841991963815,4.215643775836878
2024-02-14,2024,2,14,262500.0,662500.0,55.83613012441601,-4.195793465818992,2929.3898682148815,3.769842810273165
2024-02-14,2024,2,14,257500.0,667500.0,55.879574159628305,-4.278197631229293,4283.844651711825,5.004696932525059
2024-02-14,2024,2,14,262500.0,667500.0,55.88102684588964,-4.198328199669799,2919.1308638017586,4.765888152992003
2024-02-15,2024,2,15,257500.0,662500.0,55.83467987242347,-4.275570996161421,4290.841991963815,4.214610906712074
2024-02-15,2024,2,15,262500.0,662500.0,55.83613012441601,-4.195793465818992,2929.3898682148815,4.582988932082535
2024-02-15,2024,2,15,257500.0,667500.0,55.879574159628305,-4.278197631229293,4283.844651711825,4.428733874587391
2024-02-15,2024,2,15,262500.0,667500.0,55.88102684588964,-4.198328199669799,2919.1308638017586,4.690542587978422
2024-02-16,2024,2,16,257500.0,662500.0,55.83467987242347,-4.275570996161421,4290.841991963815,0.1750439045062966
2024-02-16,2024,2,16,262500.0,662500.0,55.83613012441601,-4.195793465818992,2929.3898682148815,0.0496760694325012
2024-02-16,2024,2,16,257500.0,667500.0,55.879574159628305,-4.278197631229293,4283.844651711825,0.3662861101480105
2024-02-16,2024,2,16,262500.0,667500.0,55.88102684588964,-4.198328199669799,2919.1308638017586,0.2376072568423594
2024-02-17,2024,2,17,257500.0,662500.0,55.83467987242347,-4.275570996161421,4290.841991963815,3.3882337586654496
2024-02-17,2024,2,17,262500.0,662500.0,55.83613012441601,-4.195793465818992,2929.3898682148815,2.6018086747912266
2024-02-17,2024,2,17,257500.0,667500.0,55.879574159628305,-4.278197631229293,4283.844651711825,4.5131579627978455
2024-02-17,2024,2,17,262500.0,667500.0,55.88102684588964,-4.198328199669799,2919.1308638017586,3.945297429727525
2024-02-18,2024,2,18,257500.0,662500.0,55.83467987242347,-4.275570996161421,4290.841991963815,5.532086192778095
2024-02-18,2024,2,18,262500.0,662500.0,55.83613012441601,-4.195793465818992,2929.3898682148815,5.2765000566125755
2024-02-18,2024,2,18,257500.0,667500.0,55.879574159628305,-4.278197631229293,4283.844651711825,6.482354800909907
2024-02-18,2024,2,18,262500.0,667500.0,55.88102684588964,-4.198328199669799,2919.1308638017586,6.176056836450433
2024-02-19,2024,2,19,257500.0,662500.0,55.83467987242347,-4.275570996161421,4290.841991963815,0.5802364506275024
2024-02-19,2024,2,19,262500.0,662500.0,55.83613012441601,-4.195793465818992,2929.3898682148815,1.3330462039612705
2024-02-19,2024,2,19,257500.0,667500.0,55.879574159628305,-4.278197631229293,4283.844651711825,0.3529889189847579
2024-02-19,2024,2,19,262500.0,667500.0,55.88102684588964,-4.198328199669799,2919.1308638017586,0.851420121599357
2024-02-20,2024,2,20,257500.0,662500.0,55.83467987242347,-4.275570996161421,4290.841991963815,5.307482712997036
2024-02-20,2024,2,20,262500.0,662500.0,55.83613012441601,-4.195793465818992,2929.3898682148815,4.083468278717131
2024-02-20,2024,2,20,257500.0,667500.0,55.879574159628305,-4.278197631229293,4283.844651711825,5.25993777497962
2024-02-20,2024,2,20,262500.0,667500.0,55.88102684588964,-4.198328199669799,2919.1308638017586,5.182683910502299
2024-02-21,2024,2,21,257500.0,662500.0,55.83467987242347,-4.275570996161421,4290.841991963815,4.098293177333667
2024-02-21,2024,2,21,262500.0,662500.0,55.83613012441601,-4.195793465818992,2929.3898682148815,3.817371871208025
2024-02-21,2024,2,21,257500.0,667500.0,55.879574159628305,-4.278197631229293,4283.844651711825,5.035672045628211
2024-02-21,2024,2,21,262500.0,667500.0,55.88102684588964,-4.198328199669799,2919.1308638017586,4.558046144509611
2024-02-22,2024,2,22,257500.0,662500.0,55.83467987242347,-4.275570996161421,4290.841991963815,2.112833198509694
2024-02-22,2024,2,22,262500.0,662500.0,55.83613012441601,-4.195793465818992,2929.3898682148815,1.661605184705738
2024-02-22,2024,2,22,257500.0,667500.0,55.879574159628305,-4.278197631229293,4283.844651711825,3.877414808596636
2024-02-22,2024,2,22,262500.0,667500.0,55.88102684588964,-4.198328199669799,2919.1308638017586,2.8863247177306066
2024-02-23,2024,2,23,257500.0,662500.0,55.83467987242347,-4.275570996161421,4290.841991963815,2.8492710721090937
2024-02-23,2024,2,23,262500.0,662500.0,55.83613012441601,-4.195793465818992,2929.3898682148815,2.543036588536737
2024-02-23,2024,2,23,257500.0,667500.0,55.879574159628305,-4.278197631229293,4283.844651711825,3.704104420054992
2024-02-23,2024,2,23,262500.0,667500.0,55.88102684588964,-4.198328199669799,2919.1308638017586,3.1478628279758456
2024-02-24,2024,2,24,257500.0,662500.0,55.83467987242347,-4.275570996161421,4290.841991963815,0.069190140466663
2024-02-24,2024,2,24,262500.0,662500.0,55.83613012441601,-4.195793465818992,2929.3898682148815,0.0173365277189131
2024-02-24,2024,2,24,257500.0,667500.0,55.879574159628305,-4.278197631229293,4283.844651711825,0.0361675982922905
2024-02-24,2024,2,24,262500.0,667500.0,55.88102684588964,-4.198328199669799,2919.1308638017586,0.0410776163079614
2024-02-25,2024,2,25,257500.0,662500.0,55.83467987242347,-4.275570996161421,4290.841991963815,0.0014208413046626
2024-02-25,2024,2,25,262500.0,662500.0,55.83613012441601,-4.195793465818992,2929.3898682148815,0.0020609684697442
2024-02-25,2024,2,25,257500.0,667500.0,55.879574159628305,-4.278197631229293,4283.844651711825,0.0014636144047085
2024-02-25,2024,2,25,262500.0,667500.0,55.88102684588964,-4.198328199669799,2919.1308638017586,0.0025053888301734
2024-02-26,2024,2,26,257500.0,662500.0,55.83467987242347,-4.275570996161421,4290.841991963815,1.5735782030363206
2024-02-26,2024,2,26,262500.0,662500.0,55.83613012441601,-4.195793465818992,2929.3898682148815,0.9030893025835028
2024-02-26,2024,2,26,257500.0,667500.0,55.879574159628305,-4.278197631229293,4283.844651711825,1.3060554500870336
2024-02-26,2024,2,26,262500.0,667500.0,55.88102684588964,-4.198328199669799,2919.1308638017586,1.1806587880177704
2024-02-27,2024,2,27,257500.0,662500.0,55.83467987242347,-4.275570996161421,4290.841991963815,0.9714487140691545
2024-02-27,2024,2,27,262500.0,662500.0,55.83613012441601,-4.195793465818992,2929.3898682148815,0.6928942053580398
2024-02-27,2024,2,27,257500.0,667500.0,55.879574159628305,-4.278197631229293,4283.844651711825,0.9610801915929728
2024-02-27,2024,2,27,262500.0,667500.0,55.88102684588964,-4.198328199669799,2919.1308638017586,0.96956632495906
2024-02-28,2024,2,28,257500.0,662500.0,55.83467987242347,-4.275570996161421,4290.841991963815,7.852166104504163
2024-02-28,2024,2,28,262500.0,662500.0,55.83613012441601,-4.195793465818992,2929.3898682148815,7.345844643933765
2024-02-28,2024,2,28,257500.0,667500.0,55.879574159628305,-4.278197631229293,4283.844651711825,7.403431338792392
2024-02-28,2024,2,28,262500.0,667500.0,55.88102684588964,-4.198328199669799,2919.1308638017586,7.692182129628021
2024-02-29,2024,2,29,257500.0,662500.0,55.83467987242347,-4.275570996161421,4290.841991963815,0.6166722902229907
2024-02-29,2024,2,29,262500.0,662500.0,55.83613012441601,-4.195793465818992,2929.3898682148815,0.4080644425908789
2024-02-29,2024,2,29,257500.0,667500.0,55.879574159628305,-4.278197631229293,4283.844651711825,1.879964082452497
2024-02-29,2024,2,29,262500.0,667500.0,55.88102684588964,-4.198328199669799,2919.1308638017586,1.0437172962097696
2024-03-01,2024,3,1,257500.0,662500.0,55.83467987242347,-4.275570996161421,4290.841991963815,0.2697704294078758
2024-03-01,2024,3,1,262500.0,662500.0,55.83613012441601,-4.195793465818992,2929.3898682148815,0.3453808252556904
2024-03-01,2024,3,1,257500.0,667500.0,55.879574159628305,-4.278197631229293,4283.844651711825,0.163052724813023
2024-03-01,2024,3,1,262500.0,667500.0,55.88102684588964,-4.198328199669799,2919.1308638017586,0.4183839245507676
2024-03-02,2024,3,2,257500.0,662500.0,55.83467987242347,-4.275570996161421,4290.841991963815,1.071181816226036
2024-03-02,2024,3,2,262500.0,662500.0,55.83613012441601,-4.195793465818992,2929.3898682148815,1.0638761347638344
2024-03-02,2024,3,2,257500.0,667500.0,55.879574159628305,-4.278197631229293,4283.844651711825,2.097757270911796
2024-03-02,2024,3,2,262500.0,667500.0,55.88102684588964,-4.198328199669799,2919.1308638017586,1.8081409049956545
2024-03-03,2024,3,3,257500.0,662500.0,55.83467987242347,-4.275570996161421,4290.841991963815,0.1077019976939141
2024-03-03,2024,3,3,262500.0,662500.0,55.83613012441601,-4.195793465818992,2929.3898682148815,0.0063563911502546
2024-03-03,2024,3,3,257500.0,667500.0,55.879574159628305,-4.278197631229293,4283.844651711825,0.1146715757722634
2024-03-03,2024,3,3,262500.0,667500.0,55.88102684588964,-4.198328199669799,2919.1308638017586,0.0413623931766318
2024-03-04,2024,3,4,257500.0,662500.0,55.83467987242347,-4.275570996161421,4290.841991963815,0.0063203121665504
2024-03-04,2024,3,4,262500.0,662500.0,55.83613012441601,-4.195793465818992,2929.3898682148815,0.0018249954736435
2024-03-04,2024,3,4,257500.0,667500.0,55.879574159628305,-4.278197631229293,4283.844651711825,0.0080315220305464
2024-03-04,2024,3,4,262500.0,667500.0,55.88102684588964,-4.198328199669799,2919.1308638017586,0.0103111231116711
2024-03-05,2024,3,5,257500.0,662500.0,55.83467987242347,-4.275570996161421,4290.841991963815,0.5157588297233303
2024-03-05,2024,3,5,262500.0,662500.0,55.83613012441601,-4.195793465818992,2929.3898682148815,0.5795280891915218
2024-03-05,2024,3,5,257500.0,667500.0,55.879574159628305,-4.278197631229293,4283.844651711825,0.4454886157625506
2024-03-05,2024,3,5,262500.0,667500.0,55.88102684588964,-4.198328199669799,2919.1308638017586,0.5479616868674604
2024-03-06,2024,3,6,257500.0,662500.0,55.83467987242347,-4.275570996161421,4290.841991963815,0.1032070865177017
2024-03-06,2024,3,6,262500.0,662500.0,55.83613012441601,-4.195793465818992,2929.3898682148815,0.0040042707036287
2024-03-06,2024,3,6,257500.0,667500.0,55.879574159628305,-4.278197631229293,4283.844651711825,0.0267720400652823
2024-03-06,2024,3,6,262500.0,667500.0,55.88102684588964,-4.198328199669799,2919.1308638017586,0.0124832038077855
2024-03-07,2024,3,7,257500.0,662500.0,55.83467987242347,-4.275570996161421,4290.841991963815,0.519368380189186
2024-03-07,2024,3,7,262500.0,662500.0,55.83613012441601,-4.195793465818992,2929.3898682148815,0.361947387266777
2024-03-07,2024,3,7,257500.0,667500.0,55.879574159628305,-4.278197631229293,4283.844651711825,0.3618100017364076
2024-03-07,2024,3,7,262500.0,667500.0,55.88102684588964,-4.198328199669799,2919.1308638017586,0.3389017539230417
2024-03-08,2024,3,8,257500.0,662500.0,55.83467987242347,-4.275570996161421,4290.841991963815,0.000679221407484
2024-03-08,2024,3,8,262500.0,662500.0,55.83613012441601,-4.195793465818992,2929.3898682148815,0.0002679507652452
2024-03-08,2024,3,8,257500.0,667500.0,55.879574159628305,-4.278197631229293,4283.844651711825,0.0021984885476164
2024-03-08,2024,3,8,262500.0,667500.0,55.88102684588964,-4.198328199669799,2919.1308638017586,0.0019326811420229
2024-03-09,2024,3,9,257500.0,662500.0,55.83467987242347,-4.275570996161421,4290.841991963815,0.064059513111376
2024-03-09,2024,3,9,262500.0,662500.0,55.83613012441601,-4.195793465818992,2929.3898682148815,0.0089387482547397
2024-03-09,2024,3,9,257500.0,667500.0,55.879574159628305,-4.278197631229293,4283.844651711825,0.025389310347383
2024-03-09,2024,3,9,262500.0,667500.0,55.88102684588964,-4.198328199669799,2919.1308638017586,0.0194676965181484
2024-03-10,2024,3,10,257500.0,662500.0,55.83467987242347,-4.275570996161421,4290.841991963815,0.6610840202880296
2024-03-10,2024,3,10,262500.0,662500.0,55.83613012441601,-4.195793465818992,2929.3898682148815,0.4723981950897296
2024-03-10,2024,3,10,257500.0,667500.0,55.879574159628305,-4.278197631229293,4283.844651711825,0.4759304366883307
2024-03-10,2024,3,10,262500.0,667500.0,55.88102684588964,-4.198328199669799,2919.1308638017586,0.5334623133832166
2024-03-11,2024,3,11,257500.0,662500.0,55.83467987242347,-4.275570996161421,4290.841991963815,0.3249657125289173
2024-03-11,2024,3,11,262500.0,662500.0,55.83613012441601,-4.195793465818992,2929.3898682148815,0.2402555721633651
2024-03-11,2024,3,11,257500.0,667500.0,55.879574159628305,-4.278197631229293,4283.844651711825,0.3347669495996147
2024-03-11,2024,3,11,262500.0,667500.0,55.88102684588964,-4.198328199669799,2919.1308638017586,0.304984769091904
2024-03-12,2024,3,12,257500.0,662500.0,55.83467987242347,-4.275570996161421,4290.841991963815,8.70747191315762
2024-03-12,2024,3,12,262500.0,662500.0,55.83613012441601,-4.195793465818992,2929.3898682148815,6.978133329674757
2024-03-12,2024,3,12,257500.0,667500.0,55.879574159628305,-4.278197631229293,4283.844651711825,9.30040436809244
2024-03-12,2024,3,12,262500.0,667500.0,55.88102684588964,-4.198328199669799,2919.1308638017586,8.52902153269374
2024-03-13,2024,3,13,257500.0,662500.0,55.83467987242347,-4.275570996161421,4290.841991963815,1.8179018086550125
2024-03-13,2024,3,13,262500.0,662500.0,55.83613012441601,-4.195793465818992,2929.3898682148815,1.7722507345636809
2024-03-13,2024,3,13,257500.0,667500.0,55.879574159628305,-4.278197631229293,4283.844651711825,1.2949444113278137
2024-03-13,2024,3,13,262500.0,667500.0,55.88102684588964,-4.198328199669799,2919.1308638017586,1.6357748195645785
2024-03-14,2024,3,14,257500.0,662500.0,55.83467987242347,-4.275570996161421,4290.841991963815,23.80802716757062
2024-03-14,2024,3,14,262500.0,662500.0,55.83613012441601,-4.195793465818992,2929.3898682148815,18.586513400335736
2024-03-14,2024,3,14,257500.0,667500.0,55.879574159628305,-4.278197631229293,4283.844651711825,19.73984129597574
2024-03-14,2024,3,14,262500.0,667500.0,55.88102684588964,-4.198328199669799,2919.1308638017586,20.252763917326316
2024-03-15,2024,3,15,257500.0,662500.0,55.83467987242347,-4.275570996161421,4290.841991963815,2.740767386276238
2024-03-15,2024,3,15,262500.0,662500.0,55.83613012441601,-4.195793465818992,2929.3898682148815,2.586085354939205
2024-03-15,2024,3,15,257500.0,667500.0,55.879574159628305,-4.278197631229293,4283.844651711825,2.9422001193779983
2024-03-15,2024,3,15,262500.0,667500.0,55.88102684588964,-4.198328199669799,2919.1308638017586,2.948709884477803
2024-03-16,2024,3,16,257500.0,662500.0,55.83467987242347,-4.275570996161421,4290.841991963815,8.052528931500282
2024-03-16,2024,3,16,262500.0,662500.0,55.83613012441601,-4.195793465818992,2929.3898682148815,7.825807557351027
2024-03-16,2024,3,16,257500.0,667500.0,55.879574159628305,-4.278197631229293,4283.844651711825,7.572863045977596
2024-03-16,2024,3,16,262500.0,667500.0,55.88102684588964,-4.198328199669799,2919.1308638017586,8.2465112963589
2024-03-17,2024,3,17,257500.0,662500.0,55.83467987242347,-4.275570996161421,4290.841991963815,1.303033010004376
2024-03-17,2024,3,17,262500.0,662500.0,55.83613012441601,-4.195793465818992,2929.3898682148815,1.1125849222977824
2024-03-17,2024,3,17,257500.0,667500.0,55.879574159628305,-4.278197631229293,4283.844651711825,1.4946505680390687
2024-03-17,2024,3,17,262500.0,667500.0,55.88102684588964,-4.198328199669799,2919.1308638017586,1.5563792842666415
2024-03-18,2024,3,18,257500.0,662500.0,55.83467987242347,-4.275570996161421,4290.841991963815,6.069526314082335
2024-03-18,2024,3,18,262500.0,662500.0,55.83613012441601,-4.195793465818992,2929.3898682148815,4.450471835167062
2024-03-18,2024,3,18,257500.0,667500.0,55.879574159628305,-4.278197631229293,4283.844651711825,5.373805291019865
2024-03-18,2024,3,18,262500.0,667500.0,55.88102684588964,-4.198328199669799,2919.1308638017586,5.088253096038095
2024-03-19,2024,3,19,257500.0,662500.0,55.83467987242347,-4.275570996161421,4290.841991963815,0.8128827504929781
2024-03-19,2024,3,19,262500.0,662500.0,55.83613012441601,-4.195793465818992,2929.3898682148815,0.6736245015429435
2024-03-19,2024,3,19,257500.0,667500.0,55.879574159628305,-4.278197631229293,4283.844651711825,0.961542679647666
2024-03-19,2024,3,19,262500.0,667500.0,55.88102684588964,-4.198328199669799,2919.1308638017586,0.9024313358785928
2024-03-20,2024,3,20,257500.0,662500.0,55.83467987242347,-4.275570996161421,4290.841991963815,1.6029511343657925
2024-03-20,2024,3,20,262500.0,662500.0,55.83613012441601,-4.195793465818992,2929.3898682148815,0.8786486350717931
2024-03-20,2024,3,20,257500.0,667500.0,55.879574159628305,-4.278197631229293,4283.844651711825,1.819229826357441
2024-03-20,2024,3,20,262500.0,667500.0,55.88102684588964,-4.198328199669799,2919.1308638017586,1.7171865833364013
2024-03-21,2024,3,21,257500.0,662500.0,55.83467987242347,-4.275570996161421,4290.841991963815,2.8099278112342807
2024-03-21,2024,3,21,262500.0,662500.0,55.83613012441601,-4.195793465818992,2929.3898682148815,1.5762633557537895
2024-03-21,2024,3,21,257500.0,667500.0,55.879574159628305,-4.278197631229293,4283.844651711825,3.4051850888252932
2024-03-21,2024,3,21,262500.0,667500.0,55.88102684588964,-4.198328199669799,2919.1308638017586,2.943811528041813
2024-03-22,2024,3,22,257500.0,662500.0,55.83467987242347,-4.275570996161421,4290.841991963815,7.666480363829352
2024-03-22,2024,3,22,262500.0,662500.0,55.83613012441601,-4.195793465818992,2929.3898682148815,6.914883824045267
2024-03-22,2024,3,22,257500.0,667500.0,55.879574159628305,-4.278197631229293,4283.844651711825,8.3144979913001
2024-03-22,2024,3,22,262500.0,667500.0,55.88102684588964,-4.198328199669799,2919.1308638017586,7.672619307216665
2024-03-23,2024,3,23,257500.0,662500.0,55.83467987242347,-4.275570996161421,4290.841991963815,0.3262767389999357
2024-03-23,2024,3,23,262500.0,662500.0,55.83613012441601,-4.195793465818992,2929.3898682148815,0.2113351250794812
2024-03-23,2024,3,23,257500.0,667500.0,55.879574159628305,-4.278197631229293,4283.844651711825,0.4125084573966015
2024-03-23,2024,3,23,262500.0,667500.0,55.88102684588964,-4.198328199669799,2919.1308638017586,0.2831866477193738
2024-03-24,2024,3,24,257500.0,662500.0,55.83467987242347,-4.275570996161421,4290.841991963815,0.0121625468272594
2024-03-24,2024,3,24,262500.0,662500.0,55.83613012441601,-4.195793465818992,2929.3898682148815,0.0091751327861911
2024-03-24,2024,3,24,257500.0,667500.0,55.879574159628305,-4.278197631229293,4283.844651711825,0.0176917464946597
2024-03-24,2024,3,24,262500.0,667500.0,55.88102684588964,-4.198328199669799,2919.1308638017586,0.0238682691925079
2024-03-25,2024,3,25,257500.0,662500.0,55.83467987242347,-4.275570996161421,4290.841991963815,4.415360752766608
2024-03-25,2024,3,25,262500.0,662500.0,55.83613012441601,-4.195793465818992,2929.3898682148815,4.19084605686706
2024-03-25,2024,3,25,257500.0,667500.0,55.879574159628305,-4.278197631229293,4283.844651711825,3.508978483959742
2024-03-25,2024,3,25,262500.0,667500.0,55.88102684588964,-4.198328199669799,2919.1308638017586,4.0120199982512466
2024-03-26,2024,3,26,257500.0,662500.0,55.83467987242347,-4.275570996161421,4290.841991963815,3.131423553913093
2024-03-26,2024,3,26,262500.0,662500.0,55.83613012441601,-4.195793465818992,2929.3898682148815,2.5128354317918267
2024-03-26,2024,3,26,257500.0,667500.0,55.879574159628305,-4.278197631229293,4283.844651711825,2.7106083148194102
2024-03-26,2024,3,26,262500.0,667500.0,55.88102684588964,-4.198328199669799,2919.1308638017586,3.330852455723335
2024-03-27,2024,3,27,257500.0,662500.0,55.83467987242347,-4.275570996161421,4290.841991963815,5.845776805913637
2024-03-27,2024,3,27,262500.0,662500.0,55.83613012441601,-4.195793465818992,2929.3898682148815,4.698536333493759
2024-03-27,2024,3,27,257500.0,667500.0,55.879574159628305,-4.278197631229293,4283.844651711825,4.162509032220911
2024-03-27,2024,3,27,262500.0,667500.0,55.88102684588964,-4.198328199669799,2919.1308638017586,4.651606954879437
2024-03-28,2024,3,28,257500.0,662500.0,55.83467987242347,-4.275570996161421,4290.841991963815,9.91683703964272
2024-03-28,2024,3,28,262500.0,662500.0,55.83613012441601,-4.195793465818992,2929.3898682148815,9.303499286949092
2024-03-28,2024,3,28,257500.0,667500.0,55.879574159628305,-4.278197631229293,4283.844651711825,9.48369530064574
2024-03-28,2024,3,28,262500.0,667500.0,55.88102684588964,-4.198328199669799,2919.1308638017586,10.017551196932658
2024-03-29,2024,3,29,257500.0,662500.0,55.83467987242347,-4.275570996161421,4290.841991963815,2.0093778308022188
2024-03-29,2024,3,29,262500.0,662500.0,55.83613012441601,-4.195793465818992,2929.3898682148815,1.5612417665486145
2024-03-29,2024,3,29,257500.0,667500.0,55.879574159628305,-4.278197631229293,4283.844651711825,3.1479585987803187
2024-03-29,2024,3,29,262500.0,667500.0,55.88102684588964,-4.198328199669799,2919.1308638017586,2.282383623643809
2024-03-30,2024,3,30,257500.0,662500.0,55.83467987242347,-4.275570996161421,4290.841991963815,0.9291066130592104
2024-03-30,2024,3,30,262500.0,662500.0,55.83613012441601,-4.195793465818992,2929.3898682148815,0.93526494796274
2024-03-30,2024,3,30,257500.0,667500.0,55.879574159628305,-4.278197631229293,4283.844651711825,0.8621368409316295
2024-03-30,2024,3,30,262500.0,667500.0,55.88102684588964,-4.198328199669799,2919.1308638017586,1.0203106022236077
2024-03-31,2024,3,31,257500.0,662500.0,55.83467987242347,-4.275570996161421,4290.841991963815,0.0005680562215809
2024-03-31,2024,3,31,262500.0,662500.0,55.83613012441601,-4.195793465818992,2929.3898682148815,0.0012669758281898
2024-03-31,2024,3,31,257500.0,667500.0,55.879574159628305,-4.278197631229293,4283.844651711825,0.0009987016558456
2024-03-31,2024,3,31,262500.0,667500.0,55.88102684588964,-4.198328199669799,2919.1308638017586,0.0029066550258973
2024-04-01,2024,4,1,257500.0,662500.0,55.83467987242347,-4.275570996161421,4290.841991963815,3.627640325185568
2024-04-01,2024,4,1,262500.0,662500.0,55.83613012441601,-4.195793465818992,2929.3898682148815,3.3330964634741993
2024-04-01,2024,4,1,257500.0,667500.0,55.879574159628305,-4.278197631229293,4283.844651711825,3.4771336318191755
2024-04-01,2024,4,1,262500.0,667500.0,55.88102684588964,-4.198328199669799,2919.1308638017586,3.881809853349048
2024-04-02,2024,4,2,257500.0,662500.0,55.83467987242347,-4.275570996161421,4290.841991963815,2.0719643327083075
2024-04-02,2024,4,2,262500.0,662500.0,55.83613012441601,-4.195793465818992,2929.3898682148815,2.761553353671905
2024-04-02,2024,4,2,257500.0,667500.0,55.879574159628305,-4.278197631229293,4283.844651711825,1.673076703227662
2024-04-02,2024,4,2,262500.0,667500.0,55.88102684588964,-4.198328199669799,2919.1308638017586,2.761421651449742
2024-04-03,2024,4,3,257500.0,662500.0,55.83467987242347,-4.275570996161421,4290.841991963815,4.268597755638478
2024-04-03,2024,4,3,262500.0,662500.0,55.83613012441601,-4.195793465818992,2929.3898682148815,4.715287573255683
2024-04-03,2024,4,3,257500.0,667500.0,55.879574159628305,-4.278197631229293,4283.844651711825,3.900553388544898
2024-04-03,2024,4,3,262500.0,667500.0,55.88102684588964,-4.198328199669799,2919.1308638017586,5.322580845391872
2024-04-04,2024,4,4,257500.0,662500.0,55.83467987242347,-4.275570996161421,4290.841991963815,16.76248516159483
2024-04-04,2024,4,4,262500.0,662500.0,55.83613012441601,-4.195793465818992,2929.3898682148815,15.47946498159528
2024-04-04,2024,4,4,257500.0,667500.0,55.879574159628305,-4.278197631229293,4283.844651711825,17.546530163763002
2024-04-04,2024,4,4,262500.0,667500.0,55.88102684588964,-4.198328199669799,2919.1308638017586,16.34721604789083
2024-04-05,2024,4,5,257500.0,662500.0,55.83467987242347,-4.275570996161421,4290.841991963815,11.529141415677632
2024-04-05,2024,4,5,262500.0,662500.0,55.83613012441601,-4.195793465818992,2929.3898682148815,11.068658154725153
2024-04-05,2024,4,5,257500.0,667500.0,55.879574159628305,-4.278197631229293,4283.844651711825,16.575944765726035
2024-04-05,2024,4,5,262500.0,667500.0,55.88102684588964,-4.198328199669799,2919.1308638017586,14.264966177107258
2024-04-06,2024,4,6,257500.0,662500.0,55.83467987242347,-4.275570996161421,4290.841991963815,2.099321549167371
2024-04-06,2024,4,6,262500.0,662500.0,55.83613012441601,-4.195793465818992,2929.3898682148815,4.363667329126113
2024-04-06,2024,4,6,257500.0,667500.0,55.879574159628305,-4.278197631229293,4283.844651711825,1.1034485933267524
2024-04-06,2024,4,6,262500.0,667500.0,55.88102684588964,-4.198328199669799,2919.1308638017586,2.286365344252689
2024-04-07,2024,4,7,257500.0,662500.0,55.83467987242347,-4.275570996161421,4290.841991963815,0.5231644420448207
2024-04-07,2024,4,7,262500.0,662500.0,55.83613012441601,-4.195793465818992,2929.3898682148815,0.7945950240588722
2024-04-07,2024,4,7,257500.0,667500.0,55.879574159628305,-4.278197631229293,4283.844651711825,0.4016800250673756
2024-04-07,2024,4,7,262500.0,667500.0,55.88102684588964,-4.198328199669799,2919.1308638017586,0.6535012242054575
2024-04-08,2024,4,8,257500.0,662500.0,55.83467987242347,-4.275570996161421,4290.841991963815,14.841873380246351
2024-04-08,2024,4,8,262500.0,662500.0,55.83613012441601,-4.195793465818992,2929.3898682148815,18.420206496507912
2024-04-08,2024,4,8,257500.0,667500.0,55.879574159628305,-4.278197631229293,4283.844651711825,15.270256476559094
2024-04-08,2024,4,8,262500.0,667500.0,55.88102684588964,-4.198328199669799,2919.1308638017586,17.28571773391766
2024-04-09,2024,4,9,257500.0,662500.0,55.83467987242347,-4.275570996161421,4290.841991963815,0.2175885322218892
2024-04-09,2024,4,9,262500.0,662500.0,55.83613012441601,-4.195793465818992,2929.3898682148815,0.3166641006538271
2024-04-09,2024,4,9,257500.0,667500.0,55.879574159628305,-4.278197631229293,4283.844651711825,0.245574751056323
2024-04-09,2024,4,9,262500.0,667500.0,55.88102684588964,-4.198328199669799,2919.1308638017586,0.3813677827810096
2024-04-10,2024,4,10,257500.0,662500.0,55.83467987242347,-4.275570996161421,4290.841991963815,10.516116359521591
2024-04-10,2024,4,10,262500.0,662500.0,55.83613012441601,-4.195793465818992,2929.3898682148815,10.366058859041464
2024-04-10,2024,4,10,257500.0,667500.0,55.879574159628305,-4.278197631229293,4283.844651711825,11.536177015532996
2024-04-10,2024,4,10,262500.0,667500.0,55.88102684588964,-4.198328199669799,2919.1308638017586,11.880287058245765
2024-04-11,2024,4,11,257500.0,662500.0,55.83467987242347,-4.275570996161421,4290.841991963815,5.84603428097101
2024-04-11,2024,4,11,262500.0,662500.0,55.83613012441601,-4.195793465818992,2929.3898682148815,4.878877113677301
2024-04-11,2024,4,11,257500.0,667500.0,55.879574159628305,-4.278197631229293,4283.844651711825,5.3311844931732235
2024-04-11,2024,4,11,262500.0,667500.0,55.88102684588964,-4.198328199669799,2919.1308638017586,5.963244974884118
2024-04-12,2024,4,12,257500.0,662500.0,55.83467987242347,-4.275570996161421,4290.841991963815,5.235943942603883
2024-04-12,2024,4,12,262500.0,662500.0,55.83613012441601,-4.195793465818992,2929.3898682148815,5.076994623712896
2024-04-12,2024,4,12,257500.0,667500.0,55.879574159628305,-4.278197631229293,4283.844651711825,4.371504729242318
2024-04-12,2024,4,12,262500.0,667500.0,55.88102684588964,-4.198328199669799,2919.1308638017586,4.964723658658302
2024-04-13,2024,4,13,257500.0,662500.0,55.83467987242347,-4.275570996161421,4290.841991963815,3.2642755176374196
2024-04-13,2024,4,13,262500.0,662500.0,55.83613012441601,-4.195793465818992,2929.3898682148815,2.3407816495816447
2024-04-13,2024,4,13,257500.0,667500.0,55.879574159628305,-4.278197631229293,4283.844651711825,4.047350231099979
2024-04-13,2024,4,13,262500.0,667500.0,55.88102684588964,-4.198328199669799,2919.1308638017586,3.6372399285962977
2024-04-14,2024,4,14,257500.0,662500.0,55.83467987242347,-4.275570996161421,4290.841991963815,9.869994080158651
2024-04-14,2024,4,14,262500.0,662500.0,55.83613012441601,-4.195793465818992,2929.3898682148815,8.829408028781007
2024-04-14,2024,4,14,257500.0,667500.0,55.879574159628305,-4.278197631229293,4283.844651711825,11.234891300915107
2024-04-14,2024,4,14,262500.0,667500.0,55.88102684588964,-4.198328199669799,2919.1308638017586,11.035926379715155
2024-04-15,2024,4,15,257500.0,662500.0,55.83467987242347,-4.275570996161421,4290.841991963815,2.449891581936781
2024-04-15,2024,4,15,262500.0,662500.0,55.83613012441601,-4.195793465818992,2929.3898682148815,2.469631532494647
2024-04-15,2024,4,15,257500.0,667500.0,55.879574159628305,-4.278197631229293,4283.844651711825,3.1686744236386737
2024-04-15,2024,4,15,262500.0,667500.0,55.88102684588964,-4.198328199669799,2919.1308638017586,2.455430666745672
2024-04-16,2024,4,16,257500.0,662500.0,55.83467987242347,-4.275570996161421,4290.841991963815,0.2886845755273188
2024-04-16,2024,4,16,262500.0,662500.0,55.83613012441601,-4.195793465818992,2929.3898682148815,0.0295854915962664
2024-04-16,2024,4,16,257500.0,667500.0,55.879574159628305,-4.278197631229293,4283.844651711825,0.1227102507240176
2024-04-16,2024,4,16,262500.0,667500.0,55.88102684588964,-4.198328199669799,2919.1308638017586,0.0708755219437111
2024-04-17,2024,4,17,257500.0,662500.0,55.83467987242347,-4.275570996161421,4290.841991963815,2.056651791740157
2024-04-17,2024,4,17,262500.0,662500.0,55.83613012441601,-4.195793465818992,2929.3898682148815,0.285776707740324
2024-04-17,2024,4,17,257500.0,667500.0,55.879574159628305,-4.278197631229293,4283.844651711825,1.0513983664694917
2024-04-17,2024,4,17,262500.0,667500.0,55.88102684588964,-4.198328199669799,2919.1308638017586,0.5204704171124807
2024-04-18,2024,4,18,257500.0,662500.0,55.83467987242347,-4.275570996161421,4290.841991963815,0.8775027100654408
2024-04-18,2024,4,18,262500.0,662500.0,55.83613012441601,-4.195793465818992,2929.3898682148815,0.6169384700944053
2024-04-18,2024,4,18,257500.0,667500.0,55.879574159628305,-4.278197631229293,4283.844651711825,1.0473498875735547
2024-04-18,2024,4,18,262500.0,667500.0,55.88102684588964,-4.198328199669799,2919.1308638017586,0.7169268857889135
2024-04-19,2024,4,19,257500.0,662500.0,55.83467987242347,-4.275570996161421,4290.841991963815,0.600696854229586
2024-04-19,2024,4,19,262500.0,662500.0,55.83613012441601,-4.195793465818992,2929.3898682148815,0.1909893680061683
2024-04-19,2024,4,19,257500.0,667500.0,55.879574159628305,-4.278197631229293,4283.844651711825,0.1931315357539679
2024-04-19,2024,4,19,262500.0,667500.0,55.88102684588964,-4.198328199669799,2919.1308638017586,0.150459056813765
2024-04-20,2024,4,20,257500.0,662500.0,55.83467987242347,-4.275570996161421,4290.841991963815,0.0021813710707298
2024-04-20,2024,4,20,262500.0,662500.0,55.83613012441601,-4.195793465818992,2929.3898682148815,0.0013694569435129
2024-04-20,2024,4,20,257500.0,667500.0,55.879574159628305,-4.278197631229293,4283.844651711825,0.0086889835815049
2024-04-20,2024,4,20,262500.0,667500.0,55.88102684588964,-4.198328199669799,2919.1308638017586,0.0103836020368256
2024-04-21,2024,4,21,257500.0,662500.0,55.83467987242347,-4.275570996161421,4290.841991963815,2.9964345884663492
2024-04-21,2024,4,21,262500.0,662500.0,55.83613012441601,-4.195793465818992,2929.3898682148815,3.454404353280413
2024-04-21,2024,4,21,257500.0,667500.0,55.879574159628305,-4.278197631229293,4283.844651711825,3.10877565907063
2024-04-21,2024,4,21,262500.0,667500.0,55.88102684588964,-4.198328199669799,2919.1308638017586,3.473189472372908
2024-04-22,2024,4,22,257500.0,662500.0,55.83467987242347,-4.275570996161421,4290.841991963815,0.0514502349084956
2024-04-22,2024,4,22,262500.0,662500.0,55.83613012441601,-4.195793465818992,2929.3898682148815,0.0017500544948782
2024-04-22,2024,4,22,257500.0,667500.0,55.879574159628305,-4.278197631229293,4283.844651711825,0.0134890966227353
2024-04-22,2024,4,22,262500.0,667500.0,55.88102684588964,-4.198328199669799,2919.1308638017586,0.0048042973083472
2024-04-23,2024,4,23,257500.0,662500.0,55.83467987242347,-4.275570996161421,4290.841991963815,0.0
2024-04-23,2024,4,23,262500.0,662500.0,55.83613012441601,-4.195793465818992,2929.3898682148815,0.0
2024-04-23,2024,4,23,257500.0,667500.0,55.879574159628305,-4.278197631229293,4283.844651711825,0.0
2024-04-23,2024,4,23,262500.0,667500.0,55.88102684588964,-4.198328199669799,2919.1308638017586,0.0
2024-04-24,2024,4,24,257500.0,662500.0,55.83467987242347,-4.275570996161421,4290.841991963815,0.0007354604022636
2024-04-24,2024,4,24,262500.0,662500.0,55.83613012441601,-4.195793465818992,2929.3898682148815,0.0015497931926906
2024-04-24,2024,4,24,257500.0,667500.0,55.879574159628305,-4.278197631229293,4283.844651711825,0.0024514085052847
2024-04-24,2024,4,24,262500.0,667500.0,55.88102684588964,-4.198328199669799,2919.1308638017586,0.0096447896505956
2024-04-25,2024,4,25,257500.0,662500.0,55.83467987242347,-4.275570996161421,4290.841991963815,0.4220575353492156
2024-04-25,2024,4,25,262500.0,662500.0,55.83613012441601,-4.195793465818992,2929.3898682148815,1.082381973841823
2024-04-25,2024,4,25,257500.0,667500.0,55.879574159628305,-4.278197631229293,4283.844651711825,0.2848807374208147
2024-04-25,2024,4,25,262500.0,667500.0,55.88102684588964,-4.198328199669799,2919.1308638017586,0.7225007327515097
2024-04-26,2024,4,26,257500.0,662500.0,55.83467987242347,-4.275570996161421,4290.841991963815,4.779284348415868e-05
2024-04-26,2024,4,26,262500.0,662500.0,55.83613012441601,-4.195793465818992,2929.3898682148815,4.294057649198549e-05
2024-04-26,2024,4,26,257500.0,667500.0,55.879574159628305,-4.278197631229293,4283.844651711825,0.0001648774267438
2024-04-26,2024,4,26,262500.0,667500.0,55.88102684588964,-4.198328199669799,2919.1308638017586,0.0002453660929606
2024-04-27,2024,4,27,257500.0,662500.0,55.83467987242347,-4.275570996161421,4290.841991963815,2.2026896713932307
2024-04-27,2024,4,27,262500.0,662500.0,55.83613012441601,-4.195793465818992,2929.3898682148815,0.4209053567772233
2024-04-27,2024,4,27,257500.0,667500.0,55.879574159628305,-4.278197631229293,4283.844651711825,1.3219922575091148
2024-04-27,2024,4,27,262500.0,667500.0,55.88102684588964,-4.198328199669799,2919.1308638017586,0.5969988011608943
2024-04-28,2024,4,28,257500.0,662500.0,55.83467987242347,-4.275570996161421,4290.841991963815,1.1535716379609409
2024-04-28,2024,4,28,262500.0,662500.0,55.83613012441601,-4.195793465818992,2929.3898682148815,1.316081625779987
2024-04-28,2024,4,28,257500.0,667500.0,55.879574159628305,-4.278197631229293,4283.844651711825,1.0748268404194066
2024-04-28,2024,4,28,262500.0,667500.0,55.88102684588964,-4.198328199669799,2919.1308638017586,1.3171713146084103
2024-04-29,2024,4,29,257500.0,662500.0,55.83467987242347,-4.275570996161421,4290.841991963815,2.9294180804312537
2024-04-29,2024,4,29,262500.0,662500.0,55.83613012441601,-4.195793465818992,2929.3898682148815,1.902798749393987
2024-04-29,2024,4,29,257500.0,667500.0,55.879574159628305,-4.278197631229293,4283.844651711825,4.277277382608225
2024-04-29,2024,4,29,262500.0,667500.0,55.88102684588964,-4.198328199669799,2919.1308638017586,2.938849396550849
2024-04-30,2024,4,30,257500.0,662500.0,55.83467987242347,-4.275570996161421,4290.841991963815,0.2429147839158806
2024-04-30,2024,4,30,262500.0,662500.0,55.83613012441601,-4.195793465818992,2929.3898682148815,0.023679341263144
2024-04-30,2024,4,30,257500.0,667500.0,55.879574159628305,-4.278197631229293,4283.844651711825,0.3887057921903217
2024-04-30,2024,4,30,262500.0,667500.0,55.88102684588964,-4.198328199669799,2919.1308638017586,0.1776293553699903
2024-05-01,2024,5,1,257500.0,662500.0,55.83467987242347,-4.275570996161421,4290.841991963815,0.0022187327584505
2024-05-01,2024,5,1,262500.0,662500.0,55.83613012441601,-4.195793465818992,2929.3898682148815,0.0003677232785774
2024-05-01,2024,5,1,257500.0,667500.0,55.879574159628305,-4.278197631229293,4283.844651711825,0.0015168717075136
2024-05-01,2024,5,1,262500.0,667500.0,55.88102684588964,-4.198328199669799,2919.1308638017586,0.0012605669128933
2024-05-02,2024,5,2,257500.0,662500.0,55.83467987242347,-4.275570996161421,4290.841991963815,0.0
2024-05-02,2024,5,2,262500.0,662500.0,55.83613012441601,-4.195793465818992,2929.3898682148815,4.517152473012092e-06
2024-05-02,2024,5,2,257500.0,667500.0,55.879574159628305,-4.278197631229293,4283.844651711825,0.0
2024-05-02,2024,5,2,262500.0,667500.0,55.88102684588964,-4.198328199669799,2919.1308638017586,5.6720224786741735e-06
2024-05-03,2024,5,3,257500.0,662500.0,55.83467987242347,-4.275570996161421,4290.841991963815,2.262184308494832
2024-05-03,2024,5,3,262500.0,662500.0,55.83613012441601,-4.195793465818992,2929.3898682148815,1.8331866003257509
2024-05-03,2024,5,3,257500.0,667500.0,55.879574159628305,-4.278197631229293,4283.844651711825,0.8012715784090114
2024-05-03,2024,5,3,262500.0,667500.0,55.88102684588964,-4.198328199669799,2919.1308638017586,1.3566894161236789
2024-05-04,2024,5,4,257500.0,662500.0,55.83467987242347,-4.275570996161421,4290.841991963815,1.1867966316554792
2024-05-04,2024,5,4,262500.0,662500.0,55.83613012441601,-4.195793465818992,2929.3898682148815,1.1263354084420765
2024-05-04,2024,5,4,257500.0,667500.0,55.879574159628305,-4.278197631229293,4283.844651711825,1.5434930118961572
2024-05-04,2024,5,4,262500.0,667500.0,55.88102684588964,-4.198328199669799,2919.1308638017586,1.3971782128166872
2024-05-05,2024,5,5,257500.0,662500.0,55.83467987242347,-4.275570996161421,4290.841991963815,2.4406395087202837
2024-05-05,2024,5,5,262500.0,662500.0,55.83613012441601,-4.195793465818992,2929.3898682148815,2.569284965000652
2024-05-05,2024,5,5,257500.0,667500.0,55.879574159628305,-4.278197631229293,4283.844651711825,2.45107022151388
2024-05-05,2024,5,5,262500.0,667500.0,55.88102684588964,-4.198328199669799,2919.1308638017586,2.6773332239520253
2024-05-06,2024,5,6,257500.0,662500.0,55.83467987242347,-4.275570996161421,4290.841991963815,0.0852424969325849
2024-05-06,2024,5,6,262500.0,662500.0,55.83613012441601,-4.195793465818992,2929.3898682148815,0.0214975040547788
2024-05-06,2024,5,6,257500.0,667500.0,55.879574159628305,-4.278197631229293,4283.844651711825,0.1366548549650215
2024-05-06,2024,5,6,262500.0,667500.0,55.88102684588964,-4.198328199669799,2919.1308638017586,0.1920551855715579
2024-05-07,2024,5,7,257500.0,662500.0,55.83467987242347,-4.275570996161421,4290.841991963815,0.0030294551353165
2024-05-07,2024,5,7,262500.0,662500.0,55.83613012441601,-4.195793465818992,2929.3898682148815,0.0006170522374589
2024-05-07,2024,5,7,257500.0,667500.0,55.879574159628305,-4.278197631229293,4283.844651711825,0.006218212367368
2024-05-07,2024,5,7,262500.0,667500.0,55.88102684588964,-4.198328199669799,2919.1308638017586,0.0062235154734602
2024-05-08,2024,5,8,257500.0,662500.0,55.83467987242347,-4.275570996161421,4290.841991963815,1.5244516192209905
2024-05-08,2024,5,8,262500.0,662500.0,55.83613012441601,-4.195793465818992,2929.3898682148815,1.719693909768195
2024-05-08,2024,5,8,257500.0,667500.0,55.879574159628305,-4.278197631229293,4283.844651711825,1.8516777791032468
2024-05-08,2024,5,8,262500.0,667500.0,55.88102684588964,-4.198328199669799,2919.1308638017586,1.7007094718972406
2024-05-09,2024,5,9,257500.0,662500.0,55.83467987242347,-4.275570996161421,4290.841991963815,0.0007896125477047
2024-05-09,2024,5,9,262500.0,662500.0,55.83613012441601,-4.195793465818992,2929.3898682148815,0.0001386585478585
2024-05-09,2024,5,9,257500.0,667500.0,55.879574159628305,-4.278197631229293,4283.844651711825,0.0019442901933418
2024-05-09,2024,5,9,262500.0,667500.0,55.88102684588964,-4.198328199669799,2919.1308638017586,0.0017716571464471
2024-05-10,2024,5,10,257500.0,662500.0,55.83467987242347,-4.275570996161421,4290.841991963815,0.0015379259516238
2024-05-10,2024,5,10,262500.0,662500.0,55.83613012441601,-4.195793465818992,2929.3898682148815,0.0014112419980515
2024-05-10,2024,5,10,257500.0,667500.0,55.879574159628305,-4.278197631229293,4283.844651711825,0.0011967231657837
2024-05-10,2024,5,10,262500.0,667500.0,55.88102684588964,-4.198328199669799,2919.1308638017586,0.0029004407016448
2024-05-11,2024,5,11,257500.0,662500.0,55.83467987242347,-4.275570996161421,4290.841991963815,0.0
2024-05-11,2024,5,11,262500.0,662500.0,55.83613012441601,-4.195793465818992,2929.3898682148815,0.0
2024-05-11,2024,5,11,257500.0,667500.0,55.879574159628305,-4.278197631229293,4283.844651711825,0.0
2024-05-11,2024,5,11,262500.0,667500.0,55.88102684588964,-4.198328199669799,2919.1308638017586,0.0
2024-05-12,2024,5,12,257500.0,662500.0,55.83467987242347,-4.275570996161421,4290.841991963815,7.276335306412425
2024-05-12,2024,5,12,262500.0,662500.0,55.83613012441601,-4.195793465818992,2929.3898682148815,8.78548591032361
2024-05-12,2024,5,12,257500.0,667500.0,55.879574159628305,-4.278197631229293,4283.844651711825,5.05042292751071
2024-05-12,2024,5,12,262500.0,667500.0,55.88102684588964,-4.198328199669799,2919.1308638017586,7.110382254940515
2024-05-13,2024,5,13,257500.0,662500.0,55.83467987242347,-4.275570996161421,4290.841991963815,4.20286712649648
2024-05-13,2024,5,13,262500.0,662500.0,55.83613012441601,-4.195793465818992,2929.3898682148815,3.1117070244281
2024-05-13,2024,5,13,257500.0,667500.0,55.879574159628305,-4.278197631229293,4283.844651711825,8.001203637530542
2024-05-13,2024,5,13,262500.0,667500.0,55.88102684588964,-4.198328199669799,2919.1308638017586,5.310312435709165
2024-05-14,2024,5,14,257500.0,662500.0,55.83467987242347,-4.275570996161421,4290.841991963815,3.44944293411914
2024-05-14,2024,5,14,262500.0,662500.0,55.83613012441601,-4.195793465818992,2929.3898682148815,3.791788103554953
2024-05-14,2024,5,14,257500.0,667500.0,55.879574159628305,-4.278197631229293,4283.844651711825,4.74656184361391
2024-05-14,2024,5,14,262500.0,667500.0,55.88102684588964,-4.198328199669799,2919.1308638017586,4.52735096422802
2024-05-15,2024,5,15,257500.0,662500.0,55.83467987242347,-4.275570996161421,4290.841991963815,0.0712404243531654
2024-05-15,2024,5,15,262500.0,662500.0,55.83613012441601,-4.195793465818992,2929.3898682148815,0.0152122465047249
2024-05-15,2024,5,15,257500.0,667500.0,55.879574159628305,-4.278197631229293,4283.844651711825,0.2452207572942289
2024-05-15,2024,5,15,262500.0,667500.0,55.88102684588964,-4.198328199669799,2919.1308638017586,0.2671702353300808
2024-05-16,2024,5,16,257500.0,662500.0,55.83467987242347,-4.275570996161421,4290.841991963815,0.0014088971063821
2024-05-16,2024,5,16,262500.0,662500.0,55.83613012441601,-4.195793465818992,2929.3898682148815,0.0002665651577162
2024-05-16,2024,5,16,257500.0,667500.0,55.879574159628305,-4.278197631229293,4283.844651711825,0.0023579278962107
2024-05-16,2024,5,16,262500.0,667500.0,55.88102684588964,-4.198328199669799,2919.1308638017586,0.0021075852721869
2024-05-17,2024,5,17,257500.0,662500.0,55.83467987242347,-4.275570996161421,4290.841991963815,0.0047745191896602
2024-05-17,2024,5,17,262500.0,662500.0,55.83613012441601,-4.195793465818992,2929.3898682148815,0.0008671612709526
2024-05-17,2024,5,17,257500.0,667500.0,55.879574159628305,-4.278197631229293,4283.844651711825,0.0040835406601096
2024-05-17,2024,5,17,262500.0,667500.0,55.88102684588964,-4.198328199669799,2919.1308638017586,0.0043896412327604
2024-05-18,2024,5,18,257500.0,662500.0,55.83467987242347,-4.275570996161421,4290.841991963815,0.001396984218976
2024-05-18,2024,5,18,262500.0,662500.0,55.83613012441601,-4.195793465818992,2929.3898682148815,0.0003460960263989
2024-05-18,2024,5,18,257500.0,667500.0,55.879574159628305,-4.278197631229293,4283.844651711825,0.0012745620844782
2024-05-18,2024,5,18,262500.0,667500.0,55.88102684588964,-4.198328199669799,2919.1308638017586,0.0014545818065972
2024-05-19,2024,5,19,257500.0,662500.0,55.83467987242347,-4.275570996161421,4290.841991963815,0.0
2024-05-19,2024,5,19,262500.0,662500.0,55.83613012441601,-4.195793465818992,2929.3898682148815,0.0
2024-05-19,2024,5,19,257500.0,667500.0,55.879574159628305,-4.278197631229293,4283.844651711825,0.0
2024-05-19,2024,5,19,262500.0,667500.0,55.88102684588964,-4.198328199669799,2919.1308638017586,0.0
2024-05-20,2024,5,20,257500.0,662500.0,55.83467987242347,-4.275570996161421,4290.841991963815,0.0
2024-05-20,2024,5,20,262500.0,662500.0,55.83613012441601,-4.195793465818992,2929.3898682148815,0.0
2024-05-20,2024,5,20,257500.0,667500.0,55.879574159628305,-4.278197631229293,4283.844651711825,0.0
2024-05-20,2024,5,20,262500.0,667500.0,55.88102684588964,-4.198328199669799,2919.1308638017586,0.0
2024-05-21,2024,5,21,257500.0,662500.0,55.83467987242347,-4.275570996161421,4290.841991963815,0.5576401505939867
2024-05-21,2024,5,21,262500.0,662500.0,55.83613012441601,-4.195793465818992,2929.3898682148815,0.3232907972033925
2024-05-21,2024,5,21,257500.0,667500.0,55.879574159628305,-4.278197631229293,4283.844651711825,0.4918023967706543
2024-05-21,2024,5,21,262500.0,667500.0,55.88102684588964,-4.198328199669799,2919.1308638017586,0.5969985797343373
2024-05-22,2024,5,22,257500.0,662500.0,55.83467987242347,-4.275570996161421,4290.841991963815,27.072733286754776
2024-05-22,2024,5,22,262500.0,662500.0,55.83613012441601,-4.195793465818992,2929.3898682148815,27.66513744252396
2024-05-22,2024,5,22,257500.0,667500.0,55.879574159628305,-4.278197631229293,4283.844651711825,23.69680854488068
2024-05-22,2024,5,22,262500.0,667500.0,55.88102684588964,-4.198328199669799,2919.1308638017586,26.217506119775862
2024-05-23,2024,5,23,257500.0,662500.0,55.83467987242347,-4.275570996161421,4290.841991963815,12.504696969163522
2024-05-23,2024,5,23,262500.0,662500.0,55.83613012441601,-4.195793465818992,2929.3898682148815,11.598324516129184
2024-05-23,2024,5,23,257500.0,667500.0,55.879574159628305,-4.278197631229293,4283.844651711825,10.12663413354896
2024-05-23,2024,5,23,262500.0,667500.0,55.88102684588964,-4.198328199669799,2919.1308638017586,10.530486772469798
2024-05-24,2024,5,24,257500.0,662500.0,55.83467987242347,-4.275570996161421,4290.841991963815,3.238347307989794
2024-05-24,2024,5,24,262500.0,662500.0,55.83613012441601,-4.195793465818992,2929.3898682148815,4.255973273960994
2024-05-24,2024,5,24,257500.0,667500.0,55.879574159628305,-4.278197631229293,4283.844651711825,2.742289574429845
2024-05-24,2024,5,24,262500.0,667500.0,55.88102684588964,-4.198328199669799,2919.1308638017586,3.722808579903019
2024-05-25,2024,5,25,257500.0,662500.0,55.83467987242347,-4.275570996161421,4290.841991963815,8.6767980349252
2024-05-25,2024,5,25,262500.0,662500.0,55.83613012441601,-4.195793465818992,2929.3898682148815,9.228812748898577
2024-05-25,2024,5,25,257500.0,667500.0,55.879574159628305,-4.278197631229293,4283.844651711825,8.751485743045954
2024-05-25,2024,5,25,262500.0,667500.0,55.88102684588964,-4.198328199669799,2919.1308638017586,9.56647128954902
2024-05-26,2024,5,26,257500.0,662500.0,55.83467987242347,-4.275570996161421,4290.841991963815,7.854713613241095
2024-05-26,2024,5,26,262500.0,662500.0,55.83613012441601,-4.195793465818992,2929.3898682148815,8.111074690523065
2024-05-26,2024,5,26,257500.0,667500.0,55.879574159628305,-4.278197631229293,4283.844651711825,8.157363512883574
2024-05-26,2024,5,26,262500.0,667500.0,55.88102684588964,-4.198328199669799,2919.1308638017586,9.892789618703205
2024-05-27,2024,5,27,257500.0,662500.0,55.83467987242347,-4.275570996161421,4290.841991963815,0.8024661245319802
2024-05-27,2024,5,27,262500.0,662500.0,55.83613012441601,-4.195793465818992,2929.3898682148815,1.3520355041123526
2024-05-27,2024,5,27,257500.0,667500.0,55.879574159628305,-4.278197631229293,4283.844651711825,0.5666944689310196
2024-05-27,2024,5,27,262500.0,667500.0,55.88102684588964,-4.198328199669799,2919.1308638017586,1.3919450786190062
2024-05-28,2024,5,28,257500.0,662500.0,55.83467987242347,-4.275570996161421,4290.841991963815,9.146810156996333
2024-05-28,2024,5,28,262500.0,662500.0,55.83613012441601,-4.195793465818992,2929.3898682148815,7.893744500138424
2024-05-28,2024,5,28,257500.0,667500.0,55.879574159628305,-4.278197631229293,4283.844651711825,7.105422380068252
2024-05-28,2024,5,28,262500.0,667500.0,55.88102684588964,-4.198328199669799,2919.1308638017586,7.7129683560906175
2024-05-29,2024,5,29,257500.0,662500.0,55.83467987242347,-4.275570996161421,4290.841991963815,0.047858546606883
2024-05-29,2024,5,29,262500.0,662500.0,55.83613012441601,-4.195793465818992,2929.3898682148815,0.0853116422125013
2024-05-29,2024,5,29,257500.0,667500.0,55.879574159628305,-4.278197631229293,4283.844651711825,0.0430024724061027
2024-05-29,2024,5,29,262500.0,667500.0,55.88102684588964,-4.198328199669799,2919.1308638017586,0.126614458417832
2024-05-30,2024,5,30,257500.0,662500.0,55.83467987242347,-4.275570996161421,4290.841991963815,0.0007689629758119
2024-05-30,2024,5,30,262500.0,662500.0,55.83613012441601,-4.195793465818992,2929.3898682148815,0.0007056209990257
2024-05-30,2024,5,30,257500.0,667500.0,55.879574159628305,-4.278197631229293,4283.844651711825,0.0005983615828918
2024-05-30,2024,5,30,262500.0,667500.0,55.88102684588964,-4.198328199669799,2919.1308638017586,0.0014502203508224
2024-05-31,2024,5,31,257500.0,662500.0,55.83467987242347,-4.275570996161421,4290.841991963815,0.0
2024-05-31,2024,5,31,262500.0,662500.0,55.83613012441601,-4.195793465818992,2929.3898682148815,0.0
2024-05-31,2024,5,31,257500.0,667500.0,55.879574159628305,-4.278197631229293,4283.844651711825,0.0
2024-05-31,2024,5,31,262500.0,667500.0,55.88102684588964,-4.198328199669799,2919.1308638017586,0.0
2024-06-01,2024,6,1,257500.0,662500.0,55.83467987242347,-4.275570996161421,4290.841991963815,0.0
2024-06-01,2024,6,1,262500.0,662500.0,55.83613012441601,-4.195793465818992,2929.3898682148815,0.0
2024-06-01,2024,6,1,257500.0,667500.0,55.879574159628305,-4.278197631229293,4283.844651711825,1.1691392439722548e-07
2024-06-01,2024,6,1,262500.0,667500.0,55.88102684588964,-4.198328199669799,2919.1308638017586,0.0
2024-06-02,2024,6,2,257500.0,662500.0,55.83467987242347,-4.275570996161421,4290.841991963815,0.0604370727632238
2024-06-02,2024,6,2,262500.0,662500.0,55.83613012441601,-4.195793465818992,2929.3898682148815,0.00898778634049
2024-06-02,2024,6,2,257500.0,667500.0,55.879574159628305,-4.278197631229293,4283.844651711825,0.4265633282281496
2024-06-02,2024,6,2,262500.0,667500.0,55.88102684588964,-4.198328199669799,2919.1308638017586,0.1483832694886863
2024-06-03,2024,6,3,257500.0,662500.0,55.83467987242347,-4.275570996161421,4290.841991963815,2.646967615326082
2024-06-03,2024,6,3,262500.0,662500.0,55.83613012441601,-4.195793465818992,2929.3898682148815,2.20917566070716
2024-06-03,2024,6,3,257500.0,667500.0,55.879574159628305,-4.278197631229293,4283.844651711825,2.3521931380065446
2024-06-03,2024,6,3,262500.0,667500.0,55.88102684588964,-4.198328199669799,2919.1308638017586,2.2715906637516032
2024-06-04,2024,6,4,257500.0,662500.0,55.83467987242347,-4.275570996161421,4290.841991963815,2.234083210465732
2024-06-04,2024,6,4,262500.0,662500.0,55.83613012441601,-4.195793465818992,2929.3898682148815,2.31547669587494
2024-06-04,2024,6,4,257500.0,667500.0,55.879574159628305,-4.278197631229293,4283.844651711825,2.1798033133393866
2024-06-04,2024,6,4,262500.0,667500.0,55.88102684588964,-4.198328199669799,2919.1308638017586,2.044589407634074
2024-06-05,2024,6,5,257500.0,662500.0,55.83467987242347,-4.275570996161421,4290.841991963815,1.0701155546668286
2024-06-05,2024,6,5,262500.0,662500.0,55.83613012441601,-4.195793465818992,2929.3898682148815,0.8418506400284377
2024-06-05,2024,6,5,257500.0,667500.0,55.879574159628305,-4.278197631229293,4283.844651711825,1.643012089966173
2024-06-05,2024,6,5,262500.0,667500.0,55.88102684588964,-4.198328199669799,2919.1308638017586,1.1614277104366464
2024-06-06,2024,6,6,257500.0,662500.0,55.83467987242347,-4.275570996161421,4290.841991963815,1.7663184545932211
2024-06-06,2024,6,6,262500.0,662500.0,55.83613012441601,-4.195793465818992,2929.3898682148815,1.458473006066856
2024-06-06,2024,6,6,257500.0,667500.0,55.879574159628305,-4.278197631229293,4283.844651711825,2.022081562815112
2024-06-06,2024,6,6,262500.0,667500.0,55.88102684588964,-4.198328199669799,2919.1308638017586,2.0511304164391224
2024-06-07,2024,6,7,257500.0,662500.0,55.83467987242347,-4.275570996161421,4290.841991963815,0.3426374490184932
2024-06-07,2024,6,7,262500.0,662500.0,55.83613012441601,-4.195793465818992,2929.3898682148815,0.1951920500533138
2024-06-07,2024,6,7,257500.0,667500.0,55.879574159628305,-4.278197631229293,4283.844651711825,0.1930897021164424
2024-06-07,2024,6,7,262500.0,667500.0,55.88102684588964,-4.198328199669799,2919.1308638017586,0.2710277907839056
2024-06-08,2024,6,8,257500.0,662500.0,55.83467987242347,-4.275570996161421,4290.841991963815,1.5251644215255886
2024-06-08,2024,6,8,262500.0,662500.0,55.83613012441601,-4.195793465818992,2929.3898682148815,1.4358851281057374
2024-06-08,2024,6,8,257500.0,667500.0,55.879574159628305,-4.278197631229293,4283.844651711825,2.0015705031358255
2024-06-08,2024,6,8,262500.0,667500.0,55.88102684588964,-4.198328199669799,2919.1308638017586,1.7001607502823788
2024-06-09,2024,6,9,257500.0,662500.0,55.83467987242347,-4.275570996161421,4290.841991963815,0.0323648278350796
2024-06-09,2024,6,9,262500.0,662500.0,55.83613012441601,-4.195793465818992,2929.3898682148815,0.0193137379669453
2024-06-09,2024,6,9,257500.0,667500.0,55.879574159628305,-4.278197631229293,4283.844651711825,0.0354755253140248
2024-06-09,2024,6,9,262500.0,667500.0,55.88102684588964,-4.198328199669799,2919.1308638017586,0.0955436695854905
2024-06-10,2024,6,10,257500.0,662500.0,55.83467987242347,-4.275570996161421,4290.841991963815,0.7830898143609429
2024-06-10,2024,6,10,262500.0,662500.0,55.83613012441601,-4.195793465818992,2929.3898682148815,1.1593724471384317
2024-06-10,2024,6,10,257500.0,667500.0,55.879574159628305,-4.278197631229293,4283.844651711825,0.7851594892915336
2024-06-10,2024,6,10,262500.0,667500.0,55.88102684588964,-4.198328199669799,2919.1308638017586,1.322220590860747
2024-06-11,2024,6,11,257500.0,662500.0,55.83467987242347,-4.275570996161421,4290.841991963815,0.2604859899598207
2024-06-11,2024,6,11,262500.0,662500.0,55.83613012441601,-4.195793465818992,2929.3898682148815,0.3230367338986352
2024-06-11,2024,6,11,257500.0,667500.0,55.879574159628305,-4.278197631229293,4283.844651711825,0.124245370832828
2024-06-11,2024,6,11,262500.0,667500.0,55.88102684588964,-4.198328199669799,2919.1308638017586,0.2075572505287708
2024-06-12,2024,6,12,257500.0,662500.0,55.83467987242347,-4.275570996161421,4290.841991963815,0.000539468882139
2024-06-12,2024,6,12,262500.0,662500.0,55.83613012441601,-4.195793465818992,2929.3898682148815,0.0001254067024827
2024-06-12,2024,6,12,257500.0,667500.0,55.879574159628305,-4.278197631229293,4283.844651711825,0.000339651539841
2024-06-12,2024,6,12,262500.0,667500.0,55.88102684588964,-4.198328199669799,2919.1308638017586,0.0003857239113226
2024-06-13,2024,6,13,257500.0,662500.0,55.83467987242347,-4.275570996161421,4290.841991963815,8.56742038643659
2024-06-13,2024,6,13,262500.0,662500.0,55.83613012441601,-4.195793465818992,2929.3898682148815,7.312905939975658
2024-06-13,2024,6,13,257500.0,667500.0,55.879574159628305,-4.278197631229293,4283.844651711825,10.76701881396569
2024-06-13,2024,6,13,262500.0,667500.0,55.88102684588964,-4.198328199669799,2919.1308638017586,9.522805648530175
2024-06-14,2024,6,14,257500.0,662500.0,55.83467987242347,-4.275570996161421,4290.841991963815,1.775340963348317
2024-06-14,2024,6,14,262500.0,662500.0,55.83613012441601,-4.195793465818992,2929.3898682148815,1.973809026581935
2024-06-14,2024,6,14,257500.0,667500.0,55.879574159628305,-4.278197631229293,4283.844651711825,1.8914232938621345
2024-06-14,2024,6,14,262500.0,667500.0,55.88102684588964,-4.198328199669799,2919.1308638017586,2.9840212874868186
2024-06-15,2024,6,15,257500.0,662500.0,55.83467987242347,-4.275570996161421,4290.841991963815,1.998344672803612
2024-06-15,2024,6,15,262500.0,662500.0,55.83613012441601,-4.195793465818992,2929.3898682148815,1.829362871925165
2024-06-15,2024,6,15,257500.0,667500.0,55.879574159628305,-4.278197631229293,4283.844651711825,4.323411819329213
2024-06-15,2024,6,15,262500.0,667500.0,55.88102684588964,-4.198328199669799,2919.1308638017586,2.5916572802685587
2024-06-16,2024,6,16,257500.0,662500.0,55.83467987242347,-4.275570996161421,4290.841991963815,2.2655887404369617
2024-06-16,2024,6,16,262500.0,662500.0,55.83613012441601,-4.195793465818992,2929.3898682148815,2.654966732593941
2024-06-16,2024,6,16,257500.0,667500.0,55.879574159628305,-4.278197631229293,4283.844651711825,1.4201106404230877
2024-06-16,2024,6,16,262500.0,667500.0,55.88102684588964,-4.198328199669799,2919.1308638017586,2.3718494995366446
2024-06-17,2024,6,17,257500.0,662500.0,55.83467987242347,-4.275570996161421,4290.841991963815,0.0028169229387275
2024-06-17,2024,6,17,262500.0,662500.0,55.83613012441601,-4.195793465818992,2929.3898682148815,0.0036104656991474
2024-06-17,2024,6,17,257500.0,667500.0,55.879574159628305,-4.278197631229293,4283.844651711825,0.0031919772362764
2024-06-17,2024,6,17,262500.0,667500.0,55.88102684588964,-4.198328199669799,2919.1308638017586,0.0147961117440817
2024-06-18,2024,6,18,257500.0,662500.0,55.83467987242347,-4.275570996161421,4290.841991963815,0.8578111885423876
2024-06-18,2024,6,18,262500.0,662500.0,55.83613012441601,-4.195793465818992,2929.3898682148815,1.1506089124127576
2024-06-18,2024,6,18,257500.0,667500.0,55.879574159628305,-4.278197631229293,4283.844651711825,0.4841131419032016
2024-06-18,2024,6,18,262500.0,667500.0,55.88102684588964,-4.198328199669799,2919.1308638017586,1.2730098789831583
2024-06-19,2024,6,19,257500.0,662500.0,55.83467987242347,-4.275570996161421,4290.841991963815,0.0042144928277703
2024-06-19,2024,6,19,262500.0,662500.0,55.83613012441601,-4.195793465818992,2929.3898682148815,0.0016363963972995
2024-06-19,2024,6,19,257500.0,667500.0,55.879574159628305,-4.278197631229293,4283.844651711825,0.0064653199986995
2024-06-19,2024,6,19,262500.0,667500.0,55.88102684588964,-4.198328199669799,2919.1308638017586,0.0159051678924959
2024-06-20,2024,6,20,257500.0,662500.0,55.83467987242347,-4.275570996161421,4290.841991963815,0.0340155615027154
2024-06-20,2024,6,20,262500.0,662500.0,55.83613012441601,-4.195793465818992,2929.3898682148815,0.0073115010511895
2024-06-20,2024,6,20,257500.0,667500.0,55.879574159628305,-4.278197631229293,4283.844651711825,0.0624729285958533
2024-06-20,2024,6,20,262500.0,667500.0,55.88102684588964,-4.198328199669799,2919.1308638017586,0.0905164539643514
2024-06-21,2024,6,21,257500.0,662500.0,55.83467987242347,-4.275570996161421,4290.841991963815,0.0806488423389926
2024-06-21,2024,6,21,262500.0,662500.0,55.83613012441601,-4.195793465818992,2929.3898682148815,0.0250724414580646
2024-06-21,2024,6,21,257500.0,667500.0,55.879574159628305,-4.278197631229293,4283.844651711825,0.2051450134971455
2024-06-21,2024,6,21,262500.0,667500.0,55.88102684588964,-4.198328199669799,2919.1308638017586,0.2648097656935291
2024-06-22,2024,6,22,257500.0,662500.0,55.83467987242347,-4.275570996161421,4290.841991963815,0.0032613189750193
2024-06-22,2024,6,22,262500.0,662500.0,55.83613012441601,-4.195793465818992,2929.3898682148815,0.0021793670639515
2024-06-22,2024,6,22,257500.0,667500.0,55.879574159628305,-4.278197631229293,4283.844651711825,0.0028961039630585
2024-06-22,2024,6,22,262500.0,667500.0,55.88102684588964,-4.198328199669799,2919.1308638017586,0.0057487177301608
2024-06-23,2024,6,23,257500.0,662500.0,55.83467987242347,-4.275570996161421,4290.841991963815,0.0023767645494804
2024-06-23,2024,6,23,262500.0,662500.0,55.83613012441601,-4.195793465818992,2929.3898682148815,0.000368366399355
2024-06-23,2024,6,23,257500.0,667500.0,55.879574159628305,-4.278197631229293,4283.844651711825,0.0017919244463159
2024-06-23,2024,6,23,262500.0,667500.0,55.88102684588964,-4.198328199669799,2919.1308638017586,0.0015816256970097
2024-06-24,2024,6,24,257500.0,662500.0,55.83467987242347,-4.275570996161421,4290.841991963815,0.033163158144848
2024-06-24,2024,6,24,262500.0,662500.0,55.83613012441601,-4.195793465818992,2929.3898682148815,0.0054655372914748
2024-06-24,2024,6,24,257500.0,667500.0,55.879574159628305,-4.278197631229293,4283.844651711825,0.1414372410882067
2024-06-24,2024,6,24,262500.0,667500.0,55.88102684588964,-4.198328199669799,2919.1308638017586,0.0784959751793723
2024-06-25,2024,6,25,257500.0,662500.0,55.83467987242347,-4.275570996161421,4290.841991963815,0.0509179724958803
2024-06-25,2024,6,25,262500.0,662500.0,55.83613012441601,-4.195793465818992,2929.3898682148815,0.0102069769995758
2024-06-25,2024,6,25,257500.0,667500.0,55.879574159628305,-4.278197631229293,4283.844651711825,0.1613848014446907
2024-06-25,2024,6,25,262500.0,667500.0,55.88102684588964,-4.198328199669799,2919.1308638017586,0.0879579175619449
2024-06-26,2024,6,26,257500.0,662500.0,55.83467987242347,-4.275570996161421,4290.841991963815,0.9073332133418616
2024-06-26,2024,6,26,262500.0,662500.0,55.83613012441601,-4.195793465818992,2929.3898682148815,0.9317015471436232
2024-06-26,2024,6,26,257500.0,667500.0,55.879574159628305,-4.278197631229293,4283.844651711825,0.7126003882799166
2024-06-26,2024,6,26,262500.0,667500.0,55.88102684588964,-4.198328199669799,2919.1308638017586,1.177584759583184
2024-06-27,2024,6,27,257500.0,662500.0,55.83467987242347,-4.275570996161421,4290.841991963815,6.824340666908658
2024-06-27,2024,6,27,262500.0,662500.0,55.83613012441601,-4.195793465818992,2929.3898682148815,4.672677526115797
2024-06-27,2024,6,27,257500.0,667500.0,55.879574159628305,-4.278197631229293,4283.844651711825,5.1724896542766645
2024-06-27,2024,6,27,262500.0,667500.0,55.88102684588964,-4.198328199669799,2919.1308638017586,5.778925638832284
2024-06-28,2024,6,28,257500.0,662500.0,55.83467987242347,-4.275570996161421,4290.841991963815,0.1132583879445484
2024-06-28,2024,6,28,262500.0,662500.0,55.83613012441601,-4.195793465818992,2929.3898682148815,0.0207272764749602
2024-06-28,2024,6,28,257500.0,667500.0,55.879574159628305,-4.278197631229293,4283.844651711825,0.1308059046488537
2024-06-28,2024,6,28,262500.0,667500.0,55.88102684588964,-4.198328199669799,2919.1308638017586,0.3351323857348205
2024-06-29,2024,6,29,257500.0,662500.0,55.83467987242347,-4.275570996161421,4290.841991963815,0.0006488726698627
2024-06-29,2024,6,29,262500.0,662500.0,55.83613012441601,-4.195793465818992,2929.3898682148815,0.0001108540818633
2024-06-29,2024,6,29,257500.0,667500.0,55.879574159628305,-4.278197631229293,4283.844651711825,0.0013108247150651
2024-06-29,2024,6,29,262500.0,667500.0,55.88102684588964,-4.198328199669799,2919.1308638017586,0.0012600152217355
2024-06-30,2024,6,30,257500.0,662500.0,55.83467987242347,-4.275570996161421,4290.841991963815,2.179861149045189
2024-06-30,2024,6,30,262500.0,662500.0,55.83613012441601,-4.195793465818992,2929.3898682148815,2.448944250398802
2024-06-30,2024,6,30,257500.0,667500.0,55.879574159628305,-4.278197631229293,4283.844651711825,1.9780535047765289
2024-06-30,2024,6,30,262500.0,667500.0,55.88102684588964,-4.198328199669799,2919.1308638017586,2.038301763254154
2024-07-01,2024,7,1,257500.0,662500.0,55.83467987242347,-4.275570996161421,4290.841991963815,1.263431358956741
2024-07-01,2024,7,1,262500.0,662500.0,55.83613012441601,-4.195793465818992,2929.3898682148815,1.365886733204399
2024-07-01,2024,7,1,257500.0,667500.0,55.879574159628305,-4.278197631229293,4283.844651711825,1.938166860244201
2024-07-01,2024,7,1,262500.0,667500.0,55.88102684588964,-4.198328199669799,2919.1308638017586,1.526327485578371
2024-07-02,2024,7,2,257500.0,662500.0,55.83467987242347,-4.275570996161421,4290.841991963815,1.1154595880558722
2024-07-02,2024,7,2,262500.0,662500.0,55.83613012441601,-4.195793465818992,2929.3898682148815,0.92159802380282
2024-07-02,2024,7,2,257500.0,667500.0,55.879574159628305,-4.278197631229293,4283.844651711825,1.9299546665715592
2024-07-02,2024,7,2,262500.0,667500.0,55.88102684588964,-4.198328199669799,2919.1308638017586,1.4411733214593574
2024-07-03,2024,7,3,257500.0,662500.0,55.83467987242347,-4.275570996161421,4290.841991963815,4.492375538921864
2024-07-03,2024,7,3,262500.0,662500.0,55.83613012441601,-4.195793465818992,2929.3898682148815,4.184087205867452
2024-07-03,2024,7,3,257500.0,667500.0,55.879574159628305,-4.278197631229293,4283.844651711825,4.929476326679727
2024-07-03,2024,7,3,262500.0,667500.0,55.88102684588964,-4.198328199669799,2919.1308638017586,5.030263331149212
2024-07-04,2024,7,4,257500.0,662500.0,55.83467987242347,-4.275570996161421,4290.841991963815,6.652851570206395
2024-07-04,2024,7,4,262500.0,662500.0,55.83613012441601,-4.195793465818992,2929.3898682148815,6.40926251981572
2024-07-04,2024,7,4,257500.0,667500.0,55.879574159628305,-4.278197631229293,4283.844651711825,6.408029763056238
2024-07-04,2024,7,4,262500.0,667500.0,55.88102684588964,-4.198328199669799,2919.1308638017586,6.749296196835371
2024-07-05,2024,7,5,257500.0,662500.0,55.83467987242347,-4.275570996161421,4290.841991963815,0.4757869871513824
2024-07-05,2024,7,5,262500.0,662500.0,55.83613012441601,-4.195793465818992,2929.3898682148815,0.181062537446493
2024-07-05,2024,7,5,257500.0,667500.0,55.879574159628305,-4.278197631229293,4283.844651711825,0.1342230881432162
2024-07-05,2024,7,5,262500.0,667500.0,55.88102684588964,-4.198328199669799,2919.1308638017586,0.1680157549225484
2024-07-06,2024,7,6,257500.0,662500.0,55.83467987242347,-4.275570996161421,4290.841991963815,0.7816667707200382
2024-07-06,2024,7,6,262500.0,662500.0,55.83613012441601,-4.195793465818992,2929.3898682148815,0.8407737709084563
2024-07-06,2024,7,6,257500.0,667500.0,55.879574159628305,-4.278197631229293,4283.844651711825,0.5860418015462854
2024-07-06,2024,7,6,262500.0,667500.0,55.88102684588964,-4.198328199669799,2919.1308638017586,0.8134871601134187
2024-07-07,2024,7,7,257500.0,662500.0,55.83467987242347,-4.275570996161421,4290.841991963815,3.564910464684086
2024-07-07,2024,7,7,262500.0,662500.0,55.83613012441601,-4.195793465818992,2929.3898682148815,5.195428166466329
2024-07-07,2024,7,7,257500.0,667500.0,55.879574159628305,-4.278197631229293,4283.844651711825,1.4702200676657735
2024-07-07,2024,7,7,262500.0,667500.0,55.88102684588964,-4.198328199669799,2919.1308638017586,3.35415971207706
2024-07-08,2024,7,8,257500.0,662500.0,55.83467987242347,-4.275570996161421,4290.841991963815,0.0028944792458516
2024-07-08,2024,7,8,262500.0,662500.0,55.83613012441601,-4.195793465818992,2929.3898682148815,0.0010580734304001
2024-07-08,2024,7,8,257500.0,667500.0,55.879574159628305,-4.278197631229293,4283.844651711825,0.0032144160068579
2024-07-08,2024,7,8,262500.0,667500.0,55.88102684588964,-4.198328199669799,2919.1308638017586,0.0052903870256295
2024-07-09,2024,7,9,257500.0,662500.0,55.83467987242347,-4.275570996161421,4290.841991963815,12.041835571371902
2024-07-09,2024,7,9,262500.0,662500.0,55.83613012441601,-4.195793465818992,2929.3898682148815,11.188420537764236
2024-07-09,2024,7,9,257500.0,667500.0,55.879574159628305,-4.278197631229293,4283.844651711825,12.662536124185412
2024-07-09,2024,7,9,262500.0,667500.0,55.88102684588964,-4.198328199669799,2919.1308638017586,12.47420967761715
2024-07-10,2024,7,10,257500.0,662500.0,55.83467987242347,-4.275570996161421,4290.841991963815,0.1998931902489124
2024-07-10,2024,7,10,262500.0,662500.0,55.83613012441601,-4.195793465818992,2929.3898682148815,0.2438009195839646
2024-07-10,2024,7,10,257500.0,667500.0,55.879574159628305,-4.278197631229293,4283.844651711825,0.0951403471031554
2024-07-10,2024,7,10,262500.0,667500.0,55.88102684588964,-4.198328199669799,2919.1308638017586,0.2075099882780547
2024-07-11,2024,7,11,257500.0,662500.0,55.83467987242347,-4.275570996161421,4290.841991963815,0.0017179897421014
2024-07-11,2024,7,11,262500.0,662500.0,55.83613012441601,-4.195793465818992,2929.3898682148815,0.0007158431976578
2024-07-11,2024,7,11,257500.0,667500.0,55.879574159628305,-4.278197631229293,4283.844651711825,0.0018455919337257
2024-07-11,2024,7,11,262500.0,667500.0,55.88102684588964,-4.198328199669799,2919.1308638017586,0.0042558584559247
2024-07-12,2024,7,12,257500.0,662500.0,55.83467987242347,-4.275570996161421,4290.841991963815,0.0002712501055528
2024-07-12,2024,7,12,262500.0,662500.0,55.83613012441601,-4.195793465818992,2929.3898682148815,0.0001464324810475
2024-07-12,2024,7,12,257500.0,667500.0,55.879574159628305,-4.278197631229293,4283.844651711825,0.0002629505795359
2024-07-12,2024,7,12,262500.0,667500.0,55.88102684588964,-4.198328199669799,2919.1308638017586,0.0006532634769804
2024-07-13,2024,7,13,257500.0,662500.0,55.83467987242347,-4.275570996161421,4290.841991963815,0.0871806544329356
2024-07-13,2024,7,13,262500.0,662500.0,55.83613012441601,-4.195793465818992,2929.3898682148815,0.0535678731431851
2024-07-13,2024,7,13,257500.0,667500.0,55.879574159628305,-4.278197631229293,4283.844651711825,0.043101064235749
2024-07-13,2024,7,13,262500.0,667500.0,55.88102684588964,-4.198328199669799,2919.1308638017586,0.0982418675760571
2024-07-14,2024,7,14,257500.0,662500.0,55.83467987242347,-4.275570996161421,4290.841991963815,0.035764300446017
2024-07-14,2024,7,14,262500.0,662500.0,55.83613012441601,-4.195793465818992,2929.3898682148815,0.066765296986271
2024-07-14,2024,7,14,257500.0,667500.0,55.879574159628305,-4.278197631229293,4283.844651711825,0.1204387414715162
2024-07-14,2024,7,14,262500.0,667500.0,55.88102684588964,-4.198328199669799,2919.1308638017586,0.1015348820476967
2024-07-15,2024,7,15,257500.0,662500.0,55.83467987242347,-4.275570996161421,4290.841991963815,3.8989367020318135
2024-07-15,2024,7,15,262500.0,662500.0,55.83613012441601,-4.195793465818992,2929.3898682148815,4.586561098528594
2024-07-15,2024,7,15,257500.0,667500.0,55.879574159628305,-4.278197631229293,4283.844651711825,2.434589610802784
2024-07-15,2024,7,15,262500.0,667500.0,55.88102684588964,-4.198328199669799,2919.1308638017586,3.4119573404434975
2024-07-16,2024,7,16,257500.0,662500.0,55.83467987242347,-4.275570996161421,4290.841991963815,0.9445166488731076
2024-07-16,2024,7,16,262500.0,662500.0,55.83613012441601,-4.195793465818992,2929.3898682148815,0.5989110559329589
2024-07-16,2024,7,16,257500.0,667500.0,55.879574159628305,-4.278197631229293,4283.844651711825,3.3270381244965206
2024-07-16,2024,7,16,262500.0,667500.0,55.88102684588964,-4.198328199669799,2919.1308638017586,1.5433714972621049
2024-07-17,2024,7,17,257500.0,662500.0,55.83467987242347,-4.275570996161421,4290.841991963815,0.1571392950510634
2024-07-17,2024,7,17,262500.0,662500.0,55.83613012441601,-4.195793465818992,2929.3898682148815,0.0547869492914985
2024-07-17,2024,7,17,257500.0,667500.0,55.879574159628305,-4.278197631229293,4283.844651711825,0.3634834649519263
2024-07-17,2024,7,17,262500.0,667500.0,55.88102684588964,-4.198328199669799,2919.1308638017586,0.2812057348036823
2024-07-18,2024,7,18,257500.0,662500.0,55.83467987242347,-4.275570996161421,4290.841991963815,0.506099136062936
2024-07-18,2024,7,18,262500.0,662500.0,55.83613012441601,-4.195793465818992,2929.3898682148815,0.0637275066364869
2024-07-18,2024,7,18,257500.0,667500.0,55.879574159628305,-4.278197631229293,4283.844651711825,0.3475377487375012
2024-07-18,2024,7,18,262500.0,667500.0,55.88102684588964,-4.198328199669799,2919.1308638017586,0.4543657017650893
2024-07-19,2024,7,19,257500.0,662500.0,55.83467987242347,-4.275570996161421,4290.841991963815,0.0211082769051374
2024-07-19,2024,7,19,262500.0,662500.0,55.83613012441601,-4.195793465818992,2929.3898682148815,0.0136896265034821
2024-07-19,2024,7,19,257500.0,667500.0,55.879574159628305,-4.278197631229293,4283.844651711825,0.0230519476247184
2024-07-19,2024,7,19,262500.0,667500.0,55.88102684588964,-4.198328199669799,2919.1308638017586,0.0640436215062856
2024-07-20,2024,7,20,257500.0,662500.0,55.83467987242347,-4.275570996161421,4290.841991963815,7.840951172956524
2024-07-20,2024,7,20,262500.0,662500.0,55.83613012441601,-4.195793465818992,2929.3898682148815,7.37126201776264
2024-07-20,2024,7,20,257500.0,667500.0,55.879574159628305,-4.278197631229293,4283.844651711825,9.713611496718386
2024-07-20,2024,7,20,262500.0,667500.0,55.88102684588964,-4.198328199669799,2919.1308638017586,8.885022306262206
2024-07-21,2024,7,21,257500.0,662500.0,55.83467987242347,-4.275570996161421,4290.841991963815,1.0538610594335267
2024-07-21,2024,7,21,262500.0,662500.0,55.83613012441601,-4.195793465818992,2929.3898682148815,0.9843843296782008
2024-07-21,2024,7,21,257500.0,667500.0,55.879574159628305,-4.278197631229293,4283.844651711825,1.508672830456844
2024-07-21,2024,7,21,262500.0,667500.0,55.88102684588964,-4.198328199669799,2919.1308638017586,1.3909163412869103
2024-07-22,2024,7,22,257500.0,662500.0,55.83467987242347,-4.275570996161421,4290.841991963815,0.0768715485444054
2024-07-22,2024,7,22,262500.0,662500.0,55.83613012441601,-4.195793465818992,2929.3898682148815,0.0409100101328511
2024-07-22,2024,7,22,257500.0,667500.0,55.879574159628305,-4.278197631229293,4283.844651711825,0.0775923034920398
2024-07-22,2024,7,22,262500.0,667500.0,55.88102684588964,-4.198328199669799,2919.1308638017586,0.1924324779792579
2024-07-23,2024,7,23,257500.0,662500.0,55.83467987242347,-4.275570996161421,4290.841991963815,0.0028940861428117
2024-07-23,2024,7,23,262500.0,662500.0,55.83613012441601,-4.195793465818992,2929.3898682148815,0.002055181223504
2024-07-23,2024,7,23,257500.0,667500.0,55.879574159628305,-4.278197631229293,4283.844651711825,0.003030445155256
2024-07-23,2024,7,23,262500.0,667500.0,55.88102684588964,-4.198328199669799,2919.1308638017586,0.0056449526183448
2024-07-24,2024,7,24,257500.0,662500.0,55.83467987242347,-4.275570996161421,4290.841991963815,0.3336549263665959
2024-07-24,2024,7,24,262500.0,662500.0,55.83613012441601,-4.195793465818992,2929.3898682148815,0.0565473607558908
2024-07-24,2024,7,24,257500.0,667500.0,55.879574159628305,-4.278197631229293,4283.844651711825,0.7577644952692123
2024-07-24,2024,7,24,262500.0,667500.0,55.88102684588964,-4.198328199669799,2919.1308638017586,0.6024824391480171
2024-07-25,2024,7,25,257500.0,662500.0,55.83467987242347,-4.275570996161421,4290.841991963815,4.344985252937472
2024-07-25,2024,7,25,262500.0,662500.0,55.83613012441601,-4.195793465818992,2929.3898682148815,4.04327303952146
2024-07-25,2024,7,25,257500.0,667500.0,55.879574159628305,-4.278197631229293,4283.844651711825,6.659733946219041
2024-07-25,2024,7,25,262500.0,667500.0,55.88102684588964,-4.198328199669799,2919.1308638017586,5.4246979584112145
2024-07-26,2024,7,26,257500.0,662500.0,55.83467987242347,-4.275570996161421,4290.841991963815,1.299544570877408
2024-07-26,2024,7,26,262500.0,662500.0,55.83613012441601,-4.195793465818992,2929.3898682148815,0.7352924817223043
2024-07-26,2024,7,26,257500.0,667500.0,55.879574159628305,-4.278197631229293,4283.844651711825,3.3366097070189373
2024-07-26,2024,7,26,262500.0,667500.0,55.88102684588964,-4.198328199669799,2919.1308638017586,2.0968541449454445
2024-07-27,2024,7,27,257500.0,662500.0,55.83467987242347,-4.275570996161421,4290.841991963815,0.0302570804013884
2024-07-27,2024,7,27,262500.0,662500.0,55.83613012441601,-4.195793465818992,2929.3898682148815,0.0941056870590142
2024-07-27,2024,7,27,257500.0,667500.0,55.879574159628305,-4.278197631229293,4283.844651711825,0.0275361508566259
2024-07-27,2024,7,27,262500.0,667500.0,55.88102684588964,-4.198328199669799,2919.1308638017586,0.0981609613933187
2024-07-28,2024,7,28,257500.0,662500.0,55.83467987242347,-4.275570996161421,4290.841991963815,0.001468167723544
2024-07-28,2024,7,28,262500.0,662500.0,55.83613012441601,-4.195793465818992,2929.3898682148815,0.0013006551710498
2024-07-28,2024,7,28,257500.0,667500.0,55.879574159628305,-4.278197631229293,4283.844651711825,0.0011573746287992
2024-07-28,2024,7,28,262500.0,667500.0,55.88102684588964,-4.198328199669799,2919.1308638017586,0.0029511129617479
2024-07-29,2024,7,29,257500.0,662500.0,55.83467987242347,-4.275570996161421,4290.841991963815,0.0086092680033753
2024-07-29,2024,7,29,262500.0,662500.0,55.83613012441601,-4.195793465818992,2929.3898682148815,0.0023186420108175
2024-07-29,2024,7,29,257500.0,667500.0,55.879574159628305,-4.278197631229293,4283.844651711825,0.0128211688603714
2024-07-29,2024,7,29,262500.0,667500.0,55.88102684588964,-4.198328199669799,2919.1308638017586,0.0399585091125099
2024-07-30,2024,7,30,257500.0,662500.0,55.83467987242347,-4.275570996161421,4290.841991963815,0.0027389471097174
2024-07-30,2024,7,30,262500.0,662500.0,55.83613012441601,-4.195793465818992,2929.3898682148815,0.0003355616983199
2024-07-30,2024,7,30,257500.0,667500.0,55.879574159628305,-4.278197631229293,4283.844651711825,0.0010255725300482
2024-07-30,2024,7,30,262500.0,667500.0,55.88102684588964,-4.198328199669799,2919.1308638017586,0.0008736572658471
2024-07-31,2024,7,31,257500.0,662500.0,55.83467987242347,-4.275570996161421,4290.841991963815,0.2279376101360227
2024-07-31,2024,7,31,262500.0,662500.0,55.83613012441601,-4.195793465818992,2929.3898682148815,0.3084954812430686
2024-07-31,2024,7,31,257500.0,667500.0,55.879574159628305,-4.278197631229293,4283.844651711825,0.2287733773758967
2024-07-31,2024,7,31,262500.0,667500.0,55.88102684588964,-4.198328199669799,2919.1308638017586,0.3417085215890357
2024-08-01,2024,8,1,257500.0,662500.0,55.83467987242347,-4.275570996161421,4290.841991963815,0.0021115594914286
2024-08-01,2024,8,1,262500.0,662500.0,55.83613012441601,-4.195793465818992,2929.3898682148815,0.0003764468137502
2024-08-01,2024,8,1,257500.0,667500.0,55.879574159628305,-4.278197631229293,4283.844651711825,0.0025932537633975
2024-08-01,2024,8,1,262500.0,667500.0,55.88102684588964,-4.198328199669799,2919.1308638017586,0.0025855217031514
2024-08-02,2024,8,2,257500.0,662500.0,55.83467987242347,-4.275570996161421,4290.841991963815,2.8267964698787127
2024-08-02,2024,8,2,262500.0,662500.0,55.83613012441601,-4.195793465818992,2929.3898682148815,2.4496639616472087
2024-08-02,2024,8,2,257500.0,667500.0,55.879574159628305,-4.278197631229293,4283.844651711825,2.593835926329843
2024-08-02,2024,8,2,262500.0,667500.0,55.88102684588964,-4.198328199669799,2919.1308638017586,2.7888328714490114
2024-08-03,2024,8,3,257500.0,662500.0,55.83467987242347,-4.275570996161421,4290.841991963815,0.4018448743361684
2024-08-03,2024,8,3,262500.0,662500.0,55.83613012441601,-4.195793465818992,2929.3898682148815,0.1878613640365057
2024-08-03,2024,8,3,257500.0,667500.0,55.879574159628305,-4.278197631229293,4283.844651711825,0.5008195952184578
2024-08-03,2024,8,3,262500.0,667500.0,55.88102684588964,-4.198328199669799,2919.1308638017586,0.3722488801233459
2024-08-04,2024,8,4,257500.0,662500.0,55.83467987242347,-4.275570996161421,4290.841991963815,16.86879014396329
2024-08-04,2024,8,4,262500.0,662500.0,55.83613012441601,-4.195793465818992,2929.3898682148815,15.30017207759658
2024-08-04,2024,8,4,257500.0,667500.0,55.879574159628305,-4.278197631229293,4283.844651711825,23.439106774004465
2024-08-04,2024,8,4,262500.0,667500.0,55.88102684588964,-4.198328199669799,2919.1308638017586,22.213941780180516
2024-08-05,2024,8,5,257500.0,662500.0,55.83467987242347,-4.275570996161421,4290.841991963815,12.32012450197735
2024-08-05,2024,8,5,262500.0,662500.0,55.83613012441601,-4.195793465818992,2929.3898682148815,12.952130593926649
2024-08-05,2024,8,5,257500.0,667500.0,55.879574159628305,-4.278197631229293,4283.844651711825,11.60451199847948
2024-08-05,2024,8,5,262500.0,667500.0,55.88102684588964,-4.198328199669799,2919.1308638017586,12.73212752997976
2024-08-06,2024,8,6,257500.0,662500.0,55.83467987242347,-4.275570996161421,4290.841991963815,2.3563802882011418
2024-08-06,2024,8,6,262500.0,662500.0,55.83613012441601,-4.195793465818992,2929.3898682148815,1.7182760591294597
2024-08-06,2024,8,6,257500.0,667500.0,55.879574159628305,-4.278197631229293,4283.844651711825,2.6774891665995524
2024-08-06,2024,8,6,262500.0,667500.0,55.88102684588964,-4.198328199669799,2919.1308638017586,2.3249534330774404
2024-08-07,2024,8,7,257500.0,662500.0,55.83467987242347,-4.275570996161421,4290.841991963815,0.381464944942229
2024-08-07,2024,8,7,262500.0,662500.0,55.83613012441601,-4.195793465818992,2929.3898682148815,0.3081494176166535
2024-08-07,2024,8,7,257500.0,667500.0,55.879574159628305,-4.278197631229293,4283.844651711825,0.5542682249210404
2024-08-07,2024,8,7,262500.0,667500.0,55.88102684588964,-4.198328199669799,2919.1308638017586,0.7424995040452436
2024-08-08,2024,8,8,257500.0,662500.0,55.83467987242347,-4.275570996161421,4290.841991963815,7.471932561517282
2024-08-08,2024,8,8,262500.0,662500.0,55.83613012441601,-4.195793465818992,2929.3898682148815,7.473716521016731
2024-08-08,2024,8,8,257500.0,667500.0,55.879574159628305,-4.278197631229293,4283.844651711825,6.657222822368626
2024-08-08,2024,8,8,262500.0,667500.0,55.88102684588964,-4.198328199669799,2919.1308638017586,7.737530814392754
2024-08-09,2024,8,9,257500.0,662500.0,55.83467987242347,-4.275570996161421,4290.841991963815,5.001633457661065
2024-08-09,2024,8,9,262500.0,662500.0,55.83613012441601,-4.195793465818992,2929.3898682148815,4.313106375951028
2024-08-09,2024,8,9,257500.0,667500.0,55.879574159628305,-4.278197631229293,4283.844651711825,2.4879632138624292
2024-08-09,2024,8,9,262500.0,667500.0,55.88102684588964,-4.198328199669799,2919.1308638017586,3.6714800062351336
2024-08-10,2024,8,10,257500.0,662500.0,55.83467987242347,-4.275570996161421,4290.841991963815,0.1695576922864296
2024-08-10,2024,8,10,262500.0,662500.0,55.83613012441601,-4.195793465818992,2929.3898682148815,0.0337995436971313
2024-08-10,2024,8,10,257500.0,667500.0,55.879574159628305,-4.278197631229293,4283.844651711825,0.0612760176262185
2024-08-10,2024,8,10,262500.0,667500.0,55.88102684588964,-4.198328199669799,2919.1308638017586,0.0659361822296169
2024-08-11,2024,8,11,257500.0,662500.0,55.83467987242347,-4.275570996161421,4290.841991963815,1.6914643000254015
2024-08-11,2024,8,11,262500.0,662500.0,55.83613012441601,-4.195793465818992,2929.3898682148815,1.11801610106038
2024-08-11,2024,8,11,257500.0,667500.0,55.879574159628305,-4.278197631229293,4283.844651711825,2.496830410199447
2024-08-11,2024,8,11,262500.0,667500.0,55.88102684588964,-4.198328199669799,2919.1308638017586,1.8856143281014428
2024-08-12,2024,8,12,257500.0,662500.0,55.83467987242347,-4.275570996161421,4290.841991963815,0.4042842866396299
2024-08-12,2024,8,12,262500.0,662500.0,55.83613012441601,-4.195793465818992,2929.3898682148815,0.1941353610181549
2024-08-12,2024,8,12,257500.0,667500.0,55.879574159628305,-4.278197631229293,4283.844651711825,0.5084476069413202
2024-08-12,2024,8,12,262500.0,667500.0,55.88102684588964,-4.198328199669799,2919.1308638017586,0.3503730308031852
2024-08-13,2024,8,13,257500.0,662500.0,55.83467987242347,-4.275570996161421,4290.841991963815,2.3959242004043855
2024-08-13,2024,8,13,262500.0,662500.0,55.83613012441601,-4.195793465818992,2929.3898682148815,1.7319799833827836
2024-08-13,2024,8,13,257500.0,667500.0,55.879574159628305,-4.278197631229293,4283.844651711825,3.5912918395343114
2024-08-13,2024,8,13,262500.0,667500.0,55.88102684588964,-4.198328199669799,2919.1308638017586,2.5090685559664925
2024-08-14,2024,8,14,257500.0,662500.0,55.83467987242347,-4.275570996161421,4290.841991963815,16.55541398814292
2024-08-14,2024,8,14,262500.0,662500.0,55.83613012441601,-4.195793465818992,2929.3898682148815,13.444411326942204
2024-08-14,2024,8,14,257500.0,667500.0,55.879574159628305,-4.278197631229293,4283.844651711825,15.762149665212451
2024-08-14,2024,8,14,262500.0,667500.0,55.88102684588964,-4.198328199669799,2919.1308638017586,16.206408662462906
2024-08-15,2024,8,15,257500.0,662500.0,55.83467987242347,-4.275570996161421,4290.841991963815,7.919683693236648
2024-08-15,2024,8,15,262500.0,662500.0,55.83613012441601,-4.195793465818992,2929.3898682148815,8.31616950978639
2024-08-15,2024,8,15,257500.0,667500.0,55.879574159628305,-4.278197631229293,4283.844651711825,7.389385014334034
2024-08-15,2024,8,15,262500.0,667500.0,55.88102684588964,-4.198328199669799,2919.1308638017586,8.3124742041184
2024-08-16,2024,8,16,257500.0,662500.0,55.83467987242347,-4.275570996161421,4290.841991963815,0.914385969350101
2024-08-16,2024,8,16,262500.0,662500.0,55.83613012441601,-4.195793465818992,2929.3898682148815,0.6524946505405289
2024-08-16,2024,8,16,257500.0,667500.0,55.879574159628305,-4.278197631229293,4283.844651711825,1.1663647224477756
2024-08-16,2024,8,16,262500.0,667500.0,55.88102684588964,-4.198328199669799,2919.1308638017586,1.2500359504516132
2024-08-17,2024,8,17,257500.0,662500.0,55.83467987242347,-4.275570996161421,4290.841991963815,0.2071416168055374
2024-08-17,2024,8,17,262500.0,662500.0,55.83613012441601,-4.195793465818992,2929.3898682148815,0.1074536453725285
2024-08-17,2024,8,17,257500.0,667500.0,55.879574159628305,-4.278197631229293,4283.844651711825,0.6594631352978011
2024-08-17,2024,8,17,262500.0,667500.0,55.88102684588964,-4.198328199669799,2919.1308638017586,0.5432082821052188
2024-08-18,2024,8,18,257500.0,662500.0,55.83467987242347,-4.275570996161421,4290.841991963815,0.0358706904014879
2024-08-18,2024,8,18,262500.0,662500.0,55.83613012441601,-4.195793465818992,2929.3898682148815,0.010563775503314
2024-08-18,2024,8,18,257500.0,667500.0,55.879574159628305,-4.278197631229293,4283.844651711825,0.0270225709644493
2024-08-18,2024,8,18,262500.0,667500.0,55.88102684588964,-4.198328199669799,2919.1308638017586,0.0537557842768349
2024-08-19,2024,8,19,257500.0,662500.0,55.83467987242347,-4.275570996161421,4290.841991963815,17.95854421988905
2024-08-19,2024,8,19,262500.0,662500.0,55.83613012441601,-4.195793465818992,2929.3898682148815,15.05536065341905
2024-08-19,2024,8,19,257500.0,667500.0,55.879574159628305,-4.278197631229293,4283.844651711825,22.068496349649415
2024-08-19,2024,8,19,262500.0,667500.0,55.88102684588964,-4.198328199669799,2919.1308638017586,20.726972415275824
2024-08-20,2024,8,20,257500.0,662500.0,55.83467987242347,-4.275570996161421,4290.841991963815,6.407068606931876
2024-08-20,2024,8,20,262500.0,662500.0,55.83613012441601,-4.195793465818992,2929.3898682148815,6.16223451839206
2024-08-20,2024,8,20,257500.0,667500.0,55.879574159628305,-4.278197631229293,4283.844651711825,9.093260451258738
2024-08-20,2024,8,20,262500.0,667500.0,55.88102684588964,-4.198328199669799,2919.1308638017586,8.302921706298891
2024-08-21,2024,8,21,257500.0,662500.0,55.83467987242347,-4.275570996161421,4290.841991963815,17.58829281425579
2024-08-21,2024,8,21,262500.0,662500.0,55.83613012441601,-4.195793465818992,2929.3898682148815,13.817400059640036
2024-08-21,2024,8,21,257500.0,667500.0,55.879574159628305,-4.278197631229293,4283.844651711825,15.051081904191784
2024-08-21,2024,8,21,262500.0,667500.0,55.88102684588964,-4.198328199669799,2919.1308638017586,15.578947284836774
2024-08-22,2024,8,22,257500.0,662500.0,55.83467987242347,-4.275570996161421,4290.841991963815,9.904942300608656
2024-08-22,2024,8,22,262500.0,662500.0,55.83613012441601,-4.195793465818992,2929.3898682148815,9.08432710889652
2024-08-22,2024,8,22,257500.0,667500.0,55.879574159628305,-4.278197631229293,4283.844651711825,11.605287848584354
2024-08-22,2024,8,22,262500.0,667500.0,55.88102684588964,-4.198328199669799,2919.1308638017586,11.203325230503967
2024-08-23,2024,8,23,257500.0,662500.0,55.83467987242347,-4.275570996161421,4290.841991963815,6.490418430487203
2024-08-23,2024,8,23,262500.0,662500.0,55.83613012441601,-4.195793465818992,2929.3898682148815,5.6547180506380545
2024-08-23,2024,8,23,257500.0,667500.0,55.879574159628305,-4.278197631229293,4283.844651711825,6.921933034151614
2024-08-23,2024,8,23,262500.0,667500.0,55.88102684588964,-4.198328199669799,2919.1308638017586,6.834989054586526
2024-08-24,2024,8,24,257500.0,662500.0,55.83467987242347,-4.275570996161421,4290.841991963815,3.04063360758848
2024-08-24,2024,8,24,262500.0,662500.0,55.83613012441601,-4.195793465818992,2929.3898682148815,2.6689395818021096
2024-08-24,2024,8,24,257500.0,667500.0,55.879574159628305,-4.278197631229293,4283.844651711825,4.329503335448943
2024-08-24,2024,8,24,262500.0,667500.0,55.88102684588964,-4.198328199669799,2919.1308638017586,3.7386391555632086
2024-08-25,2024,8,25,257500.0,662500.0,55.83467987242347,-4.275570996161421,4290.841991963815,14.427981580065076
2024-08-25,2024,8,25,262500.0,662500.0,55.83613012441601,-4.195793465818992,2929.3898682148815,12.418921619151106
2024-08-25,2024,8,25,257500.0,667500.0,55.879574159628305,-4.278197631229293,4283.844651711825,11.689904417809698
2024-08-25,2024,8,25,262500.0,667500.0,55.88102684588964,-4.198328199669799,2919.1308638017586,13.255191355918008
2024-08-26,2024,8,26,257500.0,662500.0,55.83467987242347,-4.275570996161421,4290.841991963815,15.668371081290497
2024-08-26,2024,8,26,262500.0,662500.0,55.83613012441601,-4.195793465818992,2929.3898682148815,14.70758899643289
2024-08-26,2024,8,26,257500.0,667500.0,55.879574159628305,-4.278197631229293,4283.844651711825,14.20427352778405
2024-08-26,2024,8,26,262500.0,667500.0,55.88102684588964,-4.198328199669799,2919.1308638017586,15.187260574652289
2024-08-27,2024,8,27,257500.0,662500.0,55.83467987242347,-4.275570996161421,4290.841991963815,1.9782294113206715
2024-08-27,2024,8,27,262500.0,662500.0,55.83613012441601,-4.195793465818992,2929.3898682148815,1.627594208975283
2024-08-27,2024,8,27,257500.0,667500.0,55.879574159628305,-4.278197631229293,4283.844651711825,2.4022257305904526
2024-08-27,2024,8,27,262500.0,667500.0,55.88102684588964,-4.198328199669799,2919.1308638017586,2.162636882678338
2024-08-28,2024,8,28,257500.0,662500.0,55.83467987242347,-4.275570996161421,4290.841991963815,3.281116797379113
2024-08-28,2024,8,28,262500.0,662500.0,55.83613012441601,-4.195793465818992,2929.3898682148815,2.7803799722490017
2024-08-28,2024,8,28,257500.0,667500.0,55.879574159628305,-4.278197631229293,4283.844651711825,4.035317290219592
2024-08-28,2024,8,28,262500.0,667500.0,55.88102684588964,-4.198328199669799,2919.1308638017586,3.8095801653263974
2024-08-29,2024,8,29,257500.0,662500.0,55.83467987242347,-4.275570996161421,4290.841991963815,1.859286828159324
2024-08-29,2024,8,29,262500.0,662500.0,55.83613012441601,-4.195793465818992,2929.3898682148815,1.3893142813747763
2024-08-29,2024,8,29,257500.0,667500.0,55.879574159628305,-4.278197631229293,4283.844651711825,1.527250692202461
2024-08-29,2024,8,29,262500.0,667500.0,55.88102684588964,-4.198328199669799,2919.1308638017586,2.0161596077428583
2024-08-30,2024,8,30,257500.0,662500.0,55.83467987242347,-4.275570996161421,4290.841991963815,0.002046566191421
2024-08-30,2024,8,30,262500.0,662500.0,55.83613012441601,-4.195793465818992,2929.3898682148815,0.0010935237052411
2024-08-30,2024,8,30,257500.0,667500.0,55.879574159628305,-4.278197631229293,4283.844651711825,0.0032694219431765
2024-08-30,2024,8,30,262500.0,667500.0,55.88102684588964,-4.198328199669799,2919.1308638017586,0.0077823723126414
2024-08-31,2024,8,31,257500.0,662500.0,55.83467987242347,-4.275570996161421,4290.841991963815,0.0066923730309159
2024-08-31,2024,8,31,262500.0,662500.0,55.83613012441601,-4.195793465818992,2929.3898682148815,0.0020481976061914
2024-08-31,2024,8,31,257500.0,667500.0,55.879574159628305,-4.278197631229293,4283.844651711825,0.0087465549056652
2024-08-31,2024,8,31,262500.0,667500.0,55.88102684588964,-4.198328199669799,2919.1308638017586,0.0328428231004268
2024-09-01,2024,9,1,257500.0,662500.0,55.83467987242347,-4.275570996161421,4290.841991963815,14.760923604003317
2024-09-01,2024,9,1,262500.0,662500.0,55.83613012441601,-4.195793465818992,2929.3898682148815,15.051811742787937
2024-09-01,2024,9,1,257500.0,667500.0,55.879574159628305,-4.278197631229293,4283.844651711825,15.451571293155409
2024-09-01,2024,9,1,262500.0,667500.0,55.88102684588964,-4.198328199669799,2919.1308638017586,13.816397197534506
2024-09-02,2024,9,2,257500.0,662500.0,55.83467987242347,-4.275570996161421,4290.841991963815,12.736219160802817
2024-09-02,2024,9,2,262500.0,662500.0,55.83613012441601,-4.195793465818992,2929.3898682148815,10.188574291165285
2024-09-02,2024,9,2,257500.0,667500.0,55.879574159628305,-4.278197631229293,4283.844651711825,12.52496752099612
2024-09-02,2024,9,2,262500.0,667500.0,55.88102684588964,-4.198328199669799,2919.1308638017586,11.41719579791677
2024-09-03,2024,9,3,257500.0,662500.0,55.83467987242347,-4.275570996161421,4290.841991963815,1.0901972689047494
2024-09-03,2024,9,3,262500.0,662500.0,55.83613012441601,-4.195793465818992,2929.3898682148815,1.0316811761148956
2024-09-03,2024,9,3,257500.0,667500.0,55.879574159628305,-4.278197631229293,4283.844651711825,2.0347044744184015
2024-09-03,2024,9,3,262500.0,667500.0,55.88102684588964,-4.198328199669799,2919.1308638017586,1.797439418217283
2024-09-04,2024,9,4,257500.0,662500.0,55.83467987242347,-4.275570996161421,4290.841991963815,0.0159080633108888
2024-09-04,2024,9,4,262500.0,662500.0,55.83613012441601,-4.195793465818992,2929.3898682148815,0.0058982413928495
2024-09-04,2024,9,4,257500.0,667500.0,55.879574159628305,-4.278197631229293,4283.844651711825,0.0172698782184866
2024-09-04,2024,9,4,262500.0,667500.0,55.88102684588964,-4.198328199669799,2919.1308638017586,0.0251150816703143
2024-09-05,2024,9,5,257500.0,662500.0,55.83467987242347,-4.275570996161421,4290.841991963815,0.0156450903261936
2024-09-05,2024,9,5,262500.0,662500.0,55.83613012441601,-4.195793465818992,2929.3898682148815,0.0051128540211443
2024-09-05,2024,9,5,257500.0,667500.0,55.879574159628305,-4.278197631229293,4283.844651711825,0.0076681105508078
2024-09-05,2024,9,5,262500.0,667500.0,55.88102684588964,-4.198328199669799,2919.1308638017586,0.0122210421460258
2024-09-06,2024,9,6,257500.0,662500.0,55.83467987242347,-4.275570996161421,4290.841991963815,0.0013392518478283
2024-09-06,2024,9,6,262500.0,662500.0,55.83613012441601,-4.195793465818992,2929.3898682148815,0.0005010385367023
2024-09-06,2024,9,6,257500.0,667500.0,55.879574159628305,-4.278197631229293,4283.844651711825,0.0012878902451194
2024-09-06,2024,9,6,262500.0,667500.0,55.88102684588964,-4.198328199669799,2919.1308638017586,0.0023276713015291
2024-09-07,2024,9,7,257500.0,662500.0,55.83467987242347,-4.275570996161421,4290.841991963815,0.0030013420541798
2024-09-07,2024,9,7,262500.0,662500.0,55.83613012441601,-4.195793465818992,2929.3898682148815,0.0014039193570345
2024-09-07,2024,9,7,257500.0,667500.0,55.879574159628305,-4.278197631229293,4283.844651711825,0.0077134237712214
2024-09-07,2024,9,7,262500.0,667500.0,55.88102684588964,-4.198328199669799,2919.1308638017586,0.0317922037899481
2024-09-08,2024,9,8,257500.0,662500.0,55.83467987242347,-4.275570996161421,4290.841991963815,0.359868981745058
2024-09-08,2024,9,8,262500.0,662500.0,55.83613012441601,-4.195793465818992,2929.3898682148815,0.4101751665573256
2024-09-08,2024,9,8,257500.0,667500.0,55.879574159628305,-4.278197631229293,4283.844651711825,1.075926279129492
2024-09-08,2024,9,8,262500.0,667500.0,55.88102684588964,-4.198328199669799,2919.1308638017586,1.7588317369237196
2024-09-09,2024,9,9,257500.0,662500.0,55.83467987242347,-4.275570996161421,4290.841991963815,12.5238776235543
2024-09-09,2024,9,9,262500.0,662500.0,55.83613012441601,-4.195793465818992,2929.3898682148815,10.75963456731967
2024-09-09,2024,9,9,257500.0,667500.0,55.879574159628305,-4.278197631229293,4283.844651711825,11.756086773523965
2024-09-09,2024,9,9,262500.0,667500.0,55.88102684588964,-4.198328199669799,2919.1308638017586,12.58447146700492
2024-09-10,2024,9,10,257500.0,662500.0,55.83467987242347,-4.275570996161421,4290.841991963815,0.9712985136196
2024-09-10,2024,9,10,262500.0,662500.0,55.83613012441601,-4.195793465818992,2929.3898682148815,0.9759039664472372
2024-09-10,2024,9,10,257500.0,667500.0,55.879574159628305,-4.278197631229293,4283.844651711825,0.5400686444081448
2024-09-10,2024,9,10,262500.0,667500.0,55.88102684588964,-4.198328199669799,2919.1308638017586,0.8058782174552425
2024-09-11,2024,9,11,257500.0,662500.0,55.83467987242347,-4.275570996161421,4290.841991963815,0.009833775944013
2024-09-11,2024,9,11,262500.0,662500.0,55.83613012441601,-4.195793465818992,2929.3898682148815,0.0046692811733034
2024-09-11,2024,9,11,257500.0,667500.0,55.879574159628305,-4.278197631229293,4283.844651711825,0.0114701699801591
2024-09-11,2024,9,11,262500.0,667500.0,55.88102684588964,-4.198328199669799,2919.1308638017586,0.0263241143720964
2024-09-12,2024,9,12,257500.0,662500.0,55.83467987242347,-4.275570996161421,4290.841991963815,0.0013557202586758
2024-09-12,2024,9,12,262500.0,662500.0,55.83613012441601,-4.195793465818992,2929.3898682148815,0.000637765623182
2024-09-12,2024,9,12,257500.0,667500.0,55.879574159628305,-4.278197631229293,4283.844651711825,0.0013135740863208
2024-09-12,2024,9,12,262500.0,667500.0,55.88102684588964,-4.198328199669799,2919.1308638017586,0.0027970360080942
2024-09-13,2024,9,13,257500.0,662500.0,55.83467987242347,-4.275570996161421,4290.841991963815,1.1841767863869548
2024-09-13,2024,9,13,262500.0,662500.0,55.83613012441601,-4.195793465818992,2929.3898682148815,1.020218041379292
2024-09-13,2024,9,13,257500.0,667500.0,55.879574159628305,-4.278197631229293,4283.844651711825,1.583713499917731
2024-09-13,2024,9,13,262500.0,667500.0,55.88102684588964,-4.198328199669799,2919.1308638017586,1.4487475015435751
2024-09-14,2024,9,14,257500.0,662500.0,55.83467987242347,-4.275570996161421,4290.841991963815,2.821044460464011
2024-09-14,2024,9,14,262500.0,662500.0,55.83613012441601,-4.195793465818992,2929.3898682148815,2.45516027218015
2024-09-14,2024,9,14,257500.0,667500.0,55.879574159628305,-4.278197631229293,4283.844651711825,2.3526579239003755
2024-09-14,2024,9,14,262500.0,667500.0,55.88102684588964,-4.198328199669799,2919.1308638017586,2.4582094074774132
2024-09-15,2024,9,15,257500.0,662500.0,55.83467987242347,-4.275570996161421,4290.841991963815,0.0657512481435392
2024-09-15,2024,9,15,262500.0,662500.0,55.83613012441601,-4.195793465818992,2929.3898682148815,0.0409023859964936
2024-09-15,2024,9,15,257500.0,667500.0,55.879574159628305,-4.278197631229293,4283.844651711825,0.0577818265699283
2024-09-15,2024,9,15,262500.0,667500.0,55.88102684588964,-4.198328199669799,2919.1308638017586,0.1612186539924252
2024-09-16,2024,9,16,257500.0,662500.0,55.83467987242347,-4.275570996161421,4290.841991963815,0.0013290006534721
2024-09-16,2024,9,16,262500.0,662500.0,55.83613012441601,-4.195793465818992,2929.3898682148815,0.0002139288978816
2024-09-16,2024,9,16,257500.0,667500.0,55.879574159628305,-4.278197631229293,4283.844651711825,0.0035144076021735
2024-09-16,2024,9,16,262500.0,667500.0,55.88102684588964,-4.198328199669799,2919.1308638017586,0.0031447680447526
2024-09-17,2024,9,17,257500.0,662500.0,55.83467987242347,-4.275570996161421,4290.841991963815,0.001307739124154
2024-09-17,2024,9,17,262500.0,662500.0,55.83613012441601,-4.195793465818992,2929.3898682148815,0.0009572750432073
2024-09-17,2024,9,17,257500.0,667500.0,55.879574159628305,-4.278197631229293,4283.844651711825,0.0017134843427641
2024-09-17,2024,9,17,262500.0,667500.0,55.88102684588964,-4.198328199669799,2919.1308638017586,0.006451332351018
2024-09-18,2024,9,18,257500.0,662500.0,55.83467987242347,-4.275570996161421,4290.841991963815,0.000461098538271
2024-09-18,2024,9,18,262500.0,662500.0,55.83613012441601,-4.195793465818992,2929.3898682148815,0.0002269203046157
2024-09-18,2024,9,18,257500.0,667500.0,55.879574159628305,-4.278197631229293,4283.844651711825,0.0003195564212153
2024-09-18,2024,9,18,262500.0,667500.0,55.88102684588964,-4.198328199669799,2919.1308638017586,0.0006694632263046
2024-09-19,2024,9,19,257500.0,662500.0,55.83467987242347,-4.275570996161421,4290.841991963815,0.0002928627148479
2024-09-19,2024,9,19,262500.0,662500.0,55.83613012441601,-4.195793465818992,2929.3898682148815,6.077530452394657e-05
2024-09-19,2024,9,19,257500.0,667500.0,55.879574159628305,-4.278197631229293,4283.844651711825,0.0002568519828367
2024-09-19,2024,9,19,262500.0,667500.0,55.88102684588964,-4.198328199669799,2919.1308638017586,0.0002080230798727
2024-09-20,2024,9,20,257500.0,662500.0,55.83467987242347,-4.275570996161421,4290.841991963815,0.0012985989751544
2024-09-20,2024,9,20,262500.0,662500.0,55.83613012441601,-4.195793465818992,2929.3898682148815,0.000756989309957
2024-09-20,2024,9,20,257500.0,667500.0,55.879574159628305,-4.278197631229293,4283.844651711825,0.0013781904096816
2024-09-20,2024,9,20,262500.0,667500.0,55.88102684588964,-4.198328199669799,2919.1308638017586,0.003518044733433
2024-09-21,2024,9,21,257500.0,662500.0,55.83467987242347,-4.275570996161421,4290.841991963815,0.0010391358693018
2024-09-21,2024,9,21,262500.0,662500.0,55.83613012441601,-4.195793465818992,2929.3898682148815,0.0006438191190283
2024-09-21,2024,9,21,257500.0,667500.0,55.879574159628305,-4.278197631229293,4283.844651711825,0.0011512331917662
2024-09-21,2024,9,21,262500.0,667500.0,55.88102684588964,-4.198328199669799,2919.1308638017586,0.0030711712987857
2024-09-22,2024,9,22,257500.0,662500.0,55.83467987242347,-4.275570996161421,4290.841991963815,0.0002952142116122
2024-09-22,2024,9,22,262500.0,662500.0,55.83613012441601,-4.195793465818992,2929.3898682148815,5.404554151424813e-05
2024-09-22,2024,9,22,257500.0,667500.0,55.879574159628305,-4.278197631229293,4283.844651711825,0.0003981010490672
2024-09-22,2024,9,22,262500.0,667500.0,55.88102684588964,-4.198328199669799,2919.1308638017586,0.0004488709203869
2024-09-23,2024,9,23,257500.0,662500.0,55.83467987242347,-4.275570996161421,4290.841991963815,0.0169079400479265
2024-09-23,2024,9,23,262500.0,662500.0,55.83613012441601,-4.195793465818992,2929.3898682148815,0.006256253003269
2024-09-23,2024,9,23,257500.0,667500.0,55.879574159628305,-4.278197631229293,4283.844651711825,0.0306106139350266
2024-09-23,2024,9,23,262500.0,667500.0,55.88102684588964,-4.198328199669799,2919.1308638017586,0.0631318809710524
2024-09-24,2024,9,24,257500.0,662500.0,55.83467987242347,-4.275570996161421,4290.841991963815,0.7514516213211417
2024-09-24,2024,9,24,262500.0,662500.0,55.83613012441601,-4.195793465818992,2929.3898682148815,0.2648204334707653
2024-09-24,2024,9,24,257500.0,667500.0,55.879574159628305,-4.278197631229293,4283.844651711825,1.2480588939201056
2024-09-24,2024,9,24,262500.0,667500.0,55.88102684588964,-4.198328199669799,2919.1308638017586,0.8154245763128568
2024-09-25,2024,9,25,257500.0,662500.0,55.83467987242347,-4.275570996161421,4290.841991963815,6.401305750308993
2024-09-25,2024,9,25,262500.0,662500.0,55.83613012441601,-4.195793465818992,2929.3898682148815,5.618987206711745
2024-09-25,2024,9,25,257500.0,667500.0,55.879574159628305,-4.278197631229293,4283.844651711825,5.141756052105402
2024-09-25,2024,9,25,262500.0,667500.0,55.88102684588964,-4.198328199669799,2919.1308638017586,5.369588401499719
2024-09-26,2024,9,26,257500.0,662500.0,55.83467987242347,-4.275570996161421,4290.841991963815,0.0362458328053845
2024-09-26,2024,9,26,262500.0,662500.0,55.83613012441601,-4.195793465818992,2929.3898682148815,0.0391322555064131
2024-09-26,2024,9,26,257500.0,667500.0,55.879574159628305,-4.278197631229293,4283.844651711825,0.0366960618457144
2024-09-26,2024,9,26,262500.0,667500.0,55.88102684588964,-4.198328199669799,2919.1308638017586,0.0672852429305757
2024-09-27,2024,9,27,257500.0,662500.0,55.83467987242347,-4.275570996161421,4290.841991963815,0.0001279483202898
2024-09-27,2024,9,27,262500.0,662500.0,55.83613012441601,-4.195793465818992,2929.3898682148815,4.8666201424384026e-05
2024-09-27,2024,9,27,257500.0,667500.0,55.879574159628305,-4.278197631229293,4283.844651711825,0.0001589973482509
2024-09-27,2024,9,27,262500.0,667500.0,55.88102684588964,-4.198328199669799,2919.1308638017586,0.0003105749296282
2024-09-28,2024,9,28,257500.0,662500.0,55.83467987242347,-4.275570996161421,4290.841991963815,0.1810843524444462
2024-09-28,2024,9,28,262500.0,662500.0,55.83613012441601,-4.195793465818992,2929.3898682148815,0.2270972134393818
2024-09-28,2024,9,28,257500.0,667500.0,55.879574159628305,-4.278197631229293,4283.844651711825,0.1970943668430732
2024-09-28,2024,9,28,262500.0,667500.0,55.88102684588964,-4.198328199669799,2919.1308638017586,0.2218267558380201
2024-09-29,2024,9,29,257500.0,662500.0,55.83467987242347,-4.275570996161421,4290.841991963815,0.0045381115092471
2024-09-29,2024,9,29,262500.0,662500.0,55.83613012441601,-4.195793465818992,2929.3898682148815,0.0022407902847292
2024-09-29,2024,9,29,257500.0,667500.0,55.879574159628305,-4.278197631229293,4283.844651711825,0.0066728966349071
2024-09-29,2024,9,29,262500.0,667500.0,55.88102684588964,-4.198328199669799,2919.1308638017586,0.0155835152026575
2024-09-30,2024,9,30,257500.0,662500.0,55.83467987242347,-4.275570996161421,4290.841991963815,1.512596559037239
2024-09-30,2024,9,30,262500.0,662500.0,55.83613012441601,-4.195793465818992,2929.3898682148815,1.3566306903594303
2024-09-30,2024,9,30,257500.0,667500.0,55.879574159628305,-4.278197631229293,4283.844651711825,1.6468649030525817
2024-09-30,2024,9,30,262500.0,667500.0,55.88102684588964,-4.198328199669799,2919.1308638017586,1.7009774517189784
2024-10-01,2024,10,1,257500.0,662500.0,55.83467987242347,-4.275570996161421,4290.841991963815,0.0013141605666398
2024-10-01,2024,10,1,262500.0,662500.0,55.83613012441601,-4.195793465818992,2929.3898682148815,0.0008026260009067
2024-10-01,2024,10,1,257500.0,667500.0,55.879574159628305,-4.278197631229293,4283.844651711825,0.0012330364585705
2024-10-01,2024,10,1,262500.0,667500.0,55.88102684588964,-4.198328199669799,2919.1308638017586,0.0032623084663399
2024-10-02,2024,10,2,257500.0,662500.0,55.83467987242347,-4.275570996161421,4290.841991963815,0.0179290910739392
2024-10-02,2024,10,2,262500.0,662500.0,55.83613012441601,-4.195793465818992,2929.3898682148815,0.0031613076099219
2024-10-02,2024,10,2,257500.0,667500.0,55.879574159628305,-4.278197631229293,4283.844651711825,0.1058122635905737
2024-10-02,2024,10,2,262500.0,667500.0,55.88102684588964,-4.198328199669799,2919.1308638017586,0.0377786073840182
2024-10-03,2024,10,3,257500.0,662500.0,55.83467987242347,-4.275570996161421,4290.841991963815,0.165861825931234
2024-10-03,2024,10,3,262500.0,662500.0,55.83613012441601,-4.195793465818992,2929.3898682148815,0.1985882798287848
2024-10-03,2024,10,3,257500.0,667500.0,55.879574159628305,-4.278197631229293,4283.844651711825,0.0674119766426247
2024-10-03,2024,10,3,262500.0,667500.0,55.88102684588964,-4.198328199669799,2919.1308638017586,0.1507798893510992
2024-10-04,2024,10,4,257500.0,662500.0,55.83467987242347,-4.275570996161421,4290.841991963815,0.2482882462656615
2024-10-04,2024,10,4,262500.0,662500.0,55.83613012441601,-4.195793465818992,2929.3898682148815,0.069148014113252
2024-10-04,2024,10,4,257500.0,667500.0,55.879574159628305,-4.278197631229293,4283.844651711825,0.55913908806529
2024-10-04,2024,10,4,262500.0,667500.0,55.88102684588964,-4.198328199669799,2919.1308638017586,0.4652432796091588
2024-10-05,2024,10,5,257500.0,662500.0,55.83467987242347,-4.275570996161421,4290.841991963815,0.5369360118021145
2024-10-05,2024,10,5,262500.0,662500.0,55.83613012441601,-4.195793465818992,2929.3898682148815,0.4650760458498232
2024-10-05,2024,10,5,257500.0,667500.0,55.879574159628305,-4.278197631229293,4283.844651711825,0.5423507286887386
2024-10-05,2024,10,5,262500.0,667500.0,55.88102684588964,-4.198328199669799,2919.1308638017586,0.5612295159793491
2024-10-06,2024,10,6,257500.0,662500.0,55.83467987242347,-4.275570996161421,4290.841991963815,4.953020036594616
2024-10-06,2024,10,6,262500.0,662500.0,55.83613012441601,-4.195793465818992,2929.3898682148815,4.432270989400236
2024-10-06,2024,10,6,257500.0,667500.0,55.879574159628305,-4.278197631229293,4283.844651711825,4.994362321445993
2024-10-06,2024,10,6,262500.0,667500.0,55.88102684588964,-4.198328199669799,2919.1308638017586,4.405279124961098
2024-10-07,2024,10,7,257500.0,662500.0,55.83467987242347,-4.275570996161421,4290.841991963815,1.2384425826822836
2024-10-07,2024,10,7,262500.0,662500.0,55.83613012441601,-4.195793465818992,2929.3898682148815,1.4309792961120351
2024-10-07,2024,10,7,257500.0,667500.0,55.879574159628305,-4.278197631229293,4283.844651711825,0.9740081472698946
2024-10-07,2024,10,7,262500.0,667500.0,55.88102684588964,-4.198328199669799,2919.1308638017586,1.303952218071962
2024-10-08,2024,10,8,257500.0,662500.0,55.83467987242347,-4.275570996161421,4290.841991963815,0.1349569242018292
2024-10-08,2024,10,8,262500.0,662500.0,55.83613012441601,-4.195793465818992,2929.3898682148815,0.056777149735553
2024-10-08,2024,10,8,257500.0,667500.0,55.879574159628305,-4.278197631229293,4283.844651711825,0.0813875236008873
2024-10-08,2024,10,8,262500.0,667500.0,55.88102684588964,-4.198328199669799,2919.1308638017586,0.1426907638810962
2024-10-09,2024,10,9,257500.0,662500.0,55.83467987242347,-4.275570996161421,4290.841991963815,0.0113544223964349
2024-10-09,2024,10,9,262500.0,662500.0,55.83613012441601,-4.195793465818992,2929.3898682148815,0.0035781980324909
2024-10-09,2024,10,9,257500.0,667500.0,55.879574159628305,-4.278197631229293,4283.844651711825,0.0062607636493636
2024-10-09,2024,10,9,262500.0,667500.0,55.88102684588964,-4.198328199669799,2919.1308638017586,0.0118101295615047
2024-10-10,2024,10,10,257500.0,662500.0,55.83467987242347,-4.275570996161421,4290.841991963815,0.740355580560215
2024-10-10,2024,10,10,262500.0,662500.0,55.83613012441601,-4.195793465818992,2929.3898682148815,0.7819244431477856
2024-10-10,2024,10,10,257500.0,667500.0,55.879574159628305,-4.278197631229293,4283.844651711825,0.8554019438341655
2024-10-10,2024,10,10,262500.0,667500.0,55.88102684588964,-4.198328199669799,2919.1308638017586,0.837599730440481
2024-10-11,2024,10,11,257500.0,662500.0,55.83467987242347,-4.275570996161421,4290.841991963815,12.434828902917245
2024-10-11,2024,10,11,262500.0,662500.0,55.83613012441601,-4.195793465818992,2929.3898682148815,12.13777658050538
2024-10-11,2024,10,11,257500.0,667500.0,55.879574159628305,-4.278197631229293,4283.844651711825,9.311809138385051
2024-10-11,2024,10,11,262500.0,667500.0,55.88102684588964,-4.198328199669799,2919.1308638017586,10.90438701596318
2024-10-12,2024,10,12,257500.0,662500.0,55.83467987242347,-4.275570996161421,4290.841991963815,2.9506530553050276
2024-10-12,2024,10,12,262500.0,662500.0,55.83613012441601,-4.195793465818992,2929.3898682148815,3.045152911557181
2024-10-12,2024,10,12,257500.0,667500.0,55.879574159628305,-4.278197631229293,4283.844651711825,3.735069854991312
2024-10-12,2024,10,12,262500.0,667500.0,55.88102684588964,-4.198328199669799,2919.1308638017586,3.893941099071678
2024-10-13,2024,10,13,257500.0,662500.0,55.83467987242347,-4.275570996161421,4290.841991963815,0.2106780149929808
2024-10-13,2024,10,13,262500.0,662500.0,55.83613012441601,-4.195793465818992,2929.3898682148815,0.1678981041649927
2024-10-13,2024,10,13,257500.0,667500.0,55.879574159628305,-4.278197631229293,4283.844651711825,0.2737146353432645
2024-10-13,2024,10,13,262500.0,667500.0,55.88102684588964,-4.198328199669799,2919.1308638017586,0.1865405953374903
2024-10-14,2024,10,14,257500.0,662500.0,55.83467987242347,-4.275570996161421,4290.841991963815,0.0007758295665075
2024-10-14,2024,10,14,262500.0,662500.0,55.83613012441601,-4.195793465818992,2929.3898682148815,0.0001314315976675
2024-10-14,2024,10,14,257500.0,667500.0,55.879574159628305,-4.278197631229293,4283.844651711825,0.0017362616636887
2024-10-14,2024,10,14,262500.0,667500.0,55.88102684588964,-4.198328199669799,2919.1308638017586,0.001618593568903
2024-10-15,2024,10,15,257500.0,662500.0,55.83467987242347,-4.275570996161421,4290.841991963815,11.977578636922626
2024-10-15,2024,10,15,262500.0,662500.0,55.83613012441601,-4.195793465818992,2929.3898682148815,11.32460571892025
2024-10-15,2024,10,15,257500.0,667500.0,55.879574159628305,-4.278197631229293,4283.844651711825,12.363589250115725
2024-10-15,2024,10,15,262500.0,667500.0,55.88102684588964,-4.198328199669799,2919.1308638017586,11.991330042463169
2024-10-16,2024,10,16,257500.0,662500.0,55.83467987242347,-4.275570996161421,4290.841991963815,4.10801439603562
2024-10-16,2024,10,16,262500.0,662500.0,55.83613012441601,-4.195793465818992,2929.3898682148815,4.1801276078441
2024-10-16,2024,10,16,257500.0,667500.0,55.879574159628305,-4.278197631229293,4283.844651711825,4.188212025644299
2024-10-16,2024,10,16,262500.0,667500.0,55.88102684588964,-4.198328199669799,2919.1308638017586,4.312511448093231
2024-10-17,2024,10,17,257500.0,662500.0,55.83467987242347,-4.275570996161421,4290.841991963815,2.242996688642363
2024-10-17,2024,10,17,262500.0,662500.0,55.83613012441601,-4.195793465818992,2929.3898682148815,1.9947119381595129
2024-10-17,2024,10,17,257500.0,667500.0,55.879574159628305,-4.278197631229293,4283.844651711825,2.132988964869105
2024-10-17,2024,10,17,262500.0,667500.0,55.88102684588964,-4.198328199669799,2919.1308638017586,2.0864903817848446
2024-10-18,2024,10,18,257500.0,662500.0,55.83467987242347,-4.275570996161421,4290.841991963815,6.250686774592651
2024-10-18,2024,10,18,262500.0,662500.0,55.83613012441601,-4.195793465818992,2929.3898682148815,4.608229481415497
2024-10-18,2024,10,18,257500.0,667500.0,55.879574159628305,-4.278197631229293,4283.844651711825,4.7450056047949705
2024-10-18,2024,10,18,262500.0,667500.0,55.88102684588964,-4.198328199669799,2919.1308638017586,5.171759025748863
2024-10-19,2024,10,19,257500.0,662500.0,55.83467987242347,-4.275570996161421,4290.841991963815,6.233326114704507
2024-10-19,2024,10,19,262500.0,662500.0,55.83613012441601,-4.195793465818992,2929.3898682148815,6.260830207552342
2024-10-19,2024,10,19,257500.0,667500.0,55.879574159628305,-4.278197631229293,4283.844651711825,6.517216946171428
2024-10-19,2024,10,19,262500.0,667500.0,55.88102684588964,-4.198328199669799,2919.1308638017586,6.510195397798705
2024-10-20,2024,10,20,257500.0,662500.0,55.83467987242347,-4.275570996161421,4290.841991963815,12.866932425026889
2024-10-20,2024,10,20,262500.0,662500.0,55.83613012441601,-4.195793465818992,2929.3898682148815,13.29307656250614
2024-10-20,2024,10,20,257500.0,667500.0,55.879574159628305,-4.278197631229293,4283.844651711825,8.740907917626998
2024-10-20,2024,10,20,262500.0,667500.0,55.88102684588964,-4.198328199669799,2919.1308638017586,11.02199648832874
2024-10-21,2024,10,21,257500.0,662500.0,55.83467987242347,-4.275570996161421,4290.841991963815,5.783418729607995
2024-10-21,2024,10,21,262500.0,662500.0,55.83613012441601,-4.195793465818992,2929.3898682148815,6.40099037524566
2024-10-21,2024,10,21,257500.0,667500.0,55.879574159628305,-4.278197631229293,4283.844651711825,4.363214174153281
2024-10-21,2024,10,21,262500.0,667500.0,55.88102684588964,-4.198328199669799,2919.1308638017586,5.117645898438348
2024-10-22,2024,10,22,257500.0,662500.0,55.83467987242347,-4.275570996161421,4290.841991963815,0.203767524250054
2024-10-22,2024,10,22,262500.0,662500.0,55.83613012441601,-4.195793465818992,2929.3898682148815,0.1879954835571364
2024-10-22,2024,10,22,257500.0,667500.0,55.879574159628305,-4.278197631229293,4283.844651711825,0.1277051618662509
2024-10-22,2024,10,22,262500.0,667500.0,55.88102684588964,-4.198328199669799,2919.1308638017586,0.3170783425766414
2024-10-23,2024,10,23,257500.0,662500.0,55.83467987242347,-4.275570996161421,4290.841991963815,0.0001782631031097
2024-10-23,2024,10,23,262500.0,662500.0,55.83613012441601,-4.195793465818992,2929.3898682148815,2.665773881223102e-05
2024-10-23,2024,10,23,257500.0,667500.0,55.879574159628305,-4.278197631229293,4283.844651711825,0.0002298621258273
2024-10-23,2024,10,23,262500.0,667500.0,55.88102684588964,-4.198328199669799,2919.1308638017586,0.0001899417476615
2024-10-24,2024,10,24,257500.0,662500.0,55.83467987242347,-4.275570996161421,4290.841991963815,0.0047765263356039
2024-10-24,2024,10,24,262500.0,662500.0,55.83613012441601,-4.195793465818992,2929.3898682148815,0.0015436479109232
2024-10-24,2024,10,24,257500.0,667500.0,55.879574159628305,-4.278197631229293,4283.844651711825,0.0049743121811571
2024-10-24,2024,10,24,262500.0,667500.0,55.88102684588964,-4.198328199669799,2919.1308638017586,0.0073007478909477
2024-10-25,2024,10,25,257500.0,662500.0,55.83467987242347,-4.275570996161421,4290.841991963815,0.5195587777794284
2024-10-25,2024,10,25,262500.0,662500.0,55.83613012441601,-4.195793465818992,2929.3898682148815,0.399746256348374
2024-10-25,2024,10,25,257500.0,667500.0,55.879574159628305,-4.278197631229293,4283.844651711825,0.5691538718435523
2024-10-25,2024,10,25,262500.0,667500.0,55.88102684588964,-4.198328199669799,2919.1308638017586,0.6389245734878554
2024-10-26,2024,10,26,257500.0,662500.0,55.83467987242347,-4.275570996161421,4290.841991963815,5.2400838049071945
2024-10-26,2024,10,26,262500.0,662500.0,55.83613012441601,-4.195793465818992,2929.3898682148815,4.8191050623384
2024-10-26,2024,10,26,257500.0,667500.0,55.879574159628305,-4.278197631229293,4283.844651711825,4.822125133510562
2024-10-26,2024,10,26,262500.0,667500.0,55.88102684588964,-4.198328199669799,2919.1308638017586,4.9789587653294625
2024-10-27,2024,10,27,257500.0,662500.0,55.83467987242347,-4.275570996161421,4290.841991963815,3.5345315492109455
2024-10-27,2024,10,27,262500.0,662500.0,55.83613012441601,-4.195793465818992,2929.3898682148815,2.748953538593953
2024-10-27,2024,10,27,257500.0,667500.0,55.879574159628305,-4.278197631229293,4283.844651711825,5.30352641295498
2024-10-27,2024,10,27,262500.0,667500.0,55.88102684588964,-4.198328199669799,2919.1308638017586,4.939150767896449
2024-10-28,2024,10,28,257500.0,662500.0,55.83467987242347,-4.275570996161421,4290.841991963815,0.4646086160919891
2024-10-28,2024,10,28,262500.0,662500.0,55.83613012441601,-4.195793465818992,2929.3898682148815,0.5054120976798333
2024-10-28,2024,10,28,257500.0,667500.0,55.879574159628305,-4.278197631229293,4283.844651711825,0.4252727728692337
2024-10-28,2024,10,28,262500.0,667500.0,55.88102684588964,-4.198328199669799,2919.1308638017586,0.4327228322727171
2024-10-29,2024,10,29,257500.0,662500.0,55.83467987242347,-4.275570996161421,4290.841991963815,0.0392453931001021
2024-10-29,2024,10,29,262500.0,662500.0,55.83613012441601,-4.195793465818992,2929.3898682148815,0.0048455918680769
2024-10-29,2024,10,29,257500.0,667500.0,55.879574159628305,-4.278197631229293,4283.844651711825,0.0113943133393515
2024-10-29,2024,10,29,262500.0,667500.0,55.88102684588964,-4.198328199669799,2919.1308638017586,0.0108268391761171
2024-10-30,2024,10,30,257500.0,662500.0,55.83467987242347,-4.275570996161421,4290.841991963815,0.2617547950168544
2024-10-30,2024,10,30,262500.0,662500.0,55.83613012441601,-4.195793465818992,2929.3898682148815,0.224149545026867
2024-10-30,2024,10,30,257500.0,667500.0,55.879574159628305,-4.278197631229293,4283.844651711825,0.2479126954167533
2024-10-30,2024,10,30,262500.0,667500.0,55.88102684588964,-4.198328199669799,2919.1308638017586,0.3283158092492744
2024-10-31,2024,10,31,257500.0,662500.0,55.83467987242347,-4.275570996161421,4290.841991963815,0.2513284531986309
2024-10-31,2024,10,31,262500.0,662500.0,55.83613012441601,-4.195793465818992,2929.3898682148815,0.1817870498676723
2024-10-31,2024,10,31,257500.0,667500.0,55.879574159628305,-4.278197631229293,4283.844651711825,0.1297064805841839
2024-10-31,2024,10,31,262500.0,667500.0,55.88102684588964,-4.198328199669799,2919.1308638017586,0.2875085209958147
2024-11-01,2024,11,1,257500.0,662500.0,55.83467987242347,-4.275570996161421,4290.841991963815,1.6124354510245391
2024-11-01,2024,11,1,262500.0,662500.0,55.83613012441601,-4.195793465818992,2929.3898682148815,1.7206584038313637
2024-11-01,2024,11,1,257500.0,667500.0,55.879574159628305,-4.278197631229293,4283.844651711825,1.1722614969382812
2024-11-01,2024,11,1,262500.0,667500.0,55.88102684588964,-4.198328199669799,2919.1308638017586,1.4907907748828158
2024-11-02,2024,11,2,257500.0,662500.0,55.83467987242347,-4.275570996161421,4290.841991963815,0.850845552245583
2024-11-02,2024,11,2,262500.0,662500.0,55.83613012441601,-4.195793465818992,2929.3898682148815,0.6832596988406276
2024-11-02,2024,11,2,257500.0,667500.0,55.879574159628305,-4.278197631229293,4283.844651711825,0.7654198798031794
2024-11-02,2024,11,2,262500.0,667500.0,55.88102684588964,-4.198328199669799,2919.1308638017586,0.8209389803026987
2024-11-03,2024,11,3,257500.0,662500.0,55.83467987242347,-4.275570996161421,4290.841991963815,0.278914931256443
2024-11-03,2024,11,3,262500.0,662500.0,55.83613012441601,-4.195793465818992,2929.3898682148815,0.2143643748878979
2024-11-03,2024,11,3,257500.0,667500.0,55.879574159628305,-4.278197631229293,4283.844651711825,0.4190907433422159
2024-11-03,2024,11,3,262500.0,667500.0,55.88102684588964,-4.198328199669799,2919.1308638017586,0.278233248820718
2024-11-04,2024,11,4,257500.0,662500.0,55.83467987242347,-4.275570996161421,4290.841991963815,0.0639225017455276
2024-11-04,2024,11,4,262500.0,662500.0,55.83613012441601,-4.195793465818992,2929.3898682148815,0.0070955151125656
2024-11-04,2024,11,4,257500.0,667500.0,55.879574159628305,-4.278197631229293,4283.844651711825,0.1397228085068106
2024-11-04,2024,11,4,262500.0,667500.0,55.88102684588964,-4.198328199669799,2919.1308638017586,0.0759255755497009
2024-11-05,2024,11,5,257500.0,662500.0,55.83467987242347,-4.275570996161421,4290.841991963815,0.0126444701926582
2024-11-05,2024,11,5,262500.0,662500.0,55.83613012441601,-4.195793465818992,2929.3898682148815,0.0028328872593113
2024-11-05,2024,11,5,257500.0,667500.0,55.879574159628305,-4.278197631229293,4283.844651711825,0.0135062950377707
2024-11-05,2024,11,5,262500.0,667500.0,55.88102684588964,-4.198328199669799,2919.1308638017586,0.0197182879838228
2024-11-06,2024,11,6,257500.0,662500.0,55.83467987242347,-4.275570996161421,4290.841991963815,0.1137110281075747
2024-11-06,2024,11,6,262500.0,662500.0,55.83613012441601,-4.195793465818992,2929.3898682148815,0.0138005854247701
2024-11-06,2024,11,6,257500.0,667500.0,55.879574159628305,-4.278197631229293,4283.844651711825,0.3657827442181882
2024-11-06,2024,11,6,262500.0,667500.0,55.88102684588964,-4.198328199669799,2919.1308638017586,0.1374928102441961
2024-11-07,2024,11,7,257500.0,662500.0,55.83467987242347,-4.275570996161421,4290.841991963815,0.0026983044734225
2024-11-07,2024,11,7,262500.0,662500.0,55.83613012441601,-4.195793465818992,2929.3898682148815,0.0005653318644012
2024-11-07,2024,11,7,257500.0,667500.0,55.879574159628305,-4.278197631229293,4283.844651711825,0.0032307418847856
2024-11-07,2024,11,7,262500.0,667500.0,55.88102684588964,-4.198328199669799,2919.1308638017586,0.0035658236534764
2024-11-08,2024,11,8,257500.0,662500.0,55.83467987242347,-4.275570996161421,4290.841991963815,0.0001214386929548
2024-11-08,2024,11,8,262500.0,662500.0,55.83613012441601,-4.195793465818992,2929.3898682148815,1.5911827536038092e-05
2024-11-08,2024,11,8,257500.0,667500.0,55.879574159628305,-4.278197631229293,4283.844651711825,0.0001169497080698
2024-11-08,2024,11,8,262500.0,667500.0,55.88102684588964,-4.198328199669799,2919.1308638017586,9.089950144318285e-05
2024-11-09,2024,11,9,257500.0,662500.0,55.83467987242347,-4.275570996161421,4290.841991963815,0.5427104434812359
2024-11-09,2024,11,9,262500.0,662500.0,55.83613012441601,-4.195793465818992,2929.3898682148815,0.3517965616780418
2024-11-09,2024,11,9,257500.0,667500.0,55.879574159628305,-4.278197631229293,4283.844651711825,0.6257143795520503
2024-11-09,2024,11,9,262500.0,667500.0,55.88102684588964,-4.198328199669799,2919.1308638017586,0.5147993622295639
2024-11-10,2024,11,10,257500.0,662500.0,55.83467987242347,-4.275570996161421,4290.841991963815,0.3151300516708598
2024-11-10,2024,11,10,262500.0,662500.0,55.83613012441601,-4.195793465818992,2929.3898682148815,0.2142800527135713
2024-11-10,2024,11,10,257500.0,667500.0,55.879574159628305,-4.278197631229293,4283.844651711825,0.4397816323238965
2024-11-10,2024,11,10,262500.0,667500.0,55.88102684588964,-4.198328199669799,2919.1308638017586,0.3417640198289523
2024-11-11,2024,11,11,257500.0,662500.0,55.83467987242347,-4.275570996161421,4290.841991963815,0.0251566921978076
2024-11-11,2024,11,11,262500.0,662500.0,55.83613012441601,-4.195793465818992,2929.3898682148815,0.004837815411342
2024-11-11,2024,11,11,257500.0,667500.0,55.879574159628305,-4.278197631229293,4283.844651711825,0.1169406626275377
2024-11-11,2024,11,11,262500.0,667500.0,55.88102684588964,-4.198328199669799,2919.1308638017586,0.0695060736872077
2024-11-12,2024,11,12,257500.0,662500.0,55.83467987242347,-4.275570996161421,4290.841991963815,0.0391893238481073
2024-11-12,2024,11,12,262500.0,662500.0,55.83613012441601,-4.195793465818992,2929.3898682148815,0.0027476317818062
2024-11-12,2024,11,12,257500.0,667500.0,55.879574159628305,-4.278197631229293,4283.844651711825,0.0124024882960976
2024-11-12,2024,11,12,262500.0,667500.0,55.88102684588964,-4.198328199669799,2919.1308638017586,0.0108208267047056
2024-11-13,2024,11,13,257500.0,662500.0,55.83467987242347,-4.275570996161421,4290.841991963815,0.00633076305584
2024-11-13,2024,11,13,262500.0,662500.0,55.83613012441601,-4.195793465818992,2929.3898682148815,0.00108077868918
2024-11-13,2024,11,13,257500.0,667500.0,55.879574159628305,-4.278197631229293,4283.844651711825,0.0035414174219271
2024-11-13,2024,11,13,262500.0,667500.0,55.88102684588964,-4.198328199669799,2919.1308638017586,0.0036475120150732
2024-11-14,2024,11,14,257500.0,662500.0,55.83467987242347,-4.275570996161421,4290.841991963815,0.0650895983902271
2024-11-14,2024,11,14,262500.0,662500.0,55.83613012441601,-4.195793465818992,2929.3898682148815,0.0113844188581404
2024-11-14,2024,11,14,257500.0,667500.0,55.879574159628305,-4.278197631229293,4283.844651711825,0.0417481052603599
2024-11-14,2024,11,14,262500.0,667500.0,55.88102684588964,-4.198328199669799,2919.1308638017586,0.099668198870659
2024-11-15,2024,11,15,257500.0,662500.0,55.83467987242347,-4.275570996161421,4290.841991963815,0.5668955003782532
2024-11-15,2024,11,15,262500.0,662500.0,55.83613012441601,-4.195793465818992,2929.3898682148815,0.2616246935743841
2024-11-15,2024,11,15,257500.0,667500.0,55.879574159628305,-4.278197631229293,4283.844651711825,0.3220639120365611
2024-11-15,2024,11,15,262500.0,667500.0,55.88102684588964,-4.198328199669799,2919.1308638017586,0.3456638076705933
2024-11-16,2024,11,16,257500.0,662500.0,55.83467987242347,-4.275570996161421,4290.841991963815,0.551804577837955
2024-11-16,2024,11,16,262500.0,662500.0,55.83613012441601,-4.195793465818992,2929.3898682148815,0.3510682293541898
2024-11-16,2024,11,16,257500.0,667500.0,55.879574159628305,-4.278197631229293,4283.844651711825,0.4212536669310617
2024-11-16,2024,11,16,262500.0,667500.0,55.88102684588964,-4.198328199669799,2919.1308638017586,0.4074618058143462
2024-11-17,2024,11,17,257500.0,662500.0,55.83467987242347,-4.275570996161421,4290.841991963815,0.0081243287784095
2024-11-17,2024,11,17,262500.0,662500.0,55.83613012441601,-4.195793465818992,2929.3898682148815,0.0022120470658537
2024-11-17,2024,11,17,257500.0,667500.0,55.879574159628305,-4.278197631229293,4283.844651711825,0.0108709113299144
2024-11-17,2024,11,17,262500.0,667500.0,55.88102684588964,-4.198328199669799,2919.1308638017586,0.0345756395188372
2024-11-18,2024,11,18,257500.0,662500.0,55.83467987242347,-4.275570996161421,4290.841991963815,0.0395167008970932
2024-11-18,2024,11,18,262500.0,662500.0,55.83613012441601,-4.195793465818992,2929.3898682148815,0.004827766323181
2024-11-18,2024,11,18,257500.0,667500.0,55.879574159628305,-4.278197631229293,4283.844651711825,0.0114831631508609
2024-11-18,2024,11,18,262500.0,667500.0,55.88102684588964,-4.198328199669799,2919.1308638017586,0.0141839760736476
2024-11-19,2024,11,19,257500.0,662500.0,55.83467987242347,-4.275570996161421,4290.841991963815,0.0
2024-11-19,2024,11,19,262500.0,662500.0,55.83613012441601,-4.195793465818992,2929.3898682148815,0.0
2024-11-19,2024,11,19,257500.0,667500.0,55.879574159628305,-4.278197631229293,4283.844651711825,0.0
2024-11-19,2024,11,19,262500.0,667500.0,55.88102684588964,-4.198328199669799,2919.1308638017586,0.0
2024-11-20,2024,11,20,257500.0,662500.0,55.83467987242347,-4.275570996161421,4290.841991963815,0.1278919640228262
2024-11-20,2024,11,20,262500.0,662500.0,55.83613012441601,-4.195793465818992,2929.3898682148815,0.1596955056402545
2024-11-20,2024,11,20,257500.0,667500.0,55.879574159628305,-4.278197631229293,4283.844651711825,0.0500802698566892
2024-11-20,2024,11,20,262500.0,667500.0,55.88102684588964,-4.198328199669799,2919.1308638017586,0.0883628456667347
2024-11-21,2024,11,21,257500.0,662500.0,55.83467987242347,-4.275570996161421,4290.841991963815,0.319569947209836
2024-11-21,2024,11,21,262500.0,662500.0,55.83613012441601,-4.195793465818992,2929.3898682148815,0.0519523459977523
2024-11-21,2024,11,21,257500.0,667500.0,55.879574159628305,-4.278197631229293,4283.844651711825,0.1976651334708883
2024-11-21,2024,11,21,262500.0,667500.0,55.88102684588964,-4.198328199669799,2919.1308638017586,0.1421893303444677
2024-11-22,2024,11,22,257500.0,662500.0,55.83467987242347,-4.275570996161421,4290.841991963815,6.970810856208647
2024-11-22,2024,11,22,262500.0,662500.0,55.83613012441601,-4.195793465818992,2929.3898682148815,6.92948475366174
2024-11-22,2024,11,22,257500.0,667500.0,55.879574159628305,-4.278197631229293,4283.844651711825,6.155534755147934
2024-11-22,2024,11,22,262500.0,667500.0,55.88102684588964,-4.198328199669799,2919.1308638017586,6.452499717734607
2024-11-23,2024,11,23,257500.0,662500.0,55.83467987242347,-4.275570996161421,4290.841991963815,22.64689459032625
2024-11-23,2024,11,23,262500.0,662500.0,55.83613012441601,-4.195793465818992,2929.3898682148815,22.45345609606353
2024-11-23,2024,11,23,257500.0,667500.0,55.879574159628305,-4.278197631229293,4283.844651711825,20.916649980107977
2024-11-23,2024,11,23,262500.0,667500.0,55.88102684588964,-4.198328199669799,2919.1308638017586,20.815652144690684
2024-11-24,2024,11,24,257500.0,662500.0,55.83467987242347,-4.275570996161421,4290.841991963815,4.845521395347936
2024-11-24,2024,11,24,262500.0,662500.0,55.83613012441601,-4.195793465818992,2929.3898682148815,4.212681472943016
2024-11-24,2024,11,24,257500.0,667500.0,55.879574159628305,-4.278197631229293,4283.844651711825,5.581163681980812
2024-11-24,2024,11,24,262500.0,667500.0,55.88102684588964,-4.198328199669799,2919.1308638017586,4.4737330454776725
2024-11-25,2024,11,25,257500.0,662500.0,55.83467987242347,-4.275570996161421,4290.841991963815,2.0639356341520205
2024-11-25,2024,11,25,262500.0,662500.0,55.83613012441601,-4.195793465818992,2929.3898682148815,1.589786983010362
2024-11-25,2024,11,25,257500.0,667500.0,55.879574159628305,-4.278197631229293,4283.844651711825,1.797604371034202
2024-11-25,2024,11,25,262500.0,667500.0,55.88102684588964,-4.198328199669799,2919.1308638017586,1.8076875933180845
2024-11-26,2024,11,26,257500.0,662500.0,55.83467987242347,-4.275570996161421,4290.841991963815,0.2795773973104851
2024-11-26,2024,11,26,262500.0,662500.0,55.83613012441601,-4.195793465818992,2929.3898682148815,0.252293707512099
2024-11-26,2024,11,26,257500.0,667500.0,55.879574159628305,-4.278197631229293,4283.844651711825,0.2315068576742516
2024-11-26,2024,11,26,262500.0,667500.0,55.88102684588964,-4.198328199669799,2919.1308638017586,0.3000779008465034
2024-11-27,2024,11,27,257500.0,662500.0,55.83467987242347,-4.275570996161421,4290.841991963815,0.0052940946816037
2024-11-27,2024,11,27,262500.0,662500.0,55.83613012441601,-4.195793465818992,2929.3898682148815,0.0011042794346067
2024-11-27,2024,11,27,257500.0,667500.0,55.879574159628305,-4.278197631229293,4283.844651711825,0.0035807603649315
2024-11-27,2024,11,27,262500.0,667500.0,55.88102684588964,-4.198328199669799,2919.1308638017586,0.0042179746470489
2024-11-28,2024,11,28,257500.0,662500.0,55.83467987242347,-4.275570996161421,4290.841991963815,1.038397130930801
2024-11-28,2024,11,28,262500.0,662500.0,55.83613012441601,-4.195793465818992,2929.3898682148815,1.0515999237001237
2024-11-28,2024,11,28,257500.0,667500.0,55.879574159628305,-4.278197631229293,4283.844651711825,1.4859811950122626
2024-11-28,2024,11,28,262500.0,667500.0,55.88102684588964,-4.198328199669799,2919.1308638017586,1.3488387653396048
2024-11-29,2024,11,29,257500.0,662500.0,55.83467987242347,-4.275570996161421,4290.841991963815,3.380557713016555
2024-11-29,2024,11,29,262500.0,662500.0,55.83613012441601,-4.195793465818992,2929.3898682148815,2.764699477095655
2024-11-29,2024,11,29,257500.0,667500.0,55.879574159628305,-4.278197631229293,4283.844651711825,3.211271916771192
2024-11-29,2024,11,29,262500.0,667500.0,55.88102684588964,-4.198328199669799,2919.1308638017586,3.277507017752035
2024-11-30,2024,11,30,257500.0,662500.0,55.83467987242347,-4.275570996161421,4290.841991963815,6.426579943508954
2024-11-30,2024,11,30,262500.0,662500.0,55.83613012441601,-4.195793465818992,2929.3898682148815,5.732369293808135
2024-11-30,2024,11,30,257500.0,667500.0,55.879574159628305,-4.278197631229293,4283.844651711825,4.7012181034542655
2024-11-30,2024,11,30,262500.0,667500.0,55.88102684588964,-4.198328199669799,2919.1308638017586,5.305943817254964
2024-12-01,2024,12,1,257500.0,662500.0,55.83467987242347,-4.275570996161421,4290.841991963815,4.632952558521228
2024-12-01,2024,12,1,262500.0,662500.0,55.83613012441601,-4.195793465818992,2929.3898682148815,4.027565430047521
2024-12-01,2024,12,1,257500.0,667500.0,55.879574159628305,-4.278197631229293,4283.844651711825,5.387401312602945
2024-12-01,2024,12,1,262500.0,667500.0,55.88102684588964,-4.198328199669799,2919.1308638017586,4.757633900200587
2024-12-02,2024,12,2,257500.0,662500.0,55.83467987242347,-4.275570996161421,4290.841991963815,0.1519988148266532
2024-12-02,2024,12,2,262500.0,662500.0,55.83613012441601,-4.195793465818992,2929.3898682148815,0.1652948960216777
2024-12-02,2024,12,2,257500.0,667500.0,55.879574159628305,-4.278197631229293,4283.844651711825,0.0548961589002821
2024-12-02,2024,12,2,262500.0,667500.0,55.88102684588964,-4.198328199669799,2919.1308638017586,0.0932993093706159
2024-12-03,2024,12,3,257500.0,662500.0,55.83467987242347,-4.275570996161421,4290.841991963815,3.6878185881595025
2024-12-03,2024,12,3,262500.0,662500.0,55.83613012441601,-4.195793465818992,2929.3898682148815,2.9529813904463578
2024-12-03,2024,12,3,257500.0,667500.0,55.879574159628305,-4.278197631229293,4283.844651711825,3.928402540367788
2024-12-03,2024,12,3,262500.0,667500.0,55.88102684588964,-4.198328199669799,2919.1308638017586,3.672988442719315
2024-12-04,2024,12,4,257500.0,662500.0,55.83467987242347,-4.275570996161421,4290.841991963815,10.426233226380518
2024-12-04,2024,12,4,262500.0,662500.0,55.83613012441601,-4.195793465818992,2929.3898682148815,9.28793951172516
2024-12-04,2024,12,4,257500.0,667500.0,55.879574159628305,-4.278197631229293,4283.844651711825,9.541609211126252
2024-12-04,2024,12,4,262500.0,667500.0,55.88102684588964,-4.198328199669799,2919.1308638017586,9.20365235521616
2024-12-05,2024,12,5,257500.0,662500.0,55.83467987242347,-4.275570996161421,4290.841991963815,2.169711623682207
2024-12-05,2024,12,5,262500.0,662500.0,55.83613012441601,-4.195793465818992,2929.3898682148815,1.851539854446349
2024-12-05,2024,12,5,257500.0,667500.0,55.879574159628305,-4.278197631229293,4283.844651711825,2.2819133308426047
2024-12-05,2024,12,5,262500.0,667500.0,55.88102684588964,-4.198328199669799,2919.1308638017586,2.096212777970736
2024-12-06,2024,12,6,257500.0,662500.0,55.83467987242347,-4.275570996161421,4290.841991963815,18.046498295408743
2024-12-06,2024,12,6,262500.0,662500.0,55.83613012441601,-4.195793465818992,2929.3898682148815,17.95932018647886
2024-12-06,2024,12,6,257500.0,667500.0,55.879574159628305,-4.278197631229293,4283.844651711825,19.108331455763704
2024-12-06,2024,12,6,262500.0,667500.0,55.88102684588964,-4.198328199669799,2919.1308638017586,18.19463575805812
2024-12-07,2024,12,7,257500.0,662500.0,55.83467987242347,-4.275570996161421,4290.841991963815,0.1563937220588235
2024-12-07,2024,12,7,262500.0,662500.0,55.83613012441601,-4.195793465818992,2929.3898682148815,0.1742871787870986
2024-12-07,2024,12,7,257500.0,667500.0,55.879574159628305,-4.278197631229293,4283.844651711825,0.0685363888495876
2024-12-07,2024,12,7,262500.0,667500.0,55.88102684588964,-4.198328199669799,2919.1308638017586,0.1174132315661073
2024-12-08,2024,12,8,257500.0,662500.0,55.83467987242347,-4.275570996161421,4290.841991963815,0.0001507570729588
2024-12-08,2024,12,8,262500.0,662500.0,55.83613012441601,-4.195793465818992,2929.3898682148815,6.842970745563034e-05
2024-12-08,2024,12,8,257500.0,667500.0,55.879574159628305,-4.278197631229293,4283.844651711825,0.000148705643039
2024-12-08,2024,12,8,262500.0,667500.0,55.88102684588964,-4.198328199669799,2919.1308638017586,0.0002828198596998
2024-12-09,2024,12,9,257500.0,662500.0,55.83467987242347,-4.275570996161421,4290.841991963815,9.605165790125228e-06
2024-12-09,2024,12,9,262500.0,662500.0,55.83613012441601,-4.195793465818992,2929.3898682148815,0.0
2024-12-09,2024,12,9,257500.0,667500.0,55.879574159628305,-4.278197631229293,4283.844651711825,1.244918525237111e-05
2024-12-09,2024,12,9,262500.0,667500.0,55.88102684588964,-4.198328199669799,2919.1308638017586,1.7236544237940672e-06
2024-12-10,2024,12,10,257500.0,662500.0,55.83467987242347,-4.275570996161421,4290.841991963815,0.0022539101554263
2024-12-10,2024,12,10,262500.0,662500.0,55.83613012441601,-4.195793465818992,2929.3898682148815,0.0002477246119231
2024-12-10,2024,12,10,257500.0,667500.0,55.879574159628305,-4.278197631229293,4283.844651711825,0.0025865682310546
2024-12-10,2024,12,10,262500.0,667500.0,55.88102684588964,-4.198328199669799,2919.1308638017586,0.0015580255826413
2024-12-11,2024,12,11,257500.0,662500.0,55.83467987242347,-4.275570996161421,4290.841991963815,0.2577018728401718
2024-12-11,2024,12,11,262500.0,662500.0,55.83613012441601,-4.195793465818992,2929.3898682148815,0.1693014616094261
2024-12-11,2024,12,11,257500.0,667500.0,55.879574159628305,-4.278197631229293,4283.844651711825,0.2698497889353529
2024-12-11,2024,12,11,262500.0,667500.0,55.88102684588964,-4.198328199669799,2919.1308638017586,0.1416031325076134
2024-12-12,2024,12,12,257500.0,662500.0,55.83467987242347,-4.275570996161421,4290.841991963815,0.4851008439690244
2024-12-12,2024,12,12,262500.0,662500.0,55.83613012441601,-4.195793465818992,2929.3898682148815,0.3925815319752228
2024-12-12,2024,12,12,257500.0,667500.0,55.879574159628305,-4.278197631229293,4283.844651711825,0.6162513493879606
2024-12-12,2024,12,12,262500.0,667500.0,55.88102684588964,-4.198328199669799,2919.1308638017586,0.5059871514547283
2024-12-13,2024,12,13,257500.0,662500.0,55.83467987242347,-4.275570996161421,4290.841991963815,0.2624925198886487
2024-12-13,2024,12,13,262500.0,662500.0,55.83613012441601,-4.195793465818992,2929.3898682148815,0.0706907742160062
2024-12-13,2024,12,13,257500.0,667500.0,55.879574159628305,-4.278197631229293,4283.844651711825,0.3033948152870305
2024-12-13,2024,12,13,262500.0,667500.0,55.88102684588964,-4.198328199669799,2919.1308638017586,0.202734260772636
2024-12-14,2024,12,14,257500.0,662500.0,55.83467987242347,-4.275570996161421,4290.841991963815,0.4042809740769981
2024-12-14,2024,12,14,262500.0,662500.0,55.83613012441601,-4.195793465818992,2929.3898682148815,0.2477583224343462
2024-12-14,2024,12,14,257500.0,667500.0,55.879574159628305,-4.278197631229293,4283.844651711825,0.7604511710291307
2024-12-14,2024,12,14,262500.0,667500.0,55.88102684588964,-4.198328199669799,2919.1308638017586,0.665749966176175
2024-12-15,2024,12,15,257500.0,662500.0,55.83467987242347,-4.275570996161421,4290.841991963815,1.4149103918185504
2024-12-15,2024,12,15,262500.0,662500.0,55.83613012441601,-4.195793465818992,2929.3898682148815,0.5675175618431482
2024-12-15,2024,12,15,257500.0,667500.0,55.879574159628305,-4.278197631229293,4283.844651711825,0.98673541380444
2024-12-15,2024,12,15,262500.0,667500.0,55.88102684588964,-4.198328199669799,2919.1308638017586,1.13296137934011
2024-12-16,2024,12,16,257500.0,662500.0,55.83467987242347,-4.275570996161421,4290.841991963815,1.78359134843745
2024-12-16,2024,12,16,262500.0,662500.0,55.83613012441601,-4.195793465818992,2929.3898682148815,1.34470095253183
2024-12-16,2024,12,16,257500.0,667500.0,55.879574159628305,-4.278197631229293,4283.844651711825,1.831722114489161
2024-12-16,2024,12,16,262500.0,667500.0,55.88102684588964,-4.198328199669799,2919.1308638017586,2.229607737112316
2024-12-17,2024,12,17,257500.0,662500.0,55.83467987242347,-4.275570996161421,4290.841991963815,3.796255154968058
2024-12-17,2024,12,17,262500.0,662500.0,55.83613012441601,-4.195793465818992,2929.3898682148815,2.8752240304833605
2024-12-17,2024,12,17,257500.0,667500.0,55.879574159628305,-4.278197631229293,4283.844651711825,4.421562870177355
2024-12-17,2024,12,17,262500.0,667500.0,55.88102684588964,-4.198328199669799,2919.1308638017586,3.9531390294863935
2024-12-18,2024,12,18,257500.0,662500.0,55.83467987242347,-4.275570996161421,4290.841991963815,1.595165396787961
2024-12-18,2024,12,18,262500.0,662500.0,55.83613012441601,-4.195793465818992,2929.3898682148815,1.098436266106885
2024-12-18,2024,12,18,257500.0,667500.0,55.879574159628305,-4.278197631229293,4283.844651711825,0.7115666029235009
2024-12-18,2024,12,18,262500.0,667500.0,55.88102684588964,-4.198328199669799,2919.1308638017586,0.7825867892468057
2024-12-19,2024,12,19,257500.0,662500.0,55.83467987242347,-4.275570996161421,4290.841991963815,1.122974696620584
2024-12-19,2024,12,19,262500.0,662500.0,55.83613012441601,-4.195793465818992,2929.3898682148815,0.9504622375886772
2024-12-19,2024,12,19,257500.0,667500.0,55.879574159628305,-4.278197631229293,4283.844651711825,0.7805476651035195
2024-12-19,2024,12,19,262500.0,667500.0,55.88102684588964,-4.198328199669799,2919.1308638017586,0.8904699437785423
2024-12-20,2024,12,20,257500.0,662500.0,55.83467987242347,-4.275570996161421,4290.841991963815,8.135429389061734
2024-12-20,2024,12,20,262500.0,662500.0,55.83613012441601,-4.195793465818992,2929.3898682148815,6.844072644177213
2024-12-20,2024,12,20,257500.0,667500.0,55.879574159628305,-4.278197631229293,4283.844651711825,7.41950292522217
2024-12-20,2024,12,20,262500.0,667500.0,55.88102684588964,-4.198328199669799,2919.1308638017586,7.51611225986225
2024-12-21,2024,12,21,257500.0,662500.0,55.83467987242347,-4.275570996161421,4290.841991963815,6.910650948180188
2024-12-21,2024,12,21,262500.0,662500.0,55.83613012441601,-4.195793465818992,2929.3898682148815,7.23987223397865
2024-12-21,2024,12,21,257500.0,667500.0,55.879574159628305,-4.278197631229293,4283.844651711825,7.119558211157196
2024-12-21,2024,12,21,262500.0,667500.0,55.88102684588964,-4.198328199669799,2919.1308638017586,7.135826451892503
2024-12-22,2024,12,22,257500.0,662500.0,55.83467987242347,-4.275570996161421,4290.841991963815,0.7238470087559378
2024-12-22,2024,12,22,262500.0,662500.0,55.83613012441601,-4.195793465818992,2929.3898682148815,0.8372405740867488
2024-12-22,2024,12,22,257500.0,667500.0,55.879574159628305,-4.278197631229293,4283.844651711825,0.784228461759253
2024-12-22,2024,12,22,262500.0,667500.0,55.88102684588964,-4.198328199669799,2919.1308638017586,0.9640672067768292
2024-12-23,2024,12,23,257500.0,662500.0,55.83467987242347,-4.275570996161421,4290.841991963815,5.138195782346223
2024-12-23,2024,12,23,262500.0,662500.0,55.83613012441601,-4.195793465818992,2929.3898682148815,5.205546632713441
2024-12-23,2024,12,23,257500.0,667500.0,55.879574159628305,-4.278197631229293,4283.844651711825,5.992284238199317
2024-12-23,2024,12,23,262500.0,667500.0,55.88102684588964,-4.198328199669799,2919.1308638017586,5.058137154136112
2024-12-24,2024,12,24,257500.0,662500.0,55.83467987242347,-4.275570996161421,4290.841991963815,1.180946809465064
2024-12-24,2024,12,24,262500.0,662500.0,55.83613012441601,-4.195793465818992,2929.3898682148815,0.1339885741931709
2024-12-24,2024,12,24,257500.0,667500.0,55.879574159628305,-4.278197631229293,4283.844651711825,2.616199472941248
2024-12-24,2024,12,24,262500.0,667500.0,55.88102684588964,-4.198328199669799,2919.1308638017586,1.3646267276615205
2024-12-25,2024,12,25,257500.0,662500.0,55.83467987242347,-4.275570996161421,4290.841991963815,0.7578058419880969
2024-12-25,2024,12,25,262500.0,662500.0,55.83613012441601,-4.195793465818992,2929.3898682148815,0.2840911776254073
2024-12-25,2024,12,25,257500.0,667500.0,55.879574159628305,-4.278197631229293,4283.844651711825,1.6224618963938502
2024-12-25,2024,12,25,262500.0,667500.0,55.88102684588964,-4.198328199669799,2919.1308638017586,0.9310245266674888
2024-12-26,2024,12,26,257500.0,662500.0,55.83467987242347,-4.275570996161421,4290.841991963815,0.6929897391983064
2024-12-26,2024,12,26,262500.0,662500.0,55.83613012441601,-4.195793465818992,2929.3898682148815,0.4389545585119802
2024-12-26,2024,12,26,257500.0,667500.0,55.879574159628305,-4.278197631229293,4283.844651711825,2.06680768693636
2024-12-26,2024,12,26,262500.0,667500.0,55.88102684588964,-4.198328199669799,2919.1308638017586,1.2823893269788798
2024-12-27,2024,12,27,257500.0,662500.0,55.83467987242347,-4.275570996161421,4290.841991963815,0.3449090920197432
2024-12-27,2024,12,27,262500.0,662500.0,55.83613012441601,-4.195793465818992,2929.3898682148815,0.0468614776220332
2024-12-27,2024,12,27,257500.0,667500.0,55.879574159628305,-4.278197631229293,4283.844651711825,0.4217955524072611
2024-12-27,2024,12,27,262500.0,667500.0,55.88102684588964,-4.198328199669799,2919.1308638017586,0.4490258006101286
2024-12-28,2024,12,28,257500.0,662500.0,55.83467987242347,-4.275570996161421,4290.841991963815,0.4877852797707103
2024-12-28,2024,12,28,262500.0,662500.0,55.83613012441601,-4.195793465818992,2929.3898682148815,0.2633402419254589
2024-12-28,2024,12,28,257500.0,667500.0,55.879574159628305,-4.278197631229293,4283.844651711825,0.8871816410702447
2024-12-28,2024,12,28,262500.0,667500.0,55.88102684588964,-4.198328199669799,2919.1308638017586,0.6692969780874402
2024-12-29,2024,12,29,257500.0,662500.0,55.83467987242347,-4.275570996161421,4290.841991963815,3.423667996906521
2024-12-29,2024,12,29,262500.0,662500.0,55.83613012441601,-4.195793465818992,2929.3898682148815,2.337199959427285
2024-12-29,2024,12,29,257500.0,667500.0,55.879574159628305,-4.278197631229293,4283.844651711825,4.451571940987408
2024-12-29,2024,12,29,262500.0,667500.0,55.88102684588964,-4.198328199669799,2919.1308638017586,3.4816556333131654
2024-12-30,2024,12,30,257500.0,662500.0,55.83467987242347,-4.275570996161421,4290.841991963815,24.60798598174022
2024-12-30,2024,12,30,262500.0,662500.0,55.83613012441601,-4.195793465818992,2929.3898682148815,24.304063138125684
2024-12-30,2024,12,30,257500.0,667500.0,55.879574159628305,-4.278197631229293,4283.844651711825,19.541033304443275
2024-12-30,2024,12,30,262500.0,667500.0,55.88102684588964,-4.198328199669799,2919.1308638017586,22.42954107817725
2024-12-31,2024,12,31,257500.0,662500.0,55.83467987242347,-4.275570996161421,4290.841991963815,11.161464159427483
2024-12-31,2024,12,31,262500.0,662500.0,55.83613012441601,-4.195793465818992,2929.3898682148815,10.750368726002812
2024-12-31,2024,12,31,257500.0,667500.0,55.879574159628305,-4.278197631229293,4283.844651711825,12.505762233563052
2024-12-31,2024,12,31,262500.0,667500.0,55.88102684588964,-4.198328199669799,2919.1308638017586,12.782589876706348
2025-01-01,2025,1,1,257500.0,662500.0,55.83467987242347,-4.275570996161421,4290.841991963815,3.4723706999889763
2025-01-01,2025,1,1,262500.0,662500.0,55.83613012441601,-4.195793465818992,2929.3898682148815,3.92788046444803
2025-01-01,2025,1,1,257500.0,667500.0,55.879574159628305,-4.278197631229293,4283.844651711825,3.2066579998303
2025-01-01,2025,1,1,262500.0,667500.0,55.88102684588964,-4.198328199669799,2919.1308638017586,3.923206702412597
2025-01-02,2025,1,2,257500.0,662500.0,55.83467987242347,-4.275570996161421,4290.841991963815,0.5668266193711294
2025-01-02,2025,1,2,262500.0,662500.0,55.83613012441601,-4.195793465818992,2929.3898682148815,0.7241843016257413
2025-01-02,2025,1,2,257500.0,667500.0,55.879574159628305,-4.278197631229293,4283.844651711825,0.3359948494381527
2025-01-02,2025,1,2,262500.0,667500.0,55.88102684588964,-4.198328199669799,2919.1308638017586,0.4707111773623228
2025-01-03,2025,1,3,257500.0,662500.0,55.83467987242347,-4.275570996161421,4290.841991963815,0.7180827478892237
2025-01-03,2025,1,3,262500.0,662500.0,55.83613012441601,-4.195793465818992,2929.3898682148815,0.6644989350068062
2025-01-03,2025,1,3,257500.0,667500.0,55.879574159628305,-4.278197631229293,4283.844651711825,1.2978479467348836
2025-01-03,2025,1,3,262500.0,667500.0,55.88102684588964,-4.198328199669799,2919.1308638017586,0.9021550627426173
2025-01-04,2025,1,4,257500.0,662500.0,55.83467987242347,-4.275570996161421,4290.841991963815,0.0521731774793018
2025-01-04,2025,1,4,262500.0,662500.0,55.83613012441601,-4.195793465818992,2929.3898682148815,0.0396751582262518
2025-01-04,2025,1,4,257500.0,667500.0,55.879574159628305,-4.278197631229293,4283.844651711825,0.0274135714650929
2025-01-04,2025,1,4,262500.0,667500.0,55.88102684588964,-4.198328199669799,2919.1308638017586,0.0599625577733221
2025-01-05,2025,1,5,257500.0,662500.0,55.83467987242347,-4.275570996161421,4290.841991963815,0.5870954653156474
2025-01-05,2025,1,5,262500.0,662500.0,55.83613012441601,-4.195793465818992,2929.3898682148815,0.6866906018558836
2025-01-05,2025,1,5,257500.0,667500.0,55.879574159628305,-4.278197631229293,4283.844651711825,0.6365230138732674
2025-01-05,2025,1,5,262500.0,667500.0,55.88102684588964,-4.198328199669799,2919.1308638017586,0.8746684854222188
2025-01-06,2025,1,6,257500.0,662500.0,55.83467987242347,-4.275570996161421,4290.841991963815,0.3899872299904046
2025-01-06,2025,1,6,262500.0,662500.0,55.83613012441601,-4.195793465818992,2929.3898682148815,0.3414126318036673
2025-01-06,2025,1,6,257500.0,667500.0,55.879574159628305,-4.278197631229293,4283.844651711825,0.1333797600305076
2025-01-06,2025,1,6,262500.0,667500.0,55.88102684588964,-4.198328199669799,2919.1308638017586,0.2146790618384014
2025-01-07,2025,1,7,257500.0,662500.0,55.83467987242347,-4.275570996161421,4290.841991963815,0.0005877060747237
2025-01-07,2025,1,7,262500.0,662500.0,55.83613012441601,-4.195793465818992,2929.3898682148815,0.0002448698462977
2025-01-07,2025,1,7,257500.0,667500.0,55.879574159628305,-4.278197631229293,4283.844651711825,0.0005030185962649
2025-01-07,2025,1,7,262500.0,667500.0,55.88102684588964,-4.198328199669799,2919.1308638017586,0.0009275528532586
2025-01-08,2025,1,8,257500.0,662500.0,55.83467987242347,-4.275570996161421,4290.841991963815,0.0081187668409855
2025-01-08,2025,1,8,262500.0,662500.0,55.83613012441601,-4.195793465818992,2929.3898682148815,0.0333784774855329
2025-01-08,2025,1,8,257500.0,667500.0,55.879574159628305,-4.278197631229293,4283.844651711825,0.007263319582391
2025-01-08,2025,1,8,262500.0,667500.0,55.88102684588964,-4.198328199669799,2919.1308638017586,0.0293433243690569
2025-01-09,2025,1,9,257500.0,662500.0,55.83467987242347,-4.275570996161421,4290.841991963815,0.004023368071319
2025-01-09,2025,1,9,262500.0,662500.0,55.83613012441601,-4.195793465818992,2929.3898682148815,0.0016754900670177
2025-01-09,2025,1,9,257500.0,667500.0,55.879574159628305,-4.278197631229293,4283.844651711825,0.0055981206111872
2025-01-09,2025,1,9,262500.0,667500.0,55.88102684588964,-4.198328199669799,2919.1308638017586,0.0124097342511603
2025-01-10,2025,1,10,257500.0,662500.0,55.83467987242347,-4.275570996161421,4290.841991963815,0.0180418511935631
2025-01-10,2025,1,10,262500.0,662500.0,55.83613012441601,-4.195793465818992,2929.3898682148815,0.0344359439129894
2025-01-10,2025,1,10,257500.0,667500.0,55.879574159628305,-4.278197631229293,4283.844651711825,0.1055277835286902
2025-01-10,2025,1,10,262500.0,667500.0,55.88102684588964,-4.198328199669799,2919.1308638017586,0.0518365525756908
2025-01-11,2025,1,11,257500.0,662500.0,55.83467987242347,-4.275570996161421,4290.841991963815,1.3761244586634844
2025-01-11,2025,1,11,262500.0,662500.0,55.83613012441601,-4.195793465818992,2929.3898682148815,0.8149096802575225
2025-01-11,2025,1,11,257500.0,667500.0,55.879574159628305,-4.278197631229293,4283.844651711825,1.3659898257448253
2025-01-11,2025,1,11,262500.0,667500.0,55.88102684588964,-4.198328199669799,2919.1308638017586,0.9959821397159718
2025-01-12,2025,1,12,257500.0,662500.0,55.83467987242347,-4.275570996161421,4290.841991963815,0.1267320440828087
2025-01-12,2025,1,12,262500.0,662500.0,55.83613012441601,-4.195793465818992,2929.3898682148815,0.025551538426314
2025-01-12,2025,1,12,257500.0,667500.0,55.879574159628305,-4.278197631229293,4283.844651711825,0.5554372864032271
2025-01-12,2025,1,12,262500.0,667500.0,55.88102684588964,-4.198328199669799,2919.1308638017586,0.4039669183236827
2025-01-13,2025,1,13,257500.0,662500.0,55.83467987242347,-4.275570996161421,4290.841991963815,3.3755904343418304
2025-01-13,2025,1,13,262500.0,662500.0,55.83613012441601,-4.195793465818992,2929.3898682148815,2.6208550085399405
2025-01-13,2025,1,13,257500.0,667500.0,55.879574159628305,-4.278197631229293,4283.844651711825,2.936584379748967
2025-01-13,2025,1,13,262500.0,667500.0,55.88102684588964,-4.198328199669799,2919.1308638017586,2.9989370045706876
2025-01-14,2025,1,14,257500.0,662500.0,55.83467987242347,-4.275570996161421,4290.841991963815,0.0178828748435283
2025-01-14,2025,1,14,262500.0,662500.0,55.83613012441601,-4.195793465818992,2929.3898682148815,0.0046469444207122
2025-01-14,2025,1,14,257500.0,667500.0,55.879574159628305,-4.278197631229293,4283.844651711825,0.0220415771498116
2025-01-14,2025,1,14,262500.0,667500.0,55.88102684588964,-4.198328199669799,2919.1308638017586,0.0368634875587274
2025-01-15,2025,1,15,257500.0,662500.0,55.83467987242347,-4.275570996161421,4290.841991963815,0.0046498272738591
2025-01-15,2025,1,15,262500.0,662500.0,55.83613012441601,-4.195793465818992,2929.3898682148815,0.0015145932556628
2025-01-15,2025,1,15,257500.0,667500.0,55.879574159628305,-4.278197631229293,4283.844651711825,0.0102705951877045
2025-01-15,2025,1,15,262500.0,667500.0,55.88102684588964,-4.198328199669799,2919.1308638017586,0.0320675990433729
2025-01-16,2025,1,16,257500.0,662500.0,55.83467987242347,-4.275570996161421,4290.841991963815,0.1281478031699908
2025-01-16,2025,1,16,262500.0,662500.0,55.83613012441601,-4.195793465818992,2929.3898682148815,0.0171254780413029
2025-01-16,2025,1,16,257500.0,667500.0,55.879574159628305,-4.278197631229293,4283.844651711825,0.1854134272765317
2025-01-16,2025,1,16,262500.0,667500.0,55.88102684588964,-4.198328199669799,2919.1308638017586,0.195149929600773
2025-01-17,2025,1,17,257500.0,662500.0,55.83467987242347,-4.275570996161421,4290.841991963815,0.0327047749366866
2025-01-17,2025,1,17,262500.0,662500.0,55.83613012441601,-4.195793465818992,2929.3898682148815,0.0069308287405834
2025-01-17,2025,1,17,257500.0,667500.0,55.879574159628305,-4.278197631229293,4283.844651711825,0.0392909264008037
2025-01-17,2025,1,17,262500.0,667500.0,55.88102684588964,-4.198328199669799,2919.1308638017586,0.0751595698549824
2025-01-18,2025,1,18,257500.0,662500.0,55.83467987242347,-4.275570996161421,4290.841991963815,0.0002618723027413
2025-01-18,2025,1,18,262500.0,662500.0,55.83613012441601,-4.195793465818992,2929.3898682148815,3.538106180388406e-05
2025-01-18,2025,1,18,257500.0,667500.0,55.879574159628305,-4.278197631229293,4283.844651711825,0.0002076200344547
2025-01-18,2025,1,18,262500.0,667500.0,55.88102684588964,-4.198328199669799,2919.1308638017586,0.0001699039778585
2025-01-19,2025,1,19,257500.0,662500.0,55.83467987242347,-4.275570996161421,4290.841991963815,0.0489005144339258
2025-01-19,2025,1,19,262500.0,662500.0,55.83613012441601,-4.195793465818992,2929.3898682148815,0.0113661179628125
2025-01-19,2025,1,19,257500.0,667500.0,55.879574159628305,-4.278197631229293,4283.844651711825,0.1512344337811449
2025-01-19,2025,1,19,262500.0,667500.0,55.88102684588964,-4.198328199669799,2919.1308638017586,0.1508112339535076
2025-01-20,2025,1,20,257500.0,662500.0,55.83467987242347,-4.275570996161421,4290.841991963815,0.0679332514858845
2025-01-20,2025,1,20,262500.0,662500.0,55.83613012441601,-4.195793465818992,2929.3898682148815,0.0096525200689371
2025-01-20,2025,1,20,257500.0,667500.0,55.879574159628305,-4.278197631229293,4283.844651711825,0.049705671906293
2025-01-20,2025,1,20,262500.0,667500.0,55.88102684588964,-4.198328199669799,2919.1308638017586,0.0817406092992516
2025-01-21,2025,1,21,257500.0,662500.0,55.83467987242347,-4.275570996161421,4290.841991963815,0.3367594769900425
2025-01-21,2025,1,21,262500.0,662500.0,55.83613012441601,-4.195793465818992,2929.3898682148815,0.3710485332290457
2025-01-21,2025,1,21,257500.0,667500.0,55.879574159628305,-4.278197631229293,4283.844651711825,0.2369305942978702
2025-01-21,2025,1,21,262500.0,667500.0,55.88102684588964,-4.198328199669799,2919.1308638017586,0.2834502067192069
2025-01-22,2025,1,22,257500.0,662500.0,55.83467987242347,-4.275570996161421,4290.841991963815,0.0667808325312195
2025-01-22,2025,1,22,262500.0,662500.0,55.83613012441601,-4.195793465818992,2929.3898682148815,0.0111170871837948
2025-01-22,2025,1,22,257500.0,667500.0,55.879574159628305,-4.278197631229293,4283.844651711825,0.0490791175180508
2025-01-22,2025,1,22,262500.0,667500.0,55.88102684588964,-4.198328199669799,2919.1308638017586,0.0827199288616599
2025-01-23,2025,1,23,257500.0,662500.0,55.83467987242347,-4.275570996161421,4290.841991963815,6.398389534783514
2025-01-23,2025,1,23,262500.0,662500.0,55.83613012441601,-4.195793465818992,2929.3898682148815,5.886985338944373
2025-01-23,2025,1,23,257500.0,667500.0,55.879574159628305,-4.278197631229293,4283.844651711825,8.168792891148602
2025-01-23,2025,1,23,262500.0,667500.0,55.88102684588964,-4.198328199669799,2919.1308638017586,6.834867942687128
2025-01-24,2025,1,24,257500.0,662500.0,55.83467987242347,-4.275570996161421,4290.841991963815,13.21729613954741
2025-01-24,2025,1,24,262500.0,662500.0,55.83613012441601,-4.195793465818992,2929.3898682148815,14.813788870386192
2025-01-24,2025,1,24,257500.0,667500.0,55.879574159628305,-4.278197631229293,4283.844651711825,9.566670382318229
2025-01-24,2025,1,24,262500.0,667500.0,55.88102684588964,-4.198328199669799,2919.1308638017586,12.247042933048675
2025-01-25,2025,1,25,257500.0,662500.0,55.83467987242347,-4.275570996161421,4290.841991963815,15.512283490292644
2025-01-25,2025,1,25,262500.0,662500.0,55.83613012441601,-4.195793465818992,2929.3898682148815,17.438951316058553
2025-01-25,2025,1,25,257500.0,667500.0,55.879574159628305,-4.278197631229293,4283.844651711825,9.744274680686768
2025-01-25,2025,1,25,262500.0,667500.0,55.88102684588964,-4.198328199669799,2919.1308638017586,12.912722334530464
2025-01-26,2025,1,26,257500.0,662500.0,55.83467987242347,-4.275570996161421,4290.841991963815,6.189097759086748
2025-01-26,2025,1,26,262500.0,662500.0,55.83613012441601,-4.195793465818992,2929.3898682148815,6.3544439423270465
2025-01-26,2025,1,26,257500.0,667500.0,55.879574159628305,-4.278197631229293,4283.844651711825,7.518199097268324
2025-01-26,2025,1,26,262500.0,667500.0,55.88102684588964,-4.198328199669799,2919.1308638017586,6.806374062679334
2025-01-27,2025,1,27,257500.0,662500.0,55.83467987242347,-4.275570996161421,4290.841991963815,2.3571719991208395
2025-01-27,2025,1,27,262500.0,662500.0,55.83613012441601,-4.195793465818992,2929.3898682148815,2.197392281874697
2025-01-27,2025,1,27,257500.0,667500.0,55.879574159628305,-4.278197631229293,4283.844651711825,1.9707741010251487
2025-01-27,2025,1,27,262500.0,667500.0,55.88102684588964,-4.198328199669799,2919.1308638017586,2.118965162687309
2025-01-28,2025,1,28,257500.0,662500.0,55.83467987242347,-4.275570996161421,4290.841991963815,0.0031940908807337
2025-01-28,2025,1,28,262500.0,662500.0,55.83613012441601,-4.195793465818992,2929.3898682148815,0.0006822541341406
2025-01-28,2025,1,28,257500.0,667500.0,55.879574159628305,-4.278197631229293,4283.844651711825,0.0014671606210731
2025-01-28,2025,1,28,262500.0,667500.0,55.88102684588964,-4.198328199669799,2919.1308638017586,0.0019566703180753
2025-01-29,2025,1,29,257500.0,662500.0,55.83467987242347,-4.275570996161421,4290.841991963815,0.0011338792512751
2025-01-29,2025,1,29,262500.0,662500.0,55.83613012441601,-4.195793465818992,2929.3898682148815,0.0001763931366343
2025-01-29,2025,1,29,257500.0,667500.0,55.879574159628305,-4.278197631229293,4283.844651711825,0.000796360924718
2025-01-29,2025,1,29,262500.0,667500.0,55.88102684588964,-4.198328199669799,2919.1308638017586,0.0006434830801419
2025-01-30,2025,1,30,257500.0,662500.0,55.83467987242347,-4.275570996161421,4290.841991963815,0.8591727269176735
2025-01-30,2025,1,30,262500.0,662500.0,55.83613012441601,-4.195793465818992,2929.3898682148815,0.287796609713931
2025-01-30,2025,1,30,257500.0,667500.0,55.879574159628305,-4.278197631229293,4283.844651711825,0.9031382071408576
2025-01-30,2025,1,30,262500.0,667500.0,55.88102684588964,-4.198328199669799,2919.1308638017586,0.770035477167979
2025-01-31,2025,1,31,257500.0,662500.0,55.83467987242347,-4.275570996161421,4290.841991963815,0.0094803435942035
2025-01-31,2025,1,31,262500.0,662500.0,55.83613012441601,-4.195793465818992,2929.3898682148815,0.0025276802272103
2025-01-31,2025,1,31,257500.0,667500.0,55.879574159628305,-4.278197631229293,4283.844651711825,0.0138623520777398
2025-01-31,2025,1,31,262500.0,667500.0,55.88102684588964,-4.198328199669799,2919.1308638017586,0.0372964142629137
2025-02-01,2025,2,1,257500.0,662500.0,55.83467987242347,-4.275570996161421,4290.841991963815,0.913966587352923
2025-02-01,2025,2,1,262500.0,662500.0,55.83613012441601,-4.195793465818992,2929.3898682148815,0.6273631707430755
2025-02-01,2025,2,1,257500.0,667500.0,55.879574159628305,-4.278197631229293,4283.844651711825,1.0771453185649742
2025-02-01,2025,2,1,262500.0,667500.0,55.88102684588964,-4.198328199669799,2919.1308638017586,0.8925372920778134
2025-02-02,2025,2,2,257500.0,662500.0,55.83467987242347,-4.275570996161421,4290.841991963815,0.2250881844312704
2025-02-02,2025,2,2,262500.0,662500.0,55.83613012441601,-4.195793465818992,2929.3898682148815,0.0601054924293005
2025-02-02,2025,2,2,257500.0,667500.0,55.879574159628305,-4.278197631229293,4283.844651711825,0.226788344262988
2025-02-02,2025,2,2,262500.0,667500.0,55.88102684588964,-4.198328199669799,2919.1308638017586,0.214588836613902
2025-02-03,2025,2,3,257500.0,662500.0,55.83467987242347,-4.275570996161421,4290.841991963815,19.259426660083975
2025-02-03,2025,2,3,262500.0,662500.0,55.83613012441601,-4.195793465818992,2929.3898682148815,16.071165286122874
2025-02-03,2025,2,3,257500.0,667500.0,55.879574159628305,-4.278197631229293,4283.844651711825,17.53584841961066
2025-02-03,2025,2,3,262500.0,667500.0,55.88102684588964,-4.198328199669799,2919.1308638017586,16.94742616194594
2025-02-04,2025,2,4,257500.0,662500.0,55.83467987242347,-4.275570996161421,4290.841991963815,9.727620913273997
2025-02-04,2025,2,4,262500.0,662500.0,55.83613012441601,-4.195793465818992,2929.3898682148815,9.073813411793171
2025-02-04,2025,2,4,257500.0,667500.0,55.879574159628305,-4.278197631229293,4283.844651711825,8.738126397349582
2025-02-04,2025,2,4,262500.0,667500.0,55.88102684588964,-4.198328199669799,2919.1308638017586,9.360044390186903
2025-02-05,2025,2,5,257500.0,662500.0,55.83467987242347,-4.275570996161421,4290.841991963815,0.4759662302788597
2025-02-05,2025,2,5,262500.0,662500.0,55.83613012441601,-4.195793465818992,2929.3898682148815,0.5647588951914321
2025-02-05,2025,2,5,257500.0,667500.0,55.879574159628305,-4.278197631229293,4283.844651711825,0.3114974109630071
2025-02-05,2025,2,5,262500.0,667500.0,55.88102684588964,-4.198328199669799,2919.1308638017586,0.4627761263274274
2025-02-06,2025,2,6,257500.0,662500.0,55.83467987242347,-4.275570996161421,4290.841991963815,0.0403202525323964
2025-02-06,2025,2,6,262500.0,662500.0,55.83613012441601,-4.195793465818992,2929.3898682148815,0.0340614144741673
2025-02-06,2025,2,6,257500.0,667500.0,55.879574159628305,-4.278197631229293,4283.844651711825,0.0144985606192128
2025-02-06,2025,2,6,262500.0,667500.0,55.88102684588964,-4.198328199669799,2919.1308638017586,0.035393680214092
2025-02-07,2025,2,7,257500.0,662500.0,55.83467987242347,-4.275570996161421,4290.841991963815,0.0558202458292849
2025-02-07,2025,2,7,262500.0,662500.0,55.83613012441601,-4.195793465818992,2929.3898682148815,0.00660054573678
2025-02-07,2025,2,7,257500.0,667500.0,55.879574159628305,-4.278197631229293,4283.844651711825,0.1228659780922194
2025-02-07,2025,2,7,262500.0,667500.0,55.88102684588964,-4.198328199669799,2919.1308638017586,0.0698217917515546
2025-02-08,2025,2,8,257500.0,662500.0,55.83467987242347,-4.275570996161421,4290.841991963815,0.0120937941679752
2025-02-08,2025,2,8,262500.0,662500.0,55.83613012441601,-4.195793465818992,2929.3898682148815,0.0055054829943497
2025-02-08,2025,2,8,257500.0,667500.0,55.879574159628305,-4.278197631229293,4283.844651711825,0.0222357056972278
2025-02-08,2025,2,8,262500.0,667500.0,55.88102684588964,-4.198328199669799,2919.1308638017586,0.0680488903468392
2025-02-09,2025,2,9,257500.0,662500.0,55.83467987242347,-4.275570996161421,4290.841991963815,0.1981100408372511
2025-02-09,2025,2,9,262500.0,662500.0,55.83613012441601,-4.195793465818992,2929.3898682148815,0.2098863041423531
2025-02-09,2025,2,9,257500.0,667500.0,55.879574159628305,-4.278197631229293,4283.844651711825,0.4221500295792603
2025-02-09,2025,2,9,262500.0,667500.0,55.88102684588964,-4.198328199669799,2919.1308638017586,0.4472156091875627
2025-02-10,2025,2,10,257500.0,662500.0,55.83467987242347,-4.275570996161421,4290.841991963815,1.554504236873402
2025-02-10,2025,2,10,262500.0,662500.0,55.83613012441601,-4.195793465818992,2929.3898682148815,1.6650534643520818
2025-02-10,2025,2,10,257500.0,667500.0,55.879574159628305,-4.278197631229293,4283.844651711825,1.6711743002674748
2025-02-10,2025,2,10,262500.0,667500.0,55.88102684588964,-4.198328199669799,2919.1308638017586,2.105628837538287
2025-02-11,2025,2,11,257500.0,662500.0,55.83467987242347,-4.275570996161421,4290.841991963815,0.2596631683978342
2025-02-11,2025,2,11,262500.0,662500.0,55.83613012441601,-4.195793465818992,2929.3898682148815,0.0354783812163254
2025-02-11,2025,2,11,257500.0,667500.0,55.879574159628305,-4.278197631229293,4283.844651711825,0.4588729831981459
2025-02-11,2025,2,11,262500.0,667500.0,55.88102684588964,-4.198328199669799,2919.1308638017586,0.3790742974258785
2025-02-12,2025,2,12,257500.0,662500.0,55.83467987242347,-4.275570996161421,4290.841991963815,0.0086892620922711
2025-02-12,2025,2,12,262500.0,662500.0,55.83613012441601,-4.195793465818992,2929.3898682148815,0.0022728806203475
2025-02-12,2025,2,12,257500.0,667500.0,55.879574159628305,-4.278197631229293,4283.844651711825,0.0129979120770888
2025-02-12,2025,2,12,262500.0,667500.0,55.88102684588964,-4.198328199669799,2919.1308638017586,0.0378487651588011
2025-02-13,2025,2,13,257500.0,662500.0,55.83467987242347,-4.275570996161421,4290.841991963815,0.0009558821336337
2025-02-13,2025,2,13,262500.0,662500.0,55.83613012441601,-4.195793465818992,2929.3898682148815,0.0004045131049435
2025-02-13,2025,2,13,257500.0,667500.0,55.879574159628305,-4.278197631229293,4283.844651711825,0.0013098301444827
2025-02-13,2025,2,13,262500.0,667500.0,55.88102684588964,-4.198328199669799,2919.1308638017586,0.0032695390536955
2025-02-14,2025,2,14,257500.0,662500.0,55.83467987242347,-4.275570996161421,4290.841991963815,0.5173718238298598
2025-02-14,2025,2,14,262500.0,662500.0,55.83613012441601,-4.195793465818992,2929.3898682148815,0.5224894993600856
2025-02-14,2025,2,14,257500.0,667500.0,55.879574159628305,-4.278197631229293,4283.844651711825,0.6367629745619496
2025-02-14,2025,2,14,262500.0,667500.0,55.88102684588964,-4.198328199669799,2919.1308638017586,0.6864697499064726
2025-02-15,2025,2,15,257500.0,662500.0,55.83467987242347,-4.275570996161421,4290.841991963815,0.2066499439260079
2025-02-15,2025,2,15,262500.0,662500.0,55.83613012441601,-4.195793465818992,2929.3898682148815,0.2390942212723225
2025-02-15,2025,2,15,257500.0,667500.0,55.879574159628305,-4.278197631229293,4283.844651711825,0.4187543306638931
2025-02-15,2025,2,15,262500.0,667500.0,55.88102684588964,-4.198328199669799,2919.1308638017586,0.400050507148399
2025-02-16,2025,2,16,257500.0,662500.0,55.83467987242347,-4.275570996161421,4290.841991963815,0.0801725840934729
2025-02-16,2025,2,16,262500.0,662500.0,55.83613012441601,-4.195793465818992,2929.3898682148815,0.0443795010865687
2025-02-16,2025,2,16,257500.0,667500.0,55.879574159628305,-4.278197631229293,4283.844651711825,0.1418023996970789
2025-02-16,2025,2,16,262500.0,667500.0,55.88102684588964,-4.198328199669799,2919.1308638017586,0.1205743022020658
2025-02-17,2025,2,17,257500.0,662500.0,55.83467987242347,-4.275570996161421,4290.841991963815,0.2985446409334565
2025-02-17,2025,2,17,262500.0,662500.0,55.83613012441601,-4.195793465818992,2929.3898682148815,0.2421591265504203
2025-02-17,2025,2,17,257500.0,667500.0,55.879574159628305,-4.278197631229293,4283.844651711825,0.2350360857794164
2025-02-17,2025,2,17,262500.0,667500.0,55.88102684588964,-4.198328199669799,2919.1308638017586,0.2719219309183137
2025-02-18,2025,2,18,257500.0,662500.0,55.83467987242347,-4.275570996161421,4290.841991963815,0.0023506162542645
2025-02-18,2025,2,18,262500.0,662500.0,55.83613012441601,-4.195793465818992,2929.3898682148815,0.0003370334729379
2025-02-18,2025,2,18,257500.0,667500.0,55.879574159628305,-4.278197631229293,4283.844651711825,0.0025363958020315
2025-02-18,2025,2,18,262500.0,667500.0,55.88102684588964,-4.198328199669799,2919.1308638017586,0.002293383207006
2025-02-19,2025,2,19,257500.0,662500.0,55.83467987242347,-4.275570996161421,4290.841991963815,6.070634474539064
2025-02-19,2025,2,19,262500.0,662500.0,55.83613012441601,-4.195793465818992,2929.3898682148815,4.804602800467156
2025-02-19,2025,2,19,257500.0,667500.0,55.879574159628305,-4.278197631229293,4283.844651711825,8.252990087746142
2025-02-19,2025,2,19,262500.0,667500.0,55.88102684588964,-4.198328199669799,2919.1308638017586,6.517153136426933
2025-02-20,2025,2,20,257500.0,662500.0,55.83467987242347,-4.275570996161421,4290.841991963815,4.15871474842978
2025-02-20,2025,2,20,262500.0,662500.0,55.83613012441601,-4.195793465818992,2929.3898682148815,3.18229416452922
2025-02-20,2025,2,20,257500.0,667500.0,55.879574159628305,-4.278197631229293,4283.844651711825,4.280208531227756
2025-02-20,2025,2,20,262500.0,667500.0,55.88102684588964,-4.198328199669799,2919.1308638017586,3.711655189393816
2025-02-21,2025,2,21,257500.0,662500.0,55.83467987242347,-4.275570996161421,4290.841991963815,5.477103074083128
2025-02-21,2025,2,21,262500.0,662500.0,55.83613012441601,-4.195793465818992,2929.3898682148815,5.310856444659384
2025-02-21,2025,2,21,257500.0,667500.0,55.879574159628305,-4.278197631229293,4283.844651711825,5.622034168658977
2025-02-21,2025,2,21,262500.0,667500.0,55.88102684588964,-4.198328199669799,2919.1308638017586,5.43579887244659
2025-02-22,2025,2,22,257500.0,662500.0,55.83467987242347,-4.275570996161421,4290.841991963815,5.164034237402562
2025-02-22,2025,2,22,262500.0,662500.0,55.83613012441601,-4.195793465818992,2929.3898682148815,4.632503329955515
2025-02-22,2025,2,22,257500.0,667500.0,55.879574159628305,-4.278197631229293,4283.844651711825,4.453617730473347
2025-02-22,2025,2,22,262500.0,667500.0,55.88102684588964,-4.198328199669799,2919.1308638017586,4.44569098676585
2025-02-23,2025,2,23,257500.0,662500.0,55.83467987242347,-4.275570996161421,4290.841991963815,13.721013406949968
2025-02-23,2025,2,23,262500.0,662500.0,55.83613012441601,-4.195793465818992,2929.3898682148815,12.805919840030636
2025-02-23,2025,2,23,257500.0,667500.0,55.879574159628305,-4.278197631229293,4283.844651711825,11.859582447201756
2025-02-23,2025,2,23,262500.0,667500.0,55.88102684588964,-4.198328199669799,2919.1308638017586,11.481423781964809
2025-02-24,2025,2,24,257500.0,662500.0,55.83467987242347,-4.275570996161421,4290.841991963815,1.9579066893995336
2025-02-24,2025,2,24,262500.0,662500.0,55.83613012441601,-4.195793465818992,2929.3898682148815,2.0252342935684675
2025-02-24,2025,2,24,257500.0,667500.0,55.879574159628305,-4.278197631229293,4283.844651711825,1.13717001618326
2025-02-24,2025,2,24,262500.0,667500.0,55.88102684588964,-4.198328199669799,2919.1308638017586,1.752375375818165
2025-02-25,2025,2,25,257500.0,662500.0,55.83467987242347,-4.275570996161421,4290.841991963815,2.5067448441719673
2025-02-25,2025,2,25,262500.0,662500.0,55.83613012441601,-4.195793465818992,2929.3898682148815,2.3028300184413593
2025-02-25,2025,2,25,257500.0,667500.0,55.879574159628305,-4.278197631229293,4283.844651711825,2.696573959733652
2025-02-25,2025,2,25,262500.0,667500.0,55.88102684588964,-4.198328199669799,2919.1308638017586,2.659669091844538
2025-02-26,2025,2,26,257500.0,662500.0,55.83467987242347,-4.275570996161421,4290.841991963815,1.4843145404729303
2025-02-26,2025,2,26,262500.0,662500.0,55.83613012441601,-4.195793465818992,2929.3898682148815,1.3562398543837284
2025-02-26,2025,2,26,257500.0,667500.0,55.879574159628305,-4.278197631229293,4283.844651711825,2.386358324849904
2025-02-26,2025,2,26,262500.0,667500.0,55.88102684588964,-4.198328199669799,2919.1308638017586,1.9695570692763888
2025-02-27,2025,2,27,257500.0,662500.0,55.83467987242347,-4.275570996161421,4290.841991963815,0.2330723408311867
2025-02-27,2025,2,27,262500.0,662500.0,55.83613012441601,-4.195793465818992,2929.3898682148815,0.0641068586761052
2025-02-27,2025,2,27,257500.0,667500.0,55.879574159628305,-4.278197631229293,4283.844651711825,0.1813907496862533
2025-02-27,2025,2,27,262500.0,667500.0,55.88102684588964,-4.198328199669799,2919.1308638017586,0.1551102379908634
2025-02-28,2025,2,28,257500.0,662500.0,55.83467987242347,-4.275570996161421,4290.841991963815,0.0530883112019397
2025-02-28,2025,2,28,262500.0,662500.0,55.83613012441601,-4.195793465818992,2929.3898682148815,0.0063198542110987
2025-02-28,2025,2,28,257500.0,667500.0,55.879574159628305,-4.278197631229293,4283.844651711825,0.0235617921366394
2025-02-28,2025,2,28,262500.0,667500.0,55.88102684588964,-4.198328199669799,2919.1308638017586,0.041938916126475
2025-03-01,2025,3,1,257500.0,662500.0,55.83467987242347,-4.275570996161421,4290.841991963815,0.2720870582257765
2025-03-01,2025,3,1,262500.0,662500.0,55.83613012441601,-4.195793465818992,2929.3898682148815,0.3790296142329583
2025-03-01,2025,3,1,257500.0,667500.0,55.879574159628305,-4.278197631229293,4283.844651711825,0.114400357456265
2025-03-01,2025,3,1,262500.0,667500.0,55.88102684588964,-4.198328199669799,2919.1308638017586,0.2498648728358602
2025-03-02,2025,3,2,257500.0,662500.0,55.83467987242347,-4.275570996161421,4290.841991963815,0.5408915621157946
2025-03-02,2025,3,2,262500.0,662500.0,55.83613012441601,-4.195793465818992,2929.3898682148815,0.0564210751287247
2025-03-02,2025,3,2,257500.0,667500.0,55.879574159628305,-4.278197631229293,4283.844651711825,0.3014246958813626
2025-03-02,2025,3,2,262500.0,667500.0,55.88102684588964,-4.198328199669799,2919.1308638017586,0.333991842275278
2025-03-03,2025,3,3,257500.0,662500.0,55.83467987242347,-4.275570996161421,4290.841991963815,0.2008210578195724
2025-03-03,2025,3,3,262500.0,662500.0,55.83613012441601,-4.195793465818992,2929.3898682148815,0.0325227359686081
2025-03-03,2025,3,3,257500.0,667500.0,55.879574159628305,-4.278197631229293,4283.844651711825,0.1037570497989354
2025-03-03,2025,3,3,262500.0,667500.0,55.88102684588964,-4.198328199669799,2919.1308638017586,0.1854766659767587
2025-03-04,2025,3,4,257500.0,662500.0,55.83467987242347,-4.275570996161421,4290.841991963815,2.143744567696575
2025-03-04,2025,3,4,262500.0,662500.0,55.83613012441601,-4.195793465818992,2929.3898682148815,1.4237056956784906
2025-03-04,2025,3,4,257500.0,667500.0,55.879574159628305,-4.278197631229293,4283.844651711825,1.9380022214704735
2025-03-04,2025,3,4,262500.0,667500.0,55.88102684588964,-4.198328199669799,2919.1308638017586,2.4165962725934604
2025-03-05,2025,3,5,257500.0,662500.0,55.83467987242347,-4.275570996161421,4290.841991963815,2.5295265248458065
2025-03-05,2025,3,5,262500.0,662500.0,55.83613012441601,-4.195793465818992,2929.3898682148815,1.7540037630586205
2025-03-05,2025,3,5,257500.0,667500.0,55.879574159628305,-4.278197631229293,4283.844651711825,2.2756937186599484
2025-03-05,2025,3,5,262500.0,667500.0,55.88102684588964,-4.198328199669799,2919.1308638017586,2.49435354421112
2025-03-06,2025,3,6,257500.0,662500.0,55.83467987242347,-4.275570996161421,4290.841991963815,2.291669595991757
2025-03-06,2025,3,6,262500.0,662500.0,55.83613012441601,-4.195793465818992,2929.3898682148815,1.9242120405214511
2025-03-06,2025,3,6,257500.0,667500.0,55.879574159628305,-4.278197631229293,4283.844651711825,2.268029126112455
2025-03-06,2025,3,6,262500.0,667500.0,55.88102684588964,-4.198328199669799,2919.1308638017586,2.073972170574055
2025-03-07,2025,3,7,257500.0,662500.0,55.83467987242347,-4.275570996161421,4290.841991963815,0.8654792596618804
2025-03-07,2025,3,7,262500.0,662500.0,55.83613012441601,-4.195793465818992,2929.3898682148815,0.6309182673140192
2025-03-07,2025,3,7,257500.0,667500.0,55.879574159628305,-4.278197631229293,4283.844651711825,0.9459266733310574
2025-03-07,2025,3,7,262500.0,667500.0,55.88102684588964,-4.198328199669799,2919.1308638017586,0.858039582973464
2025-03-08,2025,3,8,257500.0,662500.0,55.83467987242347,-4.275570996161421,4290.841991963815,0.0156289541603107
2025-03-08,2025,3,8,262500.0,662500.0,55.83613012441601,-4.195793465818992,2929.3898682148815,0.0045700998286879
2025-03-08,2025,3,8,257500.0,667500.0,55.879574159628305,-4.278197631229293,4283.844651711825,0.0155756646507898
2025-03-08,2025,3,8,262500.0,667500.0,55.88102684588964,-4.198328199669799,2919.1308638017586,0.0397308335701435
2025-03-09,2025,3,9,257500.0,662500.0,55.83467987242347,-4.275570996161421,4290.841991963815,0.0292116656478634
2025-03-09,2025,3,9,262500.0,662500.0,55.83613012441601,-4.195793465818992,2929.3898682148815,0.0011943460703805
2025-03-09,2025,3,9,257500.0,667500.0,55.879574159628305,-4.278197631229293,4283.844651711825,0.0082873643391036
2025-03-09,2025,3,9,262500.0,667500.0,55.88102684588964,-4.198328199669799,2919.1308638017586,0.0054967278036477
2025-03-10,2025,3,10,257500.0,662500.0,55.83467987242347,-4.275570996161421,4290.841991963815,0.0009546044244451
2025-03-10,2025,3,10,262500.0,662500.0,55.83613012441601,-4.195793465818992,2929.3898682148815,0.0004391040852916
2025-03-10,2025,3,10,257500.0,667500.0,55.879574159628305,-4.278197631229293,4283.844651711825,0.0008717673111358
2025-03-10,2025,3,10,262500.0,667500.0,55.88102684588964,-4.198328199669799,2919.1308638017586,0.0019048048810728
2025-03-11,2025,3,11,257500.0,662500.0,55.83467987242347,-4.275570996161421,4290.841991963815,0.0007723162967972
2025-03-11,2025,3,11,262500.0,662500.0,55.83613012441601,-4.195793465818992,2929.3898682148815,0.0006440735317413
2025-03-11,2025,3,11,257500.0,667500.0,55.879574159628305,-4.278197631229293,4283.844651711825,0.0006147865281444
2025-03-11,2025,3,11,262500.0,667500.0,55.88102684588964,-4.198328199669799,2919.1308638017586,0.001527545613381
2025-03-12,2025,3,12,257500.0,662500.0,55.83467987242347,-4.275570996161421,4290.841991963815,0.0001921829514291
2025-03-12,2025,3,12,262500.0,662500.0,55.83613012441601,-4.195793465818992,2929.3898682148815,0.0001927860267353
2025-03-12,2025,3,12,257500.0,667500.0,55.879574159628305,-4.278197631229293,4283.844651711825,9.336226447493916e-05
2025-03-12,2025,3,12,262500.0,667500.0,55.88102684588964,-4.198328199669799,2919.1308638017586,0.0007227216678816
2025-03-13,2025,3,13,257500.0,662500.0,55.83467987242347,-4.275570996161421,4290.841991963815,0.0354274494706084
2025-03-13,2025,3,13,262500.0,662500.0,55.83613012441601,-4.195793465818992,2929.3898682148815,0.0022896310356139
2025-03-13,2025,3,13,257500.0,667500.0,55.879574159628305,-4.278197631229293,4283.844651711825,0.0165574019769822
2025-03-13,2025,3,13,262500.0,667500.0,55.88102684588964,-4.198328199669799,2919.1308638017586,0.0140002655675571
2025-03-14,2025,3,14,257500.0,662500.0,55.83467987242347,-4.275570996161421,4290.841991963815,0.0001209589574413
2025-03-14,2025,3,14,262500.0,662500.0,55.83613012441601,-4.195793465818992,2929.3898682148815,1.837815553731224e-05
2025-03-14,2025,3,14,257500.0,667500.0,55.879574159628305,-4.278197631229293,4283.844651711825,0.0001140556761947
2025-03-14,2025,3,14,262500.0,667500.0,55.88102684588964,-4.198328199669799,2919.1308638017586,9.317052189116176e-05
2025-03-15,2025,3,15,257500.0,662500.0,55.83467987242347,-4.275570996161421,4290.841991963815,0.0001545561535307
2025-03-15,2025,3,15,262500.0,662500.0,55.83613012441601,-4.195793465818992,2929.3898682148815,3.256312595028104e-05
2025-03-15,2025,3,15,257500.0,667500.0,55.879574159628305,-4.278197631229293,4283.844651711825,0.0002382631985888
2025-03-15,2025,3,15,262500.0,667500.0,55.88102684588964,-4.198328199669799,2919.1308638017586,0.0003164218585382
2025-03-16,2025,3,16,257500.0,662500.0,55.83467987242347,-4.275570996161421,4290.841991963815,0.0375024489262391
2025-03-16,2025,3,16,262500.0,662500.0,55.83613012441601,-4.195793465818992,2929.3898682148815,0.008854693330027
2025-03-16,2025,3,16,257500.0,667500.0,55.879574159628305,-4.278197631229293,4283.844651711825,0.2262052361061289
2025-03-16,2025,3,16,262500.0,667500.0,55.88102684588964,-4.198328199669799,2919.1308638017586,0.1580708671120295
2025-03-17,2025,3,17,257500.0,662500.0,55.83467987242347,-4.275570996161421,4290.841991963815,0.0008096568238586
2025-03-17,2025,3,17,262500.0,662500.0,55.83613012441601,-4.195793465818992,2929.3898682148815,0.0003828975364062
2025-03-17,2025,3,17,257500.0,667500.0,55.879574159628305,-4.278197631229293,4283.844651711825,0.0008211714035551
2025-03-17,2025,3,17,262500.0,667500.0,55.88102684588964,-4.198328199669799,2919.1308638017586,0.0019871167836979
2025-03-18,2025,3,18,257500.0,662500.0,55.83467987242347,-4.275570996161421,4290.841991963815,0.0342714097288353
2025-03-18,2025,3,18,262500.0,662500.0,55.83613012441601,-4.195793465818992,2929.3898682148815,0.0318541012461355
2025-03-18,2025,3,18,257500.0,667500.0,55.879574159628305,-4.278197631229293,4283.844651711825,0.011312059260184
2025-03-18,2025,3,18,262500.0,667500.0,55.88102684588964,-4.198328199669799,2919.1308638017586,0.0317716219357405
2025-03-19,2025,3,19,257500.0,662500.0,55.83467987242347,-4.275570996161421,4290.841991963815,0.0038430922727429
2025-03-19,2025,3,19,262500.0,662500.0,55.83613012441601,-4.195793465818992,2929.3898682148815,0.000675010230397
2025-03-19,2025,3,19,257500.0,667500.0,55.879574159628305,-4.278197631229293,4283.844651711825,0.0037417646347538
2025-03-19,2025,3,19,262500.0,667500.0,55.88102684588964,-4.198328199669799,2919.1308638017586,0.0057078813572711
2025-03-20,2025,3,20,257500.0,662500.0,55.83467987242347,-4.275570996161421,4290.841991963815,0.0
2025-03-20,2025,3,20,262500.0,662500.0,55.83613012441601,-4.195793465818992,2929.3898682148815,0.0
2025-03-20,2025,3,20,257500.0,667500.0,55.879574159628305,-4.278197631229293,4283.844651711825,0.0
2025-03-20,2025,3,20,262500.0,667500.0,55.88102684588964,-4.198328199669799,2919.1308638017586,0.0
2025-03-21,2025,3,21,257500.0,662500.0,55.83467987242347,-4.275570996161421,4290.841991963815,1.24345134606712
2025-03-21,2025,3,21,262500.0,662500.0,55.83613012441601,-4.195793465818992,2929.3898682148815,1.055354125053014
2025-03-21,2025,3,21,257500.0,667500.0,55.879574159628305,-4.278197631229293,4283.844651711825,1.330043090788284
2025-03-21,2025,3,21,262500.0,667500.0,55.88102684588964,-4.198328199669799,2919.1308638017586,1.3385589669819182
2025-03-22,2025,3,22,257500.0,662500.0,55.83467987242347,-4.275570996161421,4290.841991963815,5.133451568926444
2025-03-22,2025,3,22,262500.0,662500.0,55.83613012441601,-4.195793465818992,2929.3898682148815,5.151744721973889
2025-03-22,2025,3,22,257500.0,667500.0,55.879574159628305,-4.278197631229293,4283.844651711825,5.1239896935065685
2025-03-22,2025,3,22,262500.0,667500.0,55.88102684588964,-4.198328199669799,2919.1308638017586,4.935081873235254
2025-03-23,2025,3,23,257500.0,662500.0,55.83467987242347,-4.275570996161421,4290.841991963815,0.0026931770263976
2025-03-23,2025,3,23,262500.0,662500.0,55.83613012441601,-4.195793465818992,2929.3898682148815,0.0016030852489678
2025-03-23,2025,3,23,257500.0,667500.0,55.879574159628305,-4.278197631229293,4283.844651711825,0.002724849788591
2025-03-23,2025,3,23,262500.0,667500.0,55.88102684588964,-4.198328199669799,2919.1308638017586,0.0048826163225104
2025-03-24,2025,3,24,257500.0,662500.0,55.83467987242347,-4.275570996161421,4290.841991963815,0.0333773704503633
2025-03-24,2025,3,24,262500.0,662500.0,55.83613012441601,-4.195793465818992,2929.3898682148815,0.0045801569324346
2025-03-24,2025,3,24,257500.0,667500.0,55.879574159628305,-4.278197631229293,4283.844651711825,0.1125347724264347
2025-03-24,2025,3,24,262500.0,667500.0,55.88102684588964,-4.198328199669799,2919.1308638017586,0.0386846820176819
2025-03-25,2025,3,25,257500.0,662500.0,55.83467987242347,-4.275570996161421,4290.841991963815,0.0004178461216136
2025-03-25,2025,3,25,262500.0,662500.0,55.83613012441601,-4.195793465818992,2929.3898682148815,0.0001718541588328
2025-03-25,2025,3,25,257500.0,667500.0,55.879574159628305,-4.278197631229293,4283.844651711825,0.0007139581772159
2025-03-25,2025,3,25,262500.0,667500.0,55.88102684588964,-4.198328199669799,2919.1308638017586,0.0020915217959518
2025-03-26,2025,3,26,257500.0,662500.0,55.83467987242347,-4.275570996161421,4290.841991963815,0.2161797211690941
2025-03-26,2025,3,26,262500.0,662500.0,55.83613012441601,-4.195793465818992,2929.3898682148815,0.0243565778064831
2025-03-26,2025,3,26,257500.0,667500.0,55.879574159628305,-4.278197631229293,4283.844651711825,0.1277818695268412
2025-03-26,2025,3,26,262500.0,667500.0,55.88102684588964,-4.198328199669799,2919.1308638017586,0.2213825994438764
2025-03-27,2025,3,27,257500.0,662500.0,55.83467987242347,-4.275570996161421,4290.841991963815,21.250552293713337
2025-03-27,2025,3,27,262500.0,662500.0,55.83613012441601,-4.195793465818992,2929.3898682148815,20.017679810197357
2025-03-27,2025,3,27,257500.0,667500.0,55.879574159628305,-4.278197631229293,4283.844651711825,19.774476646963933
2025-03-27,2025,3,27,262500.0,667500.0,55.88102684588964,-4.198328199669799,2919.1308638017586,20.614654579337408
2025-03-28,2025,3,28,257500.0,662500.0,55.83467987242347,-4.275570996161421,4290.841991963815,3.4197833689207697
2025-03-28,2025,3,28,262500.0,662500.0,55.83613012441601,-4.195793465818992,2929.3898682148815,2.953567805704157
2025-03-28,2025,3,28,257500.0,667500.0,55.879574159628305,-4.278197631229293,4283.844651711825,3.5313190290267142
2025-03-28,2025,3,28,262500.0,667500.0,55.88102684588964,-4.198328199669799,2919.1308638017586,3.4566348972735
2025-03-29,2025,3,29,257500.0,662500.0,55.83467987242347,-4.275570996161421,4290.841991963815,4.434495287377451
2025-03-29,2025,3,29,262500.0,662500.0,55.83613012441601,-4.195793465818992,2929.3898682148815,3.262894523390157
2025-03-29,2025,3,29,257500.0,667500.0,55.879574159628305,-4.278197631229293,4283.844651711825,3.347179291134595
2025-03-29,2025,3,29,262500.0,667500.0,55.88102684588964,-4.198328199669799,2919.1308638017586,3.672780689500267
2025-03-30,2025,3,30,257500.0,662500.0,55.83467987242347,-4.275570996161421,4290.841991963815,0.0011858798764888
2025-03-30,2025,3,30,262500.0,662500.0,55.83613012441601,-4.195793465818992,2929.3898682148815,0.0002978202230332
2025-03-30,2025,3,30,257500.0,667500.0,55.879574159628305,-4.278197631229293,4283.844651711825,0.0020184570655055
2025-03-30,2025,3,30,262500.0,667500.0,55.88102684588964,-4.198328199669799,2919.1308638017586,0.0033930184046036
2025-03-31,2025,3,31,257500.0,662500.0,55.83467987242347,-4.275570996161421,4290.841991963815,0.0001011028161108
2025-03-31,2025,3,31,262500.0,662500.0,55.83613012441601,-4.195793465818992,2929.3898682148815,1.423487307994636e-05
2025-03-31,2025,3,31,257500.0,667500.0,55.879574159628305,-4.278197631229293,4283.844651711825,9.073374543414654e-05
2025-03-31,2025,3,31,262500.0,667500.0,55.88102684588964,-4.198328199669799,2919.1308638017586,7.808724163980086e-05
2025-04-01,2025,4,1,257500.0,662500.0,55.83467987242347,-4.275570996161421,4290.841991963815,0.0015008765305304
2025-04-01,2025,4,1,262500.0,662500.0,55.83613012441601,-4.195793465818992,2929.3898682148815,0.0015272860745366
2025-04-01,2025,4,1,257500.0,667500.0,55.879574159628305,-4.278197631229293,4283.844651711825,0.0012152680832015
2025-04-01,2025,4,1,262500.0,667500.0,55.88102684588964,-4.198328199669799,2919.1308638017586,0.0031098895416373
2025-04-02,2025,4,2,257500.0,662500.0,55.83467987242347,-4.275570996161421,4290.841991963815,0.0006452258052337
2025-04-02,2025,4,2,262500.0,662500.0,55.83613012441601,-4.195793465818992,2929.3898682148815,0.0001301887790964
2025-04-02,2025,4,2,257500.0,667500.0,55.879574159628305,-4.278197631229293,4283.844651711825,0.0012962154262466
2025-04-02,2025,4,2,262500.0,667500.0,55.88102684588964,-4.198328199669799,2919.1308638017586,0.0013025557114843
2025-04-03,2025,4,3,257500.0,662500.0,55.83467987242347,-4.275570996161421,4290.841991963815,0.0
2025-04-03,2025,4,3,262500.0,662500.0,55.83613012441601,-4.195793465818992,2929.3898682148815,0.0
2025-04-03,2025,4,3,257500.0,667500.0,55.879574159628305,-4.278197631229293,4283.844651711825,0.0
2025-04-03,2025,4,3,262500.0,667500.0,55.88102684588964,-4.198328199669799,2919.1308638017586,0.0
2025-04-04,2025,4,4,257500.0,662500.0,55.83467987242347,-4.275570996161421,4290.841991963815,0.0
2025-04-04,2025,4,4,262500.0,662500.0,55.83613012441601,-4.195793465818992,2929.3898682148815,0.0
2025-04-04,2025,4,4,257500.0,667500.0,55.879574159628305,-4.278197631229293,4283.844651711825,0.0
2025-04-04,2025,4,4,262500.0,667500.0,55.88102684588964,-4.198328199669799,2919.1308638017586,0.0
2025-04-05,2025,4,5,257500.0,662500.0,55.83467987242347,-4.275570996161421,4290.841991963815,0.0
2025-04-05,2025,4,5,262500.0,662500.0,55.83613012441601,-4.195793465818992,2929.3898682148815,0.0
2025-04-05,2025,4,5,257500.0,667500.0,55.879574159628305,-4.278197631229293,4283.844651711825,0.0
2025-04-05,2025,4,5,262500.0,667500.0,55.88102684588964,-4.198328199669799,2919.1308638017586,0.0
2025-04-06,2025,4,6,257500.0,662500.0,55.83467987242347,-4.275570996161421,4290.841991963815,0.0026036671754882
2025-04-06,2025,4,6,262500.0,662500.0,55.83613012441601,-4.195793465818992,2929.3898682148815,0.0003491280837495
2025-04-06,2025,4,6,257500.0,667500.0,55.879574159628305,-4.278197631229293,4283.844651711825,0.0010172893622257
2025-04-06,2025,4,6,262500.0,667500.0,55.88102684588964,-4.198328199669799,2919.1308638017586,0.0008577655335847
2025-04-07,2025,4,7,257500.0,662500.0,55.83467987242347,-4.275570996161421,4290.841991963815,0.0
2025-04-07,2025,4,7,262500.0,662500.0,55.83613012441601,-4.195793465818992,2929.3898682148815,0.0
2025-04-07,2025,4,7,257500.0,667500.0,55.879574159628305,-4.278197631229293,4283.844651711825,0.0
2025-04-07,2025,4,7,262500.0,667500.0,55.88102684588964,-4.198328199669799,2919.1308638017586,0.0
2025-04-08,2025,4,8,257500.0,662500.0,55.83467987242347,-4.275570996161421,4290.841991963815,0.0
2025-04-08,2025,4,8,262500.0,662500.0,55.83613012441601,-4.195793465818992,2929.3898682148815,4.324993281666873e-06
2025-04-08,2025,4,8,257500.0,667500.0,55.879574159628305,-4.278197631229293,4283.844651711825,0.0
2025-04-08,2025,4,8,262500.0,667500.0,55.88102684588964,-4.198328199669799,2919.1308638017586,5.2638423859899115e-06
2025-04-09,2025,4,9,257500.0,662500.0,55.83467987242347,-4.275570996161421,4290.841991963815,0.0112735994588878
2025-04-09,2025,4,9,262500.0,662500.0,55.83613012441601,-4.195793465818992,2929.3898682148815,0.0014717428988822
2025-04-09,2025,4,9,257500.0,667500.0,55.879574159628305,-4.278197631229293,4283.844651711825,0.1038211915297685
2025-04-09,2025,4,9,262500.0,667500.0,55.88102684588964,-4.198328199669799,2919.1308638017586,0.0253463579772567
2025-04-10,2025,4,10,257500.0,662500.0,55.83467987242347,-4.275570996161421,4290.841991963815,0.0008672357599665
2025-04-10,2025,4,10,262500.0,662500.0,55.83613012441601,-4.195793465818992,2929.3898682148815,0.0003868642809357
2025-04-10,2025,4,10,257500.0,667500.0,55.879574159628305,-4.278197631229293,4283.844651711825,0.0005955937355518
2025-04-10,2025,4,10,262500.0,667500.0,55.88102684588964,-4.198328199669799,2919.1308638017586,0.0009590955135591
2025-04-11,2025,4,11,257500.0,662500.0,55.83467987242347,-4.275570996161421,4290.841991963815,0.0
2025-04-11,2025,4,11,262500.0,662500.0,55.83613012441601,-4.195793465818992,2929.3898682148815,0.0
2025-04-11,2025,4,11,257500.0,667500.0,55.879574159628305,-4.278197631229293,4283.844651711825,0.0
2025-04-11,2025,4,11,262500.0,667500.0,55.88102684588964,-4.198328199669799,2919.1308638017586,0.0
2025-04-12,2025,4,12,257500.0,662500.0,55.83467987242347,-4.275570996161421,4290.841991963815,0.1510851478971504
2025-04-12,2025,4,12,262500.0,662500.0,55.83613012441601,-4.195793465818992,2929.3898682148815,0.0249466005980788
2025-04-12,2025,4,12,257500.0,667500.0,55.879574159628305,-4.278197631229293,4283.844651711825,0.0733410499052371
2025-04-12,2025,4,12,262500.0,667500.0,55.88102684588964,-4.198328199669799,2919.1308638017586,0.0849686738737835
2025-04-13,2025,4,13,257500.0,662500.0,55.83467987242347,-4.275570996161421,4290.841991963815,8.999939105742579
2025-04-13,2025,4,13,262500.0,662500.0,55.83613012441601,-4.195793465818992,2929.3898682148815,9.140985030379245
2025-04-13,2025,4,13,257500.0,667500.0,55.879574159628305,-4.278197631229293,4283.844651711825,10.039045268582482
2025-04-13,2025,4,13,262500.0,667500.0,55.88102684588964,-4.198328199669799,2919.1308638017586,9.383083956917512
2025-04-14,2025,4,14,257500.0,662500.0,55.83467987242347,-4.275570996161421,4290.841991963815,1.3993495789002108
2025-04-14,2025,4,14,262500.0,662500.0,55.83613012441601,-4.195793465818992,2929.3898682148815,1.5196366215331123
2025-04-14,2025,4,14,257500.0,667500.0,55.879574159628305,-4.278197631229293,4283.844651711825,1.995456851040747
2025-04-14,2025,4,14,262500.0,667500.0,55.88102684588964,-4.198328199669799,2919.1308638017586,2.110775321352155
2025-04-15,2025,4,15,257500.0,662500.0,55.83467987242347,-4.275570996161421,4290.841991963815,0.0775644425863695
2025-04-15,2025,4,15,262500.0,662500.0,55.83613012441601,-4.195793465818992,2929.3898682148815,0.0127225734770103
2025-04-15,2025,4,15,257500.0,667500.0,55.879574159628305,-4.278197631229293,4283.844651711825,0.0394829257923108
2025-04-15,2025,4,15,262500.0,667500.0,55.88102684588964,-4.198328199669799,2919.1308638017586,0.0680375677859578
2025-04-16,2025,4,16,257500.0,662500.0,55.83467987242347,-4.275570996161421,4290.841991963815,11.67166187315414
2025-04-16,2025,4,16,262500.0,662500.0,55.83613012441601,-4.195793465818992,2929.3898682148815,11.915514651056167
2025-04-16,2025,4,16,257500.0,667500.0,55.879574159628305,-4.278197631229293,4283.844651711825,13.185569769135205
2025-04-16,2025,4,16,262500.0,667500.0,55.88102684588964,-4.198328199669799,2919.1308638017586,12.951262751924736
2025-04-17,2025,4,17,257500.0,662500.0,55.83467987242347,-4.275570996161421,4290.841991963815,0.85418186084776
2025-04-17,2025,4,17,262500.0,662500.0,55.83613012441601,-4.195793465818992,2929.3898682148815,1.0290180561795137
2025-04-17,2025,4,17,257500.0,667500.0,55.879574159628305,-4.278197631229293,4283.844651711825,0.913494369698702
2025-04-17,2025,4,17,262500.0,667500.0,55.88102684588964,-4.198328199669799,2919.1308638017586,0.9400819945501456
2025-04-18,2025,4,18,257500.0,662500.0,55.83467987242347,-4.275570996161421,4290.841991963815,7.864537694637665
2025-04-18,2025,4,18,262500.0,662500.0,55.83613012441601,-4.195793465818992,2929.3898682148815,7.890901181517129
2025-04-18,2025,4,18,257500.0,667500.0,55.879574159628305,-4.278197631229293,4283.844651711825,11.401045316271158
2025-04-18,2025,4,18,262500.0,667500.0,55.88102684588964,-4.198328199669799,2919.1308638017586,9.36067692576867
2025-04-19,2025,4,19,257500.0,662500.0,55.83467987242347,-4.275570996161421,4290.841991963815,0.000576977738191
2025-04-19,2025,4,19,262500.0,662500.0,55.83613012441601,-4.195793465818992,2929.3898682148815,0.0001146231073244
2025-04-19,2025,4,19,257500.0,667500.0,55.879574159628305,-4.278197631229293,4283.844651711825,0.0002397927093188
2025-04-19,2025,4,19,262500.0,667500.0,55.88102684588964,-4.198328199669799,2919.1308638017586,0.0003470841430516
2025-04-20,2025,4,20,257500.0,662500.0,55.83467987242347,-4.275570996161421,4290.841991963815,0.0029470842466596
2025-04-20,2025,4,20,262500.0,662500.0,55.83613012441601,-4.195793465818992,2929.3898682148815,0.0025688595004505
2025-04-20,2025,4,20,257500.0,667500.0,55.879574159628305,-4.278197631229293,4283.844651711825,0.0023405384520265
2025-04-20,2025,4,20,262500.0,667500.0,55.88102684588964,-4.198328199669799,2919.1308638017586,0.0054437343486704
2025-04-21,2025,4,21,257500.0,662500.0,55.83467987242347,-4.275570996161421,4290.841991963815,2.32471967971367
2025-04-21,2025,4,21,262500.0,662500.0,55.83613012441601,-4.195793465818992,2929.3898682148815,2.4313422806393676
2025-04-21,2025,4,21,257500.0,667500.0,55.879574159628305,-4.278197631229293,4283.844651711825,2.3075652175453176
2025-04-21,2025,4,21,262500.0,667500.0,55.88102684588964,-4.198328199669799,2919.1308638017586,2.5602304432784933
2025-04-22,2025,4,22,257500.0,662500.0,55.83467987242347,-4.275570996161421,4290.841991963815,0.0024429672620986
2025-04-22,2025,4,22,262500.0,662500.0,55.83613012441601,-4.195793465818992,2929.3898682148815,0.0020320360214589
2025-04-22,2025,4,22,257500.0,667500.0,55.879574159628305,-4.278197631229293,4283.844651711825,0.002138747274973
2025-04-22,2025,4,22,262500.0,667500.0,55.88102684588964,-4.198328199669799,2919.1308638017586,0.0050844771942105
2025-04-23,2025,4,23,257500.0,662500.0,55.83467987242347,-4.275570996161421,4290.841991963815,0.0031083611077168
2025-04-23,2025,4,23,262500.0,662500.0,55.83613012441601,-4.195793465818992,2929.3898682148815,0.0008247934362278
2025-04-23,2025,4,23,257500.0,667500.0,55.879574159628305,-4.278197631229293,4283.844651711825,0.0028442383100344
2025-04-23,2025,4,23,262500.0,667500.0,55.88102684588964,-4.198328199669799,2919.1308638017586,0.0034638505217184
2025-04-24,2025,4,24,257500.0,662500.0,55.83467987242347,-4.275570996161421,4290.841991963815,0.0
2025-04-24,2025,4,24,262500.0,662500.0,55.83613012441601,-4.195793465818992,2929.3898682148815,0.0
2025-04-24,2025,4,24,257500.0,667500.0,55.879574159628305,-4.278197631229293,4283.844651711825,0.0
2025-04-24,2025,4,24,262500.0,667500.0,55.88102684588964,-4.198328199669799,2919.1308638017586,0.0
2025-04-25,2025,4,25,257500.0,662500.0,55.83467987242347,-4.275570996161421,4290.841991963815,1.651453034456707
2025-04-25,2025,4,25,262500.0,662500.0,55.83613012441601,-4.195793465818992,2929.3898682148815,2.030793159991554
2025-04-25,2025,4,25,257500.0,667500.0,55.879574159628305,-4.278197631229293,4283.844651711825,1.9552553698611257
2025-04-25,2025,4,25,262500.0,667500.0,55.88102684588964,-4.198328199669799,2919.1308638017586,1.8470902831204277
2025-04-26,2025,4,26,257500.0,662500.0,55.83467987242347,-4.275570996161421,4290.841991963815,1.8720733730752672
2025-04-26,2025,4,26,262500.0,662500.0,55.83613012441601,-4.195793465818992,2929.3898682148815,1.3670904744438264
2025-04-26,2025,4,26,257500.0,667500.0,55.879574159628305,-4.278197631229293,4283.844651711825,1.8517459473884696
2025-04-26,2025,4,26,262500.0,667500.0,55.88102684588964,-4.198328199669799,2919.1308638017586,1.7561768964979594
2025-04-27,2025,4,27,257500.0,662500.0,55.83467987242347,-4.275570996161421,4290.841991963815,0.0865743997000175
2025-04-27,2025,4,27,262500.0,662500.0,55.83613012441601,-4.195793465818992,2929.3898682148815,0.0155418609403295
2025-04-27,2025,4,27,257500.0,667500.0,55.879574159628305,-4.278197631229293,4283.844651711825,0.1869403010361512
2025-04-27,2025,4,27,262500.0,667500.0,55.88102684588964,-4.198328199669799,2919.1308638017586,0.1543066879773786
2025-04-28,2025,4,28,257500.0,662500.0,55.83467987242347,-4.275570996161421,4290.841991963815,0.0
2025-04-28,2025,4,28,262500.0,662500.0,55.83613012441601,-4.195793465818992,2929.3898682148815,0.0
2025-04-28,2025,4,28,257500.0,667500.0,55.879574159628305,-4.278197631229293,4283.844651711825,0.0
2025-04-28,2025,4,28,262500.0,667500.0,55.88102684588964,-4.198328199669799,2919.1308638017586,0.0
2025-04-29,2025,4,29,257500.0,662500.0,55.83467987242347,-4.275570996161421,4290.841991963815,0.0
2025-04-29,2025,4,29,262500.0,662500.0,55.83613012441601,-4.195793465818992,2929.3898682148815,0.0
2025-04-29,2025,4,29,257500.0,667500.0,55.879574159628305,-4.278197631229293,4283.844651711825,0.0
2025-04-29,2025,4,29,262500.0,667500.0,55.88102684588964,-4.198328199669799,2919.1308638017586,0.0
2025-04-30,2025,4,30,257500.0,662500.0,55.83467987242347,-4.275570996161421,4290.841991963815,0.0449185536488179
2025-04-30,2025,4,30,262500.0,662500.0,55.83613012441601,-4.195793465818992,2929.3898682148815,0.0115350140483191
2025-04-30,2025,4,30,257500.0,667500.0,55.879574159628305,-4.278197631229293,4283.844651711825,0.1436724574005592
2025-04-30,2025,4,30,262500.0,667500.0,55.88102684588964,-4.198328199669799,2919.1308638017586,0.0935624144978243
2025-05-01,2025,5,1,257500.0,662500.0,55.83467987242347,-4.275570996161421,4290.841991963815,0.0023919631169361
2025-05-01,2025,5,1,262500.0,662500.0,55.83613012441601,-4.195793465818992,2929.3898682148815,0.0002408269803458
2025-05-01,2025,5,1,257500.0,667500.0,55.879574159628305,-4.278197631229293,4283.844651711825,0.00292367688265
2025-05-01,2025,5,1,262500.0,667500.0,55.88102684588964,-4.198328199669799,2919.1308638017586,0.0016833337067283
2025-05-02,2025,5,2,257500.0,662500.0,55.83467987242347,-4.275570996161421,4290.841991963815,0.2134015266083049
2025-05-02,2025,5,2,262500.0,662500.0,55.83613012441601,-4.195793465818992,2929.3898682148815,0.1624741439131039
2025-05-02,2025,5,2,257500.0,667500.0,55.879574159628305,-4.278197631229293,4283.844651711825,0.0669021160250248
2025-05-02,2025,5,2,262500.0,667500.0,55.88102684588964,-4.198328199669799,2919.1308638017586,0.0937944919564391
2025-05-03,2025,5,3,257500.0,662500.0,55.83467987242347,-4.275570996161421,4290.841991963815,0.0
2025-05-03,2025,5,3,262500.0,662500.0,55.83613012441601,-4.195793465818992,2929.3898682148815,0.0
2025-05-03,2025,5,3,257500.0,667500.0,55.879574159628305,-4.278197631229293,4283.844651711825,0.0
2025-05-03,2025,5,3,262500.0,667500.0,55.88102684588964,-4.198328199669799,2919.1308638017586,0.0
2025-05-04,2025,5,4,257500.0,662500.0,55.83467987242347,-4.275570996161421,4290.841991963815,0.0
2025-05-04,2025,5,4,262500.0,662500.0,55.83613012441601,-4.195793465818992,2929.3898682148815,0.0
2025-05-04,2025,5,4,257500.0,667500.0,55.879574159628305,-4.278197631229293,4283.844651711825,0.0
2025-05-04,2025,5,4,262500.0,667500.0,55.88102684588964,-4.198328199669799,2919.1308638017586,0.0
2025-05-05,2025,5,5,257500.0,662500.0,55.83467987242347,-4.275570996161421,4290.841991963815,9.996903333566468e-05
2025-05-05,2025,5,5,262500.0,662500.0,55.83613012441601,-4.195793465818992,2929.3898682148815,2.1073105288545877e-05
2025-05-05,2025,5,5,257500.0,667500.0,55.879574159628305,-4.278197631229293,4283.844651711825,6.807799375915571e-05
2025-05-05,2025,5,5,262500.0,667500.0,55.88102684588964,-4.198328199669799,2919.1308638017586,2.233525130219338e-05
2025-05-06,2025,5,6,257500.0,662500.0,55.83467987242347,-4.275570996161421,4290.841991963815,0.0
2025-05-06,2025,5,6,262500.0,662500.0,55.83613012441601,-4.195793465818992,2929.3898682148815,0.0
2025-05-06,2025,5,6,257500.0,667500.0,55.879574159628305,-4.278197631229293,4283.844651711825,0.0
2025-05-06,2025,5,6,262500.0,667500.0,55.88102684588964,-4.198328199669799,2919.1308638017586,0.0
2025-05-07,2025,5,7,257500.0,662500.0,55.83467987242347,-4.275570996161421,4290.841991963815,0.0
2025-05-07,2025,5,7,262500.0,662500.0,55.83613012441601,-4.195793465818992,2929.3898682148815,0.0
2025-05-07,2025,5,7,257500.0,667500.0,55.879574159628305,-4.278197631229293,4283.844651711825,0.0
2025-05-07,2025,5,7,262500.0,667500.0,55.88102684588964,-4.198328199669799,2919.1308638017586,0.0
2025-05-08,2025,5,8,257500.0,662500.0,55.83467987242347,-4.275570996161421,4290.841991963815,0.0
2025-05-08,2025,5,8,262500.0,662500.0,55.83613012441601,-4.195793465818992,2929.3898682148815,0.0
2025-05-08,2025,5,8,257500.0,667500.0,55.879574159628305,-4.278197631229293,4283.844651711825,0.0
2025-05-08,2025,5,8,262500.0,667500.0,55.88102684588964,-4.198328199669799,2919.1308638017586,0.0
2025-05-09,2025,5,9,257500.0,662500.0,55.83467987242347,-4.275570996161421,4290.841991963815,0.0
2025-05-09,2025,5,9,262500.0,662500.0,55.83613012441601,-4.195793465818992,2929.3898682148815,0.0
2025-05-09,2025,5,9,257500.0,667500.0,55.879574159628305,-4.278197631229293,4283.844651711825,0.0
2025-05-09,2025,5,9,262500.0,667500.0,55.88102684588964,-4.198328199669799,2919.1308638017586,0.0
2025-05-10,2025,5,10,257500.0,662500.0,55.83467987242347,-4.275570996161421,4290.841991963815,0.0
2025-05-10,2025,5,10,262500.0,662500.0,55.83613012441601,-4.195793465818992,2929.3898682148815,0.0
2025-05-10,2025,5,10,257500.0,667500.0,55.879574159628305,-4.278197631229293,4283.844651711825,0.0
2025-05-10,2025,5,10,262500.0,667500.0,55.88102684588964,-4.198328199669799,2919.1308638017586,0.0
2025-05-11,2025,5,11,257500.0,662500.0,55.83467987242347,-4.275570996161421,4290.841991963815,0.0
2025-05-11,2025,5,11,262500.0,662500.0,55.83613012441601,-4.195793465818992,2929.3898682148815,0.0
2025-05-11,2025,5,11,257500.0,667500.0,55.879574159628305,-4.278197631229293,4283.844651711825,0.0
2025-05-11,2025,5,11,262500.0,667500.0,55.88102684588964,-4.198328199669799,2919.1308638017586,0.0
2025-05-12,2025,5,12,257500.0,662500.0,55.83467987242347,-4.275570996161421,4290.841991963815,0.0
2025-05-12,2025,5,12,262500.0,662500.0,55.83613012441601,-4.195793465818992,2929.3898682148815,0.0
2025-05-12,2025,5,12,257500.0,667500.0,55.879574159628305,-4.278197631229293,4283.844651711825,0.0
2025-05-12,2025,5,12,262500.0,667500.0,55.88102684588964,-4.198328199669799,2919.1308638017586,0.0
2025-05-13,2025,5,13,257500.0,662500.0,55.83467987242347,-4.275570996161421,4290.841991963815,0.0
2025-05-13,2025,5,13,262500.0,662500.0,55.83613012441601,-4.195793465818992,2929.3898682148815,0.0
2025-05-13,2025,5,13,257500.0,667500.0,55.879574159628305,-4.278197631229293,4283.844651711825,0.0
2025-05-13,2025,5,13,262500.0,667500.0,55.88102684588964,-4.198328199669799,2919.1308638017586,0.0
2025-05-14,2025,5,14,257500.0,662500.0,55.83467987242347,-4.275570996161421,4290.841991963815,0.0
2025-05-14,2025,5,14,262500.0,662500.0,55.83613012441601,-4.195793465818992,2929.3898682148815,0.0
2025-05-14,2025,5,14,257500.0,667500.0,55.879574159628305,-4.278197631229293,4283.844651711825,0.0
2025-05-14,2025,5,14,262500.0,667500.0,55.88102684588964,-4.198328199669799,2919.1308638017586,0.0
2025-05-15,2025,5,15,257500.0,662500.0,55.83467987242347,-4.275570996161421,4290.841991963815,0.0
2025-05-15,2025,5,15,262500.0,662500.0,55.83613012441601,-4.195793465818992,2929.3898682148815,0.0
2025-05-15,2025,5,15,257500.0,667500.0,55.879574159628305,-4.278197631229293,4283.844651711825,0.0
2025-05-15,2025,5,15,262500.0,667500.0,55.88102684588964,-4.198328199669799,2919.1308638017586,0.0
2025-05-16,2025,5,16,257500.0,662500.0,55.83467987242347,-4.275570996161421,4290.841991963815,0.0
2025-05-16,2025,5,16,262500.0,662500.0,55.83613012441601,-4.195793465818992,2929.3898682148815,0.0
2025-05-16,2025,5,16,257500.0,667500.0,55.879574159628305,-4.278197631229293,4283.844651711825,0.0
2025-05-16,2025,5,16,262500.0,667500.0,55.88102684588964,-4.198328199669799,2919.1308638017586,0.0
2025-05-17,2025,5,17,257500.0,662500.0,55.83467987242347,-4.275570996161421,4290.841991963815,0.0
2025-05-17,2025,5,17,262500.0,662500.0,55.83613012441601,-4.195793465818992,2929.3898682148815,0.0
2025-05-17,2025,5,17,257500.0,667500.0,55.879574159628305,-4.278197631229293,4283.844651711825,0.0
2025-05-17,2025,5,17,262500.0,667500.0,55.88102684588964,-4.198328199669799,2919.1308638017586,0.0
2025-05-18,2025,5,18,257500.0,662500.0,55.83467987242347,-4.275570996161421,4290.841991963815,0.0
2025-05-18,2025,5,18,262500.0,662500.0,55.83613012441601,-4.195793465818992,2929.3898682148815,0.0
2025-05-18,2025,5,18,257500.0,667500.0,55.879574159628305,-4.278197631229293,4283.844651711825,0.0
2025-05-18,2025,5,18,262500.0,667500.0,55.88102684588964,-4.198328199669799,2919.1308638017586,0.0
2025-05-19,2025,5,19,257500.0,662500.0,55.83467987242347,-4.275570996161421,4290.841991963815,0.0
2025-05-19,2025,5,19,262500.0,662500.0,55.83613012441601,-4.195793465818992,2929.3898682148815,0.0
2025-05-19,2025,5,19,257500.0,667500.0,55.879574159628305,-4.278197631229293,4283.844651711825,0.0
2025-05-19,2025,5,19,262500.0,667500.0,55.88102684588964,-4.198328199669799,2919.1308638017586,0.0
2025-05-20,2025,5,20,257500.0,662500.0,55.83467987242347,-4.275570996161421,4290.841991963815,0.0
2025-05-20,2025,5,20,262500.0,662500.0,55.83613012441601,-4.195793465818992,2929.3898682148815,0.0
2025-05-20,2025,5,20,257500.0,667500.0,55.879574159628305,-4.278197631229293,4283.844651711825,0.0
2025-05-20,2025,5,20,262500.0,667500.0,55.88102684588964,-4.198328199669799,2919.1308638017586,0.0
2025-05-21,2025,5,21,257500.0,662500.0,55.83467987242347,-4.275570996161421,4290.841991963815,0.0032488567313507
2025-05-21,2025,5,21,262500.0,662500.0,55.83613012441601,-4.195793465818992,2929.3898682148815,0.0018192755577875
2025-05-21,2025,5,21,257500.0,667500.0,55.879574159628305,-4.278197631229293,4283.844651711825,0.0033996719489488
2025-05-21,2025,5,21,262500.0,667500.0,55.88102684588964,-4.198328199669799,2919.1308638017586,0.007911641612952
2025-05-22,2025,5,22,257500.0,662500.0,55.83467987242347,-4.275570996161421,4290.841991963815,0.0
2025-05-22,2025,5,22,262500.0,662500.0,55.83613012441601,-4.195793465818992,2929.3898682148815,0.0
2025-05-22,2025,5,22,257500.0,667500.0,55.879574159628305,-4.278197631229293,4283.844651711825,0.0
2025-05-22,2025,5,22,262500.0,667500.0,55.88102684588964,-4.198328199669799,2919.1308638017586,0.0
2025-05-23,2025,5,23,257500.0,662500.0,55.83467987242347,-4.275570996161421,4290.841991963815,13.697031189718569
2025-05-23,2025,5,23,262500.0,662500.0,55.83613012441601,-4.195793465818992,2929.3898682148815,13.752936401652065
2025-05-23,2025,5,23,257500.0,667500.0,55.879574159628305,-4.278197631229293,4283.844651711825,14.755897792520926
2025-05-23,2025,5,23,262500.0,667500.0,55.88102684588964,-4.198328199669799,2919.1308638017586,14.26560273033439
2025-05-24,2025,5,24,257500.0,662500.0,55.83467987242347,-4.275570996161421,4290.841991963815,26.509672502263022
2025-05-24,2025,5,24,262500.0,662500.0,55.83613012441601,-4.195793465818992,2929.3898682148815,27.896955493663707
2025-05-24,2025,5,24,257500.0,667500.0,55.879574159628305,-4.278197631229293,4283.844651711825,19.051925966034048
2025-05-24,2025,5,24,262500.0,667500.0,55.88102684588964,-4.198328199669799,2919.1308638017586,22.461544038218847
2025-05-25,2025,5,25,257500.0,662500.0,55.83467987242347,-4.275570996161421,4290.841991963815,7.624187885113806
2025-05-25,2025,5,25,262500.0,662500.0,55.83613012441601,-4.195793465818992,2929.3898682148815,6.793241149193455
2025-05-25,2025,5,25,257500.0,667500.0,55.879574159628305,-4.278197631229293,4283.844651711825,13.070549126278667
2025-05-25,2025,5,25,262500.0,667500.0,55.88102684588964,-4.198328199669799,2919.1308638017586,10.127855577445892
2025-05-26,2025,5,26,257500.0,662500.0,55.83467987242347,-4.275570996161421,4290.841991963815,16.888684185111227
2025-05-26,2025,5,26,262500.0,662500.0,55.83613012441601,-4.195793465818992,2929.3898682148815,15.464279535306089
2025-05-26,2025,5,26,257500.0,667500.0,55.879574159628305,-4.278197631229293,4283.844651711825,18.230984103618727
2025-05-26,2025,5,26,262500.0,667500.0,55.88102684588964,-4.198328199669799,2919.1308638017586,16.07539200649155
2025-05-27,2025,5,27,257500.0,662500.0,55.83467987242347,-4.275570996161421,4290.841991963815,0.1209242829436837
2025-05-27,2025,5,27,262500.0,662500.0,55.83613012441601,-4.195793465818992,2929.3898682148815,0.0263498839873887
2025-05-27,2025,5,27,257500.0,667500.0,55.879574159628305,-4.278197631229293,4283.844651711825,0.2090735892452161
2025-05-27,2025,5,27,262500.0,667500.0,55.88102684588964,-4.198328199669799,2919.1308638017586,0.245285561534449
2025-05-28,2025,5,28,257500.0,662500.0,55.83467987242347,-4.275570996161421,4290.841991963815,11.468025015562429
2025-05-28,2025,5,28,262500.0,662500.0,55.83613012441601,-4.195793465818992,2929.3898682148815,9.592401937355657
2025-05-28,2025,5,28,257500.0,667500.0,55.879574159628305,-4.278197631229293,4283.844651711825,16.05937945525104
2025-05-28,2025,5,28,262500.0,667500.0,55.88102684588964,-4.198328199669799,2919.1308638017586,13.56704380409004
2025-05-29,2025,5,29,257500.0,662500.0,55.83467987242347,-4.275570996161421,4290.841991963815,2.770083933590312
2025-05-29,2025,5,29,262500.0,662500.0,55.83613012441601,-4.195793465818992,2929.3898682148815,2.235564500517032
2025-05-29,2025,5,29,257500.0,667500.0,55.879574159628305,-4.278197631229293,4283.844651711825,2.602585338303158
2025-05-29,2025,5,29,262500.0,667500.0,55.88102684588964,-4.198328199669799,2919.1308638017586,2.465188507663678
2025-05-30,2025,5,30,257500.0,662500.0,55.83467987242347,-4.275570996161421,4290.841991963815,4.509262895923531
2025-05-30,2025,5,30,262500.0,662500.0,55.83613012441601,-4.195793465818992,2929.3898682148815,4.439950795349851
2025-05-30,2025,5,30,257500.0,667500.0,55.879574159628305,-4.278197631229293,4283.844651711825,5.233962558120137
2025-05-30,2025,5,30,262500.0,667500.0,55.88102684588964,-4.198328199669799,2919.1308638017586,4.7187567791276175
2025-05-31,2025,5,31,257500.0,662500.0,55.83467987242347,-4.275570996161421,4290.841991963815,8.337564435359015
2025-05-31,2025,5,31,262500.0,662500.0,55.83613012441601,-4.195793465818992,2929.3898682148815,6.7211225514437425
2025-05-31,2025,5,31,257500.0,667500.0,55.879574159628305,-4.278197631229293,4283.844651711825,12.844019617452547
2025-05-31,2025,5,31,262500.0,667500.0,55.88102684588964,-4.198328199669799,2919.1308638017586,9.406198644941528
2025-06-01,2025,6,1,257500.0,662500.0,55.83467987242347,-4.275570996161421,4290.841991963815,0.7561717902388654
2025-06-01,2025,6,1,262500.0,662500.0,55.83613012441601,-4.195793465818992,2929.3898682148815,0.1731101411657501
2025-06-01,2025,6,1,257500.0,667500.0,55.879574159628305,-4.278197631229293,4283.844651711825,4.438548559886962
2025-06-01,2025,6,1,262500.0,667500.0,55.88102684588964,-4.198328199669799,2919.1308638017586,2.4067626070957173
2025-06-02,2025,6,2,257500.0,662500.0,55.83467987242347,-4.275570996161421,4290.841991963815,13.99097524261422
2025-06-02,2025,6,2,262500.0,662500.0,55.83613012441601,-4.195793465818992,2929.3898682148815,12.499706126369746
2025-06-02,2025,6,2,257500.0,667500.0,55.879574159628305,-4.278197631229293,4283.844651711825,12.928349029318792
2025-06-02,2025,6,2,262500.0,667500.0,55.88102684588964,-4.198328199669799,2919.1308638017586,13.265483061437331
2025-06-03,2025,6,3,257500.0,662500.0,55.83467987242347,-4.275570996161421,4290.841991963815,5.999806087699714
2025-06-03,2025,6,3,262500.0,662500.0,55.83613012441601,-4.195793465818992,2929.3898682148815,5.895867326072488
2025-06-03,2025,6,3,257500.0,667500.0,55.879574159628305,-4.278197631229293,4283.844651711825,7.07841525939722
2025-06-03,2025,6,3,262500.0,667500.0,55.88102684588964,-4.198328199669799,2919.1308638017586,7.040461050236949
2025-06-04,2025,6,4,257500.0,662500.0,55.83467987242347,-4.275570996161421,4290.841991963815,1.6082222134327144
2025-06-04,2025,6,4,262500.0,662500.0,55.83613012441601,-4.195793465818992,2929.3898682148815,1.8538323024153085
2025-06-04,2025,6,4,257500.0,667500.0,55.879574159628305,-4.278197631229293,4283.844651711825,1.2797146832035633
2025-06-04,2025,6,4,262500.0,667500.0,55.88102684588964,-4.198328199669799,2919.1308638017586,1.632525269100256
2025-06-05,2025,6,5,257500.0,662500.0,55.83467987242347,-4.275570996161421,4290.841991963815,0.0158140433412663
2025-06-05,2025,6,5,262500.0,662500.0,55.83613012441601,-4.195793465818992,2929.3898682148815,0.0021914583875358
2025-06-05,2025,6,5,257500.0,667500.0,55.879574159628305,-4.278197631229293,4283.844651711825,0.1101642963005685
2025-06-05,2025,6,5,262500.0,667500.0,55.88102684588964,-4.198328199669799,2919.1308638017586,0.0335705641526753
2025-06-06,2025,6,6,257500.0,662500.0,55.83467987242347,-4.275570996161421,4290.841991963815,0.9300349596803332
2025-06-06,2025,6,6,262500.0,662500.0,55.83613012441601,-4.195793465818992,2929.3898682148815,0.8867039096384449
2025-06-06,2025,6,6,257500.0,667500.0,55.879574159628305,-4.278197631229293,4283.844651711825,1.1778028606740245
2025-06-06,2025,6,6,262500.0,667500.0,55.88102684588964,-4.198328199669799,2919.1308638017586,1.0263248170298225
2025-06-07,2025,6,7,257500.0,662500.0,55.83467987242347,-4.275570996161421,4290.841991963815,2.7551126999051214
2025-06-07,2025,6,7,262500.0,662500.0,55.83613012441601,-4.195793465818992,2929.3898682148815,2.4010351656865017
2025-06-07,2025,6,7,257500.0,667500.0,55.879574159628305,-4.278197631229293,4283.844651711825,3.2098875189343334
2025-06-07,2025,6,7,262500.0,667500.0,55.88102684588964,-4.198328199669799,2919.1308638017586,3.034966742216364
2025-06-08,2025,6,8,257500.0,662500.0,55.83467987242347,-4.275570996161421,4290.841991963815,0.3206857685856539
2025-06-08,2025,6,8,262500.0,662500.0,55.83613012441601,-4.195793465818992,2929.3898682148815,0.0709002985875062
2025-06-08,2025,6,8,257500.0,667500.0,55.879574159628305,-4.278197631229293,4283.844651711825,1.3411968584883036
2025-06-08,2025,6,8,262500.0,667500.0,55.88102684588964,-4.198328199669799,2919.1308638017586,0.6984140806794147
2025-06-09,2025,6,9,257500.0,662500.0,55.83467987242347,-4.275570996161421,4290.841991963815,7.326628041748599
2025-06-09,2025,6,9,262500.0,662500.0,55.83613012441601,-4.195793465818992,2929.3898682148815,6.046917388534285
2025-06-09,2025,6,9,257500.0,667500.0,55.879574159628305,-4.278197631229293,4283.844651711825,11.126424320526658
2025-06-09,2025,6,9,262500.0,667500.0,55.88102684588964,-4.198328199669799,2919.1308638017586,9.15458850145914
2025-06-10,2025,6,10,257500.0,662500.0,55.83467987242347,-4.275570996161421,4290.841991963815,0.0
2025-06-10,2025,6,10,262500.0,662500.0,55.83613012441601,-4.195793465818992,2929.3898682148815,0.0
2025-06-10,2025,6,10,257500.0,667500.0,55.879574159628305,-4.278197631229293,4283.844651711825,1.7286920247415376e-05
2025-06-10,2025,6,10,262500.0,667500.0,55.88102684588964,-4.198328199669799,2919.1308638017586,3.505867780800872e-05
2025-06-11,2025,6,11,257500.0,662500.0,55.83467987242347,-4.275570996161421,4290.841991963815,0.0
2025-06-11,2025,6,11,262500.0,662500.0,55.83613012441601,-4.195793465818992,2929.3898682148815,0.0
2025-06-11,2025,6,11,257500.0,667500.0,55.879574159628305,-4.278197631229293,4283.844651711825,0.0
2025-06-11,2025,6,11,262500.0,667500.0,55.88102684588964,-4.198328199669799,2919.1308638017586,0.0
2025-06-12,2025,6,12,257500.0,662500.0,55.83467987242347,-4.275570996161421,4290.841991963815,0.7369109057807182
2025-06-12,2025,6,12,262500.0,662500.0,55.83613012441601,-4.195793465818992,2929.3898682148815,0.400395943198688
2025-06-12,2025,6,12,257500.0,667500.0,55.879574159628305,-4.278197631229293,4283.844651711825,0.9150356095078064
2025-06-12,2025,6,12,262500.0,667500.0,55.88102684588964,-4.198328199669799,2919.1308638017586,0.6489512161583719
2025-06-13,2025,6,13,257500.0,662500.0,55.83467987242347,-4.275570996161421,4290.841991963815,7.006897187761221
2025-06-13,2025,6,13,262500.0,662500.0,55.83613012441601,-4.195793465818992,2929.3898682148815,7.249850501984762
2025-06-13,2025,6,13,257500.0,667500.0,55.879574159628305,-4.278197631229293,4283.844651711825,6.206896564663817
2025-06-13,2025,6,13,262500.0,667500.0,55.88102684588964,-4.198328199669799,2919.1308638017586,7.866649261815134
2025-06-14,2025,6,14,257500.0,662500.0,55.83467987242347,-4.275570996161421,4290.841991963815,8.62082213905136
2025-06-14,2025,6,14,262500.0,662500.0,55.83613012441601,-4.195793465818992,2929.3898682148815,7.481857369226558
2025-06-14,2025,6,14,257500.0,667500.0,55.879574159628305,-4.278197631229293,4283.844651711825,8.265938521600988
2025-06-14,2025,6,14,262500.0,667500.0,55.88102684588964,-4.198328199669799,2919.1308638017586,7.914153914763951
2025-06-15,2025,6,15,257500.0,662500.0,55.83467987242347,-4.275570996161421,4290.841991963815,0.4079986054419113
2025-06-15,2025,6,15,262500.0,662500.0,55.83613012441601,-4.195793465818992,2929.3898682148815,0.3652541958435303
2025-06-15,2025,6,15,257500.0,667500.0,55.879574159628305,-4.278197631229293,4283.844651711825,0.7928795455246674
2025-06-15,2025,6,15,262500.0,667500.0,55.88102684588964,-4.198328199669799,2919.1308638017586,0.4936668093524462
2025-06-16,2025,6,16,257500.0,662500.0,55.83467987242347,-4.275570996161421,4290.841991963815,3.411117252700687
2025-06-16,2025,6,16,262500.0,662500.0,55.83613012441601,-4.195793465818992,2929.3898682148815,2.6558280766620403
2025-06-16,2025,6,16,257500.0,667500.0,55.879574159628305,-4.278197631229293,4283.844651711825,3.838129399071048
2025-06-16,2025,6,16,262500.0,667500.0,55.88102684588964,-4.198328199669799,2919.1308638017586,3.5771135539330823
2025-06-17,2025,6,17,257500.0,662500.0,55.83467987242347,-4.275570996161421,4290.841991963815,0.1457246117947068
2025-06-17,2025,6,17,262500.0,662500.0,55.83613012441601,-4.195793465818992,2929.3898682148815,0.008628118615844
2025-06-17,2025,6,17,257500.0,667500.0,55.879574159628305,-4.278197631229293,4283.844651711825,0.1483320400008484
2025-06-17,2025,6,17,262500.0,667500.0,55.88102684588964,-4.198328199669799,2919.1308638017586,0.0847368681199514
2025-06-18,2025,6,18,257500.0,662500.0,55.83467987242347,-4.275570996161421,4290.841991963815,0.0205395922980769
2025-06-18,2025,6,18,262500.0,662500.0,55.83613012441601,-4.195793465818992,2929.3898682148815,0.0051261264234819
2025-06-18,2025,6,18,257500.0,667500.0,55.879574159628305,-4.278197631229293,4283.844651711825,0.009414262671458
2025-06-18,2025,6,18,262500.0,667500.0,55.88102684588964,-4.198328199669799,2919.1308638017586,0.0107690466269663
2025-06-19,2025,6,19,257500.0,662500.0,55.83467987242347,-4.275570996161421,4290.841991963815,0.0001773797786553
2025-06-19,2025,6,19,262500.0,662500.0,55.83613012441601,-4.195793465818992,2929.3898682148815,3.6044180863151566e-05
2025-06-19,2025,6,19,257500.0,667500.0,55.879574159628305,-4.278197631229293,4283.844651711825,0.000175874951662
2025-06-19,2025,6,19,262500.0,667500.0,55.88102684588964,-4.198328199669799,2919.1308638017586,7.906931925665929e-05
2025-06-20,2025,6,20,257500.0,662500.0,55.83467987242347,-4.275570996161421,4290.841991963815,1.1858692610582086e-05
2025-06-20,2025,6,20,262500.0,662500.0,55.83613012441601,-4.195793465818992,2929.3898682148815,0.0
2025-06-20,2025,6,20,257500.0,667500.0,55.879574159628305,-4.278197631229293,4283.844651711825,1.614045209359782e-05
2025-06-20,2025,6,20,262500.0,667500.0,55.88102684588964,-4.198328199669799,2919.1308638017586,2.329082493994704e-06
2025-06-21,2025,6,21,257500.0,662500.0,55.83467987242347,-4.275570996161421,4290.841991963815,2.488865451176828
2025-06-21,2025,6,21,262500.0,662500.0,55.83613012441601,-4.195793465818992,2929.3898682148815,2.3986968177009724
2025-06-21,2025,6,21,257500.0,667500.0,55.879574159628305,-4.278197631229293,4283.844651711825,2.5551284605528974
2025-06-21,2025,6,21,262500.0,667500.0,55.88102684588964,-4.198328199669799,2919.1308638017586,2.436252714001252
2025-06-22,2025,6,22,257500.0,662500.0,55.83467987242347,-4.275570996161421,4290.841991963815,7.5351950329388435
2025-06-22,2025,6,22,262500.0,662500.0,55.83613012441601,-4.195793465818992,2929.3898682148815,7.112948457725414
2025-06-22,2025,6,22,257500.0,667500.0,55.879574159628305,-4.278197631229293,4283.844651711825,8.5534185660485
2025-06-22,2025,6,22,262500.0,667500.0,55.88102684588964,-4.198328199669799,2919.1308638017586,7.659705630938403
2025-06-23,2025,6,23,257500.0,662500.0,55.83467987242347,-4.275570996161421,4290.841991963815,1.846687787024144
2025-06-23,2025,6,23,262500.0,662500.0,55.83613012441601,-4.195793465818992,2929.3898682148815,1.2153593142284775
2025-06-23,2025,6,23,257500.0,667500.0,55.879574159628305,-4.278197631229293,4283.844651711825,2.188264144799337
2025-06-23,2025,6,23,262500.0,667500.0,55.88102684588964,-4.198328199669799,2919.1308638017586,1.7851297792898395
2025-06-24,2025,6,24,257500.0,662500.0,55.83467987242347,-4.275570996161421,4290.841991963815,0.1896169022310937
2025-06-24,2025,6,24,262500.0,662500.0,55.83613012441601,-4.195793465818992,2929.3898682148815,0.0700233529051007
2025-06-24,2025,6,24,257500.0,667500.0,55.879574159628305,-4.278197631229293,4283.844651711825,0.7201584969737647
2025-06-24,2025,6,24,262500.0,667500.0,55.88102684588964,-4.198328199669799,2919.1308638017586,0.3724216710834048
2025-06-25,2025,6,25,257500.0,662500.0,55.83467987242347,-4.275570996161421,4290.841991963815,4.036397978630257
2025-06-25,2025,6,25,262500.0,662500.0,55.83613012441601,-4.195793465818992,2929.3898682148815,3.875764079952078
2025-06-25,2025,6,25,257500.0,667500.0,55.879574159628305,-4.278197631229293,4283.844651711825,4.451256618435567
2025-06-25,2025,6,25,262500.0,667500.0,55.88102684588964,-4.198328199669799,2919.1308638017586,4.394229154031146
2025-06-26,2025,6,26,257500.0,662500.0,55.83467987242347,-4.275570996161421,4290.841991963815,0.5900512827113629
2025-06-26,2025,6,26,262500.0,662500.0,55.83613012441601,-4.195793465818992,2929.3898682148815,0.49668026604696
2025-06-26,2025,6,26,257500.0,667500.0,55.879574159628305,-4.278197631229293,4283.844651711825,0.3935477202237367
2025-06-26,2025,6,26,262500.0,667500.0,55.88102684588964,-4.198328199669799,2919.1308638017586,0.4307471057575173
2025-06-27,2025,6,27,257500.0,662500.0,55.83467987242347,-4.275570996161421,4290.841991963815,4.047160273466959
2025-06-27,2025,6,27,262500.0,662500.0,55.83613012441601,-4.195793465818992,2929.3898682148815,3.31526784633654
2025-06-27,2025,6,27,257500.0,667500.0,55.879574159628305,-4.278197631229293,4283.844651711825,3.631526453810588
2025-06-27,2025,6,27,262500.0,667500.0,55.88102684588964,-4.198328199669799,2919.1308638017586,4.0099154970345685
2025-06-28,2025,6,28,257500.0,662500.0,55.83467987242347,-4.275570996161421,4290.841991963815,0.0
2025-06-28,2025,6,28,262500.0,662500.0,55.83613012441601,-4.195793465818992,2929.3898682148815,0.0
2025-06-28,2025,6,28,257500.0,667500.0,55.879574159628305,-4.278197631229293,4283.844651711825,1.7286920247415376e-05
2025-06-28,2025,6,28,262500.0,667500.0,55.88102684588964,-4.198328199669799,2919.1308638017586,3.505867780800872e-05
2025-06-29,2025,6,29,257500.0,662500.0,55.83467987242347,-4.275570996161421,4290.841991963815,4.2155378257285546e-05
2025-06-29,2025,6,29,262500.0,662500.0,55.83613012441601,-4.195793465818992,2929.3898682148815,0.0
2025-06-29,2025,6,29,257500.0,667500.0,55.879574159628305,-4.278197631229293,4283.844651711825,3.119653214548549e-05
2025-06-29,2025,6,29,262500.0,667500.0,55.88102684588964,-4.198328199669799,2919.1308638017586,0.0
2025-06-30,2025,6,30,257500.0,662500.0,55.83467987242347,-4.275570996161421,4290.841991963815,1.599392296932676
2025-06-30,2025,6,30,262500.0,662500.0,55.83613012441601,-4.195793465818992,2929.3898682148815,1.4204718224444923
2025-06-30,2025,6,30,257500.0,667500.0,55.879574159628305,-4.278197631229293,4283.844651711825,1.6666722255765942
2025-06-30,2025,6,30,262500.0,667500.0,55.88102684588964,-4.198328199669799,2919.1308638017586,1.4498562855803288
2025-07-01,2025,7,1,257500.0,662500.0,55.83467987242347,-4.275570996161421,4290.841991963815,1.128951432120283
2025-07-01,2025,7,1,262500.0,662500.0,55.83613012441601,-4.195793465818992,2929.3898682148815,1.440174141245041
2025-07-01,2025,7,1,257500.0,667500.0,55.879574159628305,-4.278197631229293,4283.844651711825,0.7319766543012332
2025-07-01,2025,7,1,262500.0,667500.0,55.88102684588964,-4.198328199669799,2919.1308638017586,1.7367965232088358
2025-07-02,2025,7,2,257500.0,662500.0,55.83467987242347,-4.275570996161421,4290.841991963815,0.7775826550531632
2025-07-02,2025,7,2,262500.0,662500.0,55.83613012441601,-4.195793465818992,2929.3898682148815,1.164960770613909
2025-07-02,2025,7,2,257500.0,667500.0,55.879574159628305,-4.278197631229293,4283.844651711825,1.1860023292899733
2025-07-02,2025,7,2,262500.0,667500.0,55.88102684588964,-4.198328199669799,2919.1308638017586,2.0752540974511553
2025-07-03,2025,7,3,257500.0,662500.0,55.83467987242347,-4.275570996161421,4290.841991963815,6.539166710420898
2025-07-03,2025,7,3,262500.0,662500.0,55.83613012441601,-4.195793465818992,2929.3898682148815,5.970313610422288
2025-07-03,2025,7,3,257500.0,667500.0,55.879574159628305,-4.278197631229293,4283.844651711825,4.435034072076883
2025-07-03,2025,7,3,262500.0,667500.0,55.88102684588964,-4.198328199669799,2919.1308638017586,5.834602293666636
2025-07-04,2025,7,4,257500.0,662500.0,55.83467987242347,-4.275570996161421,4290.841991963815,8.222589232014272
2025-07-04,2025,7,4,262500.0,662500.0,55.83613012441601,-4.195793465818992,2929.3898682148815,6.0434776192128
2025-07-04,2025,7,4,257500.0,667500.0,55.879574159628305,-4.278197631229293,4283.844651711825,6.591857133325149
2025-07-04,2025,7,4,262500.0,667500.0,55.88102684588964,-4.198328199669799,2919.1308638017586,7.175054425759514
2025-07-05,2025,7,5,257500.0,662500.0,55.83467987242347,-4.275570996161421,4290.841991963815,0.2533768567327938
2025-07-05,2025,7,5,262500.0,662500.0,55.83613012441601,-4.195793465818992,2929.3898682148815,0.1374618915225298
2025-07-05,2025,7,5,257500.0,667500.0,55.879574159628305,-4.278197631229293,4283.844651711825,0.3985850918329586
2025-07-05,2025,7,5,262500.0,667500.0,55.88102684588964,-4.198328199669799,2919.1308638017586,0.4607717078275702
2025-07-06,2025,7,6,257500.0,662500.0,55.83467987242347,-4.275570996161421,4290.841991963815,8.679146297928737
2025-07-06,2025,7,6,262500.0,662500.0,55.83613012441601,-4.195793465818992,2929.3898682148815,8.557276837841584
2025-07-06,2025,7,6,257500.0,667500.0,55.879574159628305,-4.278197631229293,4283.844651711825,8.131443299897123
2025-07-06,2025,7,6,262500.0,667500.0,55.88102684588964,-4.198328199669799,2919.1308638017586,8.445430090029058
2025-07-07,2025,7,7,257500.0,662500.0,55.83467987242347,-4.275570996161421,4290.841991963815,0.08470083008836
2025-07-07,2025,7,7,262500.0,662500.0,55.83613012441601,-4.195793465818992,2929.3898682148815,0.0066526127642997
2025-07-07,2025,7,7,257500.0,667500.0,55.879574159628305,-4.278197631229293,4283.844651711825,0.0261460546162458
2025-07-07,2025,7,7,262500.0,667500.0,55.88102684588964,-4.198328199669799,2919.1308638017586,0.0186616116070927
2025-07-08,2025,7,8,257500.0,662500.0,55.83467987242347,-4.275570996161421,4290.841991963815,0.2006085388003371
2025-07-08,2025,7,8,262500.0,662500.0,55.83613012441601,-4.195793465818992,2929.3898682148815,0.039498274124843
2025-07-08,2025,7,8,257500.0,667500.0,55.879574159628305,-4.278197631229293,4283.844651711825,0.3280517082278024
2025-07-08,2025,7,8,262500.0,667500.0,55.88102684588964,-4.198328199669799,2919.1308638017586,0.3039733432487774
2025-07-09,2025,7,9,257500.0,662500.0,55.83467987242347,-4.275570996161421,4290.841991963815,0.004680988958521
2025-07-09,2025,7,9,262500.0,662500.0,55.83613012441601,-4.195793465818992,2929.3898682148815,0.0017314370739632
2025-07-09,2025,7,9,257500.0,667500.0,55.879574159628305,-4.278197631229293,4283.844651711825,0.0025811010518486
2025-07-09,2025,7,9,262500.0,667500.0,55.88102684588964,-4.198328199669799,2919.1308638017586,0.0043149767795382
2025-07-10,2025,7,10,257500.0,662500.0,55.83467987242347,-4.275570996161421,4290.841991963815,0.0
2025-07-10,2025,7,10,262500.0,662500.0,55.83613012441601,-4.195793465818992,2929.3898682148815,0.0
2025-07-10,2025,7,10,257500.0,667500.0,55.879574159628305,-4.278197631229293,4283.844651711825,0.0
2025-07-10,2025,7,10,262500.0,667500.0,55.88102684588964,-4.198328199669799,2919.1308638017586,0.0
2025-07-11,2025,7,11,257500.0,662500.0,55.83467987242347,-4.275570996161421,4290.841991963815,0.0
2025-07-11,2025,7,11,262500.0,662500.0,55.83613012441601,-4.195793465818992,2929.3898682148815,0.0
2025-07-11,2025,7,11,257500.0,667500.0,55.879574159628305,-4.278197631229293,4283.844651711825,0.0
2025-07-11,2025,7,11,262500.0,667500.0,55.88102684588964,-4.198328199669799,2919.1308638017586,0.0
2025-07-12,2025,7,12,257500.0,662500.0,55.83467987242347,-4.275570996161421,4290.841991963815,0.0
2025-07-12,2025,7,12,262500.0,662500.0,55.83613012441601,-4.195793465818992,2929.3898682148815,1.4904193538902146e-05
2025-07-12,2025,7,12,257500.0,667500.0,55.879574159628305,-4.278197631229293,4283.844651711825,0.0
2025-07-12,2025,7,12,262500.0,667500.0,55.88102684588964,-4.198328199669799,2919.1308638017586,6.64611584735906e-05
2025-07-13,2025,7,13,257500.0,662500.0,55.83467987242347,-4.275570996161421,4290.841991963815,4.52793120629256
2025-07-13,2025,7,13,262500.0,662500.0,55.83613012441601,-4.195793465818992,2929.3898682148815,4.6683508866500505
2025-07-13,2025,7,13,257500.0,667500.0,55.879574159628305,-4.278197631229293,4283.844651711825,4.043603279317017
2025-07-13,2025,7,13,262500.0,667500.0,55.88102684588964,-4.198328199669799,2919.1308638017586,4.321358754124317
2025-07-14,2025,7,14,257500.0,662500.0,55.83467987242347,-4.275570996161421,4290.841991963815,5.288385673812578
2025-07-14,2025,7,14,262500.0,662500.0,55.83613012441601,-4.195793465818992,2929.3898682148815,4.90412493314981
2025-07-14,2025,7,14,257500.0,667500.0,55.879574159628305,-4.278197631229293,4283.844651711825,7.407890176477031
2025-07-14,2025,7,14,262500.0,667500.0,55.88102684588964,-4.198328199669799,2919.1308638017586,5.758502443939718
2025-07-15,2025,7,15,257500.0,662500.0,55.83467987242347,-4.275570996161421,4290.841991963815,12.157652375595276
2025-07-15,2025,7,15,262500.0,662500.0,55.83613012441601,-4.195793465818992,2929.3898682148815,10.044187731040022
2025-07-15,2025,7,15,257500.0,667500.0,55.879574159628305,-4.278197631229293,4283.844651711825,21.162289065631494
2025-07-15,2025,7,15,262500.0,667500.0,55.88102684588964,-4.198328199669799,2919.1308638017586,13.259871587367712
2025-07-16,2025,7,16,257500.0,662500.0,55.83467987242347,-4.275570996161421,4290.841991963815,0.0001031973406353
2025-07-16,2025,7,16,262500.0,662500.0,55.83613012441601,-4.195793465818992,2929.3898682148815,5.151836585039022e-05
2025-07-16,2025,7,16,257500.0,667500.0,55.879574159628305,-4.278197631229293,4283.844651711825,5.082565431532213e-05
2025-07-16,2025,7,16,262500.0,667500.0,55.88102684588964,-4.198328199669799,2919.1308638017586,0.0001529549036284
2025-07-17,2025,7,17,257500.0,662500.0,55.83467987242347,-4.275570996161421,4290.841991963815,3.5051475393973366
2025-07-17,2025,7,17,262500.0,662500.0,55.83613012441601,-4.195793465818992,2929.3898682148815,2.815824787057883
2025-07-17,2025,7,17,257500.0,667500.0,55.879574159628305,-4.278197631229293,4283.844651711825,5.793644276682495
2025-07-17,2025,7,17,262500.0,667500.0,55.88102684588964,-4.198328199669799,2919.1308638017586,4.373019198610005
2025-07-18,2025,7,18,257500.0,662500.0,55.83467987242347,-4.275570996161421,4290.841991963815,0.0052025385113695
2025-07-18,2025,7,18,262500.0,662500.0,55.83613012441601,-4.195793465818992,2929.3898682148815,0.0028562951460875
2025-07-18,2025,7,18,257500.0,667500.0,55.879574159628305,-4.278197631229293,4283.844651711825,0.0056797162648236
2025-07-18,2025,7,18,262500.0,667500.0,55.88102684588964,-4.198328199669799,2919.1308638017586,0.0145536440119474
2025-07-19,2025,7,19,257500.0,662500.0,55.83467987242347,-4.275570996161421,4290.841991963815,1.5544726225402392
2025-07-19,2025,7,19,262500.0,662500.0,55.83613012441601,-4.195793465818992,2929.3898682148815,1.507482930622769
2025-07-19,2025,7,19,257500.0,667500.0,55.879574159628305,-4.278197631229293,4283.844651711825,1.486117147249096
2025-07-19,2025,7,19,262500.0,667500.0,55.88102684588964,-4.198328199669799,2919.1308638017586,1.8312461899845716
2025-07-20,2025,7,20,257500.0,662500.0,55.83467987242347,-4.275570996161421,4290.841991963815,14.873192357345111
2025-07-20,2025,7,20,262500.0,662500.0,55.83613012441601,-4.195793465818992,2929.3898682148815,17.232254428853484
2025-07-20,2025,7,20,257500.0,667500.0,55.879574159628305,-4.278197631229293,4283.844651711825,10.868755608328728
2025-07-20,2025,7,20,262500.0,667500.0,55.88102684588964,-4.198328199669799,2919.1308638017586,12.64266157332182
2025-07-21,2025,7,21,257500.0,662500.0,55.83467987242347,-4.275570996161421,4290.841991963815,3.2510147951158053
2025-07-21,2025,7,21,262500.0,662500.0,55.83613012441601,-4.195793465818992,2929.3898682148815,3.0417501184103646
2025-07-21,2025,7,21,257500.0,667500.0,55.879574159628305,-4.278197631229293,4283.844651711825,5.181399137472562
2025-07-21,2025,7,21,262500.0,667500.0,55.88102684588964,-4.198328199669799,2919.1308638017586,4.157998560902607
2025-07-22,2025,7,22,257500.0,662500.0,55.83467987242347,-4.275570996161421,4290.841991963815,0.0026363150484957
2025-07-22,2025,7,22,262500.0,662500.0,55.83613012441601,-4.195793465818992,2929.3898682148815,0.001191407734307
2025-07-22,2025,7,22,257500.0,667500.0,55.879574159628305,-4.278197631229293,4283.844651711825,0.0037860446167286
2025-07-22,2025,7,22,262500.0,667500.0,55.88102684588964,-4.198328199669799,2919.1308638017586,0.0089762668117084
2025-07-23,2025,7,23,257500.0,662500.0,55.83467987242347,-4.275570996161421,4290.841991963815,0.0
2025-07-23,2025,7,23,262500.0,662500.0,55.83613012441601,-4.195793465818992,2929.3898682148815,0.0
2025-07-23,2025,7,23,257500.0,667500.0,55.879574159628305,-4.278197631229293,4283.844651711825,0.0
2025-07-23,2025,7,23,262500.0,667500.0,55.88102684588964,-4.198328199669799,2919.1308638017586,0.0
2025-07-24,2025,7,24,257500.0,662500.0,55.83467987242347,-4.275570996161421,4290.841991963815,0.0064960225407369
2025-07-24,2025,7,24,262500.0,662500.0,55.83613012441601,-4.195793465818992,2929.3898682148815,0.0012137253614356
2025-07-24,2025,7,24,257500.0,667500.0,55.879574159628305,-4.278197631229293,4283.844651711825,0.0057429420927682
2025-07-24,2025,7,24,262500.0,667500.0,55.88102684588964,-4.198328199669799,2919.1308638017586,0.0082203525731247
2025-07-25,2025,7,25,257500.0,662500.0,55.83467987242347,-4.275570996161421,4290.841991963815,0.1072688391615253
2025-07-25,2025,7,25,262500.0,662500.0,55.83613012441601,-4.195793465818992,2929.3898682148815,0.0233485123869678
2025-07-25,2025,7,25,257500.0,667500.0,55.879574159628305,-4.278197631229293,4283.844651711825,0.0509114519541256
2025-07-25,2025,7,25,262500.0,667500.0,55.88102684588964,-4.198328199669799,2919.1308638017586,0.0743161533271895
2025-07-26,2025,7,26,257500.0,662500.0,55.83467987242347,-4.275570996161421,4290.841991963815,2.136511989111178
2025-07-26,2025,7,26,262500.0,662500.0,55.83613012441601,-4.195793465818992,2929.3898682148815,1.5072701468870924
2025-07-26,2025,7,26,257500.0,667500.0,55.879574159628305,-4.278197631229293,4283.844651711825,4.538038630080375
2025-07-26,2025,7,26,262500.0,667500.0,55.88102684588964,-4.198328199669799,2919.1308638017586,2.9890909439231557
2025-07-27,2025,7,27,257500.0,662500.0,55.83467987242347,-4.275570996161421,4290.841991963815,2.138812720364391
2025-07-27,2025,7,27,262500.0,662500.0,55.83613012441601,-4.195793465818992,2929.3898682148815,2.507420138341292
2025-07-27,2025,7,27,257500.0,667500.0,55.879574159628305,-4.278197631229293,4283.844651711825,1.255459989072009
2025-07-27,2025,7,27,262500.0,667500.0,55.88102684588964,-4.198328199669799,2919.1308638017586,1.7242637754984322
2025-07-28,2025,7,28,257500.0,662500.0,55.83467987242347,-4.275570996161421,4290.841991963815,0.011439682811385
2025-07-28,2025,7,28,262500.0,662500.0,55.83613012441601,-4.195793465818992,2929.3898682148815,0.0019042201701091
2025-07-28,2025,7,28,257500.0,667500.0,55.879574159628305,-4.278197631229293,4283.844651711825,0.0067210277660803
2025-07-28,2025,7,28,262500.0,667500.0,55.88102684588964,-4.198328199669799,2919.1308638017586,0.0059261220577142
2025-07-29,2025,7,29,257500.0,662500.0,55.83467987242347,-4.275570996161421,4290.841991963815,0.002605038087744
2025-07-29,2025,7,29,262500.0,662500.0,55.83613012441601,-4.195793465818992,2929.3898682148815,0.0005263453028159
2025-07-29,2025,7,29,257500.0,667500.0,55.879574159628305,-4.278197631229293,4283.844651711825,0.0016804650022466
2025-07-29,2025,7,29,262500.0,667500.0,55.88102684588964,-4.198328199669799,2919.1308638017586,0.0018278432929494
2025-07-30,2025,7,30,257500.0,662500.0,55.83467987242347,-4.275570996161421,4290.841991963815,0.0061989946477761
2025-07-30,2025,7,30,262500.0,662500.0,55.83613012441601,-4.195793465818992,2929.3898682148815,0.0013249700017503
2025-07-30,2025,7,30,257500.0,667500.0,55.879574159628305,-4.278197631229293,4283.844651711825,0.0046117014744527
2025-07-30,2025,7,30,262500.0,667500.0,55.88102684588964,-4.198328199669799,2919.1308638017586,0.0050149898345358
2025-07-31,2025,7,31,257500.0,662500.0,55.83467987242347,-4.275570996161421,4290.841991963815,1.6607333057007817e-05
2025-07-31,2025,7,31,262500.0,662500.0,55.83613012441601,-4.195793465818992,2929.3898682148815,2.1518110205947175e-05
2025-07-31,2025,7,31,257500.0,667500.0,55.879574159628305,-4.278197631229293,4283.844651711825,0.0
2025-07-31,2025,7,31,262500.0,667500.0,55.88102684588964,-4.198328199669799,2919.1308638017586,8.124943877205307e-05
2025-08-01,2025,8,1,257500.0,662500.0,55.83467987242347,-4.275570996161421,4290.841991963815,0.000121233216741
2025-08-01,2025,8,1,262500.0,662500.0,55.83613012441601,-4.195793465818992,2929.3898682148815,7.816657755408866e-05
2025-08-01,2025,8,1,257500.0,667500.0,55.879574159628305,-4.278197631229293,4283.844651711825,4.5612490526008046e-05
2025-08-01,2025,8,1,262500.0,667500.0,55.88102684588964,-4.198328199669799,2919.1308638017586,0.0002870073817035
2025-08-02,2025,8,2,257500.0,662500.0,55.83467987242347,-4.275570996161421,4290.841991963815,3.5167014862511987
2025-08-02,2025,8,2,262500.0,662500.0,55.83613012441601,-4.195793465818992,2929.3898682148815,3.244857659827826
2025-08-02,2025,8,2,257500.0,667500.0,55.879574159628305,-4.278197631229293,4283.844651711825,4.175876029941089
2025-08-02,2025,8,2,262500.0,667500.0,55.88102684588964,-4.198328199669799,2919.1308638017586,4.025913777342709
2025-08-03,2025,8,3,257500.0,662500.0,55.83467987242347,-4.275570996161421,4290.841991963815,14.67150945809038
2025-08-03,2025,8,3,262500.0,662500.0,55.83613012441601,-4.195793465818992,2929.3898682148815,13.418271948144117
2025-08-03,2025,8,3,257500.0,667500.0,55.879574159628305,-4.278197631229293,4283.844651711825,15.438246726791713
2025-08-03,2025,8,3,262500.0,667500.0,55.88102684588964,-4.198328199669799,2919.1308638017586,15.81361261918062
2025-08-04,2025,8,4,257500.0,662500.0,55.83467987242347,-4.275570996161421,4290.841991963815,1.7445773023491369
2025-08-04,2025,8,4,262500.0,662500.0,55.83613012441601,-4.195793465818992,2929.3898682148815,1.0533654421949192
2025-08-04,2025,8,4,257500.0,667500.0,55.879574159628305,-4.278197631229293,4283.844651711825,1.9256374977620432
2025-08-04,2025,8,4,262500.0,667500.0,55.88102684588964,-4.198328199669799,2919.1308638017586,1.9947779735553748
2025-08-05,2025,8,5,257500.0,662500.0,55.83467987242347,-4.275570996161421,4290.841991963815,0.1274447517791133
2025-08-05,2025,8,5,262500.0,662500.0,55.83613012441601,-4.195793465818992,2929.3898682148815,0.0177727268951906
2025-08-05,2025,8,5,257500.0,667500.0,55.879574159628305,-4.278197631229293,4283.844651711825,0.6512673586306997
2025-08-05,2025,8,5,262500.0,667500.0,55.88102684588964,-4.198328199669799,2919.1308638017586,0.2138209699279254
2025-08-06,2025,8,6,257500.0,662500.0,55.83467987242347,-4.275570996161421,4290.841991963815,2.6491692036509535
2025-08-06,2025,8,6,262500.0,662500.0,55.83613012441601,-4.195793465818992,2929.3898682148815,2.102677630407967
2025-08-06,2025,8,6,257500.0,667500.0,55.879574159628305,-4.278197631229293,4283.844651711825,2.160336834011479
2025-08-06,2025,8,6,262500.0,667500.0,55.88102684588964,-4.198328199669799,2919.1308638017586,2.512330481187945
2025-08-07,2025,8,7,257500.0,662500.0,55.83467987242347,-4.275570996161421,4290.841991963815,0.177531270526279
2025-08-07,2025,8,7,262500.0,662500.0,55.83613012441601,-4.195793465818992,2929.3898682148815,0.0341878914343413
2025-08-07,2025,8,7,257500.0,667500.0,55.879574159628305,-4.278197631229293,4283.844651711825,0.2103060226348763
2025-08-07,2025,8,7,262500.0,667500.0,55.88102684588964,-4.198328199669799,2919.1308638017586,0.1861217751675182
2025-08-08,2025,8,8,257500.0,662500.0,55.83467987242347,-4.275570996161421,4290.841991963815,2.1075146101721667
2025-08-08,2025,8,8,262500.0,662500.0,55.83613012441601,-4.195793465818992,2929.3898682148815,1.6093585836785125
2025-08-08,2025,8,8,257500.0,667500.0,55.879574159628305,-4.278197631229293,4283.844651711825,3.125228747968868
2025-08-08,2025,8,8,262500.0,667500.0,55.88102684588964,-4.198328199669799,2919.1308638017586,3.069847553842426
2025-08-09,2025,8,9,257500.0,662500.0,55.83467987242347,-4.275570996161421,4290.841991963815,0.1214035099528067
2025-08-09,2025,8,9,262500.0,662500.0,55.83613012441601,-4.195793465818992,2929.3898682148815,0.0188698695786774
2025-08-09,2025,8,9,257500.0,667500.0,55.879574159628305,-4.278197631229293,4283.844651711825,0.4948477151961976
2025-08-09,2025,8,9,262500.0,667500.0,55.88102684588964,-4.198328199669799,2919.1308638017586,0.2546173878946517
2025-08-10,2025,8,10,257500.0,662500.0,55.83467987242347,-4.275570996161421,4290.841991963815,4.1363939847029485
2025-08-10,2025,8,10,262500.0,662500.0,55.83613012441601,-4.195793465818992,2929.3898682148815,4.482517438320109
2025-08-10,2025,8,10,257500.0,667500.0,55.879574159628305,-4.278197631229293,4283.844651711825,4.859199090714213
2025-08-10,2025,8,10,262500.0,667500.0,55.88102684588964,-4.198328199669799,2919.1308638017586,4.964238421140323
2025-08-11,2025,8,11,257500.0,662500.0,55.83467987242347,-4.275570996161421,4290.841991963815,0.0210156932571651
2025-08-11,2025,8,11,262500.0,662500.0,55.83613012441601,-4.195793465818992,2929.3898682148815,0.0056113736343865
2025-08-11,2025,8,11,257500.0,667500.0,55.879574159628305,-4.278197631229293,4283.844651711825,0.1184740090586989
2025-08-11,2025,8,11,262500.0,667500.0,55.88102684588964,-4.198328199669799,2919.1308638017586,0.0711774883185405
2025-08-12,2025,8,12,257500.0,662500.0,55.83467987242347,-4.275570996161421,4290.841991963815,0.0011806336888868
2025-08-12,2025,8,12,262500.0,662500.0,55.83613012441601,-4.195793465818992,2929.3898682148815,0.0001284220062496
2025-08-12,2025,8,12,257500.0,667500.0,55.879574159628305,-4.278197631229293,4283.844651711825,0.0014539017547516
2025-08-12,2025,8,12,262500.0,667500.0,55.88102684588964,-4.198328199669799,2919.1308638017586,0.000962526345749
2025-08-13,2025,8,13,257500.0,662500.0,55.83467987242347,-4.275570996161421,4290.841991963815,0.0028036453558916
2025-08-13,2025,8,13,262500.0,662500.0,55.83613012441601,-4.195793465818992,2929.3898682148815,0.0006974770478342
2025-08-13,2025,8,13,257500.0,667500.0,55.879574159628305,-4.278197631229293,4283.844651711825,0.0010903448226169
2025-08-13,2025,8,13,262500.0,667500.0,55.88102684588964,-4.198328199669799,2919.1308638017586,0.0024337077966226
2025-08-14,2025,8,14,257500.0,662500.0,55.83467987242347,-4.275570996161421,4290.841991963815,7.0462202264080495e-06
2025-08-14,2025,8,14,262500.0,662500.0,55.83613012441601,-4.195793465818992,2929.3898682148815,9.770822194261082e-06
2025-08-14,2025,8,14,257500.0,667500.0,55.879574159628305,-4.278197631229293,4283.844651711825,1.224501316360564e-07
2025-08-14,2025,8,14,262500.0,667500.0,55.88102684588964,-4.198328199669799,2919.1308638017586,3.5875922712946846e-05
2025-08-15,2025,8,15,257500.0,662500.0,55.83467987242347,-4.275570996161421,4290.841991963815,0.000806972014858
2025-08-15,2025,8,15,262500.0,662500.0,55.83613012441601,-4.195793465818992,2929.3898682148815,0.0001526438241932
2025-08-15,2025,8,15,257500.0,667500.0,55.879574159628305,-4.278197631229293,4283.844651711825,0.0005134523336957
2025-08-15,2025,8,15,262500.0,667500.0,55.88102684588964,-4.198328199669799,2919.1308638017586,0.0005850317428946
2025-08-16,2025,8,16,257500.0,662500.0,55.83467987242347,-4.275570996161421,4290.841991963815,8.136292515882609e-05
2025-08-16,2025,8,16,262500.0,662500.0,55.83613012441601,-4.195793465818992,2929.3898682148815,1.7671928294459423e-05
2025-08-16,2025,8,16,257500.0,667500.0,55.879574159628305,-4.278197631229293,4283.844651711825,5.4628217537669e-05
2025-08-16,2025,8,16,262500.0,667500.0,55.88102684588964,-4.198328199669799,2919.1308638017586,1.9434943678065924e-05
2025-08-17,2025,8,17,257500.0,662500.0,55.83467987242347,-4.275570996161421,4290.841991963815,0.0
2025-08-17,2025,8,17,262500.0,662500.0,55.83613012441601,-4.195793465818992,2929.3898682148815,0.0
2025-08-17,2025,8,17,257500.0,667500.0,55.879574159628305,-4.278197631229293,4283.844651711825,0.0
2025-08-17,2025,8,17,262500.0,667500.0,55.88102684588964,-4.198328199669799,2919.1308638017586,0.0
2025-08-18,2025,8,18,257500.0,662500.0,55.83467987242347,-4.275570996161421,4290.841991963815,0.0
2025-08-18,2025,8,18,262500.0,662500.0,55.83613012441601,-4.195793465818992,2929.3898682148815,1.817970220747732e-05
2025-08-18,2025,8,18,257500.0,667500.0,55.879574159628305,-4.278197631229293,4283.844651711825,0.0
2025-08-18,2025,8,18,262500.0,667500.0,55.88102684588964,-4.198328199669799,2919.1308638017586,7.874978498396852e-05
2025-08-19,2025,8,19,257500.0,662500.0,55.83467987242347,-4.275570996161421,4290.841991963815,0.0003710650405922
2025-08-19,2025,8,19,262500.0,662500.0,55.83613012441601,-4.195793465818992,2929.3898682148815,0.0002861108676624
2025-08-19,2025,8,19,257500.0,667500.0,55.879574159628305,-4.278197631229293,4283.844651711825,0.0004100349833225
2025-08-19,2025,8,19,262500.0,667500.0,55.88102684588964,-4.198328199669799,2919.1308638017586,0.001302956137989
2025-08-20,2025,8,20,257500.0,662500.0,55.83467987242347,-4.275570996161421,4290.841991963815,7.0462202264080495e-06
2025-08-20,2025,8,20,262500.0,662500.0,55.83613012441601,-4.195793465818992,2929.3898682148815,9.770822194261082e-06
2025-08-20,2025,8,20,257500.0,667500.0,55.879574159628305,-4.278197631229293,4283.844651711825,0.0
2025-08-20,2025,8,20,262500.0,667500.0,55.88102684588964,-4.198328199669799,2919.1308638017586,3.5875922712946846e-05
2025-08-21,2025,8,21,257500.0,662500.0,55.83467987242347,-4.275570996161421,4290.841991963815,0.0001887707476664
2025-08-21,2025,8,21,262500.0,662500.0,55.83613012441601,-4.195793465818992,2929.3898682148815,4.8865071941395245e-05
2025-08-21,2025,8,21,257500.0,667500.0,55.879574159628305,-4.278197631229293,4283.844651711825,0.0003008523274842
2025-08-21,2025,8,21,262500.0,667500.0,55.88102684588964,-4.198328199669799,2919.1308638017586,0.000418308221602
2025-08-22,2025,8,22,257500.0,662500.0,55.83467987242347,-4.275570996161421,4290.841991963815,0.0030540352154948
2025-08-22,2025,8,22,262500.0,662500.0,55.83613012441601,-4.195793465818992,2929.3898682148815,0.0003836115793609
2025-08-22,2025,8,22,257500.0,667500.0,55.879574159628305,-4.278197631229293,4283.844651711825,0.0013432032016055
2025-08-22,2025,8,22,262500.0,667500.0,55.88102684588964,-4.198328199669799,2919.1308638017586,0.0011735943008534
2025-08-23,2025,8,23,257500.0,662500.0,55.83467987242347,-4.275570996161421,4290.841991963815,0.0010765620828862
2025-08-23,2025,8,23,262500.0,662500.0,55.83613012441601,-4.195793465818992,2929.3898682148815,0.0004089938976509
2025-08-23,2025,8,23,257500.0,667500.0,55.879574159628305,-4.278197631229293,4283.844651711825,0.0014916684900668
2025-08-23,2025,8,23,262500.0,667500.0,55.88102684588964,-4.198328199669799,2919.1308638017586,0.0027441856128515
2025-08-24,2025,8,24,257500.0,662500.0,55.83467987242347,-4.275570996161421,4290.841991963815,0.0003246907480428
2025-08-24,2025,8,24,262500.0,662500.0,55.83613012441601,-4.195793465818992,2929.3898682148815,7.647855973370006e-05
2025-08-24,2025,8,24,257500.0,667500.0,55.879574159628305,-4.278197631229293,4283.844651711825,0.0002242571140554
2025-08-24,2025,8,24,262500.0,667500.0,55.88102684588964,-4.198328199669799,2919.1308638017586,0.0002520608593202
2025-08-25,2025,8,25,257500.0,662500.0,55.83467987242347,-4.275570996161421,4290.841991963815,4.8609188321829615
2025-08-25,2025,8,25,262500.0,662500.0,55.83613012441601,-4.195793465818992,2929.3898682148815,4.1015888987082745
2025-08-25,2025,8,25,257500.0,667500.0,55.879574159628305,-4.278197631229293,4283.844651711825,5.370375810707513
2025-08-25,2025,8,25,262500.0,667500.0,55.88102684588964,-4.198328199669799,2919.1308638017586,4.858771591389015
2025-08-26,2025,8,26,257500.0,662500.0,55.83467987242347,-4.275570996161421,4290.841991963815,3.614467057206357
2025-08-26,2025,8,26,262500.0,662500.0,55.83613012441601,-4.195793465818992,2929.3898682148815,2.5608162903240173
2025-08-26,2025,8,26,257500.0,667500.0,55.879574159628305,-4.278197631229293,4283.844651711825,2.645587386767285
2025-08-26,2025,8,26,262500.0,667500.0,55.88102684588964,-4.198328199669799,2919.1308638017586,3.482126478731367
2025-08-27,2025,8,27,257500.0,662500.0,55.83467987242347,-4.275570996161421,4290.841991963815,4.25668347685812
2025-08-27,2025,8,27,262500.0,662500.0,55.83613012441601,-4.195793465818992,2929.3898682148815,3.7817222325689106
2025-08-27,2025,8,27,257500.0,667500.0,55.879574159628305,-4.278197631229293,4283.844651711825,5.187255067548046
2025-08-27,2025,8,27,262500.0,667500.0,55.88102684588964,-4.198328199669799,2919.1308638017586,5.104250652583077
2025-08-28,2025,8,28,257500.0,662500.0,55.83467987242347,-4.275570996161421,4290.841991963815,1.9250451842934684
2025-08-28,2025,8,28,262500.0,662500.0,55.83613012441601,-4.195793465818992,2929.3898682148815,1.173244817673141
2025-08-28,2025,8,28,257500.0,667500.0,55.879574159628305,-4.278197631229293,4283.844651711825,2.182232089646324
2025-08-28,2025,8,28,262500.0,667500.0,55.88102684588964,-4.198328199669799,2919.1308638017586,2.231232554722549
2025-08-29,2025,8,29,257500.0,662500.0,55.83467987242347,-4.275570996161421,4290.841991963815,1.2517048311196548
2025-08-29,2025,8,29,262500.0,662500.0,55.83613012441601,-4.195793465818992,2929.3898682148815,0.6635514721316955
2025-08-29,2025,8,29,257500.0,667500.0,55.879574159628305,-4.278197631229293,4283.844651711825,1.8371818029541216
2025-08-29,2025,8,29,262500.0,667500.0,55.88102684588964,-4.198328199669799,2919.1308638017586,1.863925222459082
2025-08-30,2025,8,30,257500.0,662500.0,55.83467987242347,-4.275570996161421,4290.841991963815,4.431830224570388
2025-08-30,2025,8,30,262500.0,662500.0,55.83613012441601,-4.195793465818992,2929.3898682148815,3.886045039926265
2025-08-30,2025,8,30,257500.0,667500.0,55.879574159628305,-4.278197631229293,4283.844651711825,5.690523596148857
2025-08-30,2025,8,30,262500.0,667500.0,55.88102684588964,-4.198328199669799,2919.1308638017586,5.247121614633074
2025-08-31,2025,8,31,257500.0,662500.0,55.83467987242347,-4.275570996161421,4290.841991963815,7.544372605253089
2025-08-31,2025,8,31,262500.0,662500.0,55.83613012441601,-4.195793465818992,2929.3898682148815,6.916308518252034
2025-08-31,2025,8,31,257500.0,667500.0,55.879574159628305,-4.278197631229293,4283.844651711825,7.3106681627638945
2025-08-31,2025,8,31,262500.0,667500.0,55.88102684588964,-4.198328199669799,2919.1308638017586,7.324514614218194
2025-09-01,2025,9,1,257500.0,662500.0,55.83467987242347,-4.275570996161421,4290.841991963815,3.3533368644091004
2025-09-01,2025,9,1,262500.0,662500.0,55.83613012441601,-4.195793465818992,2929.3898682148815,3.024690226207302
2025-09-01,2025,9,1,257500.0,667500.0,55.879574159628305,-4.278197631229293,4283.844651711825,2.7901562298101803
2025-09-01,2025,9,1,262500.0,667500.0,55.88102684588964,-4.198328199669799,2919.1308638017586,2.937296495821784
2025-09-02,2025,9,2,257500.0,662500.0,55.83467987242347,-4.275570996161421,4290.841991963815,0.0803595378809587
2025-09-02,2025,9,2,262500.0,662500.0,55.83613012441601,-4.195793465818992,2929.3898682148815,0.0440031181881635
2025-09-02,2025,9,2,257500.0,667500.0,55.879574159628305,-4.278197631229293,4283.844651711825,0.0571790510154518
2025-09-02,2025,9,2,262500.0,667500.0,55.88102684588964,-4.198328199669799,2919.1308638017586,0.0998759074512423
2025-09-03,2025,9,3,257500.0,662500.0,55.83467987242347,-4.275570996161421,4290.841991963815,1.266752208219262
2025-09-03,2025,9,3,262500.0,662500.0,55.83613012441601,-4.195793465818992,2929.3898682148815,1.1448500107241486
2025-09-03,2025,9,3,257500.0,667500.0,55.879574159628305,-4.278197631229293,4283.844651711825,1.0052282721736512
2025-09-03,2025,9,3,262500.0,667500.0,55.88102684588964,-4.198328199669799,2919.1308638017586,1.2359444703064628
2025-09-04,2025,9,4,257500.0,662500.0,55.83467987242347,-4.275570996161421,4290.841991963815,6.543934356278452
2025-09-04,2025,9,4,262500.0,662500.0,55.83613012441601,-4.195793465818992,2929.3898682148815,5.8555208059166315
2025-09-04,2025,9,4,257500.0,667500.0,55.879574159628305,-4.278197631229293,4283.844651711825,9.541883669904482
2025-09-04,2025,9,4,262500.0,667500.0,55.88102684588964,-4.198328199669799,2919.1308638017586,6.857465725613265
2025-09-05,2025,9,5,257500.0,662500.0,55.83467987242347,-4.275570996161421,4290.841991963815,0.2941825765528996
2025-09-05,2025,9,5,262500.0,662500.0,55.83613012441601,-4.195793465818992,2929.3898682148815,0.0347756313611911
2025-09-05,2025,9,5,257500.0,667500.0,55.879574159628305,-4.278197631229293,4283.844651711825,2.6709960928204137
2025-09-05,2025,9,5,262500.0,667500.0,55.88102684588964,-4.198328199669799,2919.1308638017586,0.8103461363672173
2025-09-06,2025,9,6,257500.0,662500.0,55.83467987242347,-4.275570996161421,4290.841991963815,0.0012954179371502
2025-09-06,2025,9,6,262500.0,662500.0,55.83613012441601,-4.195793465818992,2929.3898682148815,0.0002057394360595
2025-09-06,2025,9,6,257500.0,667500.0,55.879574159628305,-4.278197631229293,4283.844651711825,0.0013911561602722
2025-09-06,2025,9,6,262500.0,667500.0,55.88102684588964,-4.198328199669799,2919.1308638017586,0.0013619456592155
2025-09-07,2025,9,7,257500.0,662500.0,55.83467987242347,-4.275570996161421,4290.841991963815,7.3836145580541555
2025-09-07,2025,9,7,262500.0,662500.0,55.83613012441601,-4.195793465818992,2929.3898682148815,6.140617306374014
2025-09-07,2025,9,7,257500.0,667500.0,55.879574159628305,-4.278197631229293,4283.844651711825,8.33058074328185
2025-09-07,2025,9,7,262500.0,667500.0,55.88102684588964,-4.198328199669799,2919.1308638017586,7.20156665371462
2025-09-08,2025,9,8,257500.0,662500.0,55.83467987242347,-4.275570996161421,4290.841991963815,0.7429667497907506
2025-09-08,2025,9,8,262500.0,662500.0,55.83613012441601,-4.195793465818992,2929.3898682148815,0.803839978055359
2025-09-08,2025,9,8,257500.0,667500.0,55.879574159628305,-4.278197631229293,4283.844651711825,0.4565326901261805
2025-09-08,2025,9,8,262500.0,667500.0,55.88102684588964,-4.198328199669799,2919.1308638017586,0.6470164186906863
2025-09-09,2025,9,9,257500.0,662500.0,55.83467987242347,-4.275570996161421,4290.841991963815,0.0053268100036438
2025-09-09,2025,9,9,262500.0,662500.0,55.83613012441601,-4.195793465818992,2929.3898682148815,0.0006752937424455
2025-09-09,2025,9,9,257500.0,667500.0,55.879574159628305,-4.278197631229293,4283.844651711825,0.0051480625932594
2025-09-09,2025,9,9,262500.0,667500.0,55.88102684588964,-4.198328199669799,2919.1308638017586,0.003891283397836
2025-09-10,2025,9,10,257500.0,662500.0,55.83467987242347,-4.275570996161421,4290.841991963815,14.804736492964356
2025-09-10,2025,9,10,262500.0,662500.0,55.83613012441601,-4.195793465818992,2929.3898682148815,15.673373137096617
2025-09-10,2025,9,10,257500.0,667500.0,55.879574159628305,-4.278197631229293,4283.844651711825,13.253511158584953
2025-09-10,2025,9,10,262500.0,667500.0,55.88102684588964,-4.198328199669799,2919.1308638017586,15.696365483325458
2025-09-11,2025,9,11,257500.0,662500.0,55.83467987242347,-4.275570996161421,4290.841991963815,2.724454097601138
2025-09-11,2025,9,11,262500.0,662500.0,55.83613012441601,-4.195793465818992,2929.3898682148815,2.264750025739498
2025-09-11,2025,9,11,257500.0,667500.0,55.879574159628305,-4.278197631229293,4283.844651711825,3.3002830752985717
2025-09-11,2025,9,11,262500.0,667500.0,55.88102684588964,-4.198328199669799,2919.1308638017586,3.1224243036282315
2025-09-12,2025,9,12,257500.0,662500.0,55.83467987242347,-4.275570996161421,4290.841991963815,8.758057553863392
2025-09-12,2025,9,12,262500.0,662500.0,55.83613012441601,-4.195793465818992,2929.3898682148815,8.863919155248967
2025-09-12,2025,9,12,257500.0,667500.0,55.879574159628305,-4.278197631229293,4283.844651711825,9.263684709890718
2025-09-12,2025,9,12,262500.0,667500.0,55.88102684588964,-4.198328199669799,2919.1308638017586,8.528946422821331
2025-09-13,2025,9,13,257500.0,662500.0,55.83467987242347,-4.275570996161421,4290.841991963815,7.210579192566028
2025-09-13,2025,9,13,262500.0,662500.0,55.83613012441601,-4.195793465818992,2929.3898682148815,7.131506221776622
2025-09-13,2025,9,13,257500.0,667500.0,55.879574159628305,-4.278197631229293,4283.844651711825,5.461696032208832
2025-09-13,2025,9,13,262500.0,667500.0,55.88102684588964,-4.198328199669799,2919.1308638017586,5.959961893890146
2025-09-14,2025,9,14,257500.0,662500.0,55.83467987242347,-4.275570996161421,4290.841991963815,9.046227921649656
2025-09-14,2025,9,14,262500.0,662500.0,55.83613012441601,-4.195793465818992,2929.3898682148815,8.361558724284407
2025-09-14,2025,9,14,257500.0,667500.0,55.879574159628305,-4.278197631229293,4283.844651711825,9.662195055879252
2025-09-14,2025,9,14,262500.0,667500.0,55.88102684588964,-4.198328199669799,2919.1308638017586,9.618452740778402
2025-09-15,2025,9,15,257500.0,662500.0,55.83467987242347,-4.275570996161421,4290.841991963815,2.2761356232802545
2025-09-15,2025,9,15,262500.0,662500.0,55.83613012441601,-4.195793465818992,2929.3898682148815,2.4922287228541933
2025-09-15,2025,9,15,257500.0,667500.0,55.879574159628305,-4.278197631229293,4283.844651711825,2.1811894582528573
2025-09-15,2025,9,15,262500.0,667500.0,55.88102684588964,-4.198328199669799,2919.1308638017586,2.883944431782499
2025-09-16,2025,9,16,257500.0,662500.0,55.83467987242347,-4.275570996161421,4290.841991963815,4.626158976081427
2025-09-16,2025,9,16,262500.0,662500.0,55.83613012441601,-4.195793465818992,2929.3898682148815,5.059041984710289
2025-09-16,2025,9,16,257500.0,667500.0,55.879574159628305,-4.278197631229293,4283.844651711825,4.669380101690374
2025-09-16,2025,9,16,262500.0,667500.0,55.88102684588964,-4.198328199669799,2919.1308638017586,4.642527112671936
2025-09-17,2025,9,17,257500.0,662500.0,55.83467987242347,-4.275570996161421,4290.841991963815,0.6088110335304601
2025-09-17,2025,9,17,262500.0,662500.0,55.83613012441601,-4.195793465818992,2929.3898682148815,0.4932200859770875
2025-09-17,2025,9,17,257500.0,667500.0,55.879574159628305,-4.278197631229293,4283.844651711825,0.6930375728616002
2025-09-17,2025,9,17,262500.0,667500.0,55.88102684588964,-4.198328199669799,2919.1308638017586,0.5472234344662732
2025-09-18,2025,9,18,257500.0,662500.0,55.83467987242347,-4.275570996161421,4290.841991963815,8.319561801758223
2025-09-18,2025,9,18,262500.0,662500.0,55.83613012441601,-4.195793465818992,2929.3898682148815,7.6937598994819725
2025-09-18,2025,9,18,257500.0,667500.0,55.879574159628305,-4.278197631229293,4283.844651711825,7.827945781999352
2025-09-18,2025,9,18,262500.0,667500.0,55.88102684588964,-4.198328199669799,2919.1308638017586,8.372196180398774
2025-09-19,2025,9,19,257500.0,662500.0,55.83467987242347,-4.275570996161421,4290.841991963815,0.1258284308574129
2025-09-19,2025,9,19,262500.0,662500.0,55.83613012441601,-4.195793465818992,2929.3898682148815,0.1587487495217187
2025-09-19,2025,9,19,257500.0,667500.0,55.879574159628305,-4.278197631229293,4283.844651711825,0.0540636000666146
2025-09-19,2025,9,19,262500.0,667500.0,55.88102684588964,-4.198328199669799,2919.1308638017586,0.0988400031172345
2025-09-20,2025,9,20,257500.0,662500.0,55.83467987242347,-4.275570996161421,4290.841991963815,0.7795406378831947
2025-09-20,2025,9,20,262500.0,662500.0,55.83613012441601,-4.195793465818992,2929.3898682148815,0.6483877388871736
2025-09-20,2025,9,20,257500.0,667500.0,55.879574159628305,-4.278197631229293,4283.844651711825,0.2822210999822578
2025-09-20,2025,9,20,262500.0,667500.0,55.88102684588964,-4.198328199669799,2919.1308638017586,0.420782172613794
2025-09-21,2025,9,21,257500.0,662500.0,55.83467987242347,-4.275570996161421,4290.841991963815,0.013415015965494
2025-09-21,2025,9,21,262500.0,662500.0,55.83613012441601,-4.195793465818992,2929.3898682148815,0.0019425939350609
2025-09-21,2025,9,21,257500.0,667500.0,55.879574159628305,-4.278197631229293,4283.844651711825,0.0136643090063179
2025-09-21,2025,9,21,262500.0,667500.0,55.88102684588964,-4.198328199669799,2919.1308638017586,0.0103127368762031
2025-09-22,2025,9,22,257500.0,662500.0,55.83467987242347,-4.275570996161421,4290.841991963815,0.0
2025-09-22,2025,9,22,262500.0,662500.0,55.83613012441601,-4.195793465818992,2929.3898682148815,0.0
2025-09-22,2025,9,22,257500.0,667500.0,55.879574159628305,-4.278197631229293,4283.844651711825,0.0
2025-09-22,2025,9,22,262500.0,667500.0,55.88102684588964,-4.198328199669799,2919.1308638017586,0.0
2025-09-23,2025,9,23,257500.0,662500.0,55.83467987242347,-4.275570996161421,4290.841991963815,0.0001012039368507
2025-09-23,2025,9,23,262500.0,662500.0,55.83613012441601,-4.195793465818992,2929.3898682148815,2.8129814502603108e-05
2025-09-23,2025,9,23,257500.0,667500.0,55.879574159628305,-4.278197631229293,4283.844651711825,7.764404766742917e-05
2025-09-23,2025,9,23,262500.0,667500.0,55.88102684588964,-4.198328199669799,2919.1308638017586,0.0001020185803552
2025-09-24,2025,9,24,257500.0,662500.0,55.83467987242347,-4.275570996161421,4290.841991963815,0.0001194841380891
2025-09-24,2025,9,24,262500.0,662500.0,55.83613012441601,-4.195793465818992,2929.3898682148815,4.357105901706883e-05
2025-09-24,2025,9,24,257500.0,667500.0,55.879574159628305,-4.278197631229293,4283.844651711825,0.0001073771195281
2025-09-24,2025,9,24,262500.0,667500.0,55.88102684588964,-4.198328199669799,2919.1308638017586,0.0001746565741989
2025-09-25,2025,9,25,257500.0,662500.0,55.83467987242347,-4.275570996161421,4290.841991963815,0.0003109872712342
2025-09-25,2025,9,25,262500.0,662500.0,55.83613012441601,-4.195793465818992,2929.3898682148815,6.1638885243003e-05
2025-09-25,2025,9,25,257500.0,667500.0,55.879574159628305,-4.278197631229293,4283.844651711825,0.0002608099635466
2025-09-25,2025,9,25,262500.0,667500.0,55.88102684588964,-4.198328199669799,2919.1308638017586,0.0002210960239318
2025-09-26,2025,9,26,257500.0,662500.0,55.83467987242347,-4.275570996161421,4290.841991963815,0.0307846015350651
2025-09-26,2025,9,26,262500.0,662500.0,55.83613012441601,-4.195793465818992,2929.3898682148815,0.0011090829212577
2025-09-26,2025,9,26,257500.0,667500.0,55.879574159628305,-4.278197631229293,4283.844651711825,0.0077353737210218
2025-09-26,2025,9,26,262500.0,667500.0,55.88102684588964,-4.198328199669799,2919.1308638017586,0.0043922793821224
2025-09-27,2025,9,27,257500.0,662500.0,55.83467987242347,-4.275570996161421,4290.841991963815,7.869442210552453
2025-09-27,2025,9,27,262500.0,662500.0,55.83613012441601,-4.195793465818992,2929.3898682148815,6.997499344433879
2025-09-27,2025,9,27,257500.0,667500.0,55.879574159628305,-4.278197631229293,4283.844651711825,10.296960229919591
2025-09-27,2025,9,27,262500.0,667500.0,55.88102684588964,-4.198328199669799,2919.1308638017586,9.195264907245004
2025-09-28,2025,9,28,257500.0,662500.0,55.83467987242347,-4.275570996161421,4290.841991963815,0.0092328865543127
2025-09-28,2025,9,28,262500.0,662500.0,55.83613012441601,-4.195793465818992,2929.3898682148815,0.002964856787322
2025-09-28,2025,9,28,257500.0,667500.0,55.879574159628305,-4.278197631229293,4283.844651711825,0.0145976241658933
2025-09-28,2025,9,28,262500.0,667500.0,55.88102684588964,-4.198328199669799,2919.1308638017586,0.0450373561548867
2025-09-29,2025,9,29,257500.0,662500.0,55.83467987242347,-4.275570996161421,4290.841991963815,0.3098553098394648
2025-09-29,2025,9,29,262500.0,662500.0,55.83613012441601,-4.195793465818992,2929.3898682148815,0.2095955495660696
2025-09-29,2025,9,29,257500.0,667500.0,55.879574159628305,-4.278197631229293,4283.844651711825,0.5398780774264259
2025-09-29,2025,9,29,262500.0,667500.0,55.88102684588964,-4.198328199669799,2919.1308638017586,0.3067879854829909
2025-09-30,2025,9,30,257500.0,662500.0,55.83467987242347,-4.275570996161421,4290.841991963815,8.628815202927456
2025-09-30,2025,9,30,262500.0,662500.0,55.83613012441601,-4.195793465818992,2929.3898682148815,7.875507021250036
2025-09-30,2025,9,30,257500.0,667500.0,55.879574159628305,-4.278197631229293,4283.844651711825,12.447656151609763
2025-09-30,2025,9,30,262500.0,667500.0,55.88102684588964,-4.198328199669799,2919.1308638017586,10.191076807415456
2025-10-01,2025,10,1,257500.0,662500.0,55.83467987242347,-4.275570996161421,4290.841991963815,4.380396122393213
2025-10-01,2025,10,1,262500.0,662500.0,55.83613012441601,-4.195793465818992,2929.3898682148815,3.968696824452073
2025-10-01,2025,10,1,257500.0,667500.0,55.879574159628305,-4.278197631229293,4283.844651711825,6.128700220643979
2025-10-01,2025,10,1,262500.0,667500.0,55.88102684588964,-4.198328199669799,2919.1308638017586,5.190857048603396
2025-10-02,2025,10,2,257500.0,662500.0,55.83467987242347,-4.275570996161421,4290.841991963815,11.647123948223632
2025-10-02,2025,10,2,262500.0,662500.0,55.83613012441601,-4.195793465818992,2929.3898682148815,9.95059500557034
2025-10-02,2025,10,2,257500.0,667500.0,55.879574159628305,-4.278197631229293,4283.844651711825,12.188253608261356
2025-10-02,2025,10,2,262500.0,667500.0,55.88102684588964,-4.198328199669799,2919.1308638017586,11.549796031575577
2025-10-03,2025,10,3,257500.0,662500.0,55.83467987242347,-4.275570996161421,4290.841991963815,33.046405470059256
2025-10-03,2025,10,3,262500.0,662500.0,55.83613012441601,-4.195793465818992,2929.3898682148815,32.396777425082426
2025-10-03,2025,10,3,257500.0,667500.0,55.879574159628305,-4.278197631229293,4283.844651711825,29.281307730146207
2025-10-03,2025,10,3,262500.0,667500.0,55.88102684588964,-4.198328199669799,2919.1308638017586,31.827157706492713
2025-10-04,2025,10,4,257500.0,662500.0,55.83467987242347,-4.275570996161421,4290.841991963815,2.738065309392682
2025-10-04,2025,10,4,262500.0,662500.0,55.83613012441601,-4.195793465818992,2929.3898682148815,3.1379459426611915
2025-10-04,2025,10,4,257500.0,667500.0,55.879574159628305,-4.278197631229293,4283.844651711825,1.9848651619080877
2025-10-04,2025,10,4,262500.0,667500.0,55.88102684588964,-4.198328199669799,2919.1308638017586,2.2775955258056975
2025-10-05,2025,10,5,257500.0,662500.0,55.83467987242347,-4.275570996161421,4290.841991963815,0.91764344949093
2025-10-05,2025,10,5,262500.0,662500.0,55.83613012441601,-4.195793465818992,2929.3898682148815,0.3155249452583842
2025-10-05,2025,10,5,257500.0,667500.0,55.879574159628305,-4.278197631229293,4283.844651711825,3.2874341520578776
2025-10-05,2025,10,5,262500.0,667500.0,55.88102684588964,-4.198328199669799,2919.1308638017586,1.8360572209699288
2025-10-06,2025,10,6,257500.0,662500.0,55.83467987242347,-4.275570996161421,4290.841991963815,3.0061191979754547
2025-10-06,2025,10,6,262500.0,662500.0,55.83613012441601,-4.195793465818992,2929.3898682148815,2.0328063787706125
2025-10-06,2025,10,6,257500.0,667500.0,55.879574159628305,-4.278197631229293,4283.844651711825,4.220195298733969
2025-10-06,2025,10,6,262500.0,667500.0,55.88102684588964,-4.198328199669799,2919.1308638017586,3.7103765570147487
2025-10-07,2025,10,7,257500.0,662500.0,55.83467987242347,-4.275570996161421,4290.841991963815,0.9342123227687114
2025-10-07,2025,10,7,262500.0,662500.0,55.83613012441601,-4.195793465818992,2929.3898682148815,0.6731935527480065
2025-10-07,2025,10,7,257500.0,667500.0,55.879574159628305,-4.278197631229293,4283.844651711825,0.7225046735768355
2025-10-07,2025,10,7,262500.0,667500.0,55.88102684588964,-4.198328199669799,2919.1308638017586,0.677232773084242
2025-10-08,2025,10,8,257500.0,662500.0,55.83467987242347,-4.275570996161421,4290.841991963815,0.4310105877200383
2025-10-08,2025,10,8,262500.0,662500.0,55.83613012441601,-4.195793465818992,2929.3898682148815,0.2248141172026296
2025-10-08,2025,10,8,257500.0,667500.0,55.879574159628305,-4.278197631229293,4283.844651711825,0.1589348814159597
2025-10-08,2025,10,8,262500.0,667500.0,55.88102684588964,-4.198328199669799,2919.1308638017586,0.2585747936214617
2025-10-09,2025,10,9,257500.0,662500.0,55.83467987242347,-4.275570996161421,4290.841991963815,0.0261485492339806
2025-10-09,2025,10,9,262500.0,662500.0,55.83613012441601,-4.195793465818992,2929.3898682148815,0.0043516465733906
2025-10-09,2025,10,9,257500.0,667500.0,55.879574159628305,-4.278197631229293,4283.844651711825,0.0152690670388057
2025-10-09,2025,10,9,262500.0,667500.0,55.88102684588964,-4.198328199669799,2919.1308638017586,0.016228959101629
2025-10-10,2025,10,10,257500.0,662500.0,55.83467987242347,-4.275570996161421,4290.841991963815,0.0005739188470744
2025-10-10,2025,10,10,262500.0,662500.0,55.83613012441601,-4.195793465818992,2929.3898682148815,8.11580576248957e-05
2025-10-10,2025,10,10,257500.0,667500.0,55.879574159628305,-4.278197631229293,4283.844651711825,0.0004901532589676
2025-10-10,2025,10,10,262500.0,667500.0,55.88102684588964,-4.198328199669799,2919.1308638017586,0.0003850017515358
2025-10-11,2025,10,11,257500.0,662500.0,55.83467987242347,-4.275570996161421,4290.841991963815,0.3135478897453546
2025-10-11,2025,10,11,262500.0,662500.0,55.83613012441601,-4.195793465818992,2929.3898682148815,0.3356707953382877
2025-10-11,2025,10,11,257500.0,667500.0,55.879574159628305,-4.278197631229293,4283.844651711825,0.1198027128878483
2025-10-11,2025,10,11,262500.0,667500.0,55.88102684588964,-4.198328199669799,2919.1308638017586,0.2079032147184978
2025-10-12,2025,10,12,257500.0,662500.0,55.83467987242347,-4.275570996161421,4290.841991963815,0.08218528855045
2025-10-12,2025,10,12,262500.0,662500.0,55.83613012441601,-4.195793465818992,2929.3898682148815,0.0775085939352063
2025-10-12,2025,10,12,257500.0,667500.0,55.879574159628305,-4.278197631229293,4283.844651711825,0.1402008896484673
2025-10-12,2025,10,12,262500.0,667500.0,55.88102684588964,-4.198328199669799,2919.1308638017586,0.137134761724436
2025-10-13,2025,10,13,257500.0,662500.0,55.83467987242347,-4.275570996161421,4290.841991963815,0.0566774614271808
2025-10-13,2025,10,13,262500.0,662500.0,55.83613012441601,-4.195793465818992,2929.3898682148815,0.0085678986608111
2025-10-13,2025,10,13,257500.0,667500.0,55.879574159628305,-4.278197631229293,4283.844651711825,0.0244886041336052
2025-10-13,2025,10,13,262500.0,667500.0,55.88102684588964,-4.198328199669799,2919.1308638017586,0.0383202502600506
2025-10-14,2025,10,14,257500.0,662500.0,55.83467987242347,-4.275570996161421,4290.841991963815,0.0003504591405831
2025-10-14,2025,10,14,262500.0,662500.0,55.83613012441601,-4.195793465818992,2929.3898682148815,0.0001073372139492
2025-10-14,2025,10,14,257500.0,667500.0,55.879574159628305,-4.278197631229293,4283.844651711825,0.0002692470479026
2025-10-14,2025,10,14,262500.0,667500.0,55.88102684588964,-4.198328199669799,2919.1308638017586,0.0004162506028343
2025-10-15,2025,10,15,257500.0,662500.0,55.83467987242347,-4.275570996161421,4290.841991963815,0.0
2025-10-15,2025,10,15,262500.0,662500.0,55.83613012441601,-4.195793465818992,2929.3898682148815,0.0
2025-10-15,2025,10,15,257500.0,667500.0,55.879574159628305,-4.278197631229293,4283.844651711825,0.0
2025-10-15,2025,10,15,262500.0,667500.0,55.88102684588964,-4.198328199669799,2919.1308638017586,0.0
2025-10-16,2025,10,16,257500.0,662500.0,55.83467987242347,-4.275570996161421,4290.841991963815,0.0
2025-10-16,2025,10,16,262500.0,662500.0,55.83613012441601,-4.195793465818992,2929.3898682148815,0.0
2025-10-16,2025,10,16,257500.0,667500.0,55.879574159628305,-4.278197631229293,4283.844651711825,0.0
2025-10-16,2025,10,16,262500.0,667500.0,55.88102684588964,-4.198328199669799,2919.1308638017586,0.0
2025-10-17,2025,10,17,257500.0,662500.0,55.83467987242347,-4.275570996161421,4290.841991963815,0.0
2025-10-17,2025,10,17,262500.0,662500.0,55.83613012441601,-4.195793465818992,2929.3898682148815,0.0
2025-10-17,2025,10,17,257500.0,667500.0,55.879574159628305,-4.278197631229293,4283.844651711825,0.0
2025-10-17,2025,10,17,262500.0,667500.0,55.88102684588964,-4.198328199669799,2919.1308638017586,0.0
2025-10-18,2025,10,18,257500.0,662500.0,55.83467987242347,-4.275570996161421,4290.841991963815,3.2957016613848245
2025-10-18,2025,10,18,262500.0,662500.0,55.83613012441601,-4.195793465818992,2929.3898682148815,3.3270014700259236
2025-10-18,2025,10,18,257500.0,667500.0,55.879574159628305,-4.278197631229293,4283.844651711825,2.6254844915423368
2025-10-18,2025,10,18,262500.0,667500.0,55.88102684588964,-4.198328199669799,2919.1308638017586,2.941815421962801
2025-10-19,2025,10,19,257500.0,662500.0,55.83467987242347,-4.275570996161421,4290.841991963815,11.301113192879408
2025-10-19,2025,10,19,262500.0,662500.0,55.83613012441601,-4.195793465818992,2929.3898682148815,11.177711589235711
2025-10-19,2025,10,19,257500.0,667500.0,55.879574159628305,-4.278197631229293,4283.844651711825,13.756314905199025
2025-10-19,2025,10,19,262500.0,667500.0,55.88102684588964,-4.198328199669799,2919.1308638017586,12.052332266013844
2025-10-20,2025,10,20,257500.0,662500.0,55.83467987242347,-4.275570996161421,4290.841991963815,2.1240300350201102
2025-10-20,2025,10,20,262500.0,662500.0,55.83613012441601,-4.195793465818992,2929.3898682148815,2.1575002190347456
2025-10-20,2025,10,20,257500.0,667500.0,55.879574159628305,-4.278197631229293,4283.844651711825,2.79280987844241
2025-10-20,2025,10,20,262500.0,667500.0,55.88102684588964,-4.198328199669799,2919.1308638017586,2.5554251418420635
2025-10-21,2025,10,21,257500.0,662500.0,55.83467987242347,-4.275570996161421,4290.841991963815,0.7974880975042273
2025-10-21,2025,10,21,262500.0,662500.0,55.83613012441601,-4.195793465818992,2929.3898682148815,0.6108012149710045
2025-10-21,2025,10,21,257500.0,667500.0,55.879574159628305,-4.278197631229293,4283.844651711825,0.7605709915926809
2025-10-21,2025,10,21,262500.0,667500.0,55.88102684588964,-4.198328199669799,2919.1308638017586,0.8613966725464682
2025-10-22,2025,10,22,257500.0,662500.0,55.83467987242347,-4.275570996161421,4290.841991963815,0.5520389530421046
2025-10-22,2025,10,22,262500.0,662500.0,55.83613012441601,-4.195793465818992,2929.3898682148815,0.2579596569387384
2025-10-22,2025,10,22,257500.0,667500.0,55.879574159628305,-4.278197631229293,4283.844651711825,0.6112000288396384
2025-10-22,2025,10,22,262500.0,667500.0,55.88102684588964,-4.198328199669799,2919.1308638017586,0.4678295733088699
2025-10-23,2025,10,23,257500.0,662500.0,55.83467987242347,-4.275570996161421,4290.841991963815,0.0280559066230071
2025-10-23,2025,10,23,262500.0,662500.0,55.83613012441601,-4.195793465818992,2929.3898682148815,0.0064024502617363
2025-10-23,2025,10,23,257500.0,667500.0,55.879574159628305,-4.278197631229293,4283.844651711825,0.0266953516894084
2025-10-23,2025,10,23,262500.0,667500.0,55.88102684588964,-4.198328199669799,2919.1308638017586,0.0571505921037553
2025-10-24,2025,10,24,257500.0,662500.0,55.83467987242347,-4.275570996161421,4290.841991963815,0.9525810611561712
2025-10-24,2025,10,24,262500.0,662500.0,55.83613012441601,-4.195793465818992,2929.3898682148815,1.1932627787298282
2025-10-24,2025,10,24,257500.0,667500.0,55.879574159628305,-4.278197631229293,4283.844651711825,0.5116665871509167
2025-10-24,2025,10,24,262500.0,667500.0,55.88102684588964,-4.198328199669799,2919.1308638017586,0.9511858959186764
2025-10-25,2025,10,25,257500.0,662500.0,55.83467987242347,-4.275570996161421,4290.841991963815,0.0198989974061232
2025-10-25,2025,10,25,262500.0,662500.0,55.83613012441601,-4.195793465818992,2929.3898682148815,0.0364774354594162
2025-10-25,2025,10,25,257500.0,667500.0,55.879574159628305,-4.278197631229293,4283.844651711825,0.0223208119841196
2025-10-25,2025,10,25,262500.0,667500.0,55.88102684588964,-4.198328199669799,2919.1308638017586,0.0738831262527207
2025-10-26,2025,10,26,257500.0,662500.0,55.83467987242347,-4.275570996161421,4290.841991963815,5.004831098782916
2025-10-26,2025,10,26,262500.0,662500.0,55.83613012441601,-4.195793465818992,2929.3898682148815,4.5713959805640245
2025-10-26,2025,10,26,257500.0,667500.0,55.879574159628305,-4.278197631229293,4283.844651711825,6.713549028637049
2025-10-26,2025,10,26,262500.0,667500.0,55.88102684588964,-4.198328199669799,2919.1308638017586,6.007196354152945
2025-10-27,2025,10,27,257500.0,662500.0,55.83467987242347,-4.275570996161421,4290.841991963815,4.930899176815762
2025-10-27,2025,10,27,262500.0,662500.0,55.83613012441601,-4.195793465818992,2929.3898682148815,4.254525333627319
2025-10-27,2025,10,27,257500.0,667500.0,55.879574159628305,-4.278197631229293,4283.844651711825,4.242068126250219
2025-10-27,2025,10,27,262500.0,667500.0,55.88102684588964,-4.198328199669799,2919.1308638017586,5.0948103003994385
2025-10-28,2025,10,28,257500.0,662500.0,55.83467987242347,-4.275570996161421,4290.841991963815,4.608701763511869
2025-10-28,2025,10,28,262500.0,662500.0,55.83613012441601,-4.195793465818992,2929.3898682148815,4.506130457586828
2025-10-28,2025,10,28,257500.0,667500.0,55.879574159628305,-4.278197631229293,4283.844651711825,3.192513494003045
2025-10-28,2025,10,28,262500.0,667500.0,55.88102684588964,-4.198328199669799,2919.1308638017586,4.015576209036468
2025-10-29,2025,10,29,257500.0,662500.0,55.83467987242347,-4.275570996161421,4290.841991963815,2.369531014008089
2025-10-29,2025,10,29,262500.0,662500.0,55.83613012441601,-4.195793465818992,2929.3898682148815,2.394276850906094
2025-10-29,2025,10,29,257500.0,667500.0,55.879574159628305,-4.278197631229293,4283.844651711825,1.0080313319443082
2025-10-29,2025,10,29,262500.0,667500.0,55.88102684588964,-4.198328199669799,2919.1308638017586,1.8129438602617216
2025-10-30,2025,10,30,257500.0,662500.0,55.83467987242347,-4.275570996161421,4290.841991963815,5.132428057228768
2025-10-30,2025,10,30,262500.0,662500.0,55.83613012441601,-4.195793465818992,2929.3898682148815,4.756377932871914
2025-10-30,2025,10,30,257500.0,667500.0,55.879574159628305,-4.278197631229293,4283.844651711825,6.3868211654904306
2025-10-30,2025,10,30,262500.0,667500.0,55.88102684588964,-4.198328199669799,2919.1308638017586,5.38800142253031
2025-10-31,2025,10,31,257500.0,662500.0,55.83467987242347,-4.275570996161421,4290.841991963815,13.991276469901544
2025-10-31,2025,10,31,262500.0,662500.0,55.83613012441601,-4.195793465818992,2929.3898682148815,13.20461461672865
2025-10-31,2025,10,31,257500.0,667500.0,55.879574159628305,-4.278197631229293,4283.844651711825,15.498951649178142
2025-10-31,2025,10,31,262500.0,667500.0,55.88102684588964,-4.198328199669799,2919.1308638017586,14.531589521446078
2025-11-01,2025,11,1,257500.0,662500.0,55.83467987242347,-4.275570996161421,4290.841991963815,2.7601580435851005
2025-11-01,2025,11,1,262500.0,662500.0,55.83613012441601,-4.195793465818992,2929.3898682148815,2.61922848434641
2025-11-01,2025,11,1,257500.0,667500.0,55.879574159628305,-4.278197631229293,4283.844651711825,2.266436588539133
2025-11-01,2025,11,1,262500.0,667500.0,55.88102684588964,-4.198328199669799,2919.1308638017586,2.5353514611049373
2025-11-02,2025,11,2,257500.0,662500.0,55.83467987242347,-4.275570996161421,4290.841991963815,8.060880849300018
2025-11-02,2025,11,2,262500.0,662500.0,55.83613012441601,-4.195793465818992,2929.3898682148815,6.582916369290252
2025-11-02,2025,11,2,257500.0,667500.0,55.879574159628305,-4.278197631229293,4283.844651711825,6.9627666004073925
2025-11-02,2025,11,2,262500.0,667500.0,55.88102684588964,-4.198328199669799,2919.1308638017586,7.529058366120726
2025-11-03,2025,11,3,257500.0,662500.0,55.83467987242347,-4.275570996161421,4290.841991963815,7.828548651458159
2025-11-03,2025,11,3,262500.0,662500.0,55.83613012441601,-4.195793465818992,2929.3898682148815,6.717342869720981
2025-11-03,2025,11,3,257500.0,667500.0,55.879574159628305,-4.278197631229293,4283.844651711825,8.062261907830534
2025-11-03,2025,11,3,262500.0,667500.0,55.88102684588964,-4.198328199669799,2919.1308638017586,7.680710887380274
2025-11-04,2025,11,4,257500.0,662500.0,55.83467987242347,-4.275570996161421,4290.841991963815,2.297684810327735
2025-11-04,2025,11,4,262500.0,662500.0,55.83613012441601,-4.195793465818992,2929.3898682148815,2.1051482680349993
2025-11-04,2025,11,4,257500.0,667500.0,55.879574159628305,-4.278197631229293,4283.844651711825,1.6925362888865183
2025-11-04,2025,11,4,262500.0,667500.0,55.88102684588964,-4.198328199669799,2919.1308638017586,1.8930933579242368
2025-11-05,2025,11,5,257500.0,662500.0,55.83467987242347,-4.275570996161421,4290.841991963815,9.939829769390276
2025-11-05,2025,11,5,262500.0,662500.0,55.83613012441601,-4.195793465818992,2929.3898682148815,9.027229343688273
2025-11-05,2025,11,5,257500.0,667500.0,55.879574159628305,-4.278197631229293,4283.844651711825,11.767298092509195
2025-11-05,2025,11,5,262500.0,667500.0,55.88102684588964,-4.198328199669799,2919.1308638017586,10.644112412311255
2025-11-06,2025,11,6,257500.0,662500.0,55.83467987242347,-4.275570996161421,4290.841991963815,2.4047544356917503
2025-11-06,2025,11,6,262500.0,662500.0,55.83613012441601,-4.195793465818992,2929.3898682148815,1.7828043261915654
2025-11-06,2025,11,6,257500.0,667500.0,55.879574159628305,-4.278197631229293,4283.844651711825,4.390171867970768
2025-11-06,2025,11,6,262500.0,667500.0,55.88102684588964,-4.198328199669799,2919.1308638017586,2.5585989626767263
2025-11-07,2025,11,7,257500.0,662500.0,55.83467987242347,-4.275570996161421,4290.841991963815,0.6633757278146332
2025-11-07,2025,11,7,262500.0,662500.0,55.83613012441601,-4.195793465818992,2929.3898682148815,0.6181590392562624
2025-11-07,2025,11,7,257500.0,667500.0,55.879574159628305,-4.278197631229293,4283.844651711825,0.8441969079020379
2025-11-07,2025,11,7,262500.0,667500.0,55.88102684588964,-4.198328199669799,2919.1308638017586,0.8438479046964437
2025-11-08,2025,11,8,257500.0,662500.0,55.83467987242347,-4.275570996161421,4290.841991963815,0.5430292890131655
2025-11-08,2025,11,8,262500.0,662500.0,55.83613012441601,-4.195793465818992,2929.3898682148815,0.2647395910208366
2025-11-08,2025,11,8,257500.0,667500.0,55.879574159628305,-4.278197631229293,4283.844651711825,0.7513152615326579
2025-11-08,2025,11,8,262500.0,667500.0,55.88102684588964,-4.198328199669799,2919.1308638017586,0.5220608138919989
2025-11-09,2025,11,9,257500.0,662500.0,55.83467987242347,-4.275570996161421,4290.841991963815,7.213202051117313
2025-11-09,2025,11,9,262500.0,662500.0,55.83613012441601,-4.195793465818992,2929.3898682148815,6.501679033266358
2025-11-09,2025,11,9,257500.0,667500.0,55.879574159628305,-4.278197631229293,4283.844651711825,6.787569420683034
2025-11-09,2025,11,9,262500.0,667500.0,55.88102684588964,-4.198328199669799,2919.1308638017586,7.401216356158339
2025-11-10,2025,11,10,257500.0,662500.0,55.83467987242347,-4.275570996161421,4290.841991963815,0.0672986589894091
2025-11-10,2025,11,10,262500.0,662500.0,55.83613012441601,-4.195793465818992,2929.3898682148815,0.0072656713131356
2025-11-10,2025,11,10,257500.0,667500.0,55.879574159628305,-4.278197631229293,4283.844651711825,0.132775443223103
2025-11-10,2025,11,10,262500.0,667500.0,55.88102684588964,-4.198328199669799,2919.1308638017586,0.0775421582993182
2025-11-11,2025,11,11,257500.0,662500.0,55.83467987242347,-4.275570996161421,4290.841991963815,13.598808396754626
2025-11-11,2025,11,11,262500.0,662500.0,55.83613012441601,-4.195793465818992,2929.3898682148815,12.789277050225342
2025-11-11,2025,11,11,257500.0,667500.0,55.879574159628305,-4.278197631229293,4283.844651711825,15.05848726150853
2025-11-11,2025,11,11,262500.0,667500.0,55.88102684588964,-4.198328199669799,2919.1308638017586,14.204271779370174
2025-11-12,2025,11,12,257500.0,662500.0,55.83467987242347,-4.275570996161421,4290.841991963815,18.654939515126237
2025-11-12,2025,11,12,262500.0,662500.0,55.83613012441601,-4.195793465818992,2929.3898682148815,17.697411912235157
2025-11-12,2025,11,12,257500.0,667500.0,55.879574159628305,-4.278197631229293,4283.844651711825,17.857148804773804
2025-11-12,2025,11,12,262500.0,667500.0,55.88102684588964,-4.198328199669799,2919.1308638017586,18.94142528706303
2025-11-13,2025,11,13,257500.0,662500.0,55.83467987242347,-4.275570996161421,4290.841991963815,5.266636982838768
2025-11-13,2025,11,13,262500.0,662500.0,55.83613012441601,-4.195793465818992,2929.3898682148815,4.528381463987489
2025-11-13,2025,11,13,257500.0,667500.0,55.879574159628305,-4.278197631229293,4283.844651711825,4.398869141776847
2025-11-13,2025,11,13,262500.0,667500.0,55.88102684588964,-4.198328199669799,2919.1308638017586,4.827129395244525
2025-11-14,2025,11,14,257500.0,662500.0,55.83467987242347,-4.275570996161421,4290.841991963815,1.1296760792310416
2025-11-14,2025,11,14,262500.0,662500.0,55.83613012441601,-4.195793465818992,2929.3898682148815,1.3420485811111065
2025-11-14,2025,11,14,257500.0,667500.0,55.879574159628305,-4.278197631229293,4283.844651711825,0.8770109443540919
2025-11-14,2025,11,14,262500.0,667500.0,55.88102684588964,-4.198328199669799,2919.1308638017586,1.1459219236852396
2025-11-15,2025,11,15,257500.0,662500.0,55.83467987242347,-4.275570996161421,4290.841991963815,0.1279660469850456
2025-11-15,2025,11,15,262500.0,662500.0,55.83613012441601,-4.195793465818992,2929.3898682148815,0.1612628307275507
2025-11-15,2025,11,15,257500.0,667500.0,55.879574159628305,-4.278197631229293,4283.844651711825,0.0485765421907474
2025-11-15,2025,11,15,262500.0,667500.0,55.88102684588964,-4.198328199669799,2919.1308638017586,0.0881932880998137
2025-11-16,2025,11,16,257500.0,662500.0,55.83467987242347,-4.275570996161421,4290.841991963815,0.0038140741050167
2025-11-16,2025,11,16,262500.0,662500.0,55.83613012441601,-4.195793465818992,2929.3898682148815,0.0012146724269584
2025-11-16,2025,11,16,257500.0,667500.0,55.879574159628305,-4.278197631229293,4283.844651711825,0.0026553025790373
2025-11-16,2025,11,16,262500.0,667500.0,55.88102684588964,-4.198328199669799,2919.1308638017586,0.0071322804358922
2025-11-17,2025,11,17,257500.0,662500.0,55.83467987242347,-4.275570996161421,4290.841991963815,3.215439269846214
2025-11-17,2025,11,17,262500.0,662500.0,55.83613012441601,-4.195793465818992,2929.3898682148815,3.2767305867222896
2025-11-17,2025,11,17,257500.0,667500.0,55.879574159628305,-4.278197631229293,4283.844651711825,3.948757876875556
2025-11-17,2025,11,17,262500.0,667500.0,55.88102684588964,-4.198328199669799,2919.1308638017586,3.6106136466008225
2025-11-18,2025,11,18,257500.0,662500.0,55.83467987242347,-4.275570996161421,4290.841991963815,2.1699771682559774
2025-11-18,2025,11,18,262500.0,662500.0,55.83613012441601,-4.195793465818992,2929.3898682148815,2.1668784386996167
2025-11-18,2025,11,18,257500.0,667500.0,55.879574159628305,-4.278197631229293,4283.844651711825,2.093413535755272
2025-11-18,2025,11,18,262500.0,667500.0,55.88102684588964,-4.198328199669799,2919.1308638017586,2.3538714096368256
2025-11-19,2025,11,19,257500.0,662500.0,55.83467987242347,-4.275570996161421,4290.841991963815,0.1586044140511078
2025-11-19,2025,11,19,262500.0,662500.0,55.83613012441601,-4.195793465818992,2929.3898682148815,0.1674760828090929
2025-11-19,2025,11,19,257500.0,667500.0,55.879574159628305,-4.278197631229293,4283.844651711825,0.0644207283778869
2025-11-19,2025,11,19,262500.0,667500.0,55.88102684588964,-4.198328199669799,2919.1308638017586,0.1115834377459969
2025-11-20,2025,11,20,257500.0,662500.0,55.83467987242347,-4.275570996161421,4290.841991963815,0.0008900654094506
2025-11-20,2025,11,20,262500.0,662500.0,55.83613012441601,-4.195793465818992,2929.3898682148815,0.0001567751485542
2025-11-20,2025,11,20,257500.0,667500.0,55.879574159628305,-4.278197631229293,4283.844651711825,0.0004122737089099
2025-11-20,2025,11,20,262500.0,667500.0,55.88102684588964,-4.198328199669799,2919.1308638017586,0.0006033142175083
2025-11-21,2025,11,21,257500.0,662500.0,55.83467987242347,-4.275570996161421,4290.841991963815,6.090523840803999
2025-11-21,2025,11,21,262500.0,662500.0,55.83613012441601,-4.195793465818992,2929.3898682148815,5.039136531972437
2025-11-21,2025,11,21,257500.0,667500.0,55.879574159628305,-4.278197631229293,4283.844651711825,7.271043875003557
2025-11-21,2025,11,21,262500.0,667500.0,55.88102684588964,-4.198328199669799,2919.1308638017586,7.045707010508497
2025-11-22,2025,11,22,257500.0,662500.0,55.83467987242347,-4.275570996161421,4290.841991963815,6.59471907574825
2025-11-22,2025,11,22,262500.0,662500.0,55.83613012441601,-4.195793465818992,2929.3898682148815,6.388567809953864
2025-11-22,2025,11,22,257500.0,667500.0,55.879574159628305,-4.278197631229293,4283.844651711825,6.901110126745906
2025-11-22,2025,11,22,262500.0,667500.0,55.88102684588964,-4.198328199669799,2919.1308638017586,6.9293845810383505
2025-11-23,2025,11,23,257500.0,662500.0,55.83467987242347,-4.275570996161421,4290.841991963815,1.456702358990818
2025-11-23,2025,11,23,262500.0,662500.0,55.83613012441601,-4.195793465818992,2929.3898682148815,1.3580154944749978
2025-11-23,2025,11,23,257500.0,667500.0,55.879574159628305,-4.278197631229293,4283.844651711825,0.8213677413252501
2025-11-23,2025,11,23,262500.0,667500.0,55.88102684588964,-4.198328199669799,2919.1308638017586,1.1870768205654585
2025-11-24,2025,11,24,257500.0,662500.0,55.83467987242347,-4.275570996161421,4290.841991963815,0.0037035276710508
2025-11-24,2025,11,24,262500.0,662500.0,55.83613012441601,-4.195793465818992,2929.3898682148815,0.0010292752140527
2025-11-24,2025,11,24,257500.0,667500.0,55.879574159628305,-4.278197631229293,4283.844651711825,0.0044509072164821
2025-11-24,2025,11,24,262500.0,667500.0,55.88102684588964,-4.198328199669799,2919.1308638017586,0.0068356996771496
2025-11-25,2025,11,25,257500.0,662500.0,55.83467987242347,-4.275570996161421,4290.841991963815,0.022603820712022
2025-11-25,2025,11,25,262500.0,662500.0,55.83613012441601,-4.195793465818992,2929.3898682148815,0.0053671905516784
2025-11-25,2025,11,25,257500.0,667500.0,55.879574159628305,-4.278197631229293,4283.844651711825,0.1088108851001463
2025-11-25,2025,11,25,262500.0,667500.0,55.88102684588964,-4.198328199669799,2919.1308638017586,0.0374560777498928
2025-11-26,2025,11,26,257500.0,662500.0,55.83467987242347,-4.275570996161421,4290.841991963815,9.715810986755596
2025-11-26,2025,11,26,262500.0,662500.0,55.83613012441601,-4.195793465818992,2929.3898682148815,7.200226083722563
2025-11-26,2025,11,26,257500.0,667500.0,55.879574159628305,-4.278197631229293,4283.844651711825,13.70343551585178
2025-11-26,2025,11,26,262500.0,667500.0,55.88102684588964,-4.198328199669799,2919.1308638017586,11.85847873841642
2025-11-27,2025,11,27,257500.0,662500.0,55.83467987242347,-4.275570996161421,4290.841991963815,2.735716499066349
2025-11-27,2025,11,27,262500.0,662500.0,55.83613012441601,-4.195793465818992,2929.3898682148815,2.8026107559167523
2025-11-27,2025,11,27,257500.0,667500.0,55.879574159628305,-4.278197631229293,4283.844651711825,2.1096218909322264
2025-11-27,2025,11,27,262500.0,667500.0,55.88102684588964,-4.198328199669799,2919.1308638017586,2.558897928066478
2025-11-28,2025,11,28,257500.0,662500.0,55.83467987242347,-4.275570996161421,4290.841991963815,4.502276373575655
2025-11-28,2025,11,28,262500.0,662500.0,55.83613012441601,-4.195793465818992,2929.3898682148815,3.970518260638521
2025-11-28,2025,11,28,257500.0,667500.0,55.879574159628305,-4.278197631229293,4283.844651711825,2.5815820431203873
2025-11-28,2025,11,28,262500.0,667500.0,55.88102684588964,-4.198328199669799,2919.1308638017586,3.5836147089485406
2025-11-29,2025,11,29,257500.0,662500.0,55.83467987242347,-4.275570996161421,4290.841991963815,0.0106000362512437
2025-11-29,2025,11,29,262500.0,662500.0,55.83613012441601,-4.195793465818992,2929.3898682148815,0.0033708192727838
2025-11-29,2025,11,29,257500.0,667500.0,55.879574159628305,-4.278197631229293,4283.844651711825,0.0084815439875542
2025-11-29,2025,11,29,262500.0,667500.0,55.88102684588964,-4.198328199669799,2919.1308638017586,0.0183731843899247
2025-11-30,2025,11,30,257500.0,662500.0,55.83467987242347,-4.275570996161421,4290.841991963815,11.18209552699262
2025-11-30,2025,11,30,262500.0,662500.0,55.83613012441601,-4.195793465818992,2929.3898682148815,9.46787574304754
2025-11-30,2025,11,30,257500.0,667500.0,55.879574159628305,-4.278197631229293,4283.844651711825,11.976534336867426
2025-11-30,2025,11,30,262500.0,667500.0,55.88102684588964,-4.198328199669799,2919.1308638017586,11.155409888105456
2025-12-01,2025,12,1,257500.0,662500.0,55.83467987242347,-4.275570996161421,4290.841991963815,7.138084486848938
2025-12-01,2025,12,1,262500.0,662500.0,55.83613012441601,-4.195793465818992,2929.3898682148815,8.152743265942659
2025-12-01,2025,12,1,257500.0,667500.0,55.879574159628305,-4.278197631229293,4283.844651711825,6.796050383908274
2025-12-01,2025,12,1,262500.0,667500.0,55.88102684588964,-4.198328199669799,2919.1308638017586,8.034227573860298
2025-12-02,2025,12,2,257500.0,662500.0,55.83467987242347,-4.275570996161421,4290.841991963815,2.561929747392947
2025-12-02,2025,12,2,262500.0,662500.0,55.83613012441601,-4.195793465818992,2929.3898682148815,2.582074342905316
2025-12-02,2025,12,2,257500.0,667500.0,55.879574159628305,-4.278197631229293,4283.844651711825,2.6291734494550214
2025-12-02,2025,12,2,262500.0,667500.0,55.88102684588964,-4.198328199669799,2919.1308638017586,2.6382485847080592
2025-12-03,2025,12,3,257500.0,662500.0,55.83467987242347,-4.275570996161421,4290.841991963815,3.0394105047415163
2025-12-03,2025,12,3,262500.0,662500.0,55.83613012441601,-4.195793465818992,2929.3898682148815,2.1966331219026545
2025-12-03,2025,12,3,257500.0,667500.0,55.879574159628305,-4.278197631229293,4283.844651711825,3.2832340417195818
2025-12-03,2025,12,3,262500.0,667500.0,55.88102684588964,-4.198328199669799,2919.1308638017586,2.340132536310948
2025-12-04,2025,12,4,257500.0,662500.0,55.83467987242347,-4.275570996161421,4290.841991963815,1.1451374864281925
2025-12-04,2025,12,4,262500.0,662500.0,55.83613012441601,-4.195793465818992,2929.3898682148815,0.866560890947191
2025-12-04,2025,12,4,257500.0,667500.0,55.879574159628305,-4.278197631229293,4283.844651711825,1.0991035094036552
2025-12-04,2025,12,4,262500.0,667500.0,55.88102684588964,-4.198328199669799,2919.1308638017586,0.8503964806008452
2025-12-05,2025,12,5,257500.0,662500.0,55.83467987242347,-4.275570996161421,4290.841991963815,5.691320204887881
2025-12-05,2025,12,5,262500.0,662500.0,55.83613012441601,-4.195793465818992,2929.3898682148815,5.4158306320708425
2025-12-05,2025,12,5,257500.0,667500.0,55.879574159628305,-4.278197631229293,4283.844651711825,6.137910533641722
2025-12-05,2025,12,5,262500.0,667500.0,55.88102684588964,-4.198328199669799,2919.1308638017586,6.037209303107266
2025-12-06,2025,12,6,257500.0,662500.0,55.83467987242347,-4.275570996161421,4290.841991963815,2.5526550575947264
2025-12-06,2025,12,6,262500.0,662500.0,55.83613012441601,-4.195793465818992,2929.3898682148815,2.3305066447296854
2025-12-06,2025,12,6,257500.0,667500.0,55.879574159628305,-4.278197631229293,4283.844651711825,2.8219079361980044
2025-12-06,2025,12,6,262500.0,667500.0,55.88102684588964,-4.198328199669799,2919.1308638017586,2.612146429329406
2025-12-07,2025,12,7,257500.0,662500.0,55.83467987242347,-4.275570996161421,4290.841991963815,15.3388150813456
2025-12-07,2025,12,7,262500.0,662500.0,55.83613012441601,-4.195793465818992,2929.3898682148815,15.895461182344656
2025-12-07,2025,12,7,257500.0,667500.0,55.879574159628305,-4.278197631229293,4283.844651711825,14.612198378775778
2025-12-07,2025,12,7,262500.0,667500.0,55.88102684588964,-4.198328199669799,2919.1308638017586,15.26119413102572
2025-12-08,2025,12,8,257500.0,662500.0,55.83467987242347,-4.275570996161421,4290.841991963815,8.341273542716612
2025-12-08,2025,12,8,262500.0,662500.0,55.83613012441601,-4.195793465818992,2929.3898682148815,8.88365744486937
2025-12-08,2025,12,8,257500.0,667500.0,55.879574159628305,-4.278197631229293,4283.844651711825,8.544459859601197
2025-12-08,2025,12,8,262500.0,667500.0,55.88102684588964,-4.198328199669799,2919.1308638017586,9.376378855488182
2025-12-09,2025,12,9,257500.0,662500.0,55.83467987242347,-4.275570996161421,4290.841991963815,9.206843008900858
2025-12-09,2025,12,9,262500.0,662500.0,55.83613012441601,-4.195793465818992,2929.3898682148815,7.13819974824315
2025-12-09,2025,12,9,257500.0,667500.0,55.879574159628305,-4.278197631229293,4283.844651711825,10.537243472953977
2025-12-09,2025,12,9,262500.0,667500.0,55.88102684588964,-4.198328199669799,2919.1308638017586,8.143608859591629
2025-12-10,2025,12,10,257500.0,662500.0,55.83467987242347,-4.275570996161421,4290.841991963815,3.402689561492593
2025-12-10,2025,12,10,262500.0,662500.0,55.83613012441601,-4.195793465818992,2929.3898682148815,3.518480539313856
2025-12-10,2025,12,10,257500.0,667500.0,55.879574159628305,-4.278197631229293,4283.844651711825,3.7651273949574304
2025-12-10,2025,12,10,262500.0,667500.0,55.88102684588964,-4.198328199669799,2919.1308638017586,3.8807811314596585
2025-12-11,2025,12,11,257500.0,662500.0,55.83467987242347,-4.275570996161421,4290.841991963815,5.2126657254369935
2025-12-11,2025,12,11,262500.0,662500.0,55.83613012441601,-4.195793465818992,2929.3898682148815,5.175107414451181
2025-12-11,2025,12,11,257500.0,667500.0,55.879574159628305,-4.278197631229293,4283.844651711825,5.184832814890731
2025-12-11,2025,12,11,262500.0,667500.0,55.88102684588964,-4.198328199669799,2919.1308638017586,5.193654685025743
2025-12-12,2025,12,12,257500.0,662500.0,55.83467987242347,-4.275570996161421,4290.841991963815,0.0897433369529985
2025-12-12,2025,12,12,262500.0,662500.0,55.83613012441601,-4.195793465818992,2929.3898682148815,0.0999231972383184
2025-12-12,2025,12,12,257500.0,667500.0,55.879574159628305,-4.278197631229293,4283.844651711825,0.0901771686784998
2025-12-12,2025,12,12,262500.0,667500.0,55.88102684588964,-4.198328199669799,2919.1308638017586,0.0962054287735254
2025-12-13,2025,12,13,257500.0,662500.0,55.83467987242347,-4.275570996161421,4290.841991963815,18.008917912534223
2025-12-13,2025,12,13,262500.0,662500.0,55.83613012441601,-4.195793465818992,2929.3898682148815,15.564635122049634
2025-12-13,2025,12,13,257500.0,667500.0,55.879574159628305,-4.278197631229293,4283.844651711825,19.5127549554691
2025-12-13,2025,12,13,262500.0,667500.0,55.88102684588964,-4.198328199669799,2919.1308638017586,17.147040574477316
2025-12-14,2025,12,14,257500.0,662500.0,55.83467987242347,-4.275570996161421,4290.841991963815,9.380605614828443
2025-12-14,2025,12,14,262500.0,662500.0,55.83613012441601,-4.195793465818992,2929.3898682148815,7.509579917077364
2025-12-14,2025,12,14,257500.0,667500.0,55.879574159628305,-4.278197631229293,4283.844651711825,10.399789113890058
2025-12-14,2025,12,14,262500.0,667500.0,55.88102684588964,-4.198328199669799,2919.1308638017586,8.526542074930289
2025-12-15,2025,12,15,257500.0,662500.0,55.83467987242347,-4.275570996161421,4290.841991963815,0.3739704435588565
2025-12-15,2025,12,15,262500.0,662500.0,55.83613012441601,-4.195793465818992,2929.3898682148815,0.3503248668634024
2025-12-15,2025,12,15,257500.0,667500.0,55.879574159628305,-4.278197631229293,4283.844651711825,0.4106359738854085
2025-12-15,2025,12,15,262500.0,667500.0,55.88102684588964,-4.198328199669799,2919.1308638017586,0.4216312222623404
2025-12-16,2025,12,16,257500.0,662500.0,55.83467987242347,-4.275570996161421,4290.841991963815,4.672737592617164
2025-12-16,2025,12,16,262500.0,662500.0,55.83613012441601,-4.195793465818992,2929.3898682148815,3.9720407251574086
2025-12-16,2025,12,16,257500.0,667500.0,55.879574159628305,-4.278197631229293,4283.844651711825,4.961868535729205
2025-12-16,2025,12,16,262500.0,667500.0,55.88102684588964,-4.198328199669799,2919.1308638017586,4.261146356287621
2025-12-17,2025,12,17,257500.0,662500.0,55.83467987242347,-4.275570996161421,4290.841991963815,4.401652727389581
2025-12-17,2025,12,17,262500.0,662500.0,55.83613012441601,-4.195793465818992,2929.3898682148815,4.437101228801438
2025-12-17,2025,12,17,257500.0,667500.0,55.879574159628305,-4.278197631229293,4283.844651711825,4.6481640290964314
2025-12-17,2025,12,17,262500.0,667500.0,55.88102684588964,-4.198328199669799,2919.1308638017586,4.708861264826328
2025-12-18,2025,12,18,257500.0,662500.0,55.83467987242347,-4.275570996161421,4290.841991963815,7.835229747654403
2025-12-18,2025,12,18,262500.0,662500.0,55.83613012441601,-4.195793465818992,2929.3898682148815,6.674218241529784
2025-12-18,2025,12,18,257500.0,667500.0,55.879574159628305,-4.278197631229293,4283.844651711825,8.528147944110001
2025-12-18,2025,12,18,262500.0,667500.0,55.88102684588964,-4.198328199669799,2919.1308638017586,7.402743387347919
2025-12-19,2025,12,19,257500.0,662500.0,55.83467987242347,-4.275570996161421,4290.841991963815,4.172530794059899
2025-12-19,2025,12,19,262500.0,662500.0,55.83613012441601,-4.195793465818992,2929.3898682148815,3.2071432088785334
2025-12-19,2025,12,19,257500.0,667500.0,55.879574159628305,-4.278197631229293,4283.844651711825,5.152968217750999
2025-12-19,2025,12,19,262500.0,667500.0,55.88102684588964,-4.198328199669799,2919.1308638017586,4.301080230623437
2025-12-20,2025,12,20,257500.0,662500.0,55.83467987242347,-4.275570996161421,4290.841991963815,0.0483602834166924
2025-12-20,2025,12,20,262500.0,662500.0,55.83613012441601,-4.195793465818992,2929.3898682148815,0.0437574755547615
2025-12-20,2025,12,20,257500.0,667500.0,55.879574159628305,-4.278197631229293,4283.844651711825,0.0551541653790414
2025-12-20,2025,12,20,262500.0,667500.0,55.88102684588964,-4.198328199669799,2919.1308638017586,0.0536178262969561
2025-12-21,2025,12,21,257500.0,662500.0,55.83467987242347,-4.275570996161421,4290.841991963815,4.80399529545483
2025-12-21,2025,12,21,262500.0,662500.0,55.83613012441601,-4.195793465818992,2929.3898682148815,4.752756711066868
2025-12-21,2025,12,21,257500.0,667500.0,55.879574159628305,-4.278197631229293,4283.844651711825,5.278104339558672
2025-12-21,2025,12,21,262500.0,667500.0,55.88102684588964,-4.198328199669799,2919.1308638017586,5.332013287130336
2025-12-22,2025,12,22,257500.0,662500.0,55.83467987242347,-4.275570996161421,4290.841991963815,0.09724947025758
2025-12-22,2025,12,22,262500.0,662500.0,55.83613012441601,-4.195793465818992,2929.3898682148815,0.1062659727304326
2025-12-22,2025,12,22,257500.0,667500.0,55.879574159628305,-4.278197631229293,4283.844651711825,0.1209862639462522
2025-12-22,2025,12,22,262500.0,667500.0,55.88102684588964,-4.198328199669799,2919.1308638017586,0.1285853586730631
2025-12-23,2025,12,23,257500.0,662500.0,55.83467987242347,-4.275570996161421,4290.841991963815,0.0
2025-12-23,2025,12,23,262500.0,662500.0,55.83613012441601,-4.195793465818992,2929.3898682148815,0.0
2025-12-23,2025,12,23,257500.0,667500.0,55.879574159628305,-4.278197631229293,4283.844651711825,0.0
2025-12-23,2025,12,23,262500.0,667500.0,55.88102684588964,-4.198328199669799,2919.1308638017586,0.0
2025-12-24,2025,12,24,257500.0,662500.0,55.83467987242347,-4.275570996161421,4290.841991963815,0.0
2025-12-24,2025,12,24,262500.0,662500.0,55.83613012441601,-4.195793465818992,2929.3898682148815,0.0
2025-12-24,2025,12,24,257500.0,667500.0,55.879574159628305,-4.278197631229293,4283.844651711825,0.0
2025-12-24,2025,12,24,262500.0,667500.0,55.88102684588964,-4.198328199669799,2919.1308638017586,0.0
2025-12-25,2025,12,25,257500.0,662500.0,55.83467987242347,-4.275570996161421,4290.841991963815,0.0121915621980404
2025-12-25,2025,12,25,262500.0,662500.0,55.83613012441601,-4.195793465818992,2929.3898682148815,0.012997980399081
2025-12-25,2025,12,25,257500.0,667500.0,55.879574159628305,-4.278197631229293,4283.844651711825,0.0072426556441238
2025-12-25,2025,12,25,262500.0,667500.0,55.88102684588964,-4.198328199669799,2919.1308638017586,0.0080928109478192
2025-12-26,2025,12,26,257500.0,662500.0,55.83467987242347,-4.275570996161421,4290.841991963815,0.0531252174166483
2025-12-26,2025,12,26,262500.0,662500.0,55.83613012441601,-4.195793465818992,2929.3898682148815,0.0906434584490747
2025-12-26,2025,12,26,257500.0,667500.0,55.879574159628305,-4.278197631229293,4283.844651711825,0.0379453889810574
2025-12-26,2025,12,26,262500.0,667500.0,55.88102684588964,-4.198328199669799,2919.1308638017586,0.0759687413211976
2025-12-27,2025,12,27,257500.0,662500.0,55.83467987242347,-4.275570996161421,4290.841991963815,0.0224201387907705
2025-12-27,2025,12,27,262500.0,662500.0,55.83613012441601,-4.195793465818992,2929.3898682148815,0.0319613987980212
2025-12-27,2025,12,27,257500.0,667500.0,55.879574159628305,-4.278197631229293,4283.844651711825,0.0137900126656041
2025-12-27,2025,12,27,262500.0,667500.0,55.88102684588964,-4.198328199669799,2919.1308638017586,0.0220802117756604
2025-12-28,2025,12,28,257500.0,662500.0,55.83467987242347,-4.275570996161421,4290.841991963815,0.0
2025-12-28,2025,12,28,262500.0,662500.0,55.83613012441601,-4.195793465818992,2929.3898682148815,0.0
2025-12-28,2025,12,28,257500.0,667500.0,55.879574159628305,-4.278197631229293,4283.844651711825,0.0
2025-12-28,2025,12,28,262500.0,667500.0,55.88102684588964,-4.198328199669799,2919.1308638017586,0.0
2025-12-29,2025,12,29,257500.0,662500.0,55.83467987242347,-4.275570996161421,4290.841991963815,0.0
2025-12-29,2025,12,29,262500.0,662500.0,55.83613012441601,-4.195793465818992,2929.3898682148815,0.0
2025-12-29,2025,12,29,257500.0,667500.0,55.879574159628305,-4.278197631229293,4283.844651711825,0.0
2025-12-29,2025,12,29,262500.0,667500.0,55.88102684588964,-4.198328199669799,2919.1308638017586,0.0
2025-12-30,2025,12,30,257500.0,662500.0,55.83467987242347,-4.275570996161421,4290.841991963815,0.0459140645039943
2025-12-30,2025,12,30,262500.0,662500.0,55.83613012441601,-4.195793465818992,2929.3898682148815,0.0195239239973604
2025-12-30,2025,12,30,257500.0,667500.0,55.879574159628305,-4.278197631229293,4283.844651711825,0.0550571532162483
2025-12-30,2025,12,30,262500.0,667500.0,55.88102684588964,-4.198328199669799,2919.1308638017586,0.0253013160267913
2025-12-31,2025,12,31,257500.0,662500.0,55.83467987242347,-4.275570996161421,4290.841991963815,0.7866663922657884
2025-12-31,2025,12,31,262500.0,662500.0,55.83613012441601,-4.195793465818992,2929.3898682148815,0.652118181349657
2025-12-31,2025,12,31,257500.0,667500.0,55.879574159628305,-4.278197631229293,4283.844651711825,0.7732244639367156
2025-12-31,2025,12,31,262500.0,667500.0,55.88102684588964,-4.198328199669799,2919.1308638017586,0.6271325915958433
