elevation,dist_to_water,dist_to_clyde,building_count,road_count,mean_annual_mm_day,mean_winter_mm_day,wet_days_per_year,max_daily_mm,flood_risk,easting,northing
8,429.13053806598646,429.13053806598646,62,57,2.9601,3.4095,166.3,39.458,2,255983,665006
17,808.6153630997927,1228.448457193296,42,58,2.8455,3.3141,163.7,37.886,1,256083,664106
14,724.3630880847584,1135.3277752433148,38,73,2.8455,3.3141,163.7,37.886,2,256083,664206
13,644.6277695836297,1043.1427261242884,37,72,2.8455,3.3141,163.7,37.886,2,256083,664306
12,571.3038064436845,949.0657471707242,44,71,2.8455,3.3141,163.7,37.886,2,256083,664406
10,507.1795709565998,851.4943408966427,41,69,2.8455,3.3141,163.7,37.886,2,256083,664506
10,455.21994994732086,754.5590982191461,50,56,2.8455,3.3141,163.7,37.886,2,256083,664606
9,420.75878737074055,658.5410031513405,57,50,2.8455,3.3141,163.7,37.886,2,256083,664706
11,408.4736361986546,563.908745239739,56,59,2.8455,3.3141,163.7,37.886,2,256083,664806
9,420.313532721712,471.4975006128239,51,60,2.8455,3.3141,163.7,37.886,2,256083,664906
10,382.37056229184736,382.37056229184736,41,67,2.9601,3.4095,166.3,39.458,2,256083,665006
8,293.97653157935,293.97653157935,40,70,2.9601,3.4095,166.3,39.458,2,256083,665106
8,205.60189526637024,205.60189526637024,31,67,2.9601,3.4095,166.3,39.458,2,256083,665206
8,127.24662233661569,127.24662233661569,30,52,2.9601,3.4095,166.3,39.458,2,256083,665306
3,97.78609376085164,97.78609376085164,24,31,2.9601,3.4095,166.3,39.458,2,256083,665406
4,70.41679657550866,70.41679657550866,13,21,2.9601,3.4095,166.3,39.458,2,256083,665506
1,0.0,0.0,2,13,2.9601,3.4095,166.3,39.458,0,256083,665606
6,0.0,0.0,6,16,2.9601,3.4095,166.3,39.458,0,256083,665706
10,20.48554320050744,20.48554320050744,6,36,2.9601,3.4095,166.3,39.458,2,256083,665806
5,108.52923497854826,108.52923497854826,9,64,2.9601,3.4095,166.3,39.458,2,256083,665906
29,719.3780953187348,1651.346281541389,101,40,2.8455,3.3141,163.7,37.886,1,256183,663606
24,804.3696005405598,1560.1367592462684,83,43,2.8455,3.3141,163.7,37.886,1,256183,663706
18,892.3491673120435,1468.9670922233895,82,46,2.8455,3.3141,163.7,37.886,1,256183,663806
18,948.5636477644128,1377.8672264166382,67,63,2.8455,3.3141,163.7,37.886,1,256183,663906
17,854.7608272486561,1286.1324072298933,42,71,2.8455,3.3141,163.7,37.886,1,256183,664006
16,762.5346875634476,1192.3523302344142,29,72,2.8455,3.3141,163.7,37.886,1,256183,664106
16,672.534183277075,1098.9442194548133,29,84,2.8455,3.3141,163.7,37.886,1,256183,664206
12,585.7860578870414,1005.7814845308012,24,69,2.8455,3.3141,163.7,37.886,2,256183,664306
13,503.972601986971,912.618749737062,37,58,2.8455,3.3141,163.7,37.886,2,256183,664406
15,429.9202966739249,819.856837793942,44,61,2.8455,3.3141,163.7,37.886,2,256183,664506
13,368.1449309384916,728.3692759322389,54,58,2.8455,3.3141,163.7,37.886,2,256183,664606
9,324.56654863889094,635.8429066335848,48,61,2.8455,3.3141,163.7,37.886,2,256183,664706
10,308.4739840165072,537.2271605592261,41,69,2.8455,3.3141,163.7,37.886,2,256183,664806
7,323.709660103423,439.2377968353948,42,75,2.8455,3.3141,163.7,37.886,2,256183,664906
10,342.41299960003647,342.41299960003647,32,78,2.9601,3.4095,166.3,39.458,2,256183,665006
7,248.11989525505112,248.11989525505112,21,67,2.9601,3.4095,166.3,39.458,2,256183,665106
7,158.82252509271356,158.82252509271356,14,55,2.9601,3.4095,166.3,39.458,2,256183,665206
3,70.42849438021621,70.42849438021621,12,45,2.9601,3.4095,166.3,39.458,2,256183,665306
1,0.0,0.0,8,29,2.9601,3.4095,166.3,39.458,2,256183,665406
-1,2.5428450463760868,2.5428450463760868,5,24,2.9601,3.4095,166.3,39.458,0,256183,665506
3,0.0,0.0,10,33,2.9601,3.4095,166.3,39.458,0,256183,665606
3,0.0,0.0,12,39,2.9601,3.4095,166.3,39.458,2,256183,665706
6,67.90187306789961,67.90187306789961,10,49,2.9601,3.4095,166.3,39.458,2,256183,665806
7,155.94556484594045,155.94556484594045,15,56,2.9601,3.4095,166.3,39.458,2,256183,665906
19,243.98925662398128,243.98925662398128,18,64,2.9601,3.4095,166.3,39.458,1,256183,666006
27,188.92286156050776,332.03297046475745,18,62,2.9601,3.4095,166.3,39.458,1,256183,666106
27,102.03064814240167,420.07712587493376,30,53,2.9601,3.4095,166.3,39.458,1,256183,666206
9,16.922549666548864,506.7733481238489,76,96,2.9601,3.4095,166.3,39.458,2,256183,666306
8,52.92593427182255,595.1780276733386,135,132,2.9601,3.4095,166.3,39.458,2,256183,666406
39,420.42661857987554,1884.6616188150545,100,5,2.8455,3.3141,163.7,37.886,0,256283,663306
34,498.154334152387,1793.1817964141012,95,12,2.8455,3.3141,163.7,37.886,1,256283,663406
39,581.329179676821,1701.7019740131486,105,17,2.8455,3.3141,163.7,37.886,0,256283,663506
36,668.7452409344259,1610.3484396140902,112,24,2.8455,3.3141,163.7,37.886,0,256283,663606
30,759.2738500706848,1519.138917318969,112,26,2.8455,3.3141,163.7,37.886,1,256283,663706
19,851.8661994695093,1427.9293950238482,110,34,2.8455,3.3141,163.7,37.886,1,256283,663806
17,909.7801417856806,1336.719872728727,93,63,2.8455,3.3141,163.7,37.886,1,256283,663906
17,816.7955715643297,1245.511387138334,58,73,2.8455,3.3141,163.7,37.886,1,256283,664006
13,725.6790647845831,1154.5074842867484,26,78,2.8455,3.3141,163.7,37.886,2,256283,664106
10,632.3785037243417,1062.8541900224986,19,79,2.8455,3.3141,163.7,37.886,2,256283,664206
14,539.2083548233605,970.292915794266,20,61,2.8455,3.3141,163.7,37.886,2,256283,664306
11,448.986333700696,876.3997228727037,32,54,2.8455,3.3141,163.7,37.886,2,256283,664406
14,363.91181045504766,783.1145118683067,43,55,2.8455,3.3141,163.7,37.886,2,256283,664506
13,288.5738791494273,689.9517770745674,49,67,2.8455,3.3141,163.7,37.886,2,256283,664606
10,231.62239062972083,596.8112950413654,44,64,2.8455,3.3141,163.7,37.886,2,256283,664706
8,208.47466551281903,504.9981016555006,34,77,2.8455,3.3141,163.7,37.886,2,256283,664806
6,229.91486244251695,413.59624703930126,31,78,2.8455,3.3141,163.7,37.886,0,256283,664906
11,285.9080788605912,322.1939208087882,17,88,2.9601,3.4095,166.3,39.458,0,256283,665006
2,227.05889631716693,227.05889631716693,11,69,2.9601,3.4095,166.3,39.458,0,256283,665106
5,127.5224712861043,127.5224712861043,8,43,2.9601,3.4095,166.3,39.458,0,256283,665206
1,27.986046255041693,27.986046255041693,8,30,2.9601,3.4095,166.3,39.458,2,256283,665306
8,0.0,0.0,9,28,2.9601,3.4095,166.3,39.458,0,256283,665406
-2,0.0,0.0,7,41,2.9601,3.4095,166.3,39.458,0,256283,665506
2,0.0,0.0,14,55,2.9601,3.4095,166.3,39.458,2,256283,665606
5,27.274511157250963,27.274511157250963,20,54,2.9601,3.4095,166.3,39.458,2,256283,665706
9,115.31820293529178,115.31820293529178,34,76,2.9601,3.4095,166.3,39.458,2,256283,665806
9,203.3618947133326,203.3618947133326,41,74,2.9601,3.4095,166.3,39.458,2,256283,665906
27,278.2636424854314,291.40558649137347,73,75,2.9601,3.4095,166.3,39.458,1,256283,666006
39,178.80499392975727,379.4492782694142,68,75,2.9601,3.4095,166.3,39.458,0,256283,666106
31,80.42563784271638,467.49297004745506,63,55,2.9601,3.4095,166.3,39.458,1,256283,666206
10,0.0,555.5367502599997,50,75,2.9601,3.4095,166.3,39.458,2,256283,666306
10,69.64064168494062,643.5809056701761,86,113,2.9601,3.4095,166.3,39.458,2,256283,666406
16,159.7944418834299,730.0928222125405,141,141,2.9601,3.4095,166.3,39.458,1,256283,666506
18,247.56987993891184,818.7823674991038,173,153,2.9601,3.4095,166.3,39.458,1,256283,666606
20,339.4032332920081,909.485786122232,208,122,2.9601,3.4095,166.3,39.458,1,256283,666706
28,208.28133208088704,2027.752750295788,100,6,2.8455,3.3141,163.7,37.886,1,256383,663106
31,279.2785303147161,1935.8257722257035,102,1,2.8455,3.3141,163.7,37.886,1,256383,663206
33,358.8260824640479,1844.2688599349055,99,4,2.8455,3.3141,163.7,37.886,1,256383,663306
39,445.1441992684946,1752.7906823728902,91,9,2.8455,3.3141,163.7,37.886,0,256383,663406
39,536.1118641932727,1661.3108599719371,97,12,2.8455,3.3141,163.7,37.886,0,256383,663506
40,629.7271313599935,1569.8310375709846,110,18,2.8455,3.3141,163.7,37.886,0,256383,663606
34,725.0493700521274,1478.3512151700315,124,20,2.8455,3.3141,163.7,37.886,1,256383,663706
20,821.4698972719224,1386.931553096549,125,34,2.8455,3.3141,163.7,37.886,1,256383,663806
16,873.3085112528836,1295.722030801428,105,50,2.8455,3.3141,163.7,37.886,1,256383,663906
15,783.4107167668956,1204.5125085063069,70,72,2.8455,3.3141,163.7,37.886,2,256383,664006
12,687.8862191414712,1113.3029862111855,32,72,2.8455,3.3141,163.7,37.886,2,256383,664106
11,593.8371408258961,1022.0934639160646,16,58,2.8455,3.3141,163.7,37.886,2,256383,664206
12,502.09326739541353,931.1390872757996,20,59,2.8455,3.3141,163.7,37.886,2,256383,664306
13,411.325992549058,839.575972815104,28,51,2.8455,3.3141,163.7,37.886,2,256383,664406
12,316.2785956797353,747.841153628359,37,48,2.8455,3.3141,163.7,37.886,2,256383,664506
11,225.55537684529537,654.0953579383153,44,55,2.8455,3.3141,163.7,37.886,2,256383,664606
10,147.37132001343053,560.4667039809794,39,58,2.8455,3.3141,163.7,37.886,2,256383,664706
9,108.4766034974696,467.28480441207296,29,73,2.8455,3.3141,163.7,37.886,2,256383,664806
9,144.68498159674112,374.1220696183335,18,95,2.8455,3.3141,163.7,37.886,0,256383,664906
0,223.1957201324476,281.62692737876233,11,107,2.9601,3.4095,166.3,39.458,0,256383,665006
2,190.2254170451274,190.2254170451274,8,88,2.9601,3.4095,166.3,39.458,0,256383,665106
-2,98.82309081461428,98.82309081461428,6,51,2.9601,3.4095,166.3,39.458,0,256383,665206
0,7.711917884672746,7.711917884672746,6,36,2.9601,3.4095,166.3,39.458,0,256383,665306
-2,0.0,0.0,8,44,2.9601,3.4095,166.3,39.458,0,256383,665406
1,18.70371688390127,18.70371688390127,10,66,2.9601,3.4095,166.3,39.458,2,256383,665506
5,34.26511993202627,34.26511993202627,14,67,2.9601,3.4095,166.3,39.458,2,256383,665606
7,78.17083431228862,78.17083431228862,32,79,2.9601,3.4095,166.3,39.458,2,256383,665706
10,162.37433060088057,162.37433060088057,49,98,2.9601,3.4095,166.3,39.458,2,256383,665806
20,250.7782245807248,250.7782245807248,83,95,2.9601,3.4095,166.3,39.458,1,256383,665906
30,300.91969714967684,338.8219163587656,105,88,2.9601,3.4095,166.3,39.458,1,256383,666006
34,206.4488185504873,426.8656081368064,102,69,2.9601,3.4095,166.3,39.458,1,256383,666106
30,113.88739243652309,514.9092999148472,97,47,2.9601,3.4095,166.3,39.458,1,256383,666206
10,33.962782008298916,602.9529916928881,85,84,2.9601,3.4095,166.3,39.458,2,256383,666306
12,24.589832192047172,690.9966834709289,57,142,2.9601,3.4095,166.3,39.458,2,256383,666406
23,117.29833424356724,779.0405300552419,98,166,2.9601,3.4095,166.3,39.458,1,256383,666506
24,207.68088350984215,866.9038791535886,146,165,2.9601,3.4095,166.3,39.458,1,256383,666606
27,297.98972607980653,953.5469740520856,182,145,2.9601,3.4095,166.3,39.458,1,256383,666706
23,385.94177338052026,1042.3877618380548,190,140,2.9601,3.4095,166.3,39.458,1,256383,666806
27,367.2230658999362,1132.8424761901747,238,197,2.9601,3.4095,166.3,39.458,1,256383,666906
24,76.9964740728489,2177.118012853384,89,14,2.8455,3.3141,163.7,37.886,1,256483,662906
26,68.65081360295288,2083.5374354529617,82,11,2.8455,3.3141,163.7,37.886,1,256483,663006
24,138.50343807151154,1990.248320543977,81,7,2.8455,3.3141,163.7,37.886,1,256483,663106
26,221.55477655048483,1897.230099980355,87,7,2.8455,3.3141,163.7,37.886,1,256483,663206
29,313.5221987372612,1804.6744714440715,93,5,2.8455,3.3141,163.7,37.886,1,256483,663306
39,409.1857787252748,1712.5806305618928,93,5,2.8455,3.3141,163.7,37.886,0,256483,663406
38,506.45629195677674,1620.9175535439524,94,6,2.8455,3.3141,163.7,37.886,0,256483,663506
40,604.6180197564461,1529.4397997557703,110,9,2.8455,3.3141,163.7,37.886,0,256483,663606
24,703.2978913417872,1437.9601011288205,126,20,2.8455,3.3141,163.7,37.886,1,256483,663706
21,802.3047414277213,1346.4802787278677,119,29,2.8455,3.3141,163.7,37.886,1,256483,663806
20,835.955498215931,1255.000456326915,98,33,2.8455,3.3141,163.7,37.886,1,256483,663906
11,741.982994041178,1163.5244136762694,74,53,2.8455,3.3141,163.7,37.886,2,256483,664006
10,649.8122281822466,1072.3051442838864,36,59,2.8455,3.3141,163.7,37.886,2,256483,664106
9,560.3330262835144,981.0956219887656,17,59,2.8455,3.3141,163.7,37.886,2,256483,664206
13,467.62698230739767,889.8860996936444,17,48,2.8455,3.3141,163.7,37.886,2,256483,664306
13,371.6585717045287,798.6765773985232,34,49,2.8455,3.3141,163.7,37.886,2,256483,664406
10,278.5411877280941,707.7706902648509,44,41,2.8455,3.3141,163.7,37.886,2,256483,664506
10,191.3323320620059,616.2977556077095,41,45,2.8455,3.3141,163.7,37.886,2,256483,664606
10,96.53315626755344,524.5629364209643,43,62,2.8455,3.3141,163.7,37.886,2,256483,664706
11,8.52413350509574,432.0880064944993,35,88,2.8455,3.3141,163.7,37.886,2,256483,664806
8,94.72602474314655,337.95433435949116,27,104,2.8455,3.3141,163.7,37.886,2,256483,664906
4,194.1357727900307,244.6178317495784,22,116,2.9601,3.4095,166.3,39.458,0,256483,665006
7,151.455096955839,151.455096955839,18,101,2.9601,3.4095,166.3,39.458,0,256483,665106
12,58.29482428971365,58.29482428971365,7,63,2.9601,3.4095,166.3,39.458,2,256483,665206
2,0.0,0.0,5,58,2.9601,3.4095,166.3,39.458,0,256483,665306
3,0.0,0.0,7,68,2.9601,3.4095,166.3,39.458,2,256483,665406
3,79.72189340265989,79.72189340265989,9,85,2.9601,3.4095,166.3,39.458,0,256483,665506
6,131.9799077629061,131.9799077629061,16,90,2.9601,3.4095,166.3,39.458,0,256483,665606
10,166.5279497530073,166.5279497530073,40,107,2.9601,3.4095,166.3,39.458,2,256483,665706
13,219.52257250934383,219.52257250934383,58,126,2.9601,3.4095,166.3,39.458,2,256483,665806
23,297.73941901149084,297.73941901149084,106,105,2.9601,3.4095,166.3,39.458,1,256483,665906
31,337.4720127320921,385.7969877311028,133,98,2.9601,3.4095,166.3,39.458,1,256483,666006
32,249.95659166513337,474.2819380041986,153,85,2.9601,3.4095,166.3,39.458,1,256483,666106
26,175.29793097405457,562.3256297822394,136,79,2.9601,3.4095,166.3,39.458,1,256483,666206
23,82.22410728072984,650.3693215602802,116,107,2.9601,3.4095,166.3,39.458,1,256483,666306
9,0.0,738.4130133383211,53,128,2.9601,3.4095,166.3,39.458,2,256483,666406
21,75.12601594275802,826.456705116362,39,137,2.9601,3.4095,166.3,39.458,1,256483,666506
26,167.3523616528314,914.5003968944028,70,152,2.9601,3.4095,166.3,39.458,1,256483,666606
25,261.92828596422805,1002.5443098504842,121,171,2.9601,3.4095,166.3,39.458,1,256483,666706
26,292.6104440380655,1089.8342251779195,164,173,2.9601,3.4095,166.3,39.458,1,256483,666806
27,267.437094751274,1177.0591040391748,214,235,2.9601,3.4095,166.3,39.458,1,256483,666906
27,277.97466665391954,1265.993651931976,272,318,2.9601,3.4095,166.3,39.458,1,256483,667006
27,320.65739246692834,1356.2815919133454,321,387,2.9601,3.4095,166.3,39.458,1,256483,667106
22,185.3233612266377,2330.8161706824612,183,25,2.8455,3.3141,163.7,37.886,1,256583,662706
24,90.19660629772874,2236.810682812441,132,24,2.8455,3.3141,163.7,37.886,1,256583,662806
24,12.951977892087855,2142.755816159857,83,31,2.8455,3.3141,163.7,37.886,1,256583,662906
25,0.0,2048.689110322906,62,27,2.8455,3.3141,163.7,37.886,1,256583,663006
25,95.48918812972948,1954.7635443317915,65,16,2.8455,3.3141,163.7,37.886,1,256583,663106
27,195.40511559647857,1861.1067003550263,77,13,2.8455,3.3141,163.7,37.886,1,256583,663206
31,295.3779500112888,1767.633906132746,85,17,2.8455,3.3141,163.7,37.886,1,256583,663306
35,395.3645248431753,1674.403947337422,81,17,2.8455,3.3141,163.7,37.886,1,256583,663406
35,495.35651974721,1581.6941209118909,87,19,2.8455,3.3141,163.7,37.886,1,256583,663506
33,595.3512037509174,1489.3425414402534,94,17,2.8455,3.3141,163.7,37.886,1,256583,663606
23,695.3474167344441,1397.5666398666797,117,23,2.8455,3.3141,163.7,37.886,1,256583,663706
21,795.3445819962961,1306.0884933648174,104,27,2.8455,3.3141,163.7,37.886,1,256583,663806
22,809.305525848034,1214.609342285704,86,38,2.8455,3.3141,163.7,37.886,1,256583,663906
12,711.8234350012847,1123.1295198847508,59,47,2.8455,3.3141,163.7,37.886,2,256583,664006
11,615.1502020367819,1031.649697483798,32,50,2.8455,3.3141,163.7,37.886,2,256583,664106
8,519.7373755222526,940.1698750828452,16,58,2.8455,3.3141,163.7,37.886,2,256583,664206
9,426.4318327278399,848.8882577663452,17,60,2.8455,3.3141,163.7,37.886,2,256583,664306
11,336.98854047651207,757.6787354712241,29,51,2.8455,3.3141,163.7,37.886,2,256583,664406
12,253.3032543792091,666.4692131761029,41,56,2.8455,3.3141,163.7,37.886,2,256583,664506
11,153.68031109620196,575.2596908809819,47,53,2.8455,3.3141,163.7,37.886,2,256583,664606
11,55.432277223225235,484.2808898679067,49,63,2.8455,3.3141,163.7,37.886,2,256583,664706
7,18.977682979510405,392.9903839729379,41,106,2.8455,3.3141,163.7,37.886,0,256583,664806
5,97.3367185779041,301.28471921356964,34,139,2.8455,3.3141,163.7,37.886,2,256583,664906
3,192.90760656780705,209.54990002682447,29,138,2.9601,3.4095,166.3,39.458,2,256583,665006
5,116.1003001051824,116.1003001051824,19,125,2.9601,3.4095,166.3,39.458,0,256583,665106
2,22.070832614276373,22.070832614276373,21,95,2.9601,3.4095,166.3,39.458,2,256583,665206
2,0.0,0.0,10,64,2.9601,3.4095,166.3,39.458,0,256583,665306
3,34.10721343954469,34.10721343954469,9,64,2.9601,3.4095,166.3,39.458,2,256583,665406
5,125.59087296085504,125.59087296085504,9,78,2.9601,3.4095,166.3,39.458,0,256583,665506
7,216.24966706176545,216.24966706176545,22,95,2.9601,3.4095,166.3,39.458,0,256583,665606
9,257.8492282128605,257.8492282128605,37,113,2.9601,3.4095,166.3,39.458,2,256583,665706
15,299.6848987736636,299.6848987736636,65,119,2.9601,3.4095,166.3,39.458,2,256583,665806
21,360.92885773398746,360.92885773398746,137,114,2.9601,3.4095,166.3,39.458,1,256583,665906
25,389.6987732680024,436.7244464617718,178,130,2.9601,3.4095,166.3,39.458,1,256583,666006
27,304.61140966329503,520.7560311023973,176,117,2.9601,3.4095,166.3,39.458,1,256583,666106
25,211.93458366110477,609.3547474556191,144,108,2.9601,3.4095,166.3,39.458,1,256583,666206
27,119.47226773076824,697.7856514276724,115,106,2.9601,3.4095,166.3,39.458,1,256583,666306
13,24.47733124176835,785.8293432057133,51,141,2.9601,3.4095,166.3,39.458,2,256583,666406
18,41.303047427532114,873.8730349837541,23,125,2.9601,3.4095,166.3,39.458,1,256583,666506
29,136.40061714780933,961.916726761795,33,155,2.9601,3.4095,166.3,39.458,1,256583,666606
32,232.66013870593665,1049.9604185398357,82,227,2.9601,3.4095,166.3,39.458,1,256583,666706
28,205.57995710927656,1138.0041103178764,146,292,2.9601,3.4095,166.3,39.458,1,256583,666806
30,167.90598312464894,1226.0480896457266,197,313,2.9601,3.4095,166.3,39.458,1,256583,666906
27,184.10407242618027,1312.994646236904,236,336,2.9601,3.4095,166.3,39.458,1,256583,667006
29,243.8145966225899,1400.6014554751546,278,379,2.9601,3.4095,166.3,39.458,1,256583,667106
31,323.9150961934887,1489.5998145254898,297,361,2.9601,3.4095,166.3,39.458,1,256583,667206
37,345.3698539075608,1579.7681593402592,257,336,2.9601,3.4095,166.3,39.458,0,256583,667306
20,384.8964660084592,2488.9037571783083,282,46,2.8455,3.3141,163.7,37.886,1,256683,662506
17,286.3560614464228,2393.5360091502776,226,33,2.8455,3.3141,163.7,37.886,1,256683,662606
21,189.35231265662944,2298.5385510571996,172,24,2.8455,3.3141,163.7,37.886,1,256683,662706
23,98.08892158062186,2203.816891032408,124,36,2.8455,3.3141,163.7,37.886,1,256683,662806
22,39.55386641276309,2109.0411264621057,71,45,2.8455,3.3141,163.7,37.886,1,256683,662906
21,77.53070868383983,2014.6622416779417,42,50,2.8455,3.3141,163.7,37.886,1,256683,663006
26,131.71363993801813,1920.6803566686417,54,36,2.8455,3.3141,163.7,37.886,1,256683,663106
26,216.07383596271583,1826.622570904631,70,25,2.8455,3.3141,163.7,37.886,1,256683,663206
29,309.61782842147664,1732.5762549909382,79,22,2.8455,3.3141,163.7,37.886,1,256683,663306
31,406.1815972706798,1638.7289509643078,86,19,2.8455,3.3141,163.7,37.886,1,256683,663406
29,504.0446607029327,1545.0985888000014,88,19,2.8455,3.3141,163.7,37.886,1,256683,663506
28,602.604124634969,1451.7638742941583,86,28,2.8455,3.3141,163.7,37.886,1,256683,663606
25,701.5714091031789,1358.7216799103587,90,30,2.8455,3.3141,163.7,37.886,1,256683,663706
23,800.7953253578361,1266.200897288071,80,28,2.8455,3.3141,163.7,37.886,1,256683,663806
22,794.436450157519,1174.2508381063326,59,32,2.8455,3.3141,163.7,37.886,1,256683,663906
12,694.8715289805343,1082.7371869738645,42,42,2.8455,3.3141,163.7,37.886,2,256683,664006
10,595.4524416245272,991.2585834425868,22,50,2.8455,3.3141,163.7,37.886,2,256683,664106
11,496.2668422184545,899.7787610416341,17,63,2.8455,3.3141,163.7,37.886,2,256683,664206
13,397.4895560066224,808.2989386406811,22,73,2.8455,3.3141,163.7,37.886,2,256683,664306
13,299.52481630610714,716.8191162397283,34,73,2.8455,3.3141,163.7,37.886,2,256683,664406
11,203.5492177142242,625.4713712488038,41,76,2.8455,3.3141,163.7,37.886,2,256683,664506
10,114.67106209038988,534.2618489536827,52,64,2.8455,3.3141,163.7,37.886,2,256683,664606
12,58.41655238167648,443.05232665856175,58,78,2.8455,3.3141,163.7,37.886,2,256683,664706
8,78.8924619368741,351.84280436344056,51,117,2.8455,3.3141,163.7,37.886,2,256683,664806
1,146.43136085045867,260.69669033917546,42,157,2.8455,3.3141,163.7,37.886,0,256683,664906
7,169.6219869619891,169.6219869619891,40,157,2.9601,3.4095,166.3,39.458,2,256683,665006
6,78.00650200617505,78.00650200617505,21,139,2.9601,3.4095,166.3,39.458,2,256683,665106
4,0.0,0.0,22,101,2.9601,3.4095,166.3,39.458,0,256683,665206
5,0.0,0.0,11,67,2.9601,3.4095,166.3,39.458,0,256683,665306
4,73.25074550820425,73.25074550820425,9,61,2.9601,3.4095,166.3,39.458,0,256683,665406
7,165.8360409343089,165.8360409343089,10,63,2.9601,3.4095,166.3,39.458,2,256683,665506
5,257.45695490317627,257.45695490317627,21,71,2.9601,3.4095,166.3,39.458,2,256683,665606
10,348.9406144244866,348.9406144244866,35,81,2.9601,3.4095,166.3,39.458,2,256683,665706
13,389.1425410628371,389.1425410628371,59,91,2.9601,3.4095,166.3,39.458,2,256683,665806
16,417.49137288475663,438.0531007275509,107,115,2.9601,3.4095,166.3,39.458,1,256683,665906
21,338.589580633343,502.3436282558004,183,143,2.9601,3.4095,166.3,39.458,1,256683,666006
24,269.8083871224801,576.8948973958617,176,132,2.9601,3.4095,166.3,39.458,1,256683,666106
22,219.69023651612056,658.2296897235507,148,126,2.9601,3.4095,166.3,39.458,1,256683,666206
25,139.0584503082771,744.1269557177335,87,93,2.9601,3.4095,166.3,39.458,1,256683,666306
20,48.181807782591946,832.9388337393148,49,123,2.9601,3.4095,166.3,39.458,1,256683,666406
17,19.085068241678336,921.2893648511464,22,140,2.9601,3.4095,166.3,39.458,1,256683,666506
34,119.03113197531056,1009.3330566291872,36,160,2.9601,3.4095,166.3,39.458,1,256683,666606
32,219.0256180433283,1097.376748407228,65,260,2.9601,3.4095,166.3,39.458,1,256683,666706
40,136.9849123280483,1185.4204401852687,122,274,2.9601,3.4095,166.3,39.458,0,256683,666806
34,69.72975468985877,1273.4641319633097,170,309,2.9601,3.4095,166.3,39.458,1,256683,666906
33,102.56073160060215,1361.5078237413502,230,352,2.9601,3.4095,166.3,39.458,1,256683,667006
30,189.60378016233696,1449.5518694409689,271,381,2.9601,3.4095,166.3,39.458,1,256683,667106
33,285.2442197996787,1536.2848836476878,262,333,2.9601,3.4095,166.3,39.458,1,256683,667206
34,250.1184420966339,1624.1615497716778,220,288,2.9601,3.4095,166.3,39.458,1,256683,667306
36,233.51747029743305,1713.206142919376,184,271,2.9601,3.4095,166.3,39.458,0,256683,667406
39,152.38150346927384,1803.2845360529277,159,197,2.9601,3.4095,166.3,39.458,0,256683,667506
21,601.4446113604306,2653.852301471748,176,53,2.8455,3.3141,163.7,37.886,1,256783,662306
21,505.5592199889207,2557.144217972852,203,48,2.8455,3.3141,163.7,37.886,1,256783,662406
18,411.6365257081936,2460.597663007682,200,37,2.8455,3.3141,163.7,37.886,1,256783,662506
20,321.2159942993243,2364.332100467366,186,32,2.8455,3.3141,163.7,37.886,1,256783,662606
20,238.2200057123312,2268.389671860192,135,27,2.8455,3.3141,163.7,37.886,1,256783,662706
25,169.4544373498702,2172.7611576192426,107,35,2.8455,3.3141,163.7,37.886,1,256783,662806
26,139.50897010223656,2077.326329616873,72,46,2.8455,3.3141,163.7,37.886,1,256783,662906
27,171.2177763349347,1982.3109891653712,51,50,2.8455,3.3141,163.7,37.886,1,256783,663006
25,208.2895591021663,1887.6001124326517,55,44,2.8455,3.3141,163.7,37.886,1,256783,663106
27,273.05671530869273,1792.823025185833,68,42,2.8455,3.3141,163.7,37.886,1,256783,663206
27,352.1810830591679,1698.5358031465587,81,22,2.8455,3.3141,163.7,37.886,1,256783,663306
29,439.626501850294,1604.549922735839,94,21,2.8455,3.3141,163.7,37.886,1,256783,663406
27,531.5180213252647,1510.4893256494054,97,21,2.8455,3.3141,163.7,37.886,1,256783,663506
25,625.8152212449834,1416.4787773037176,94,35,2.8455,3.3141,163.7,37.886,1,256783,663606
24,721.6404793433067,1322.71763846595,84,33,2.8455,3.3141,163.7,37.886,1,256783,663706
21,818.4651927307398,1229.1653891333217,67,36,2.8455,3.3141,163.7,37.886,1,256783,663806
18,792.0120658863711,1135.9010212364897,44,35,2.8455,3.3141,163.7,37.886,1,256783,663906
12,692.09846189575,1043.194355712142,33,45,2.8455,3.3141,163.7,37.886,2,256783,664006
12,592.2140233119513,951.004655666652,16,48,2.8455,3.3141,163.7,37.886,2,256783,664106
11,492.3765001055532,859.3858805829117,17,68,2.8455,3.3141,163.7,37.886,2,256783,664206
8,392.6216834371979,767.90782459947,22,81,2.8455,3.3141,163.7,37.886,2,256783,664306
11,293.03405050253906,676.428002198517,38,87,2.8455,3.3141,163.7,37.886,2,256783,664406
14,193.8714089358976,584.9481797975643,42,82,2.8455,3.3141,163.7,37.886,2,256783,664506
10,96.45357251888316,493.4683573966115,71,93,2.8455,3.3141,163.7,37.886,2,256783,664606
10,25.558530781553554,402.0544847312625,90,122,2.8455,3.3141,163.7,37.886,2,256783,664706
9,86.21199354573005,310.84496243614143,95,185,2.8455,3.3141,163.7,37.886,2,256783,664806
6,182.07317013790785,219.6354401410203,91,201,2.8455,3.3141,163.7,37.886,2,256783,664906
6,128.42591784589922,128.42591784589922,62,157,2.9601,3.4095,166.3,39.458,0,256783,665006
4,37.216395550778145,37.216395550778145,24,133,2.9601,3.4095,166.3,39.458,2,256783,665106
1,0.0,0.0,18,109,2.9601,3.4095,166.3,39.458,0,256783,665206
8,22.22606391791287,22.22606391791287,13,74,2.9601,3.4095,166.3,39.458,2,256783,665306
7,114.2507836160592,114.2507836160592,12,59,2.9601,3.4095,166.3,39.458,0,256783,665406
10,205.4593187164238,205.4593187164238,16,69,2.9601,3.4095,166.3,39.458,0,256783,665506
6,296.6678538167884,296.6678538167884,27,52,2.9601,3.4095,166.3,39.458,2,256783,665606
12,388.67448311947913,388.67448311947913,35,66,2.9601,3.4095,166.3,39.458,2,256783,665706
17,462.14916737549754,480.8066963668078,60,95,2.9601,3.4095,166.3,39.458,1,256783,665806
14,369.1970749627682,522.9831715924354,103,112,2.9601,3.4095,166.3,39.458,2,256783,665906
22,279.271691425247,577.9013752891254,122,130,2.9601,3.4095,166.3,39.458,1,256783,666006
25,197.5501159260587,643.7612922141581,128,133,2.9601,3.4095,166.3,39.458,1,256783,666106
25,130.33626399420248,717.5564111241865,107,111,2.9601,3.4095,166.3,39.458,1,256783,666206
31,96.74199037178668,797.0858203089568,73,105,2.9601,3.4095,166.3,39.458,1,256783,666306
19,17.986573674796265,880.7975969141734,30,104,2.9601,3.4095,166.3,39.458,1,256783,666406
19,44.1391886417289,967.6068460495526,23,124,2.9601,3.4095,166.3,39.458,1,256783,666506
41,132.500462271231,1056.5325329848197,43,164,2.9601,3.4095,166.3,39.458,0,256783,666606
41,221.48297499510429,1144.7930782746205,62,267,2.9601,3.4095,166.3,39.458,0,256783,666706
45,123.33259589284252,1232.8367700526608,118,282,2.9601,3.4095,166.3,39.458,0,256783,666806
49,36.87950486625708,1320.8804618307015,164,264,2.9601,3.4095,166.3,39.458,0,256783,666906
46,83.15456654869914,1408.9241536087425,226,257,2.9601,3.4095,166.3,39.458,0,256783,667006
35,179.92501260199106,1496.9678453867832,253,299,2.9601,3.4095,166.3,39.458,1,256783,667106
32,231.01609852245943,1585.011537164824,239,264,2.9601,3.4095,166.3,39.458,1,256783,667206
30,160.74244668277424,1672.9190208643265,215,225,2.9601,3.4095,166.3,39.458,1,256783,667306
34,133.57241139089527,1759.6555192429016,150,230,2.9601,3.4095,166.3,39.458,1,256783,667406
37,105.92521798410353,1847.7329467307648,107,225,2.9601,3.4095,166.3,39.458,0,256783,667506
37,18.42921893313159,1936.8125796883387,108,145,2.9601,3.4095,166.3,39.458,0,256783,667606
24,43.253705595699074,2026.8208600342396,118,161,2.9601,3.4095,166.3,39.458,1,256783,667706
23,727.4479059730011,2726.127258148452,103,33,2.8455,3.3141,163.7,37.886,1,256883,662206
21,634.8503447945908,2628.987466696649,127,55,2.8455,3.3141,163.7,37.886,1,256883,662306
18,544.7366276014104,2532.0558005558573,129,65,2.8455,3.3141,163.7,37.886,1,256883,662406
21,458.6427950370723,2435.1871281856693,128,57,2.8455,3.3141,163.7,37.886,1,256883,662506
23,379.2615495015717,2338.361248679706,124,43,2.8455,3.3141,163.7,37.886,1,256883,662606
23,309.30363355207294,2241.556852521179,118,32,2.8455,3.3141,163.7,37.886,1,256883,662706
28,258.5344222574101,2144.882370306247,94,42,2.8455,3.3141,163.7,37.886,1,256883,662806
25,239.5015597648056,2048.425201112334,82,42,2.8455,3.3141,163.7,37.886,1,256883,662906
28,259.7532096881766,1952.3245700071664,65,42,2.8455,3.3141,163.7,37.886,1,256883,663006
29,298.1242204581079,1856.6201719863743,67,40,2.8455,3.3141,163.7,37.886,1,256883,663106
31,347.3990939190501,1761.1231451377787,70,43,2.8455,3.3141,163.7,37.886,1,256883,663206
33,414.453201947606,1666.0834272735435,85,29,2.8455,3.3141,163.7,37.886,1,256883,663306
31,491.19178742302233,1571.372702931511,99,26,2.8455,3.3141,163.7,37.886,1,256883,663406
28,574.9913684623557,1476.6090634167256,99,27,2.8455,3.3141,163.7,37.886,1,256883,663506
23,663.2156660322572,1382.4557139737467,95,28,2.8455,3.3141,163.7,37.886,1,256883,663606
23,754.3838317030718,1288.4194888030358,76,29,2.8455,3.3141,163.7,37.886,1,256883,663706
20,847.5292869998383,1194.3560803941796,61,31,2.8455,3.3141,163.7,37.886,1,256883,663806
16,802.1452185734918,1100.3812996164972,42,26,2.8455,3.3141,163.7,37.886,1,256883,663906
12,703.671883855807,1006.7063259675928,24,36,2.8455,3.3141,163.7,37.886,2,256883,664006
12,605.6990082359767,913.2794280443404,17,51,2.8455,3.3141,163.7,37.886,2,256883,664106
10,508.5159358632836,820.2205570066247,19,61,2.8455,3.3141,163.7,37.886,2,256883,664206
8,412.68102146303823,727.7663594500096,22,82,2.8455,3.3141,163.7,37.886,2,256883,664306
11,319.4100717332533,636.0345741919585,35,98,2.8455,3.3141,163.7,37.886,2,256883,664406
12,231.8188136746184,544.5568204037761,65,107,2.8455,3.3141,163.7,37.886,2,256883,664506
9,159.01823973856295,453.0772433554003,105,154,2.8455,3.3141,163.7,37.886,2,256883,664606
9,125.43642132707863,361.59742095444744,148,214,2.8455,3.3141,163.7,37.886,2,256883,664706
6,154.20634979919063,270.1175985534946,137,260,2.8455,3.3141,163.7,37.886,2,256883,664806
12,178.6386743441393,178.6386743441393,112,250,2.8455,3.3141,163.7,37.886,2,256883,664906
12,87.4280759186001,87.4280759186001,65,181,2.9601,3.4095,166.3,39.458,2,256883,665006
3,0.0,0.0,28,141,2.9601,3.4095,166.3,39.458,0,256883,665106
6,0.0,0.0,13,89,2.9601,3.4095,166.3,39.458,0,256883,665206
8,63.45472221438926,63.45472221438926,14,72,2.9601,3.4095,166.3,39.458,0,256883,665306
4,154.27408110052045,154.27408110052045,16,76,2.9601,3.4095,166.3,39.458,2,256883,665406
13,245.24611735045605,245.24611735045605,21,78,2.9601,3.4095,166.3,39.458,2,256883,665506
10,337.6678919246433,337.6678919246433,26,61,2.9601,3.4095,166.3,39.458,2,256883,665606
18,428.8764270250079,428.8764270250079,39,67,2.9601,3.4095,166.3,39.458,1,256883,665706
17,435.0082505329532,520.0849621253725,78,84,2.9601,3.4095,166.3,39.458,1,256883,665806
16,336.78193836618067,611.5629316013436,92,101,2.9601,3.4095,166.3,39.458,1,256883,665906
21,240.02493617877136,659.9930895645223,108,108,2.9601,3.4095,166.3,39.458,1,256883,666006
23,146.53685224927278,718.3658399903934,104,105,2.9601,3.4095,166.3,39.458,1,256883,666106
21,56.9572894425209,785.180286212844,82,105,2.9601,3.4095,166.3,39.458,1,256883,666206
18,0.0,858.4676369260891,32,109,2.9601,3.4095,166.3,39.458,1,256883,666306
16,0.0,936.7098192298636,17,92,2.9601,3.4095,166.3,39.458,1,256883,666406
30,79.65454915059601,1018.7658647765066,25,109,2.9601,3.4095,166.3,39.458,1,256883,666506
52,171.07927044363018,1103.785526733343,60,127,2.9601,3.4095,166.3,39.458,0,256883,666606
43,255.67998147870833,1191.134371436818,80,249,2.9601,3.4095,166.3,39.458,0,256883,666706
51,177.56259157248704,1280.1308080659676,123,268,2.9601,3.4095,166.3,39.458,0,256883,666806
53,131.656742014796,1368.2967916980938,156,243,2.9601,3.4095,166.3,39.458,0,256883,666906
49,151.67912758370034,1456.3404834761343,195,203,2.9601,3.4095,166.3,39.458,0,256883,667006
45,220.243331567623,1544.3841752541753,225,189,2.9601,3.4095,166.3,39.458,0,256883,667106
38,190.55365934423253,1632.4278670322165,227,186,2.9601,3.4095,166.3,39.458,0,256883,667206
34,94.1232137338018,1720.4715588102572,203,194,2.9601,3.4095,166.3,39.458,1,256883,667306
33,33.952455514213,1808.5152736212767,143,188,2.9601,3.4095,166.3,39.458,1,256883,667406
36,63.40101160998167,1896.0153883993855,89,189,2.9601,3.4095,166.3,39.458,0,256883,667506
24,6.367743135828312,1983.079385470895,95,196,2.9601,3.4095,166.3,39.458,1,256883,667606
39,95.92771216766442,2071.3119864259875,104,186,2.9601,3.4095,166.3,39.458,0,256883,667706
40,48.15436656774589,2160.419091181456,82,178,2.9601,3.4095,166.3,39.458,0,256883,667806
27,539.4603033441078,2897.560483813867,87,55,2.8455,3.3141,163.7,37.886,1,256983,662006
25,638.2077522455379,2799.8987986691313,69,39,2.8455,3.3141,163.7,37.886,1,256983,662106
26,658.9181278703121,2702.4081498208293,72,26,2.8455,3.3141,163.7,37.886,1,256983,662206
24,644.1512648489215,2605.1077393549836,86,60,2.8455,3.3141,163.7,37.886,1,256983,662306
22,597.9353743383413,2508.0089038502256,83,59,2.8455,3.3141,163.7,37.886,1,256983,662406
23,520.5092455846324,2410.9640389861065,73,61,2.8455,3.3141,163.7,37.886,1,256983,662506
21,450.1362783863005,2313.829393280669,75,44,2.8455,3.3141,163.7,37.886,1,256983,662606
23,392.37084885371473,2216.6771440803595,93,27,2.8455,3.3141,163.7,37.886,1,256983,662706
24,353.29052004770375,2119.752492240438,86,36,2.8455,3.3141,163.7,37.886,1,256983,662806
25,339.4985147545756,2022.8838198702504,82,41,2.8455,3.3141,163.7,37.886,1,256983,662906
26,354.2637889072573,1926.0663205754472,77,42,2.8455,3.3141,163.7,37.886,1,256983,663006
33,392.78883962292946,1829.2671305088472,89,40,2.8455,3.3141,163.7,37.886,1,256983,663106
32,431.4853889166546,1732.635370700882,91,26,2.8455,3.3141,163.7,37.886,1,256983,663206
35,487.8160530869947,1636.3223245758593,105,24,2.8455,3.3141,163.7,37.886,1,256983,663306
32,555.8623421622242,1540.4791863535063,100,28,2.8455,3.3141,163.7,37.886,1,256983,663406
22,631.2534030492621,1444.9307197787905,100,19,2.8455,3.3141,163.7,37.886,1,256983,663506
20,712.7122045280959,1349.8558653817156,92,24,2.8455,3.3141,163.7,37.886,1,256983,663606
21,798.2472250798598,1255.1452934303704,78,29,2.8455,3.3141,163.7,37.886,1,256983,663706
19,886.8137223859892,1160.4026252522683,55,28,2.8455,3.3141,163.7,37.886,1,256983,663806
14,824.3729682922848,1066.3428087015006,34,27,2.8455,3.3141,163.7,37.886,2,256983,663906
10,728.9087455229892,972.2890548702328,21,27,2.8455,3.3141,163.7,37.886,2,256983,664006
14,634.8426007671218,878.2228351389539,19,41,2.8455,3.3141,163.7,37.886,2,256983,664106
10,542.9017371473668,784.3285765768741,22,49,2.8455,3.3141,163.7,37.886,2,256983,664206
11,454.3781075783626,690.7021026705228,25,74,2.8455,3.3141,163.7,37.886,2,256983,664306
7,371.72117654952,597.41358825297,44,98,2.8455,3.3141,163.7,37.886,2,256983,664406
11,299.5503642906662,504.69459051239295,97,131,2.8455,3.3141,163.7,37.886,2,256983,664506
9,246.3475331120948,412.684675234745,153,214,2.8455,3.3141,163.7,37.886,2,256983,664606
8,225.4132169916639,321.20551401282313,185,298,2.8455,3.3141,163.7,37.886,2,256983,664706
10,229.7264845122834,229.7264845122834,174,318,2.8455,3.3141,163.7,37.886,2,256983,664806
9,138.24666211133058,138.24666211133058,142,298,2.8455,3.3141,163.7,37.886,2,256983,664906
7,46.766839710377745,46.766839710377745,81,254,2.9601,3.4095,166.3,39.458,2,256983,665006
6,0.0,0.0,30,199,2.9601,3.4095,166.3,39.458,0,256983,665106
6,13.638031192906473,13.638031192906473,12,125,2.9601,3.4095,166.3,39.458,2,256983,665206
8,104.71974229792848,104.71974229792848,11,129,2.9601,3.4095,166.3,39.458,0,256983,665306
6,195.80145340295053,195.80145340295053,12,132,2.9601,3.4095,166.3,39.458,0,256983,665406
7,286.8831645079725,286.8831645079725,26,104,2.9601,3.4095,166.3,39.458,2,256983,665506
12,377.7419621436107,377.7419621436107,43,82,2.9601,3.4095,166.3,39.458,2,256983,665606
16,468.70526356536715,468.70526356536715,66,75,2.9601,3.4095,166.3,39.458,1,256983,665706
17,429.9796543531048,560.7422769110783,88,81,2.9601,3.4095,166.3,39.458,1,256983,665806
19,330.2611075127631,652.2935353335921,108,79,2.9601,3.4095,166.3,39.458,1,256983,665906
25,230.64938975405013,743.5020704339566,98,93,2.9601,3.4095,166.3,39.458,1,256983,666006
19,131.19795622344785,798.5426468116555,75,97,2.9601,3.4095,166.3,39.458,1,256983,666106
17,32.83043688701007,859.144318824925,45,110,2.9601,3.4095,166.3,39.458,1,256983,666206
18,35.05956850178258,926.6000012741875,15,86,2.9601,3.4095,166.3,39.458,1,256983,666306
20,79.0972704976299,999.5229682971294,10,84,2.9601,3.4095,166.3,39.458,1,256983,666406
37,138.28332491745715,1076.8030302454038,25,112,2.9601,3.4095,166.3,39.458,0,256983,666506
46,184.8541311042362,1157.5678674435742,64,135,2.9601,3.4095,166.3,39.458,0,256983,666606
40,229.81106066132028,1241.137369323011,83,177,2.9601,3.4095,166.3,39.458,0,256983,666706
46,260.0650640322897,1326.9817524450832,116,231,2.9601,3.4095,166.3,39.458,0,256983,666806
50,230.8828654463575,1414.6768650855336,154,213,2.9601,3.4095,166.3,39.458,0,256983,666906
53,242.8578958636567,1503.7316177642658,173,136,2.9601,3.4095,166.3,39.458,0,256983,667006
51,290.93167589691086,1591.8005051215675,232,89,2.9601,3.4095,166.3,39.458,0,256983,667106
43,196.98938546216488,1679.8441968996085,248,128,2.9601,3.4095,166.3,39.458,0,256983,667206
40,105.84450093216692,1767.8878886776492,200,144,2.9601,3.4095,166.3,39.458,0,256983,667306
32,47.99697816630704,1855.93158045569,151,169,2.9601,3.4095,166.3,39.458,1,256983,667406
35,26.091185788031332,1943.975272233731,136,213,2.9601,3.4095,166.3,39.458,1,256983,667506
33,37.80062463295003,2032.019053416519,118,236,2.9601,3.4095,166.3,39.458,1,256983,667606
40,136.93266328849737,2119.2193505451223,128,253,2.9601,3.4095,166.3,39.458,0,256983,667706
37,107.40910162476555,2206.5403127423797,121,225,2.9601,3.4095,166.3,39.458,0,256983,667806
30,35.51840958568914,2294.896435090174,100,184,2.9601,3.4095,166.3,39.458,1,256983,667906
31,22.119445800800705,2384.0256563727708,62,125,2.9601,3.4095,166.3,39.458,1,256983,668006
32,468.38850556752334,2975.395635960088,143,71,2.8455,3.3141,163.7,37.886,1,257083,661906
31,562.9443635919434,2877.2182829930484,118,54,2.8455,3.3141,163.7,37.886,1,257083,662006
27,595.4591125630467,2779.1709025334508,114,44,2.8455,3.3141,163.7,37.886,1,257083,662106
26,561.8359165186711,2681.257817105105,102,58,2.8455,3.3141,163.7,37.886,1,257083,662206
25,544.4561918402271,2583.375953742803,78,54,2.8455,3.3141,163.7,37.886,1,257083,662306
24,544.8675629466993,2485.496651941982,63,54,2.8455,3.3141,163.7,37.886,1,257083,662406
24,563.2397849075911,2387.7332623733323,51,54,2.8455,3.3141,163.7,37.886,1,257083,662506
21,530.0083154264079,2290.1630198903285,49,46,2.8455,3.3141,163.7,37.886,1,257083,662606
25,481.71742537160065,2192.811707170131,59,34,2.8455,3.3141,163.7,37.886,1,257083,662706
27,450.23597806746295,2095.698671436696,79,29,2.8455,3.3141,163.7,37.886,1,257083,662806
25,439.4968554055316,1998.6538065725765,95,48,2.8455,3.3141,163.7,37.886,1,257083,662906
29,451.087292558605,1901.5315284128865,102,48,2.8455,3.3141,163.7,37.886,1,257083,663006
40,482.98432597447663,1804.3669311225065,109,48,2.8455,3.3141,163.7,37.886,0,257083,663106
38,521.2227462816031,1707.4491839250193,102,33,2.8455,3.3141,163.7,37.886,0,257083,663206
35,568.754104049684,1610.580511554831,105,22,2.8455,3.3141,163.7,37.886,1,257083,663306
27,628.656789064338,1513.7710176084786,111,22,2.8455,3.3141,163.7,37.886,1,257083,663406
19,697.276437479085,1416.9895364594222,110,19,2.8455,3.3141,163.7,37.886,1,257083,663506
20,771.8110816065838,1320.4280643628492,96,24,2.8455,3.3141,163.7,37.886,1,257083,663606
20,851.5810361427298,1224.3592999028438,75,31,2.8455,3.3141,163.7,37.886,1,257083,663706
20,935.1696343577364,1128.7580952449134,54,29,2.8455,3.3141,163.7,37.886,1,257083,663806
13,857.7555770857743,1033.6283034898877,30,29,2.8455,3.3141,163.7,37.886,2,257083,663906
8,766.4605655026324,938.91788392923,18,23,2.8455,3.3141,163.7,37.886,2,257083,664006
13,677.627454372593,844.2121648142088,16,26,2.8455,3.3141,163.7,37.886,2,257083,664106
12,592.3648667572596,750.2132210575681,24,48,2.8455,3.3141,163.7,37.886,2,257083,664206
10,512.4580995722591,656.1564448122264,35,69,2.8455,3.3141,163.7,37.886,2,257083,664306
4,440.6518364012461,562.1079279216159,61,100,2.8455,3.3141,163.7,37.886,2,257083,664406
7,381.32112979125105,468.31726407851664,108,151,2.8455,3.3141,163.7,37.886,2,257083,664506
10,340.3287428991999,374.7952790319921,175,253,2.8455,3.3141,163.7,37.886,2,257083,664606
7,281.7207918068758,281.7207918068758,214,328,2.8455,3.3141,163.7,37.886,2,257083,664706
9,189.4286807714111,189.4286807714111,231,367,2.8455,3.3141,163.7,37.886,2,257083,664806
9,97.8542076218702,97.8542076218702,175,323,2.8455,3.3141,163.7,37.886,2,257083,664906
3,6.375725669166559,6.375725669166559,96,284,2.9601,3.4095,166.3,39.458,0,257083,665006
37,0.0,0.0,37,222,2.9601,3.4095,166.3,39.458,0,257083,665106
-15,56.40299428212925,56.40299428212925,13,181,2.9601,3.4095,166.3,39.458,2,257083,665206
6,146.3424855539054,146.3424855539054,17,189,2.9601,3.4095,166.3,39.458,2,257083,665306
5,237.08246480264015,237.08246480264015,21,182,2.9601,3.4095,166.3,39.458,2,257083,665406
11,328.1641759076621,328.1641759076621,30,134,2.9601,3.4095,166.3,39.458,2,257083,665506
13,419.24588701268414,419.24588701268414,57,109,2.9601,3.4095,166.3,39.458,2,257083,665606
16,510.3275981177062,510.3275981177062,87,90,2.9601,3.4095,166.3,39.458,1,257083,665706
18,432.3899735402817,601.2098431867009,122,71,2.9601,3.4095,166.3,39.458,1,257083,665806
21,335.97340374597576,692.1731446084574,138,56,2.9601,3.4095,166.3,39.458,1,257083,665906
24,242.4456464211523,783.6413902728173,123,74,2.9601,3.4095,166.3,39.458,1,257083,666006
25,156.56192155252683,875.7106436421761,84,82,2.9601,3.4095,166.3,39.458,1,257083,666106
16,75.88867708221302,937.9498063761224,35,87,2.9601,3.4095,166.3,39.458,1,257083,666206
17,11.591061562833469,1000.1042151061984,16,83,2.9601,3.4095,166.3,39.458,1,257083,666306
15,9.571358999217424,1068.0201509640935,5,74,2.9601,3.4095,166.3,39.458,2,257083,666406
24,56.04141248477025,1140.6689461265898,30,93,2.9601,3.4095,166.3,39.458,1,257083,666506
30,94.766585940661,1217.2034531867405,64,121,2.9601,3.4095,166.3,39.458,1,257083,666606
35,145.04543961718304,1296.935946082884,88,117,2.9601,3.4095,166.3,39.458,1,257083,666706
37,218.6606463180272,1379.311948050217,117,109,2.9601,3.4095,166.3,39.458,0,257083,666806
42,258.5798680612695,1463.885259105462,172,104,2.9601,3.4095,166.3,39.458,0,257083,666906
45,274.4489100752043,1550.2963115541638,207,89,2.9601,3.4095,166.3,39.458,0,257083,667006
48,259.1342928201094,1638.2261561242424,273,84,2.9601,3.4095,166.3,39.458,0,257083,667106
40,180.3959085379779,1727.2605267670008,260,95,2.9601,3.4095,166.3,39.458,0,257083,667206
37,116.48964283188307,1815.3042185450415,217,126,2.9601,3.4095,166.3,39.458,0,257083,667306
32,57.85011527548239,1903.3479103230825,169,165,2.9601,3.4095,166.3,39.458,1,257083,667406
28,0.0,1991.391602101123,164,203,2.9601,3.4095,166.3,39.458,1,257083,667506
34,70.34359148514623,2079.435293879164,136,245,2.9601,3.4095,166.3,39.458,1,257083,667606
38,164.6011067924859,2167.4789856572047,153,263,2.9601,3.4095,166.3,39.458,0,257083,667706
35,176.70128472262513,2255.5228332117613,163,265,2.9601,3.4095,166.3,39.458,1,257083,667806
38,123.78382640349923,2342.5001512065064,111,196,2.9601,3.4095,166.3,39.458,0,257083,667906
36,114.56422429593763,2430.028076882005,80,127,2.9601,3.4095,166.3,39.458,0,257083,668006
39,159.99152092417668,2518.4848521417007,61,103,2.9601,3.4095,166.3,39.458,0,257083,668106
26,425.2045564525456,3054.3838948136236,199,66,2.8455,3.3141,163.7,37.886,1,257183,661806
29,510.4737619441559,2957.2027868754844,187,59,2.8455,3.3141,163.7,37.886,1,257183,661906
31,561.0428126655622,2858.8632678014733,173,55,2.8455,3.3141,163.7,37.886,1,257183,662006
27,505.9521381466139,2760.5237487274617,165,64,2.8455,3.3141,163.7,37.886,1,257183,662106
27,465.91373498871474,2662.1842296534505,146,71,2.8455,3.3141,163.7,37.886,1,257183,662206
27,444.8980081545194,2563.844710579439,121,72,2.8455,3.3141,163.7,37.886,1,257183,662306
28,445.42178917802227,2465.5208615129072,104,57,2.8455,3.3141,163.7,37.886,1,257183,662406
26,467.71675662287817,2367.3189426130307,77,57,2.8455,3.3141,163.7,37.886,1,257183,662506
24,508.7827492579798,2269.274076341068,68,47,2.8455,3.3141,163.7,37.886,1,257183,662606
24,564.7252473679238,2171.3755712231455,64,40,2.8455,3.3141,163.7,37.886,1,257183,662706
26,548.2797464225293,2073.4937078608436,80,56,2.8455,3.3141,163.7,37.886,1,257183,662806
24,539.4958111998079,1975.6282498737323,93,58,2.8455,3.3141,163.7,37.886,1,257183,662906
33,549.050688811861,1877.946619882562,108,54,2.8455,3.3141,163.7,37.886,1,257183,663006
43,575.6996284063848,1780.5224043963992,114,53,2.8455,3.3141,163.7,37.886,0,257183,663106
40,614.1389595475247,1683.3884390231658,115,40,2.8455,3.3141,163.7,37.886,0,257183,663206
32,654.961633430645,1586.3435741590467,117,34,2.8455,3.3141,163.7,37.886,1,257183,663306
25,707.6601026609886,1489.233663545104,144,21,2.8455,3.3141,163.7,37.886,1,257183,663406
23,769.7104749345649,1392.0569252615517,140,19,2.8455,3.3141,163.7,37.886,1,257183,663506
24,838.6929814258461,1295.1458756096004,123,33,2.8455,3.3141,163.7,37.886,1,257183,663606
20,912.6356515719596,1198.277771719049,99,36,2.8455,3.3141,163.7,37.886,1,257183,663706
18,990.0410601301352,1101.475080435844,48,32,2.8455,3.3141,163.7,37.886,1,257183,663806
12,901.0540878285094,1004.72681124814,34,28,2.8455,3.3141,163.7,37.886,2,257183,663906
10,814.626072281837,908.3144931741753,22,31,2.8455,3.3141,163.7,37.886,2,257183,664006
9,731.664408106748,812.6141279084965,17,37,2.8455,3.3141,163.7,37.886,2,257183,664106
11,653.4906078430381,717.4007415980598,30,50,2.8455,3.3141,163.7,37.886,2,257183,664206
13,581.9086363862546,622.6904744280895,34,61,2.8455,3.3141,163.7,37.886,2,257183,664306
11,519.4703304351422,528.0663838460363,62,98,2.8455,3.3141,163.7,37.886,2,257183,664406
9,434.0827871247651,434.0827871247651,118,157,2.8455,3.3141,163.7,37.886,2,257183,664506
9,340.02319955700057,340.02319955700057,161,232,2.8455,3.3141,163.7,37.886,2,257183,664606
8,246.01045023439556,246.01045023439556,245,320,2.8455,3.3141,163.7,37.886,2,257183,664706
5,152.30595158015925,152.30595158015925,245,345,2.8455,3.3141,163.7,37.886,2,257183,664806
6,58.929142003151995,58.929142003151995,185,312,2.8455,3.3141,163.7,37.886,2,257183,664906
3,0.0,0.0,81,241,2.9601,3.4095,166.3,39.458,0,257183,665006
9,8.346146486297657,8.346146486297657,60,199,2.9601,3.4095,166.3,39.458,2,257183,665106
5,99.1719074077506,99.1719074077506,42,195,2.9601,3.4095,166.3,39.458,2,257183,665206
5,189.99580524428436,189.99580524428436,33,216,2.9601,3.4095,166.3,39.458,2,257183,665306
7,279.9956807384604,279.9956807384604,27,203,2.9601,3.4095,166.3,39.458,2,257183,665406
10,369.93517201023656,369.93517201023656,38,170,2.9601,3.4095,166.3,39.458,2,257183,665506
16,460.52689841237384,460.52689841237384,72,149,2.9601,3.4095,166.3,39.458,1,257183,665606
15,520.0080619215113,551.6086095173958,108,107,2.9601,3.4095,166.3,39.458,2,257183,665706
19,420.011913663238,642.6903206224179,142,81,2.9601,3.4095,166.3,39.458,1,257183,665806
23,320.0181725695341,733.7720317274399,168,72,2.9601,3.4095,166.3,39.458,1,257183,665906
22,220.0301205072455,824.6858480690614,147,81,2.9601,3.4095,166.3,39.458,1,257183,666006
23,120.06197185671174,915.6410256515476,98,69,2.9601,3.4095,166.3,39.458,1,257183,666106
24,20.240885196085536,1006.8064121328524,66,77,2.9601,3.4095,166.3,39.458,1,257183,666206
22,20.666004996117163,1077.8818672679515,48,87,2.9601,3.4095,166.3,39.458,1,257183,666306
23,50.040292606473315,1141.1783040249345,35,72,2.9601,3.4095,166.3,39.458,1,257183,666406
21,13.881357798647375,1209.4405828189354,42,86,2.9601,3.4095,166.3,39.458,1,257183,666506
19,6.7588221381601885,1281.875627805438,70,109,2.9601,3.4095,166.3,39.458,1,257183,666606
27,82.18617399101774,1357.8157927177626,80,97,2.9601,3.4095,166.3,39.458,1,257183,666706
30,160.8616216758116,1436.705372978728,125,106,2.9601,3.4095,166.3,39.458,1,257183,666806
34,158.6073106192403,1518.084625618126,177,118,2.9601,3.4095,166.3,39.458,1,257183,666906
38,183.16859092113592,1601.5740795636978,211,120,2.9601,3.4095,166.3,39.458,0,257183,667006
40,217.79110736104337,1686.8604370612543,276,117,2.9601,3.4095,166.3,39.458,0,257183,667106
35,125.30884519509668,1773.684508562519,275,126,2.9601,3.4095,166.3,39.458,1,257183,667206
35,39.36960959830255,1861.789147866621,222,136,2.9601,3.4095,166.3,39.458,1,257183,667306
25,0.5254561533103016,1950.7642401904743,190,162,2.9601,3.4095,166.3,39.458,1,257183,667406
32,46.05689910169272,2038.8079319685153,161,219,2.9601,3.4095,166.3,39.458,1,257183,667506
35,114.34351483806712,2126.851623746556,155,274,2.9601,3.4095,166.3,39.458,1,257183,667606
33,201.61219622258568,2214.8953155245968,166,286,2.9601,3.4095,166.3,39.458,1,257183,667706
32,257.91814402458374,2302.9390073026375,153,279,2.9601,3.4095,166.3,39.458,1,257183,667806
35,219.0663579626081,2390.9826990806782,113,192,2.9601,3.4095,166.3,39.458,1,257183,667906
38,212.8531012953883,2479.0266130070036,85,153,2.9601,3.4095,166.3,39.458,0,257183,668006
39,243.81228770954056,2565.8377308551926,75,144,2.9601,3.4095,166.3,39.458,0,257183,668106
45,183.20247771038285,2653.5358970838274,64,143,2.9601,3.4095,166.3,39.458,0,257183,668206
27,423.28917902298394,3022.5699212311347,196,33,2.8455,3.3141,163.7,37.886,1,257283,661706
26,489.2850734532723,2968.841004315166,234,55,2.8455,3.3141,163.7,37.886,1,257283,661806
29,555.4617632462032,2917.5511801980415,238,64,2.8455,3.3141,163.7,37.886,1,257283,661906
27,485.7401776669726,2841.7168147717052,202,71,2.8455,3.3141,163.7,37.886,1,257283,662006
33,421.1514313997127,2742.9742122183115,188,77,2.8455,3.3141,163.7,37.886,1,257283,662106
29,372.144622172474,2644.326114992833,153,80,2.8455,3.3141,163.7,37.886,1,257283,662206
29,345.5950382840522,2545.7835092504447,149,67,2.8455,3.3141,163.7,37.886,1,257283,662306
27,346.2953643894555,2447.359137827942,140,61,2.8455,3.3141,163.7,37.886,1,257283,662406
22,374.4476373439104,2349.017973175253,114,47,2.8455,3.3141,163.7,37.886,1,257283,662506
21,424.5771451511386,2250.6784541012416,84,34,2.8455,3.3141,163.7,37.886,1,257283,662606
23,487.690089759102,2152.33893502723,79,46,2.8455,3.3141,163.7,37.886,1,257283,662706
27,553.9524988514781,2053.9994159532184,78,60,2.8455,3.3141,163.7,37.886,1,257283,662806
32,621.487227152112,1955.6602584857012,92,68,2.8455,3.3141,163.7,37.886,1,257283,662906
34,647.6102413164207,1857.4210357696204,101,87,2.8455,3.3141,163.7,37.886,1,257283,663006
41,670.3841263397536,1759.3802208785398,119,88,2.8455,3.3141,163.7,37.886,0,257283,663106
39,706.4531041270392,1661.4933253411866,130,67,2.8455,3.3141,163.7,37.886,0,257283,663206
31,744.6262496440199,1563.6114619788846,137,45,2.8455,3.3141,163.7,37.886,1,257283,663306
26,791.3762261345362,1465.7831888050468,146,30,2.8455,3.3141,163.7,37.886,1,257283,663406
26,847.3986139491633,1368.2459143051317,139,19,2.8455,3.3141,163.7,37.886,1,257283,663506
31,910.878187251898,1271.0782066096365,126,36,2.8455,3.3141,163.7,37.886,1,257283,663606
22,980.1109140920864,1174.0333417455172,104,41,2.8455,3.3141,163.7,37.886,1,257283,663706
20,1037.4657295131822,1076.9357986773214,52,36,2.8455,3.3141,163.7,37.886,1,257283,663806
11,952.9177867807824,979.74738795714,33,43,2.8455,3.3141,163.7,37.886,2,257283,663906
11,871.6475645649737,882.8425672941814,24,55,2.8455,3.3141,163.7,37.886,2,257283,664006
8,785.9808970359436,785.9808970359436,19,54,2.8455,3.3141,163.7,37.886,2,257283,664106
11,689.1791432632095,689.1791432632095,28,65,2.8455,3.3141,163.7,37.886,2,257283,664206
14,592.4649709155268,592.4649709155268,35,69,2.8455,3.3141,163.7,37.886,2,257283,664306
9,496.47314227562856,496.47314227562856,58,96,2.8455,3.3141,163.7,37.886,2,257283,664406
10,401.17317970623185,401.17317970623185,101,153,2.8455,3.3141,163.7,37.886,2,257283,664506
6,306.463064926949,306.463064926949,197,220,2.8455,3.3141,163.7,37.886,2,257283,664606
4,212.00294536772049,212.00294536772049,227,294,2.8455,3.3141,163.7,37.886,2,257283,664706
5,117.9523531919622,117.9523531919622,213,314,2.8455,3.3141,163.7,37.886,2,257283,664806
6,23.889954301774825,23.889954301774825,151,270,2.8455,3.3141,163.7,37.886,2,257283,664906
3,0.0,0.0,107,211,2.9601,3.4095,166.3,39.458,0,257283,665006
7,41.74029543999971,41.74029543999971,59,187,2.9601,3.4095,166.3,39.458,2,257283,665106
7,136.13927620574069,136.13927620574069,49,205,2.9601,3.4095,166.3,39.458,2,257283,665206
9,230.78559045539473,230.78559045539473,49,214,2.9601,3.4095,166.3,39.458,2,257283,665306
12,322.66488896616073,322.66488896616073,39,201,2.9601,3.4095,166.3,39.458,2,257283,665406
15,413.4887868026945,413.4887868026945,45,180,2.9601,3.4095,166.3,39.458,2,257283,665506
16,503.58836719479166,503.58836719479166,81,160,2.9601,3.4095,166.3,39.458,1,257283,665606
17,528.662422281271,593.5278584665679,123,122,2.9601,3.4095,166.3,39.458,1,257283,665706
19,430.62915932844214,683.9713320221075,145,103,2.9601,3.4095,166.3,39.458,1,257283,665806
19,333.7648708230702,775.0530431271295,162,89,2.9601,3.4095,166.3,39.458,1,257283,665906
22,239.36409101839325,866.1347542321516,139,85,2.9601,3.4095,166.3,39.458,1,257283,666006
19,151.89242767246952,957.2164653371736,112,82,2.9601,3.4095,166.3,39.458,1,257283,666106
27,91.45536907671595,1048.2091441538862,123,72,2.9601,3.4095,166.3,39.458,1,257283,666206
31,110.5269964224318,1139.108906694638,89,88,2.9601,3.4095,166.3,39.458,1,257283,666306
37,133.9537410800254,1218.157953751929,70,74,2.9601,3.4095,166.3,39.458,0,257283,666406
36,107.20837838132869,1282.328897779843,79,78,2.9601,3.4095,166.3,39.458,0,257283,666506
24,31.482844574923593,1350.861208219944,64,97,2.9601,3.4095,166.3,39.458,1,257283,666606
16,43.9073064971518,1423.1249437999556,80,109,2.9601,3.4095,166.3,39.458,1,257283,666706
24,61.24567708944376,1498.580397395417,138,138,2.9601,3.4095,166.3,39.458,1,257283,666806
29,58.63475317721112,1576.769421713266,170,145,2.9601,3.4095,166.3,39.458,1,257283,666906
30,101.7295410907241,1657.3051653338218,203,136,2.9601,3.4095,166.3,39.458,1,257283,667006
32,178.9201859786777,1739.8617798073346,240,145,2.9601,3.4095,166.3,39.458,1,257283,667106
36,90.1551554673606,1824.1649088354172,269,129,2.9601,3.4095,166.3,39.458,0,257283,667206
27,0.0,1909.9833026544256,241,132,2.9601,3.4095,166.3,39.458,1,257283,667306
33,51.06427255494735,1997.1216333040124,189,156,2.9601,3.4095,166.3,39.458,1,257283,667406
46,127.0496642827842,2085.361533072438,182,214,2.9601,3.4095,166.3,39.458,0,257283,667506
43,186.3256114056635,2174.267953613948,185,291,2.9601,3.4095,166.3,39.458,0,257283,667606
34,255.4445244376268,2262.311645391989,173,310,2.9601,3.4095,166.3,39.458,1,257283,667706
32,280.36443900760224,2350.35533717003,142,279,2.9601,3.4095,166.3,39.458,1,257283,667806
33,254.17793681204483,2438.3990289480707,116,259,2.9601,3.4095,166.3,39.458,1,257283,667906
37,239.19260960044363,2526.4427207261115,94,188,2.9601,3.4095,166.3,39.458,0,257283,668006
42,175.52621298764473,2614.486412504152,78,186,2.9601,3.4095,166.3,39.458,0,257283,668106
47,102.70269578595985,2702.223171339738,63,175,2.9601,3.4095,166.3,39.458,0,257283,668206
47,48.54649493197584,2789.2184503472904,64,126,2.9601,3.4095,166.3,39.458,0,257283,668306
45,425.70928588645194,2997.0980765676545,155,38,2.8455,3.3141,163.7,37.886,0,257383,661606
33,496.5396301412677,2939.5041862085236,204,38,2.8455,3.3141,163.7,37.886,1,257383,661706
24,482.1351294492343,2884.2282920929356,231,44,2.8455,3.3141,163.7,37.886,1,257383,661806
24,487.76838973829774,2831.40615614949,229,77,2.8455,3.3141,163.7,37.886,1,257383,661906
27,414.040412975607,2781.1775925411753,187,99,2.8455,3.3141,163.7,37.886,1,257383,662006
32,344.32199808710044,2728.6696213153114,170,94,2.8455,3.3141,163.7,37.886,1,257383,662106
38,282.6793787538323,2629.4849259555504,155,100,2.8455,3.3141,163.7,37.886,0,257383,662206
30,246.85547049488727,2530.3644103895167,153,103,2.8455,3.3141,163.7,37.886,1,257383,662306
27,247.87171787176715,2431.3159241251037,157,98,2.8455,3.3141,163.7,37.886,1,257383,662406
23,285.6867153975125,2332.348643844382,157,69,2.8455,3.3141,163.7,37.886,1,257383,662506
21,347.8773045565396,2233.473364511238,132,35,2.8455,3.3141,163.7,37.886,1,257383,662606
23,412.5311908089451,2134.7028700780747,116,44,2.8455,3.3141,163.7,37.886,1,257383,662706
25,480.08224088827154,2036.052410194293,96,67,2.8455,3.3141,163.7,37.886,1,257383,662806
32,556.361382667728,1937.540319734382,101,94,2.8455,3.3141,163.7,37.886,1,257383,662906
32,639.0921533550215,1839.1726785490323,114,102,2.8455,3.3141,163.7,37.886,1,257383,663006
39,726.1234571910694,1740.8331594750211,121,100,2.8455,3.3141,163.7,37.886,0,257383,663106
34,798.2682452289827,1642.4936404010095,137,77,2.8455,3.3141,163.7,37.886,1,257383,663206
28,836.6371746771106,1544.1541213269984,146,58,2.8455,3.3141,163.7,37.886,1,257383,663306
28,878.5043208110706,1445.814602252987,156,37,2.8455,3.3141,163.7,37.886,1,257383,663406
28,929.2889331718864,1347.5261897953978,135,16,2.8455,3.3141,163.7,37.886,1,257383,663506
35,987.6163227426758,1249.4929428215291,129,37,2.8455,3.3141,163.7,37.886,1,257383,663606
27,1052.1140284202154,1151.6110794592273,104,50,2.8455,3.3141,163.7,37.886,1,257383,663706
21,1053.7292160969257,1053.7292160969257,53,51,2.8455,3.3141,163.7,37.886,1,257383,663806
17,955.9988135284672,955.9988135284672,44,66,2.8455,3.3141,163.7,37.886,1,257383,663906
13,858.7679741961063,858.7679741961063,33,80,2.8455,3.3141,163.7,37.886,2,257383,664006
10,761.7231093319871,761.7231093319871,28,107,2.8455,3.3141,163.7,37.886,2,257383,664106
21,664.6379338095387,664.6379338095387,33,123,2.8455,3.3141,163.7,37.886,1,257383,664206
17,567.4393405898397,567.4393405898397,34,122,2.8455,3.3141,163.7,37.886,1,257383,664306
10,470.5392589787626,470.5392589787626,49,112,2.8455,3.3141,163.7,37.886,2,257383,664406
11,373.6859689316852,373.6859689316852,75,154,2.8455,3.3141,163.7,37.886,2,257383,664506
10,276.88320609057496,276.88320609057496,165,204,2.8455,3.3141,163.7,37.886,2,257383,664606
7,180.3321577400275,180.3321577400275,176,246,2.8455,3.3141,163.7,37.886,2,257383,664706
6,84.94561781440395,84.94561781440395,156,224,2.8455,3.3141,163.7,37.886,2,257383,664806
1,0.0,0.0,127,196,2.8455,3.3141,163.7,37.886,0,257383,664906
7,0.0,0.0,110,154,2.9601,3.4095,166.3,39.458,0,257383,665006
9,74.41665614216095,74.41665614216095,52,122,2.9601,3.4095,166.3,39.458,2,257383,665106
9,170.41311054587115,170.41311054587115,56,181,2.9601,3.4095,166.3,39.458,2,257383,665206
11,264.0130872585367,264.0130872585367,54,187,2.9601,3.4095,166.3,39.458,2,257383,665306
30,357.8026098619976,357.8026098619976,54,191,2.9601,3.4095,166.3,39.458,1,257383,665406
21,452.35895396899616,452.35895396899616,54,175,2.9601,3.4095,166.3,39.458,1,257383,665506
20,546.1578705245709,546.1578705245709,89,152,2.9601,3.4095,166.3,39.458,1,257383,665606
21,555.209870296202,636.9817683611047,121,122,2.9601,3.4095,166.3,39.458,1,257383,665706
20,462.7113622891516,727.1810536511229,156,112,2.9601,3.4095,166.3,39.458,1,257383,665806
21,374.0643778114197,817.1205449228991,175,92,2.9601,3.4095,166.3,39.458,1,257383,665906
23,292.55938394098195,907.4157656318412,163,82,2.9601,3.4095,166.3,39.458,1,257383,666006
22,225.7733458419387,998.4974767368632,175,79,2.9601,3.4095,166.3,39.458,1,257383,666106
35,189.285233209975,1089.5791878418852,158,89,2.9601,3.4095,166.3,39.458,1,257383,666206
53,199.6322355148316,1180.6608989469073,130,73,2.9601,3.4095,166.3,39.458,0,257383,666306
48,230.4567599309506,1271.744745703159,110,65,2.9601,3.4095,166.3,39.458,0,257383,666406
45,163.11346549163767,1358.6715132043976,97,101,2.9601,3.4095,166.3,39.458,0,257383,666506
33,75.15536983010558,1423.5332390166757,100,120,2.9601,3.4095,166.3,39.458,1,257383,666606
18,12.758027246832636,1492.2819721411524,105,127,2.9601,3.4095,166.3,39.458,1,257383,666706
16,11.14446806587186,1564.4053458645772,149,166,2.9601,3.4095,166.3,39.458,1,257383,666806
18,17.877873781309763,1639.45804702708,183,166,2.9601,3.4095,166.3,39.458,1,257383,666906
23,42.29881421994622,1717.0559949384376,209,149,2.9601,3.4095,166.3,39.458,1,257383,667006
28,138.23912901349323,1796.8694698130437,209,146,2.9601,3.4095,166.3,39.458,1,257383,667106
33,95.22145243267182,1878.616111220807,228,127,2.9601,3.4095,166.3,39.458,1,257383,667206
28,0.0,1962.0543048372967,211,113,2.9601,3.4095,166.3,39.458,1,257383,667306
41,85.50729404177598,2046.9772096735096,175,143,2.9601,3.4095,166.3,39.458,0,257383,667406
49,185.50725576624765,2133.207514217716,162,206,2.9601,3.4095,166.3,39.458,0,257383,667506
50,265.91990875558133,2220.5929164318045,183,235,2.9601,3.4095,166.3,39.458,0,257383,667606
47,230.39796984433448,2308.9405830645655,149,266,2.9601,3.4095,166.3,39.458,0,257383,667706
36,186.07825838642208,2397.771667037422,138,285,2.9601,3.4095,166.3,39.458,0,257383,667806
37,156.47342808533423,2485.815358815463,118,266,2.9601,3.4095,166.3,39.458,0,257383,667906
39,139.2460604678819,2573.859050593504,89,179,2.9601,3.4095,166.3,39.458,0,257383,668006
46,124.3118558986123,2661.9027423715443,65,164,2.9601,3.4095,166.3,39.458,0,257383,668106
48,36.44298793045975,2749.9464341495855,82,163,2.9601,3.4095,166.3,39.458,0,257383,668206
52,22.226532214272112,2837.9901259276267,102,94,2.9601,3.4095,166.3,39.458,0,257383,668306
53,74.66879393548889,2925.444644904943,112,72,2.9601,3.4095,166.3,39.458,0,257383,668406
53,326.6008441597115,2978.131097248723,104,42,2.8455,3.3141,163.7,37.886,0,257483,661506
53,407.3926497528648,2916.73667179123,145,43,2.8455,3.3141,163.7,37.886,0,257483,661606
31,400.1797360473909,2857.523541940412,184,49,2.8455,3.3141,163.7,37.886,1,257483,661706
24,382.2705311275884,2800.6300671305335,199,63,2.8455,3.3141,163.7,37.886,1,257483,661806
27,389.31210122683177,2746.2004211432704,172,77,2.8455,3.3141,163.7,37.886,1,257483,661906
30,350.4553561143947,2694.3839246216144,135,92,2.8455,3.3141,163.7,37.886,1,257483,662006
30,272.61906889548544,2645.334140223362,119,89,2.8455,3.3141,163.7,37.886,1,257483,662106
33,202.90824658806793,2599.1174679902074,109,115,2.8455,3.3141,163.7,37.886,1,257483,662206
32,149.70532685718206,2518.176844075847,127,112,2.8455,3.3141,163.7,37.886,1,257483,662306
27,151.5265575527146,2418.8797222844446,159,93,2.8455,3.3141,163.7,37.886,1,257483,662406
23,207.164929635506,2319.5826004930427,163,78,2.8455,3.3141,163.7,37.886,1,257483,662506
22,271.1099330469019,2220.285478701641,165,70,2.8455,3.3141,163.7,37.886,1,257483,662606
23,338.6909247667966,2120.988356910239,166,47,2.8455,3.3141,163.7,37.886,1,257483,662706
22,416.8329191867808,2021.692308550529,112,79,2.8455,3.3141,163.7,37.886,1,257483,662806
29,502.5596254385401,1922.4445021874596,117,102,2.8455,3.3141,163.7,37.886,1,257483,662906
30,592.7753973673993,1823.2788973520233,118,104,2.8455,3.3141,163.7,37.886,1,257483,663006
32,685.5978368491259,1724.2096772340742,134,89,2.8455,3.3141,163.7,37.886,1,257483,663106
30,780.153895748672,1625.2544676468517,131,76,2.8455,3.3141,163.7,37.886,1,257483,663206
29,875.9199782008964,1526.4354418528392,133,53,2.8455,3.3141,163.7,37.886,1,257483,663306
30,968.1236243768147,1427.7808766343992,145,37,2.8455,3.3141,163.7,37.886,1,257483,663406
32,1014.431580595026,1329.3273839228125,143,20,2.8455,3.3141,163.7,37.886,1,257483,663506
37,1068.1196147157607,1230.9878648488009,107,43,2.8455,3.3141,163.7,37.886,0,257483,663606
27,1128.1202270557897,1132.6483457747895,91,53,2.8455,3.3141,163.7,37.886,1,257483,663706
21,1034.308826700778,1034.308826700778,51,70,2.8455,3.3141,163.7,37.886,1,257483,663806
17,935.9693076267667,935.9693076267667,44,93,2.8455,3.3141,163.7,37.886,1,257483,663906
10,837.6399944185538,837.6399944185538,29,109,2.8455,3.3141,163.7,37.886,2,257483,664006
14,739.6106969395701,739.6106969395701,27,116,2.8455,3.3141,163.7,37.886,2,257483,664106
17,641.7288335772682,641.7288335772682,29,132,2.8455,3.3141,163.7,37.886,1,257483,664206
10,543.8479391548599,543.8479391548599,41,143,2.8455,3.3141,163.7,37.886,2,257483,664306
11,446.4577417825763,446.4577417825763,50,140,2.8455,3.3141,163.7,37.886,2,257483,664406
10,349.41287691845724,349.41287691845724,68,164,2.8455,3.3141,163.7,37.886,2,257483,664506
10,252.3400689417562,252.3400689417562,120,215,2.8455,3.3141,163.7,37.886,2,257483,664606
6,155.13846340898593,155.13846340898593,134,239,2.8455,3.3141,163.7,37.886,2,257483,664706
11,58.23595066334375,58.23595066334375,119,208,2.8455,3.3141,163.7,37.886,2,257483,664806
2,0.0,0.0,101,156,2.8455,3.3141,163.7,37.886,0,257483,664906
3,6.09311152045725,6.09311152045725,84,120,2.9601,3.4095,166.3,39.458,2,257483,665006
6,97.89540978365788,97.89540978365788,53,91,2.9601,3.4095,166.3,39.458,2,257483,665106
8,192.83914652699852,192.83914652699852,60,114,2.9601,3.4095,166.3,39.458,2,257483,665206
13,290.90870723742944,290.90870723742944,61,112,2.9601,3.4095,166.3,39.458,2,257483,665306
25,389.9600177708526,389.9600177708526,50,128,2.9601,3.4095,166.3,39.458,1,257483,665406
24,486.4146272250304,486.4146272250304,64,142,2.9601,3.4095,166.3,39.458,1,257483,665506
24,580.0727248547466,580.0727248547466,90,132,2.9601,3.4095,166.3,39.458,1,257483,665606
21,597.2874067239827,673.9610388953759,116,121,2.9601,3.4095,166.3,39.458,1,257483,665706
22,512.2927310582643,768.5786317322518,164,123,2.9601,3.4095,166.3,39.458,1,257483,665806
24,433.6893870091612,860.4747499195149,194,96,2.9601,3.4095,166.3,39.458,1,257483,665906
29,365.4058437269775,950.773740107454,181,93,2.9601,3.4095,166.3,39.458,1,257483,666006
31,314.0394029710488,1040.7132313792304,204,83,2.9601,3.4095,166.3,39.458,1,257483,666106
39,288.58995029225923,1130.8849141671385,205,78,2.9601,3.4095,166.3,39.458,0,257483,666206
53,295.54314558727737,1221.9419103465968,168,75,2.9601,3.4095,166.3,39.458,0,257483,666306
51,298.4596855455513,1313.023621451619,148,87,2.9601,3.4095,166.3,39.458,0,257483,666406
46,213.08846724925272,1404.105332556641,121,103,2.9601,3.4095,166.3,39.458,0,257483,666506
39,144.88557917825867,1495.187043661663,108,128,2.9601,3.4095,166.3,39.458,0,257483,666606
24,111.29840691272764,1564.7767773996866,132,160,2.9601,3.4095,166.3,39.458,1,257483,666706
21,110.9146565591672,1633.7028386097418,159,181,2.9601,3.4095,166.3,39.458,1,257483,666806
20,49.575792932195505,1705.7091096296897,192,185,2.9601,3.4095,166.3,39.458,1,257483,666906
19,13.512734920368896,1780.421907432586,198,169,2.9601,3.4095,166.3,39.458,1,257483,667006
28,86.00177660861361,1857.514675650792,186,156,2.9601,3.4095,166.3,39.458,1,257483,667106
31,44.745332200396525,1936.7032225021592,168,123,2.9601,3.4095,166.3,39.458,1,257483,667206
30,8.217459049010582,2017.7408093812317,175,109,2.9601,3.4095,166.3,39.458,1,257483,667306
46,97.54613524090996,2100.4134296929756,155,112,2.9601,3.4095,166.3,39.458,0,257483,667406
51,194.07617200931563,2184.535460327158,163,158,2.9601,3.4095,166.3,39.458,0,257483,667506
55,215.0027366378016,2269.945765699914,170,216,2.9601,3.4095,166.3,39.458,0,257483,667606
48,150.7662211149494,2356.5042713755365,127,210,2.9601,3.4095,166.3,39.458,0,257483,667706
39,93.87286971445616,2444.088988315141,121,227,2.9601,3.4095,166.3,39.458,0,257483,667806
41,59.96362814662755,2532.5245326801564,94,239,2.9601,3.4095,166.3,39.458,0,257483,667906
43,39.50609595090805,2621.275380460896,68,172,2.9601,3.4095,166.3,39.458,0,257483,668006
47,63.34813181337333,2709.3190722389368,73,137,2.9601,3.4095,166.3,39.458,0,257483,668106
51,0.0,2797.3627640169775,96,136,2.9601,3.4095,166.3,39.458,0,257483,668206
54,82.44600761121008,2885.4064557950187,120,84,2.9601,3.4095,166.3,39.458,0,257483,668306
54,158.23744983098402,2973.450147573059,135,56,2.9601,3.4095,166.3,39.458,0,257483,668406
61,214.9740865324869,3061.4938393511,152,38,2.9601,3.4095,166.3,39.458,0,257483,668506
46,185.78937651493032,2965.7937865324066,87,40,2.8455,3.3141,163.7,37.886,0,257583,661406
55,269.7557596620842,2900.6931524044608,97,42,2.8455,3.3141,163.7,37.886,0,257583,661506
54,357.15608508613565,2837.6237848908067,129,45,2.8455,3.3141,163.7,37.886,0,257583,661606
35,306.16341712407785,2776.7240995010516,136,50,2.8455,3.3141,163.7,37.886,1,257583,661706
27,282.5017431594134,2718.1399347571905,124,62,2.8455,3.3141,163.7,37.886,1,257583,661806
30,291.90721521642786,2662.024170644159,111,64,2.8455,3.3141,163.7,37.886,1,257583,661906
32,306.12876352398706,2608.5361153845693,85,74,2.8455,3.3141,163.7,37.886,1,257583,662006
36,213.45307220564024,2557.8406215864034,53,85,2.8455,3.3141,163.7,37.886,0,257583,662106
34,131.1977510244426,2510.106895255542,52,116,2.8455,3.3141,163.7,37.886,1,257583,662206
38,61.516375985632834,2465.0190755978115,80,95,2.8455,3.3141,163.7,37.886,0,257583,662306
26,65.78927665376648,2407.0703915140384,130,98,2.8455,3.3141,163.7,37.886,1,257583,662406
25,129.6888900528686,2307.7469930332,172,96,2.8455,3.3141,163.7,37.886,1,257583,662506
23,197.3426639692273,2208.4498712417976,209,97,2.8455,3.3141,163.7,37.886,1,257583,662606
22,279.06465050009587,2109.1527494503957,206,57,2.8455,3.3141,163.7,37.886,1,257583,662706
21,369.68378146144545,2009.855627658994,157,71,2.8455,3.3141,163.7,37.886,1,257583,662806
27,463.9631509454849,1910.5585058675924,134,92,2.8455,3.3141,163.7,37.886,1,257583,662906
29,560.2298747789981,1811.2613840761903,110,93,2.8455,3.3141,163.7,37.886,1,257583,663006
29,657.5411201884194,1711.9642622847884,136,71,2.8455,3.3141,163.7,37.886,1,257583,663106
28,755.5036443216253,1612.6671404933866,135,71,2.8455,3.3141,163.7,37.886,1,257583,663206
31,853.9386327060465,1513.3700187019845,125,58,2.8455,3.3141,163.7,37.886,1,257583,663306
30,952.6971364039238,1414.0728969105828,115,38,2.8455,3.3141,163.7,37.886,1,257583,663406
32,1051.642873666005,1314.7757751191807,120,18,2.8455,3.3141,163.7,37.886,1,257583,663506
29,1150.770110661847,1215.4786533277788,84,36,2.8455,3.3141,163.7,37.886,1,257583,663606
22,1116.2203302630417,1116.2203302630417,56,50,2.8455,3.3141,163.7,37.886,1,257583,663706
18,1017.1041732442918,1017.1041732442918,43,61,2.8455,3.3141,163.7,37.886,1,257583,663806
14,918.17970614111,918.17970614111,37,78,2.8455,3.3141,163.7,37.886,2,257583,663906
12,819.5163490180022,819.5163490180022,29,108,2.8455,3.3141,163.7,37.886,2,257583,664006
11,721.1425702225805,721.1425702225805,25,119,2.8455,3.3141,163.7,37.886,2,257583,664106
16,622.8030511485691,622.8030511485691,27,130,2.8455,3.3141,163.7,37.886,1,257583,664206
15,524.4635320745577,524.4635320745577,31,123,2.8455,3.3141,163.7,37.886,2,257583,664306
9,426.1240130005464,426.1240130005464,41,138,2.8455,3.3141,163.7,37.886,2,257583,664406
9,327.784493926535,327.784493926535,63,158,2.8455,3.3141,163.7,37.886,2,257583,664506
9,229.72845105761095,229.72845105761095,86,276,2.8455,3.3141,163.7,37.886,2,257583,664606
8,131.84658769530915,131.84658769530915,101,282,2.8455,3.3141,163.7,37.886,2,257583,664706
6,34.14750936904657,34.14750936904657,94,240,2.8455,3.3141,163.7,37.886,2,257583,664806
5,0.0,0.0,70,167,2.8455,3.3141,163.7,37.886,0,257583,664906
6,32.4868449479822,32.4868449479822,36,89,2.9601,3.4095,166.3,39.458,2,257583,665006
5,129.43713575721517,129.43713575721517,58,71,2.9601,3.4095,166.3,39.458,2,257583,665106
7,225.70051849415327,225.70051849415327,63,74,2.9601,3.4095,166.3,39.458,2,257583,665206
13,319.8296431747511,319.8296431747511,58,64,2.9601,3.4095,166.3,39.458,2,257583,665306
23,413.5954059596445,413.5954059596445,56,84,2.9601,3.4095,166.3,39.458,1,257583,665406
24,508.6629682132304,508.6629682132304,77,115,2.9601,3.4095,166.3,39.458,1,257583,665506
24,605.1492480419198,605.1492480419198,85,133,2.9601,3.4095,166.3,39.458,1,257583,665606
22,651.892265518487,702.5998519207019,123,122,2.9601,3.4095,166.3,39.458,1,257583,665706
19,574.9541676873791,800.679393660336,186,111,2.9601,3.4095,166.3,39.458,1,257583,665806
26,505.9716450861313,896.1323624509564,211,87,2.9601,3.4095,166.3,39.458,1,257583,665906
26,448.5851202569236,990.163752252026,222,92,2.9601,3.4095,166.3,39.458,1,257583,666006
29,407.637894223828,1083.967731477925,242,86,2.9601,3.4095,166.3,39.458,1,257583,666106
49,388.25174733415264,1174.3664265637854,227,71,2.9601,3.4095,166.3,39.458,0,257583,666206
53,393.47384141416046,1264.305917835561,209,71,2.9601,3.4095,166.3,39.458,0,257583,666306
48,353.4952339338774,1354.3990986173785,175,82,2.9601,3.4095,166.3,39.458,0,257583,666406
33,283.8027776346635,1445.3863439563306,130,98,2.9601,3.4095,166.3,39.458,1,257583,666506
29,233.47391432654385,1536.4680550613523,123,123,2.9601,3.4095,166.3,39.458,1,257583,666606
26,210.2753220052385,1627.5497661663749,138,162,2.9601,3.4095,166.3,39.458,1,257583,666706
24,170.41908426405618,1706.049777583699,154,192,2.9601,3.4095,166.3,39.458,1,257583,666806
31,86.33089505518763,1775.123783116425,156,165,2.9601,3.4095,166.3,39.458,1,257583,666906
24,9.650958503397458,1847.030873368864,151,136,2.9601,3.4095,166.3,39.458,1,257583,667006
23,0.0,1921.453004621744,146,139,2.9601,3.4095,166.3,39.458,1,257583,667106
26,28.90418738092881,1998.109168879946,143,92,2.9601,3.4095,166.3,39.458,1,257583,667206
32,80.73752078661701,2076.7519959191777,150,87,2.9601,3.4095,166.3,39.458,1,257583,667306
45,147.95908854386212,2157.1642158969885,153,85,2.9601,3.4095,166.3,39.458,0,257583,667406
53,227.04137372513193,2239.1552103725744,161,103,2.9601,3.4095,166.3,39.458,0,257583,667506
58,145.0856449298726,2322.5577835504605,154,174,2.9601,3.4095,166.3,39.458,0,257583,667606
50,73.89552692525272,2407.2252199831673,136,184,2.9601,3.4095,166.3,39.458,0,257583,667706
49,10.096987592567883,2493.0286523654695,112,168,2.9601,3.4095,166.3,39.458,0,257583,667806
53,22.36834590768369,2579.854736861626,70,171,2.9601,3.4095,166.3,39.458,0,257583,667906
53,45.04981315897908,2667.6036184372574,55,148,2.9601,3.4095,166.3,39.458,0,257583,668006
48,5.546866462650748,2756.1121895037495,77,116,2.9601,3.4095,166.3,39.458,0,257583,668106
54,31.178840902017797,2844.7790938843696,102,110,2.9601,3.4095,166.3,39.458,0,257583,668206
58,115.25677690782554,2932.8227856624103,123,53,2.9601,3.4095,166.3,39.458,0,257583,668306
56,208.71757812550047,3020.8664774404515,153,43,2.9601,3.4095,166.3,39.458,0,257583,668406
61,296.0140661066965,3108.910169218492,171,34,2.9601,3.4095,166.3,39.458,0,257583,668506
72,331.29099288572957,3196.953860996533,145,24,2.9601,3.4095,166.3,39.458,0,257583,668606
31,46.985986011107315,2959.841268502202,118,29,2.8455,3.3141,163.7,37.886,1,257683,661306
36,138.18947656600128,2891.485540917953,141,38,2.8455,3.3141,163.7,37.886,0,257683,661406
47,236.3384896244576,2824.672847678537,146,37,2.8455,3.3141,163.7,37.886,0,257683,661506
47,284.87310500675136,2759.8667860214327,145,58,2.8455,3.3141,163.7,37.886,0,257683,661606
36,217.55057992849547,2697.2120155368157,116,62,2.8455,3.3141,163.7,37.886,0,257683,661706
31,182.9855480841201,2636.8618918949983,107,74,2.8455,3.3141,163.7,37.886,1,257683,661806
36,197.1185745412364,2578.9782118311837,109,57,2.8455,3.3141,163.7,37.886,0,257683,661906
40,252.86542575272537,2523.730690321744,75,64,2.8455,3.3141,163.7,37.886,0,257683,662006
47,189.18852966143095,2471.296133093678,43,77,2.8455,3.3141,163.7,37.886,0,257683,662106
45,89.21537049538941,2421.857253765313,28,108,2.8455,3.3141,163.7,37.886,0,257683,662206
31,0.0,2375.5171711332378,45,108,2.8455,3.3141,163.7,37.886,1,257683,662306
28,0.0,2331.7861123418575,105,107,2.8455,3.3141,163.7,37.886,1,257683,662406
24,56.36232363516297,2291.587030219853,178,109,2.8455,3.3141,163.7,37.886,1,257683,662506
23,147.93076021806948,2198.331448294813,211,93,2.8455,3.3141,163.7,37.886,1,257683,662606
23,245.6643557419204,2098.6590521003013,206,87,2.8455,3.3141,163.7,37.886,1,257683,662706
25,344.5497361360864,1999.0193789363575,171,67,2.8455,3.3141,163.7,37.886,1,257683,662806
26,443.88470860307064,1899.4175785655104,139,65,2.8455,3.3141,163.7,37.886,1,257683,662906
27,543.4636587590923,1799.859938485279,115,84,2.8455,3.3141,163.7,37.886,1,257683,663006
25,643.1732754491633,1700.3542156164983,151,85,2.8455,3.3141,163.7,37.886,1,257683,663106
27,742.9609519430961,1600.910090843756,147,74,2.8455,3.3141,163.7,37.886,1,257683,663206
30,842.7989617769932,1501.5398027910978,135,61,2.8455,3.3141,163.7,37.886,1,257683,663306
29,942.6713127238804,1402.2372894507398,102,40,2.8455,3.3141,163.7,37.886,1,257683,663406
28,1042.5681357555245,1302.9401676593377,82,25,2.8455,3.3141,163.7,37.886,1,257683,663506
26,1142.483011494235,1203.6430458679358,62,36,2.8455,3.3141,163.7,37.886,1,257683,663606
20,1104.345924076534,1104.345924076534,45,48,2.8455,3.3141,163.7,37.886,1,257683,663706
17,1005.048802285132,1005.048802285132,30,56,2.8455,3.3141,163.7,37.886,1,257683,663806
15,905.75168049373,905.75168049373,23,72,2.8455,3.3141,163.7,37.886,2,257683,663906
14,806.4545587023279,806.4545587023279,26,88,2.8455,3.3141,163.7,37.886,2,257683,664006
13,707.157436910926,707.157436910926,26,111,2.8455,3.3141,163.7,37.886,2,257683,664106
12,607.860315119524,607.860315119524,25,117,2.8455,3.3141,163.7,37.886,2,257683,664206
15,508.5631933281221,508.5631933281221,26,124,2.8455,3.3141,163.7,37.886,2,257683,664306
8,409.2660715367202,409.2660715367202,34,124,2.8455,3.3141,163.7,37.886,2,257683,664406
10,310.0044957646232,310.0044957646232,49,190,2.8455,3.3141,163.7,37.886,2,257683,664506
9,211.29727559636024,211.29727559636024,74,259,2.8455,3.3141,163.7,37.886,2,257683,664606
10,112.95775652234884,112.95775652234884,69,264,2.8455,3.3141,163.7,37.886,2,257683,664706
5,14.61823744833749,14.61823744833749,55,238,2.8455,3.3141,163.7,37.886,2,257683,664806
8,0.0,0.0,27,178,2.8455,3.3141,163.7,37.886,0,257683,664906
6,55.976381624042226,55.976381624042226,22,81,2.9601,3.4095,166.3,39.458,2,257683,665006
6,153.32370208473722,153.32370208473722,32,58,2.9601,3.4095,166.3,39.458,2,257683,665106
8,250.5457840022868,250.5457840022868,32,66,2.9601,3.4095,166.3,39.458,2,257683,665206
13,347.76333646241216,347.76333646241216,36,64,2.9601,3.4095,166.3,39.458,2,257683,665306
17,444.79727126544685,444.79727126544685,50,78,2.9601,3.4095,166.3,39.458,1,257683,665406
25,541.5713082047874,541.5713082047874,76,109,2.9601,3.4095,166.3,39.458,1,257683,665506
21,635.7546992950604,635.7546992950604,90,111,2.9601,3.4095,166.3,39.458,1,257683,665606
22,716.2807448743768,729.7525665628973,140,113,2.9601,3.4095,166.3,39.458,1,257683,665706
23,646.910439062372,824.771014915254,181,96,2.9601,3.4095,166.3,39.458,1,257683,665806
28,586.3264725845435,920.7515130939778,217,74,2.9601,3.4095,166.3,39.458,1,257683,665906
27,537.4731702177023,1017.4597232215832,236,78,2.9601,3.4095,166.3,39.458,1,257683,666006
28,503.6819845289054,1114.748952855051,292,75,2.9601,3.4095,166.3,39.458,1,257683,666106
47,488.0339433578437,1212.1920000471664,263,68,2.9601,3.4095,166.3,39.458,0,257683,666206
44,492.2373176129672,1306.3785938994442,209,67,2.9601,3.4095,166.3,39.458,0,257683,666306
40,424.3774288678429,1397.9591130201163,159,69,2.9601,3.4095,166.3,39.458,0,257683,666406
30,368.3173936589286,1487.8986042918928,140,86,2.9601,3.4095,166.3,39.458,1,257683,666506
30,327.87414593876963,1577.9395259579242,116,116,2.9601,3.4095,166.3,39.458,1,257683,666606
24,308.2643782511634,1668.8307775660646,140,142,2.9601,3.4095,166.3,39.458,1,257683,666706
25,224.9133257719899,1759.9124886710863,172,162,2.9601,3.4095,166.3,39.458,1,257683,666806
28,149.09083865228632,1847.3454804387377,156,139,2.9601,3.4095,166.3,39.458,1,257683,666906
28,101.27286556998544,1916.544788386019,123,121,2.9601,3.4095,166.3,39.458,1,257683,667006
23,88.11898650517402,1988.3667990795336,116,98,2.9601,3.4095,166.3,39.458,1,257683,667106
30,120.08814582657378,2062.5375461973945,115,91,2.9601,3.4095,166.3,39.458,1,257683,667206
35,165.687809056499,2138.8126919546157,123,79,2.9601,3.4095,166.3,39.458,1,257683,667306
44,221.4358022123316,2216.9750411446516,143,70,2.9601,3.4095,166.3,39.458,0,257683,667406
51,181.3484708535306,2296.8319343936573,137,80,2.9601,3.4095,166.3,39.458,0,257683,667506
56,90.4559557744661,2378.2126769157317,138,128,2.9601,3.4095,166.3,39.458,0,257683,667606
51,5.221566444167106,2460.966098595198,125,119,2.9601,3.4095,166.3,39.458,0,257683,667706
57,54.132966484438114,2544.958298327705,98,117,2.9601,3.4095,166.3,39.458,0,257683,667806
64,114.65628654045877,2630.070596394559,69,90,2.9601,3.4095,166.3,39.458,0,257683,667906
65,143.21816596840273,2716.19769969187,55,97,2.9601,3.4095,166.3,39.458,0,257683,668006
56,101.34003858213096,2803.246072966765,55,56,2.9601,3.4095,166.3,39.458,0,257683,668106
55,114.4704536952691,2891.132502566385,76,36,2.9601,3.4095,166.3,39.458,0,257683,668206
55,172.53595311892497,2979.702719003267,103,36,2.9601,3.4095,166.3,39.458,0,257683,668306
58,251.38290794652733,3068.2828073078435,142,40,2.9601,3.4095,166.3,39.458,0,257683,668406
65,338.8617640969518,3156.3264990858843,159,31,2.9601,3.4095,166.3,39.458,0,257683,668506
74,344.52338515951254,3244.370190863926,123,20,2.9601,3.4095,166.3,39.458,0,257683,668606
70,244.66756004709555,3332.413882641966,85,11,2.9601,3.4095,166.3,39.458,0,257683,668706
27,27.649760770929237,2959.6740638401097,193,20,2.8455,3.3141,163.7,37.886,1,257783,661206
25,52.379723508835866,2888.2561414352504,180,24,2.8455,3.3141,163.7,37.886,1,257783,661306
30,145.8169898809032,2818.452189393976,224,33,2.8455,3.3141,163.7,37.886,1,257783,661406
39,242.52360386361104,2750.1877442128603,227,55,2.8455,3.3141,163.7,37.886,0,257783,661506
43,233.777170877434,2683.583538589868,202,58,2.8455,3.3141,163.7,37.886,0,257783,661606
40,144.63910836754116,2619.104539487192,167,61,2.8455,3.3141,163.7,37.886,0,257783,661706
45,84.2379993850425,2556.911529352222,117,68,2.8455,3.3141,163.7,37.886,0,257783,661806
52,111.51387719782248,2497.175314051101,80,81,2.8455,3.3141,163.7,37.886,0,257783,661906
60,193.49968802802005,2440.076336772707,47,66,2.8455,3.3141,163.7,37.886,0,257783,662006
66,209.41273500823957,2385.8039545297956,37,63,2.8455,3.3141,163.7,37.886,0,257783,662106
57,122.68670880179523,2334.5553087519493,30,58,2.8455,3.3141,163.7,37.886,0,257783,662206
37,60.484409420405186,2286.533723738578,28,97,2.8455,3.3141,163.7,37.886,0,257783,662306
27,34.75624857447394,2241.425720606891,91,102,2.8455,3.3141,163.7,37.886,1,257783,662406
29,61.29832214540269,2199.575846466681,179,82,2.8455,3.3141,163.7,37.886,1,257783,662506
22,150.06722022884986,2161.5454072771895,229,93,2.8455,3.3141,163.7,37.886,1,257783,662606
24,246.91909659642687,2091.4143626548653,213,109,2.8455,3.3141,163.7,37.886,1,257783,662706
24,345.52625567846127,1991.666569163424,173,97,2.8455,3.3141,163.7,37.886,1,257783,662806
24,444.6523028640568,1891.918775671983,148,70,2.8455,3.3141,163.7,37.886,1,257783,662906
26,544.0982884750147,1792.1709821805416,121,72,2.8455,3.3141,163.7,37.886,1,257783,663006
22,643.7159502455813,1692.4231886891007,137,79,2.8455,3.3141,163.7,37.886,1,257783,663106
25,743.436279501951,1592.6753951976596,134,71,2.8455,3.3141,163.7,37.886,1,257783,663206
25,843.2228523699026,1492.9276017062184,141,68,2.8455,3.3141,163.7,37.886,1,257783,663306
27,943.0546409609392,1393.1798082147773,106,48,2.8455,3.3141,163.7,37.886,1,257783,663406
27,1042.918660738745,1293.432014723336,64,32,2.8455,3.3141,163.7,37.886,1,257783,663506
20,1142.8064621781891,1193.684221231895,41,33,2.8455,3.3141,163.7,37.886,1,257783,663606
20,1093.9364277404538,1093.9364277404538,34,44,2.8455,3.3141,163.7,37.886,1,257783,663706
17,994.1936669613464,994.1936669613464,21,57,2.8455,3.3141,163.7,37.886,1,257783,663806
14,894.499696940482,894.499696940482,14,58,2.8455,3.3141,163.7,37.886,2,257783,663906
11,794.8826128600247,794.8826128600247,20,63,2.8455,3.3141,163.7,37.886,2,257783,664006
17,695.3754587471042,695.3754587471042,25,103,2.8455,3.3141,163.7,37.886,1,257783,664106
9,596.0247076596811,596.0247076596811,26,111,2.8455,3.3141,163.7,37.886,2,257783,664206
11,496.7275858682791,496.7275858682791,24,109,2.8455,3.3141,163.7,37.886,2,257783,664306
9,397.4304640768772,397.4304640768772,25,134,2.8455,3.3141,163.7,37.886,2,257783,664406
9,298.13334228547524,298.13334228547524,38,175,2.8455,3.3141,163.7,37.886,2,257783,664506
10,198.8362204940733,198.8362204940733,46,283,2.8455,3.3141,163.7,37.886,2,257783,664606
8,99.53909870267132,99.53909870267132,42,272,2.8455,3.3141,163.7,37.886,2,257783,664706
7,0.241976911269391,0.241976911269391,33,251,2.8455,3.3141,163.7,37.886,0,257783,664806
8,0.0,0.0,24,198,2.8455,3.3141,163.7,37.886,0,257783,664906
8,78.57285767773084,78.57285767773084,21,99,2.9601,3.4095,166.3,39.458,2,257783,665006
6,174.14085144178154,174.14085144178154,25,82,2.9601,3.4095,166.3,39.458,2,257783,665106
13,272.3445500995952,272.3445500995952,32,105,2.9601,3.4095,166.3,39.458,2,257783,665206
13,370.5720883368582,370.5720883368582,35,105,2.9601,3.4095,166.3,39.458,2,257783,665306
17,468.22762773230943,468.22762773230943,39,101,2.9601,3.4095,166.3,39.458,1,257783,665406
21,565.6185841279586,565.6185841279586,55,131,2.9601,3.4095,166.3,39.458,1,257783,665506
22,662.8406660455081,662.8406660455081,89,141,2.9601,3.4095,166.3,39.458,1,257783,665606
22,760.0627479630576,760.0627479630576,132,132,2.9601,3.4095,166.3,39.458,1,257783,665706
23,725.4852547026358,857.1076975829117,157,136,2.9601,3.4095,166.3,39.458,1,257783,665806
26,671.9253057737695,951.880809081797,197,156,2.9601,3.4095,166.3,39.458,1,257783,665906
27,629.6231530786421,1045.952416211822,246,172,2.9601,3.4095,166.3,39.458,1,257783,666006
31,600.9582360175377,1140.93188375595,273,168,2.9601,3.4095,166.3,39.458,1,257783,666106
40,587.8845091945464,1236.662886250344,244,111,2.9601,3.4095,166.3,39.458,0,257783,666206
38,565.3745552037268,1332.9673757587952,204,77,2.9601,3.4095,166.3,39.458,0,257783,666306
32,505.20641707226514,1429.7702487989393,164,58,2.9601,3.4095,166.3,39.458,1,257783,666406
30,456.8562621122405,1526.9852336757783,137,83,2.9601,3.4095,166.3,39.458,1,257783,666506
30,424.8444921135225,1621.5517994764475,119,111,2.9601,3.4095,166.3,39.458,1,257783,666606
27,365.325851355672,1711.4912907482235,124,115,2.9601,3.4095,166.3,39.458,1,257783,666706
28,290.3728869548265,1801.496427091952,147,114,2.9601,3.4095,166.3,39.458,1,257783,666806
27,233.0680904560759,1892.2752111757984,133,124,2.9601,3.4095,166.3,39.458,1,257783,666906
24,196.4957395588584,1983.3569222808203,99,140,2.9601,3.4095,166.3,39.458,1,257783,667006
24,187.4159035208101,2057.965841891855,105,108,2.9601,3.4095,166.3,39.458,1,257783,667106
34,211.9696339127832,2129.714067236687,94,95,2.9601,3.4095,166.3,39.458,1,257783,667206
38,252.4934432823605,2203.6652672259484,96,90,2.9601,3.4095,166.3,39.458,0,257783,667306
43,261.08183209829326,2279.605056094189,116,94,2.9601,3.4095,166.3,39.458,0,257783,667406
46,161.22755766203076,2357.3412594621022,125,80,2.9601,3.4095,166.3,39.458,0,257783,667506
45,61.75697985252871,2436.701954559595,135,85,2.9601,3.4095,166.3,39.458,0,257783,667606
55,22.384285055839435,2517.533518574625,122,92,2.9601,3.4095,166.3,39.458,0,257783,667706
62,120.92197272106829,2599.698755421272,91,87,2.9601,3.4095,166.3,39.458,0,257783,667806
73,194.3893962456517,2683.075142580075,76,67,2.9601,3.4095,166.3,39.458,0,257783,667906
73,204.4768127453507,2767.553219456361,56,40,2.9601,3.4095,166.3,39.458,0,257783,668006
69,200.1938106832937,2853.0351249705027,23,32,2.9601,3.4095,166.3,39.458,0,257783,668106
63,209.02615486029856,2939.433283153001,47,29,2.9601,3.4095,166.3,39.458,0,257783,668206
58,250.578628527824,3026.669230011732,74,32,2.9601,3.4095,166.3,39.458,0,257783,668306
55,313.95093584399206,3114.672263117322,108,41,2.9601,3.4095,166.3,39.458,0,257783,668406
64,357.76327578615053,3203.295519639075,123,38,2.9601,3.4095,166.3,39.458,0,257783,668506
71,346.96288005378494,3291.786520731317,111,26,2.9601,3.4095,166.3,39.458,0,257783,668606
63,247.26038706719856,3379.8302125093583,71,14,2.9601,3.4095,166.3,39.458,0,257783,668706
63,147.5578940806122,3467.8739042873995,39,13,2.9601,3.4095,166.3,39.458,0,257783,668806
28,42.119343464909726,2966.1496983991274,321,26,2.8455,3.3141,163.7,37.886,1,257883,661106
25,20.425695879065373,2891.4351121344303,234,24,2.8455,3.3141,163.7,37.886,1,257883,661206
25,97.79907756976968,2818.2884845335575,238,20,2.8455,3.3141,163.7,37.886,1,257883,661306
25,184.40674037570304,2746.8350799465675,279,33,2.8455,3.3141,163.7,37.886,1,257883,661406
31,274.99620641980124,2677.066520105668,252,61,2.8455,3.3141,163.7,37.886,1,257883,661506
40,219.0582310910073,2608.9033214354195,211,64,2.8455,3.3141,163.7,37.886,0,257883,661606
40,119.5908001003942,2542.53112483774,173,65,2.8455,3.3141,163.7,37.886,0,257883,661706
48,24.847742927351355,2478.4173379276867,115,63,2.8455,3.3141,163.7,37.886,0,257883,661806
56,77.04901383875746,2416.741707570848,53,64,2.8455,3.3141,163.7,37.886,0,257883,661906
61,175.90717720654575,2357.6955828275113,44,45,2.8455,3.3141,163.7,37.886,0,257883,662006
66,263.56071870909926,2301.481358050996,36,40,2.8455,3.3141,163.7,37.886,0,257883,662106
52,196.76240035914012,2248.311460102482,36,48,2.8455,3.3141,163.7,37.886,0,257883,662206
37,156.71327915915782,2198.4067871529264,37,66,2.8455,3.3141,163.7,37.886,0,257883,662306
31,132.76768691898877,2151.918225278529,99,72,2.8455,3.3141,163.7,37.886,1,257883,662406
26,144.51315426941284,2108.292363892491,177,75,2.8455,3.3141,163.7,37.886,1,257883,662506
24,202.5570516083572,2068.58437947522,213,89,2.8455,3.3141,163.7,37.886,1,257883,662606
26,282.96540780102174,2032.5044487390812,215,107,2.8455,3.3141,163.7,37.886,1,257883,662706
24,372.5011271630066,1985.959886173796,175,111,2.8455,3.3141,163.7,37.886,1,257883,662806
22,466.2843409478378,1886.0193437592543,136,100,2.8455,3.3141,163.7,37.886,1,257883,662906
21,562.0372164873557,1786.0854572435055,114,89,2.8455,3.3141,163.7,37.886,1,257883,663006
20,659.0384404816323,1686.159410055703,110,83,2.8455,3.3141,163.7,37.886,1,257883,663106
20,756.820652035916,1586.2426837221496,102,77,2.8455,3.3141,163.7,37.886,1,257883,663206
23,855.1159761480757,1486.337157984251,107,76,2.8455,3.3141,163.7,37.886,1,257883,663306
22,953.7657815099489,1386.4452541472212,92,62,2.8455,3.3141,163.7,37.886,1,257883,663406
21,1052.6250493390523,1286.570145110637,54,44,2.8455,3.3141,163.7,37.886,1,257883,663506
20,1151.6712949340945,1186.7160712793343,33,29,2.8455,3.3141,163.7,37.886,1,257883,663606
20,1086.8888302744265,1086.8888302744265,24,41,2.8455,3.3141,163.7,37.886,1,257883,663706
15,987.0965631172888,987.0965631172888,17,54,2.8455,3.3141,163.7,37.886,2,257883,663806
18,887.3431162215802,887.3431162215802,16,38,2.8455,3.3141,163.7,37.886,1,257883,663906
12,787.5953227301392,787.5953227301392,21,53,2.8455,3.3141,163.7,37.886,2,257883,664006
16,687.8475292386979,687.8475292386979,24,78,2.8455,3.3141,163.7,37.886,1,257883,664106
11,588.0997357472569,588.0997357472569,25,80,2.8455,3.3141,163.7,37.886,2,257883,664206
11,488.3519422558157,488.3519422558157,22,88,2.8455,3.3141,163.7,37.886,2,257883,664306
9,388.60414876437454,388.60414876437454,22,144,2.8455,3.3141,163.7,37.886,2,257883,664406
9,288.8563552729334,288.8563552729334,32,188,2.8455,3.3141,163.7,37.886,2,257883,664506
9,189.10856178149223,189.10856178149223,38,264,2.8455,3.3141,163.7,37.886,2,257883,664606
8,89.36076829005108,89.36076829005108,39,267,2.8455,3.3141,163.7,37.886,2,257883,664706
5,0.0,0.0,35,282,2.8455,3.3141,163.7,37.886,0,257883,664806
10,0.0,0.0,19,202,2.8455,3.3141,163.7,37.886,2,257883,664906
11,83.27258070556485,83.27258070556485,20,134,2.9601,3.4095,166.3,39.458,2,257883,665006
6,182.8355448693504,182.8355448693504,25,172,2.9601,3.4095,166.3,39.458,2,257883,665106
10,282.398509033136,282.398509033136,28,143,2.9601,3.4095,166.3,39.458,2,257883,665206
11,382.0051099790328,382.0051099790328,25,134,2.9601,3.4095,166.3,39.458,2,257883,665306
14,481.7615385269465,481.7615385269465,31,150,2.9601,3.4095,166.3,39.458,2,257883,665406
19,581.6016299475167,581.6016299475167,32,190,2.9601,3.4095,166.3,39.458,1,257883,665506
23,681.4886146601172,681.4886146601172,57,173,2.9601,3.4095,166.3,39.458,1,257883,665606
22,781.4045097547897,781.4045097547897,84,187,2.9601,3.4095,166.3,39.458,1,257883,665706
29,808.7235243744851,880.454131521763,123,221,2.9601,3.4095,166.3,39.458,1,257883,665806
36,761.0085878551711,977.8905537689586,198,177,2.9601,3.4095,166.3,39.458,0,257883,665906
30,723.8599457640374,1075.1355480887294,246,194,2.9601,3.4095,166.3,39.458,1,257883,666006
34,699.0036204023871,1172.357630006279,237,188,2.9601,3.4095,166.3,39.458,1,257883,666106
36,687.7784980881696,1267.984621027404,216,151,2.9601,3.4095,166.3,39.458,0,257883,666206
29,644.0385930907606,1362.1652269653491,163,100,2.9601,3.4095,166.3,39.458,1,257883,666306
30,591.5520542498848,1457.1215501615209,177,71,2.9601,3.4095,166.3,39.458,1,257883,666406
30,549.2804667337875,1552.690066120683,133,90,2.9601,3.4095,166.3,39.458,1,257883,666506
27,506.00916524107106,1648.750970066868,109,103,2.9601,3.4095,166.3,39.458,1,257883,666606
25,431.7461624460823,1745.2279796088903,117,103,2.9601,3.4095,166.3,39.458,1,257883,666706
26,369.6838830539676,1842.08079093264,112,117,2.9601,3.4095,166.3,39.458,1,257883,666806
24,323.2831324657018,1935.083977204555,89,146,2.9601,3.4095,166.3,39.458,1,257883,666906
25,294.4814948394666,2025.0643461554057,67,146,2.9601,3.4095,166.3,39.458,1,257883,667006
27,287.1626362490366,2115.7196625663105,81,129,2.9601,3.4095,166.3,39.458,1,257883,667106
30,305.5944696808399,2199.386934329131,77,102,2.9601,3.4095,166.3,39.458,1,257883,667206
36,343.48974720042327,2271.0705600420856,90,112,2.9601,3.4095,166.3,39.458,0,257883,667306
38,264.6337309467311,2344.828371220813,112,109,2.9601,3.4095,166.3,39.458,0,257883,667406
37,165.74834918584017,2420.4707584009834,130,94,2.9601,3.4095,166.3,39.458,0,257883,667506
43,67.72377446426863,2497.826514005008,137,84,2.9601,3.4095,166.3,39.458,0,257883,667606
55,9.022344658350429,2576.7413327415293,133,72,2.9601,3.4095,166.3,39.458,0,257883,667706
61,69.45051928103737,2657.0763063282116,109,67,2.9601,3.4095,166.3,39.458,0,257883,667806
66,119.2971352828256,2738.706464636718,70,50,2.9601,3.4095,166.3,39.458,0,257883,667906
74,105.27716558167492,2821.519395863713,44,39,2.9601,3.4095,166.3,39.458,0,257883,668006
78,156.0547983760304,2905.4139641413085,9,39,2.9601,3.4095,166.3,39.458,0,257883,668106
75,236.00743232222823,2990.299132999822,25,39,2.9601,3.4095,166.3,39.458,0,257883,668206
64,276.91580525826714,3076.0928962909543,55,51,2.9601,3.4095,166.3,39.458,0,257883,668306
57,250.23323403784008,3162.721313742937,93,41,2.9601,3.4095,166.3,39.458,0,257883,668406
64,260.75063304457814,3250.117645593161,116,39,2.9601,3.4095,166.3,39.458,0,257883,668506
63,304.4513551088111,3338.214844267134,116,34,2.9601,3.4095,166.3,39.458,0,257883,668606
61,246.483148842486,3426.890146859698,84,27,2.9601,3.4095,166.3,39.458,0,257883,668706
63,148.23535914564337,3515.2902341547915,42,17,2.9601,3.4095,166.3,39.458,0,257883,668806
57,50.40199067378626,3603.333925932832,20,18,2.9601,3.4095,166.3,39.458,0,257883,668906
29,105.29225369120697,2979.322596598153,301,50,2.8455,3.3141,163.7,37.886,1,257983,661006
25,10.164217648143811,2901.5117571413093,296,47,2.8455,3.3141,163.7,37.886,1,257983,661106
24,70.64488092098647,2825.0882200738192,270,33,2.8455,3.3141,163.7,37.886,1,257983,661206
26,161.84547886999871,2750.1775261918037,258,30,2.8455,3.3141,163.7,37.886,1,257983,661306
25,236.50598285338197,2676.90668495207,308,25,2.8455,3.3141,163.7,37.886,1,257983,661406
28,320.6007999663058,2605.4140504556453,275,64,2.8455,3.3141,163.7,37.886,1,257983,661506
32,247.63128153362473,2535.684831015409,245,86,2.8455,3.3141,163.7,37.886,1,257983,661606
40,166.24290196551735,2467.6345865575213,185,82,2.8455,3.3141,163.7,37.886,0,257983,661706
45,117.50655296262389,2401.5221075282248,96,62,2.8455,3.3141,163.7,37.886,0,257983,661806
52,139.00784674525354,2337.81872973905,58,61,2.8455,3.3141,163.7,37.886,0,257983,661906
53,210.8187390119984,2276.726683923787,46,43,2.8455,3.3141,163.7,37.886,0,257983,662006
58,299.0841439760041,2218.461713319052,42,45,2.8455,3.3141,163.7,37.886,0,257983,662106
49,283.86664629046743,2163.252263060044,23,51,2.8455,3.3141,163.7,37.886,0,257983,662206
26,251.96612054685409,2111.3380434706087,59,73,2.8455,3.3141,163.7,37.886,1,257983,662306
29,232.1095602389688,2062.9678412370363,119,91,2.8455,3.3141,163.7,37.886,1,257983,662406
26,239.7113721973743,2017.8353448522892,177,121,2.8455,3.3141,163.7,37.886,1,257983,662506
25,280.0504491617579,1976.3107352581603,213,104,2.8455,3.3141,163.7,37.886,1,257983,662606
25,343.949150809698,1939.0307070353704,215,106,2.8455,3.3141,163.7,37.886,1,257983,662706
23,421.2100970107395,1904.9306037935407,165,104,2.8455,3.3141,163.7,37.886,1,257983,662806
22,506.28725069359905,1875.5482205777485,112,105,2.8455,3.3141,163.7,37.886,1,257983,662906
17,595.8110246465169,1784.3657616288024,88,107,2.8455,3.3141,163.7,37.886,1,257983,663006
16,688.225816114,1684.3682225030077,95,101,2.8455,3.3141,163.7,37.886,1,257983,663106
16,782.5080004966278,1584.3706833772133,90,78,2.8455,3.3141,163.7,37.886,1,257983,663206
21,877.9536577574662,1484.3731442514186,80,73,2.8455,3.3141,163.7,37.886,1,257983,663306
22,974.293825539976,1384.3756051256237,62,60,2.8455,3.3141,163.7,37.886,1,257983,663406
20,1071.304948089445,1284.3780659998292,46,39,2.8455,3.3141,163.7,37.886,1,257983,663506
18,1168.8199712173537,1184.3805268740346,38,28,2.8455,3.3141,163.7,37.886,1,257983,663606
15,1084.38298774824,1084.38298774824,28,36,2.8455,3.3141,163.7,37.886,2,257983,663706
16,984.3854486224454,984.3854486224454,24,42,2.8455,3.3141,163.7,37.886,1,257983,663806
17,884.3879094966506,884.3879094966506,18,33,2.8455,3.3141,163.7,37.886,1,257983,663906
13,784.3903703708561,784.3903703708561,27,54,2.8455,3.3141,163.7,37.886,2,257983,664006
12,684.3928312450615,684.3928312450615,29,103,2.8455,3.3141,163.7,37.886,2,257983,664106
11,584.395292119267,584.395292119267,26,104,2.8455,3.3141,163.7,37.886,2,257983,664206
9,484.3977529934723,484.3977529934723,19,116,2.8455,3.3141,163.7,37.886,2,257983,664306
11,384.4002138676776,384.4002138676776,17,126,2.8455,3.3141,163.7,37.886,2,257983,664406
14,284.40267474188295,284.40267474188295,25,171,2.8455,3.3141,163.7,37.886,2,257983,664506
14,184.40513561608836,184.40513561608836,36,226,2.8455,3.3141,163.7,37.886,2,257983,664606
13,84.40759649029373,84.40759649029373,42,260,2.8455,3.3141,163.7,37.886,2,257983,664706
11,0.0,0.0,33,252,2.8455,3.3141,163.7,37.886,0,257983,664806
10,0.0,0.0,23,159,2.8455,3.3141,163.7,37.886,2,257983,664906
8,95.86066482648867,95.86066482648867,16,136,2.9601,3.4095,166.3,39.458,2,257983,665006
9,195.64070643995467,195.64070643995467,19,184,2.9601,3.4095,166.3,39.458,2,257983,665106
13,294.24666180632266,294.24666180632266,20,161,2.9601,3.4095,166.3,39.458,2,257983,665206
15,392.37403764059945,392.37403764059945,18,148,2.9601,3.4095,166.3,39.458,2,257983,665306
14,491.257236938662,491.257236938662,22,190,2.9601,3.4095,166.3,39.458,2,257983,665406
16,590.5166892432684,590.5166892432684,29,199,2.9601,3.4095,166.3,39.458,1,257983,665506
22,689.9900344969143,689.9900344969143,44,170,2.9601,3.4095,166.3,39.458,1,257983,665606
22,789.5522894793859,789.5522894793859,52,194,2.9601,3.4095,166.3,39.458,1,257983,665706
25,889.1152536431714,889.1152536431714,111,236,2.9601,3.4095,166.3,39.458,1,257983,665806
32,852.4564369973082,988.678217806957,171,197,2.9601,3.4095,166.3,39.458,1,257983,665906
33,819.4639267657479,1088.241181970743,188,200,2.9601,3.4095,166.3,39.458,1,257983,666006
31,797.5345266720298,1187.8041461345283,207,196,2.9601,3.4095,166.3,39.458,1,257983,666106
32,783.7971006131991,1287.3671102983135,194,160,2.9601,3.4095,166.3,39.458,1,257983,666206
31,727.9581245572034,1386.9300744620994,150,135,2.9601,3.4095,166.3,39.458,1,257983,666306
31,680.3860814209664,1486.519918143225,125,142,2.9601,3.4095,166.3,39.458,1,257983,666406
31,643.9723736616398,1584.06522837168,111,133,2.9601,3.4095,166.3,39.458,1,257983,666506
29,573.1431619546353,1678.3836730997398,97,136,2.9601,3.4095,166.3,39.458,1,257983,666606
24,508.6791805237344,1773.3248040106264,100,127,2.9601,3.4095,166.3,39.458,1,257983,666706
25,456.49183540082026,1868.7851103405849,83,136,2.9601,3.4095,166.3,39.458,1,257983,666806
25,417.47731773818555,1964.6710089036708,50,138,2.9601,3.4095,166.3,39.458,1,257983,666906
24,393.482052882963,2060.9217445766535,57,135,2.9601,3.4095,166.3,39.458,1,257983,667006
25,387.0400992435686,2157.5076771085123,61,141,2.9601,3.4095,166.3,39.458,1,257983,667106
27,326.015760171977,2248.6399968235405,58,120,2.9601,3.4095,166.3,39.458,1,257983,667206
34,272.2192189674233,2339.1806086350953,62,109,2.9601,3.4095,166.3,39.458,1,257983,667306
36,235.3417797977044,2412.434655942812,88,109,2.9601,3.4095,166.3,39.458,0,257983,667406
39,197.11629970611665,2486.0208307627054,103,100,2.9601,3.4095,166.3,39.458,0,257983,667506
39,111.76367650590583,2561.397699065546,106,92,2.9601,3.4095,166.3,39.458,0,257983,667606
44,43.90085837432296,2638.411790181823,117,93,2.9601,3.4095,166.3,39.458,0,257983,667706
55,1.9257764409853648,2716.923881223512,116,71,2.9601,3.4095,166.3,39.458,0,257983,667806
60,64.38621656452752,2796.807819310224,77,59,2.9601,3.4095,166.3,39.458,0,257983,667906
68,14.772188236013456,2877.949370636494,40,56,2.9601,3.4095,166.3,39.458,0,257983,668006
79,105.15345295866535,2960.2451219010854,18,44,2.9601,3.4095,166.3,39.458,0,257983,668106
83,189.03956082448485,3043.6014495218246,6,42,2.9601,3.4095,166.3,39.458,0,257983,668206
74,191.24341912477345,3127.933564723447,39,43,2.9601,3.4095,166.3,39.458,0,257983,668306
58,150.89712700320152,3213.1646374121124,86,45,2.9601,3.4095,166.3,39.458,0,257983,668406
57,167.19859535094196,3299.2249982242633,106,37,2.9601,3.4095,166.3,39.458,0,257983,668506
59,229.46700259900368,3386.0514158382284,108,39,2.9601,3.4095,166.3,39.458,0,257983,668606
58,271.64012998259324,3473.5864452309597,92,29,2.9601,3.4095,166.3,39.458,0,257983,668706
63,181.01606960126168,3561.762518612064,64,21,2.9601,3.4095,166.3,39.458,0,257983,668806
52,97.60910996965065,3650.4862650266728,37,21,2.9601,3.4095,166.3,39.458,0,257983,668906
49,27.15702933915272,3738.793947578265,23,16,2.9601,3.4095,166.3,39.458,0,257983,669006
31,91.46758581982688,2918.1494458743673,230,53,2.8455,3.3141,163.7,37.886,1,258083,661006
27,0.0,2838.8621355070136,250,59,2.8455,3.3141,163.7,37.886,1,258083,661106
24,72.15209458949256,2760.7698011090806,243,49,2.8455,3.3141,163.7,37.886,1,258083,661206
25,139.61408575078516,2684.0646171592975,252,38,2.8455,3.3141,163.7,37.886,1,258083,661306
24,227.19810152961284,2608.937684855101,281,62,2.8455,3.3141,163.7,37.886,1,258083,661406
26,320.23090040227027,2535.529297371203,289,79,2.8455,3.3141,163.7,37.886,1,258083,661506
29,307.66214355888746,2463.9930584720237,238,100,2.8455,3.3141,163.7,37.886,1,258083,661606
37,246.70770816007976,2394.3078272044754,180,86,2.8455,3.3141,163.7,37.886,0,258083,661706
35,216.76480878411803,2326.3843975046457,88,71,2.8455,3.3141,163.7,37.886,1,258083,661806
42,229.40694574537048,2260.5646075980553,33,45,2.8455,3.3141,163.7,37.886,0,258083,661906
47,278.90467500311775,2197.32572125683,36,53,2.8455,3.3141,163.7,37.886,0,258083,662006
49,350.639542437772,2136.896886952842,17,47,2.8455,3.3141,163.7,37.886,0,258083,662106
37,376.62275380745785,2079.523090913069,29,90,2.8455,3.3141,163.7,37.886,0,258083,662206
26,349.785820179028,2025.46396309896,92,112,2.8455,3.3141,163.7,37.886,1,258083,662306
26,331.8108632725364,1974.9917078267551,159,133,2.8455,3.3141,163.7,37.886,1,258083,662406
25,337.5402223794655,1928.321100393533,205,128,2.8455,3.3141,163.7,37.886,1,258083,662506
21,367.8957080830032,1884.825432124795,236,157,2.8455,3.3141,163.7,37.886,1,258083,662606
26,419.3606758652666,1845.7279195336223,219,166,2.8455,3.3141,163.7,37.886,1,258083,662706
24,485.35829809446346,1810.3939775505096,172,178,2.8455,3.3141,163.7,37.886,1,258083,662806
23,561.0405240582846,1779.4512851984148,106,166,2.8455,3.3141,163.7,37.886,1,258083,662906
23,643.211700118968,1753.6498366817516,83,113,2.8455,3.3141,163.7,37.886,1,258083,663006
22,729.7674064847685,1685.8247120966005,77,112,2.8455,3.3141,163.7,37.886,1,258083,663106
22,819.2828964667541,1585.925680905343,70,83,2.8455,3.3141,163.7,37.886,1,258083,663206
19,910.9821410534912,1486.040231889623,51,65,2.8455,3.3141,163.7,37.886,1,258083,663306
19,1004.2671249193874,1386.171301186854,48,56,2.8455,3.3141,163.7,37.886,1,258083,663406
19,1098.734023806172,1286.2550170288573,46,34,2.8455,3.3141,163.7,37.886,1,258083,663506
18,1186.3290432685842,1186.3290432685842,43,33,2.8455,3.3141,163.7,37.886,1,258083,663606
17,1086.4030695083106,1086.4030695083106,43,37,2.8455,3.3141,163.7,37.886,1,258083,663706
14,986.4770957480372,986.4770957480372,28,39,2.8455,3.3141,163.7,37.886,2,258083,663806
16,886.551121987764,886.551121987764,17,29,2.8455,3.3141,163.7,37.886,1,258083,663906
14,786.6251482274906,786.6251482274906,34,68,2.8455,3.3141,163.7,37.886,2,258083,664006
13,686.6991744672173,686.6991744672173,33,93,2.8455,3.3141,163.7,37.886,2,258083,664106
13,586.7732007069438,586.7732007069438,31,109,2.8455,3.3141,163.7,37.886,2,258083,664206
10,486.8472269466707,486.8472269466707,27,131,2.8455,3.3141,163.7,37.886,2,258083,664306
11,386.9212531863974,386.9212531863974,26,163,2.8455,3.3141,163.7,37.886,2,258083,664406
11,286.995279426124,286.995279426124,21,151,2.8455,3.3141,163.7,37.886,2,258083,664506
14,187.06930566585064,187.06930566585064,40,182,2.8455,3.3141,163.7,37.886,2,258083,664606
12,87.1433319055773,87.1433319055773,41,181,2.8455,3.3141,163.7,37.886,2,258083,664706
10,0.0,0.0,33,181,2.8455,3.3141,163.7,37.886,0,258083,664806
14,0.0,0.0,27,143,2.8455,3.3141,163.7,37.886,2,258083,664906
11,97.8493082118932,97.8493082118932,18,131,2.9601,3.4095,166.3,39.458,2,258083,665006
10,197.84588684763995,197.84588684763995,24,171,2.9601,3.4095,166.3,39.458,2,258083,665106
15,297.8424654833867,297.8424654833867,19,159,2.9601,3.4095,166.3,39.458,2,258083,665206
19,397.83904411913346,397.83904411913346,21,173,2.9601,3.4095,166.3,39.458,1,258083,665306
24,497.8356227548802,497.8356227548802,21,201,2.9601,3.4095,166.3,39.458,1,258083,665406
18,597.8322013906269,597.8322013906269,28,203,2.9601,3.4095,166.3,39.458,1,258083,665506
24,697.8287800263737,697.8287800263737,45,171,2.9601,3.4095,166.3,39.458,1,258083,665606
27,797.8253586621206,797.8253586621206,61,180,2.9601,3.4095,166.3,39.458,1,258083,665706
31,897.8219372978673,897.8219372978673,113,211,2.9601,3.4095,166.3,39.458,1,258083,665806
35,936.6647426318732,997.818515933614,151,185,2.9601,3.4095,166.3,39.458,1,258083,665906
37,880.3016488185061,1097.8150945693608,170,209,2.9601,3.4095,166.3,39.458,0,258083,666006
38,831.8367723058957,1197.8116732051076,177,197,2.9601,3.4095,166.3,39.458,0,258083,666106
30,793.0193519370364,1297.470048418413,155,181,2.9601,3.4095,166.3,39.458,1,258083,666206
30,764.9777875829313,1396.712144277804,115,158,2.9601,3.4095,166.3,39.458,1,258083,666306
30,749.0046237359328,1496.0551799326531,88,148,2.9601,3.4095,166.3,39.458,1,258083,666406
28,714.5498019059244,1595.4803003589689,85,148,2.9601,3.4095,166.3,39.458,1,258083,666506
27,648.7240122014417,1694.9730606306896,96,152,2.9601,3.4095,166.3,39.458,1,258083,666606
25,592.5405206478938,1794.5208907445635,96,126,2.9601,3.4095,166.3,39.458,1,258083,666706
26,537.9464908209973,1894.0838549083492,66,140,2.9601,3.4095,166.3,39.458,1,258083,666806
24,460.4798169860739,1993.6468190721348,59,116,2.9601,3.4095,166.3,39.458,1,258083,666906
26,385.5226067849516,2089.5354768688517,57,133,2.9601,3.4095,166.3,39.458,1,258083,667006
27,314.4599634161456,2184.918065696196,50,131,2.9601,3.4095,166.3,39.458,1,258083,667106
29,246.68026127958575,2280.6673410270487,49,153,2.9601,3.4095,166.3,39.458,1,258083,667206
32,188.0014923053617,2376.7574915687183,47,115,2.9601,3.4095,166.3,39.458,1,258083,667306
34,141.19330818678597,2472.2212814712448,67,124,2.9601,3.4095,166.3,39.458,1,258083,667406
37,120.33559331851882,2553.8050923470946,89,129,2.9601,3.4095,166.3,39.458,0,258083,667506
40,126.29257537675,2627.237912997248,95,109,2.9601,3.4095,166.3,39.458,0,258083,667606
46,117.95563058783462,2702.376297498613,103,103,2.9601,3.4095,166.3,39.458,0,258083,667706
49,19.01024372011629,2779.0819086659703,110,82,2.9601,3.4095,166.3,39.458,0,258083,667806
54,16.23043833014084,2857.2285272387076,71,76,2.9601,3.4095,166.3,39.458,0,258083,667906
64,15.974540373770203,2936.701118373958,49,94,2.9601,3.4095,166.3,39.458,0,258083,668006
74,55.29107410152307,3017.3949129093185,38,69,2.9601,3.4095,166.3,39.458,0,258083,668106
80,154.83557015322543,3099.214523430609,13,38,2.9601,3.4095,166.3,39.458,0,258083,668206
76,128.31885097378722,3182.0731079023612,31,43,2.9601,3.4095,166.3,39.458,0,258083,668306
65,53.63313943432886,3265.8915881926596,68,48,2.9601,3.4095,166.3,39.458,0,258083,668406
56,88.9935275259264,3350.5979268810743,117,44,2.9601,3.4095,166.3,39.458,0,258083,668506
56,179.86383191806328,3436.1264629538787,134,43,2.9601,3.4095,166.3,39.458,0,258083,668606
55,275.96739590778833,3522.417305090939,116,28,2.9601,3.4095,166.3,39.458,0,258083,668706
54,237.95426028933588,3609.415780011537,81,20,2.9601,3.4095,166.3,39.458,0,258083,668806
47,167.74839346065426,3697.071932595912,50,21,2.9601,3.4095,166.3,39.458,0,258083,668906
56,80.98823305290658,3785.317177132461,36,15,2.9601,3.4095,166.3,39.458,0,258083,669006
35,73.7815674834001,2941.3062421347695,137,54,2.8455,3.3141,163.7,37.886,1,258183,660906
33,51.74102082593625,2859.164991038385,166,59,2.8455,3.3141,163.7,37.886,1,258183,661006
26,52.0618995600064,2778.1948243307365,211,53,2.8455,3.3141,163.7,37.886,1,258183,661106
24,4.323888098790482,2698.5011613665574,242,52,2.8455,3.3141,163.7,37.886,1,258183,661206
25,101.96024707198534,2620.101011908224,222,66,2.8455,3.3141,163.7,37.886,1,258183,661306
24,201.8280322931057,2543.0851906637163,236,105,2.8455,3.3141,163.7,37.886,1,258183,661406
25,301.78339459889696,2467.718634963014,228,120,2.8455,3.3141,163.7,37.886,1,258183,661506
27,384.60576769211383,2394.157103390321,176,116,2.8455,3.3141,163.7,37.886,1,258183,661606
28,337.7038430395136,2322.5721108471407,126,105,2.8455,3.3141,163.7,37.886,1,258183,661706
32,316.49040216928,2252.936390709598,85,86,2.8455,3.3141,163.7,37.886,1,258183,661806
35,325.4228931985751,2185.1563507289807,19,62,2.8455,3.3141,163.7,37.886,1,258183,661906
43,362.0665450411874,2119.6689027541765,12,54,2.8455,3.3141,163.7,37.886,0,258183,662006
44,419.824313279302,2056.9599503818717,18,72,2.8455,3.3141,163.7,37.886,0,258183,662106
32,472.2381045983745,1997.2912200395044,62,96,2.8455,3.3141,163.7,37.886,1,258183,662206
30,446.8511610325391,1940.9431207067323,121,124,2.8455,3.3141,163.7,37.886,1,258183,662306
27,431.6503793778064,1888.212958855724,178,140,2.8455,3.3141,163.7,37.886,1,258183,662406
23,436.3157583431156,1839.4119055183337,226,170,2.8455,3.3141,163.7,37.886,1,258183,662506
23,460.4950641538518,1794.249062107095,257,177,2.8455,3.3141,163.7,37.886,1,258183,662606
25,502.91006694703503,1753.132721796523,235,192,2.8455,3.3141,163.7,37.886,1,258183,662706
22,559.6668049976176,1716.4766536813386,184,215,2.8455,3.3141,163.7,37.886,1,258183,662806
25,626.7729546778448,1683.8089633554696,145,196,2.8455,3.3141,163.7,37.886,1,258183,662906
24,701.509082940052,1656.5425281348369,102,152,2.8455,3.3141,163.7,37.886,1,258183,663006
22,781.7095464312376,1634.6572342351635,61,126,2.8455,3.3141,163.7,37.886,1,258183,663106
22,866.0396275668161,1589.879984977079,45,88,2.8455,3.3141,163.7,37.886,1,258183,663206
18,953.3069573438174,1489.9540112168056,38,63,2.8455,3.3141,163.7,37.886,1,258183,663306
19,1042.8126158594248,1390.028037456532,48,54,2.8455,3.3141,163.7,37.886,1,258183,663406
21,1134.0732554253386,1290.102063696259,44,42,2.8455,3.3141,163.7,37.886,1,258183,663506
19,1190.1760899359854,1190.1760899359854,43,38,2.8455,3.3141,163.7,37.886,1,258183,663606
16,1090.2501161757125,1090.2501161757125,47,34,2.8455,3.3141,163.7,37.886,1,258183,663706
14,990.3241424154388,990.3241424154388,45,28,2.8455,3.3141,163.7,37.886,2,258183,663806
14,890.3981686551654,890.3981686551654,31,28,2.8455,3.3141,163.7,37.886,2,258183,663906
12,790.472194894892,790.472194894892,34,49,2.8455,3.3141,163.7,37.886,2,258183,664006
12,690.5462211346187,690.5462211346187,36,63,2.8455,3.3141,163.7,37.886,2,258183,664106
11,590.6202473743454,590.6202473743454,37,106,2.8455,3.3141,163.7,37.886,2,258183,664206
9,490.6942736140722,490.6942736140722,35,138,2.8455,3.3141,163.7,37.886,2,258183,664306
10,390.7682998537989,390.7682998537989,36,147,2.8455,3.3141,163.7,37.886,2,258183,664406
6,290.84232609352546,290.84232609352546,46,182,2.8455,3.3141,163.7,37.886,2,258183,664506
17,190.9163523332521,190.9163523332521,52,209,2.8455,3.3141,163.7,37.886,1,258183,664606
10,90.99037857297871,90.99037857297871,42,186,2.8455,3.3141,163.7,37.886,2,258183,664706
9,0.0,0.0,31,184,2.8455,3.3141,163.7,37.886,0,258183,664806
2,0.0,0.0,39,152,2.8455,3.3141,163.7,37.886,2,258183,664906
9,93.8170061586357,93.8170061586357,23,129,2.9601,3.4095,166.3,39.458,2,258183,665006
10,193.51729412726968,193.51729412726968,27,150,2.9601,3.4095,166.3,39.458,2,258183,665106
13,293.3486267160466,293.3486267160466,30,141,2.9601,3.4095,166.3,39.458,2,258183,665206
22,393.2656741517631,393.2656741517631,30,158,2.9601,3.4095,166.3,39.458,1,258183,665306
22,493.21634617669656,493.21634617669656,34,175,2.9601,3.4095,166.3,39.458,1,258183,665406
36,593.1836459358444,593.1836459358444,48,152,2.9601,3.4095,166.3,39.458,0,258183,665506
35,693.1603793319347,693.1603793319347,67,162,2.9601,3.4095,166.3,39.458,1,258183,665606
30,793.1429790053252,793.1429790053252,91,169,2.9601,3.4095,166.3,39.458,1,258183,665706
33,893.1294748329002,893.1294748329002,118,163,2.9601,3.4095,166.3,39.458,1,258183,665806
31,858.7276685941902,993.1186900291134,163,152,2.9601,3.4095,166.3,39.458,1,258183,665906
36,796.9141692597119,1093.1098783539524,168,179,2.9601,3.4095,166.3,39.458,0,258183,666006
48,743.2780367263214,1193.1025437173632,158,160,2.9601,3.4095,166.3,39.458,0,258183,666106
42,699.6070483468548,1293.08264014438,115,144,2.9601,3.4095,166.3,39.458,0,258183,666206
32,667.7952977212373,1392.638388841298,73,121,2.9601,3.4095,166.3,39.458,1,258183,666306
28,649.5374694371453,1492.2535474597514,56,156,2.9601,3.4095,166.3,39.458,1,258183,666406
25,636.368033375776,1591.916963204406,61,140,2.9601,3.4095,166.3,39.458,1,258183,666506
27,628.6428505174371,1691.6201067525965,79,145,2.9601,3.4095,166.3,39.458,1,258183,666606
27,568.1213896177105,1791.3563446175056,73,128,2.9601,3.4095,166.3,39.458,1,258183,666706
29,481.587103476057,1891.1204406999352,61,120,2.9601,3.4095,166.3,39.458,1,258183,666806
29,398.2996712674866,1990.9049668172825,58,113,2.9601,3.4095,166.3,39.458,1,258183,666906
29,319.2163328268056,2090.6917696248584,55,113,2.9601,3.4095,166.3,39.458,1,258183,667006
27,244.28083808251395,2190.4785724324342,50,132,2.9601,3.4095,166.3,39.458,1,258183,667106
34,173.03951483022624,2290.2653752400106,42,109,2.9601,3.4095,166.3,39.458,1,258183,667206
36,106.13018967947777,2390.0521780475865,40,104,2.9601,3.4095,166.3,39.458,0,258183,667306
38,49.670711955526144,2489.838980855163,36,102,2.9601,3.4095,166.3,39.458,0,258183,667406
43,20.442998308814072,2589.629557026043,72,121,2.9601,3.4095,166.3,39.458,0,258183,667506
45,27.01027149595427,2689.4348664646823,75,108,2.9601,3.4095,166.3,39.458,0,258183,667606
55,51.86035434753905,2768.4758499929476,79,87,2.9601,3.4095,166.3,39.458,0,258183,667706
51,35.65408893952644,2843.398869976978,81,94,2.9601,3.4095,166.3,39.458,0,258183,667806
53,0.0,2919.824606989011,54,84,2.9601,3.4095,166.3,39.458,0,258183,667906
59,72.71044615355612,2997.6381264873708,47,89,2.9601,3.4095,166.3,39.458,0,258183,668006
75,85.16213400678716,3076.73413527443,41,71,2.9601,3.4095,166.3,39.458,0,258183,668106
80,168.35645158766232,3157.0162402108535,19,53,2.9601,3.4095,166.3,39.458,0,258183,668206
75,122.4590511055504,3238.396230041539,22,43,2.9601,3.4095,166.3,39.458,0,258183,668306
70,34.859579705986384,3320.7933908238606,75,46,2.9601,3.4095,166.3,39.458,0,258183,668406
58,72.91366284662048,3404.133861400226,144,43,2.9601,3.4095,166.3,39.458,0,258183,668506
53,170.3176158238564,3488.350032339615,167,42,2.9601,3.4095,166.3,39.458,0,258183,668606
54,269.29288307879,3573.379989577931,144,29,2.9601,3.4095,166.3,39.458,0,258183,668706
51,303.77292777223005,3659.167002434865,95,21,2.9601,3.4095,166.3,39.458,0,258183,668806
47,210.82770652313064,3745.6590546258126,65,12,2.9601,3.4095,166.3,39.458,0,258183,668906
64,119.80052330499768,3832.808416199865,68,12,2.9601,3.4095,166.3,39.458,0,258183,669006
52,39.91126291912921,3920.57125392266,101,14,2.9601,3.4095,166.3,39.458,0,258183,669106
27,0.0,2971.021479489006,117,64,2.8455,3.3141,163.7,37.886,1,258283,660806
27,8.792698629320487,2886.262404485013,130,67,2.8455,3.3141,163.7,37.886,1,258283,660906
26,33.96313819771414,2802.5082878561084,162,76,2.8455,3.3141,163.7,37.886,1,258283,661006
27,37.62327845728307,2719.851970137482,193,78,2.8455,3.3141,163.7,37.886,1,258283,661106
26,54.80776524322722,2638.396629663423,218,77,2.8455,3.3141,163.7,37.886,1,258283,661206
25,125.44365378349896,2558.2569869694244,191,90,2.8455,3.3141,163.7,37.886,1,258283,661306
27,216.25917901865895,2479.5178423413545,186,124,2.8455,3.3141,163.7,37.886,1,258283,661406
30,312.7298430676139,2402.1577185646524,173,140,2.8455,3.3141,163.7,37.886,1,258283,661506
28,410.8915635302877,2326.524162614768,135,146,2.8455,3.3141,163.7,37.886,1,258283,661606
28,432.69282168960666,2252.7910807709086,95,153,2.8455,3.3141,163.7,37.886,1,258283,661706
29,416.3476516126035,2181.1512162093595,67,98,2.8455,3.3141,163.7,37.886,1,258283,661806
33,423.18044073020087,2111.571639740069,23,68,2.8455,3.3141,163.7,37.886,1,258283,661906
38,452.1023648882293,2043.955036029252,12,65,2.8455,3.3141,163.7,37.886,0,258283,662006
33,499.5566227365072,1978.848192631572,34,68,2.8455,3.3141,163.7,37.886,1,258283,662106
27,560.9965154101052,1916.7493705889503,83,99,2.8455,3.3141,163.7,37.886,1,258283,662206
29,544.2233865665146,1857.9602067388407,138,125,2.8455,3.3141,163.7,37.886,1,258283,662306
25,531.5502337957745,1802.8045124186187,203,138,2.8455,3.3141,163.7,37.886,1,258283,662406
25,535.456478974637,1751.6255564956891,251,173,2.8455,3.3141,163.7,37.886,1,258283,662506
25,555.5714604435194,1704.7265130102128,251,190,2.8455,3.3141,163.7,37.886,1,258283,662606
24,591.4477595653682,1661.396138048194,222,181,2.8455,3.3141,163.7,37.886,1,258283,662706
22,640.5885245796572,1623.0778696300888,183,195,2.8455,3.3141,163.7,37.886,1,258283,662806
23,700.3800579730058,1588.7033624179664,168,186,2.8455,3.3141,163.7,37.886,1,258283,662906
26,768.1900779768231,1559.775271057112,120,150,2.8455,3.3141,163.7,37.886,1,258283,663006
24,842.2965732206151,1536.6033646484143,78,118,2.8455,3.3141,163.7,37.886,1,258283,663106
22,921.0962701007584,1519.5133422187432,50,80,2.8455,3.3141,163.7,37.886,1,258283,663206
20,1003.6798096643508,1483.351515611267,46,58,2.8455,3.3141,163.7,37.886,1,258283,663306
18,1089.186844330304,1388.2615065653845,52,69,2.8455,3.3141,163.7,37.886,1,258283,663406
25,1176.8720585827284,1291.693304090098,54,66,2.8455,3.3141,163.7,37.886,1,258283,663506
18,1194.023136603387,1194.023136603387,48,45,2.8455,3.3141,163.7,37.886,1,258283,663606
14,1094.0971628431137,1094.0971628431137,52,36,2.8455,3.3141,163.7,37.886,2,258283,663706
13,994.17118908284,994.17118908284,40,27,2.8455,3.3141,163.7,37.886,2,258283,663806
14,894.2452153225669,894.2452153225669,31,24,2.8455,3.3141,163.7,37.886,2,258283,663906
13,794.3192415622935,794.3192415622935,35,41,2.8455,3.3141,163.7,37.886,2,258283,664006
13,694.3932678020201,694.3932678020201,33,55,2.8455,3.3141,163.7,37.886,2,258283,664106
11,594.4673026909439,594.4673026909439,32,77,2.8455,3.3141,163.7,37.886,2,258283,664206
12,494.55708239813816,494.55708239813816,38,103,2.8455,3.3141,163.7,37.886,2,258283,664306
10,394.6871640461463,394.6871640461463,47,123,2.8455,3.3141,163.7,37.886,2,258283,664406
9,294.82817427397566,294.82817427397566,59,164,2.8455,3.3141,163.7,37.886,2,258283,664506
12,194.96918450180513,194.96918450180513,68,188,2.8455,3.3141,163.7,37.886,2,258283,664606
7,95.11019472963454,95.11019472963454,52,158,2.8455,3.3141,163.7,37.886,2,258283,664706
6,0.0,0.0,42,160,2.8455,3.3141,163.7,37.886,0,258283,664806
0,0.0,0.0,33,134,2.8455,3.3141,163.7,37.886,2,258283,664906
9,90.8022525234434,90.8022525234434,28,117,2.9601,3.4095,166.3,39.458,2,258283,665006
14,188.7432565551876,188.7432565551876,35,101,2.9601,3.4095,166.3,39.458,2,258283,665106
19,288.1023858401446,288.1023858401446,41,87,2.9601,3.4095,166.3,39.458,1,258283,665206
24,387.7911197519997,387.7911197519997,45,110,2.9601,3.4095,166.3,39.458,1,258283,665306
29,487.57651792487457,487.57651792487457,59,107,2.9601,3.4095,166.3,39.458,1,258283,665406
31,587.3633207324506,587.3633207324506,78,109,2.9601,3.4095,166.3,39.458,1,258283,665506
35,687.1501235400267,687.1501235400267,88,122,2.9601,3.4095,166.3,39.458,1,258283,665606
39,786.9369263476027,786.9369263476027,129,124,2.9601,3.4095,166.3,39.458,0,258283,665706
40,859.6384818426158,886.7237291551788,153,130,2.9601,3.4095,166.3,39.458,0,258283,665806
46,785.6153802162562,986.5105319627548,168,104,2.9601,3.4095,166.3,39.458,0,258283,665906
43,717.7826540480711,1086.3156696851738,179,97,2.9601,3.4095,166.3,39.458,0,258283,666006
56,657.8780633553305,1186.153612537832,142,99,2.9601,3.4095,166.3,39.458,0,258283,666106
40,608.2432459271888,1286.016738176277,86,85,2.9601,3.4095,166.3,39.458,0,258283,666206
30,571.585604981367,1385.899602858213,59,127,2.9601,3.4095,166.3,39.458,1,258283,666306
28,550.2635023584743,1485.79822571423,48,148,2.9601,3.4095,166.3,39.458,1,258283,666406
26,536.83333285273,1585.709628484533,44,150,2.9601,3.4095,166.3,39.458,1,258283,666506
27,528.9382032355317,1685.631538682626,49,122,2.9601,3.4095,166.3,39.458,1,258283,666606
29,521.2646968781617,1785.5621922897446,48,102,2.9601,3.4095,166.3,39.458,1,258283,666706
33,434.5688512786476,1885.5001991162876,54,84,2.9601,3.4095,166.3,39.458,1,258283,666806
29,344.6394493165214,1985.444448782328,52,99,2.9601,3.4095,166.3,39.458,1,258283,666906
33,259.2259424063767,2085.3940437081824,50,99,2.9601,3.4095,166.3,39.458,1,258283,667006
36,178.19921402861874,2185.348250477842,45,88,2.9601,3.4095,166.3,39.458,0,258283,667106
37,103.08431510510084,2285.3064639561076,36,88,2.9601,3.4095,166.3,39.458,0,258283,667206
41,31.61906624430689,2385.2681804217673,34,76,2.9601,3.4095,166.3,39.458,0,258283,667306
50,15.16327331978774,2485.232977180524,37,84,2.9601,3.4095,166.3,39.458,0,258283,667406
51,1.6230945652440605,2585.200496905138,28,91,2.9601,3.4095,166.3,39.458,0,258283,667506
58,53.45746444047865,2685.170435471755,35,78,2.9601,3.4095,166.3,39.458,0,258283,667606
53,0.0,2785.1425324145575,38,76,2.9601,3.4095,166.3,39.458,0,258283,667706
49,0.0,2885.1165633640485,51,89,2.9601,3.4095,166.3,39.458,0,258283,667806
51,0.0,2984.4591828822845,64,93,2.9601,3.4095,166.3,39.458,0,258283,667906
57,85.16689096744277,3060.629872441713,71,82,2.9601,3.4095,166.3,39.458,0,258283,668006
71,173.72041736202186,3138.1385912471674,72,71,2.9601,3.4095,166.3,39.458,0,258283,668106
72,226.4289935742196,3216.8886240693714,44,71,2.9601,3.4095,166.3,39.458,0,258283,668206
74,176.08641733511706,3296.7910187725147,29,41,2.9601,3.4095,166.3,39.458,0,258283,668306
75,127.26644573232556,3377.7639975657407,75,35,2.9601,3.4095,166.3,39.458,0,258283,668406
54,142.50118738161507,3459.7323921140887,133,45,2.9601,3.4095,166.3,39.458,0,258283,668506
53,209.7830516442956,3542.627108070458,146,37,2.9601,3.4095,166.3,39.458,0,258283,668606
53,296.1608838270446,3626.384622268829,131,30,2.9601,3.4095,166.3,39.458,0,258283,668706
49,343.06710757951856,3710.9465140877487,101,19,2.9601,3.4095,166.3,39.458,0,258283,668806
58,258.9511912864815,3796.259031232221,74,8,2.9601,3.4095,166.3,39.458,0,258283,668906
71,181.3044330528154,3882.272689289661,90,8,2.9601,3.4095,166.3,39.458,0,258283,669006
61,124.34334764683332,3968.941903807179,126,12,2.9601,3.4095,166.3,39.458,0,258283,669106
56,102.86169417887538,4056.224653244534,122,26,2.9601,3.4095,166.3,39.458,0,258283,669206
27,86.38929245973357,2911.307980968292,115,74,2.8455,3.3141,163.7,37.886,1,258383,660806
27,104.78566375883608,2833.679397014818,130,68,2.8455,3.3141,163.7,37.886,1,258383,660906
27,133.7186478764311,2748.3232999457737,157,71,2.8455,3.3141,163.7,37.886,1,258383,661006
27,137.0172135314409,2663.9862981973824,169,73,2.8455,3.3141,163.7,37.886,1,258383,661106
27,144.67613827863747,2580.768302839672,191,69,2.8455,3.3141,163.7,37.886,1,258383,661206
26,194.12336160937224,2498.781116644778,178,112,2.8455,3.3141,163.7,37.886,1,258383,661306
29,265.41774597197036,2418.149934321504,167,131,2.8455,3.3141,163.7,37.886,1,258383,661406
36,348.5376624012266,2339.0149937137344,192,148,2.8455,3.3141,163.7,37.886,0,258383,661506
36,438.76009885515055,2261.2919145361047,153,156,2.8455,3.3141,163.7,37.886,0,258383,661606
33,529.5302354726981,2185.359031627749,99,149,2.8455,3.3141,163.7,37.886,1,258383,661706
28,516.2601663322353,2111.432469080549,65,89,2.8455,3.3141,163.7,37.886,1,258383,661806
27,521.7885696481696,2039.7303855799653,11,67,2.8455,3.3141,163.7,37.886,1,258383,661906
31,545.6197518757886,1970.215013374311,15,67,2.8455,3.3141,163.7,37.886,1,258383,662006
30,585.5434950704964,1902.786404588672,48,67,2.8455,3.3141,163.7,37.886,1,258383,662106
31,638.7655717098002,1838.1197136365693,97,75,2.8455,3.3141,163.7,37.886,1,258383,662206
27,642.3795044217586,1776.7307229378575,150,103,2.8455,3.3141,163.7,37.886,1,258383,662306
24,631.4817907744299,1718.9706344214203,204,130,2.8455,3.3141,163.7,37.886,1,258383,662406
25,634.8667897860964,1665.2171096211684,250,153,2.8455,3.3141,163.7,37.886,1,258383,662506
23,652.0210943079801,1615.8700450057786,256,165,2.8455,3.3141,163.7,37.886,1,258383,662606
25,683.0218915811259,1570.668620304494,238,167,2.8455,3.3141,163.7,37.886,1,258383,662706
22,726.2291764984661,1530.0799188835583,210,162,2.8455,3.3141,163.7,37.886,1,258383,662806
26,779.6080939867243,1494.236969975005,162,162,2.8455,3.3141,163.7,37.886,1,258383,662906
26,841.3308021202483,1463.4427371384295,123,147,2.8455,3.3141,163.7,37.886,1,258383,663006
29,909.6085174889686,1438.8174057399715,97,101,2.8455,3.3141,163.7,37.886,1,258383,663106
22,983.2510999275472,1420.551450667046,79,73,2.8455,3.3141,163.7,37.886,1,258383,663206
22,1061.0216126947307,1409.161921471126,55,69,2.8455,3.3141,163.7,37.886,1,258383,663306
19,1142.2441438412654,1348.0273096705223,47,69,2.8455,3.3141,163.7,37.886,1,258383,663406
20,1226.2448799787114,1259.8264671666068,47,63,2.8455,3.3141,163.7,37.886,1,258383,663506
17,1170.5195115611746,1170.5195115611746,46,61,2.8455,3.3141,163.7,37.886,1,258383,663606
15,1072.9946449845002,1072.9946449845002,45,43,2.8455,3.3141,163.7,37.886,2,258383,663706
16,975.9708445365652,975.9708445365652,37,33,2.8455,3.3141,163.7,37.886,1,258383,663806
19,879.6139327031029,879.6139327031029,38,34,2.8455,3.3141,163.7,37.886,1,258383,663906
17,784.169785075542,784.169785075542,33,29,2.8455,3.3141,163.7,37.886,1,258383,664006
15,689.3808392806641,689.3808392806641,31,52,2.8455,3.3141,163.7,37.886,2,258383,664106
14,592.2950024490318,592.2950024490318,31,86,2.8455,3.3141,163.7,37.886,2,258383,664206
12,495.2091656173995,495.2091656173995,49,101,2.8455,3.3141,163.7,37.886,2,258383,664306
11,398.1233287857672,398.1233287857672,66,110,2.8455,3.3141,163.7,37.886,2,258383,664406
6,301.03749195413485,301.03749195413485,79,156,2.8455,3.3141,163.7,37.886,2,258383,664506
8,202.98012080006873,202.98012080006873,71,181,2.8455,3.3141,163.7,37.886,2,258383,664606
6,105.65179895839825,105.65179895839825,53,168,2.8455,3.3141,163.7,37.886,2,258383,664706
2,9.778453707329277,9.778453707329277,41,168,2.8455,3.3141,163.7,37.886,0,258383,664806
11,0.0,0.0,41,128,2.8455,3.3141,163.7,37.886,2,258383,664906
17,89.11779098161946,89.11779098161946,38,108,2.9601,3.4095,166.3,39.458,1,258383,665006
12,187.39979567870057,187.39979567870057,45,116,2.9601,3.4095,166.3,39.458,2,258383,665106
17,286.4222240957392,286.4222240957392,59,90,2.9601,3.4095,166.3,39.458,1,258383,665206
20,385.94908665714047,385.94908665714047,61,102,2.9601,3.4095,166.3,39.458,1,258383,665306
35,485.6703661198736,485.6703661198736,86,108,2.9601,3.4095,166.3,39.458,1,258383,665406
32,585.4646096171916,585.4646096171916,98,105,2.9601,3.4095,166.3,39.458,1,258383,665506
44,685.308301020214,685.308301020214,121,118,2.9601,3.4095,166.3,39.458,0,258383,665606
45,785.1917764344032,785.1917764344032,164,128,2.9601,3.4095,166.3,39.458,0,258383,665706
39,798.9110798924141,885.1015671171391,171,127,2.9601,3.4095,166.3,39.458,0,258383,665806
43,718.8380444459286,985.029665769624,165,116,2.9601,3.4095,166.3,39.458,0,258383,665906
49,644.1994050532672,1084.971013796783,157,105,2.9601,3.4095,166.3,39.458,0,258383,666006
53,577.013644984654,1184.922258678695,125,107,2.9601,3.4095,166.3,39.458,0,258383,666106
44,520.0669863926058,1284.8810907804746,83,92,2.9601,3.4095,166.3,39.458,0,258383,666206
27,476.9249837613524,1384.8458671557005,58,99,2.9601,3.4095,166.3,39.458,1,258383,666306
27,451.3102257348251,1484.8153872152675,33,115,2.9601,3.4095,166.3,39.458,1,258383,666406
28,437.5108920026874,1584.7887532552177,29,102,2.9601,3.4095,166.3,39.458,1,258383,666506
29,429.2335559536264,1684.7652806184096,41,79,2.9601,3.4095,166.3,39.458,1,258383,666606
35,421.55349668361737,1784.7444380387435,49,63,2.9601,3.4095,166.3,39.458,1,258383,666706
43,402.1384567545551,1884.7258069658917,50,115,2.9601,3.4095,166.3,39.458,0,258383,666806
31,306.14610244569775,1984.7090531803983,50,122,2.9601,3.4095,166.3,39.458,1,258383,666906
33,211.49819695458052,2084.6939065745923,47,115,2.9601,3.4095,166.3,39.458,1,258383,667006
38,121.38445904538165,2184.6801464842024,38,60,2.9601,3.4095,166.3,39.458,0,258383,667106
41,37.96818157789968,2284.667590870768,38,71,2.9601,3.4095,166.3,39.458,0,258383,667206
55,17.96620045070291,2384.6560882249332,30,74,2.9601,3.4095,166.3,39.458,0,258383,667306
61,65.01118259877886,2484.6455114243645,29,70,2.9601,3.4095,166.3,39.458,0,258383,667406
66,56.93636079001881,2584.6357530170944,39,72,2.9601,3.4095,166.3,39.458,0,258383,667506
66,135.08096419616916,2684.626721558743,45,48,2.9601,3.4095,166.3,39.458,0,258383,667606
61,80.31937119664637,2784.6183387387664,42,60,2.9601,3.4095,166.3,39.458,0,258383,667706
56,63.674095497040774,2884.610537104316,65,89,2.9601,3.4095,166.3,39.458,0,258383,667806
55,80.17494743328994,2984.603258241579,99,89,2.9601,3.4095,166.3,39.458,0,258383,667906
58,138.7612292473307,3084.5964513108115,105,90,2.9601,3.4095,166.3,39.458,0,258383,668006
64,219.80276468795768,3184.5900718573266,99,74,2.9601,3.4095,166.3,39.458,0,258383,668106
69,270.6455106880421,3278.7182401631885,67,60,2.9601,3.4095,166.3,39.458,0,258383,668206
73,205.9482658317052,3357.1493711437647,51,50,2.9601,3.4095,166.3,39.458,0,258383,668306
71,171.92017243616664,3436.7005254987166,89,39,2.9601,3.4095,166.3,39.458,0,258383,668406
55,185.83197076261004,3517.2957088870617,129,44,2.9601,3.4095,166.3,39.458,0,258383,668506
53,243.94773420663253,3598.864780114351,140,41,2.9601,3.4095,166.3,39.458,0,258383,668606
49,323.2452206786422,3681.3430032176702,132,34,2.9601,3.4095,166.3,39.458,0,258383,668706
50,398.3898559066766,3764.670624255444,113,19,2.9601,3.4095,166.3,39.458,0,258383,668806
58,322.72230474729474,3848.792474390384,71,10,2.9601,3.4095,166.3,39.458,0,258383,668906
72,261.6363557565474,3933.657599832024,93,7,2.9601,3.4095,166.3,39.458,0,258383,669006
68,217.90719216790015,4019.218918460204,123,17,2.9601,3.4095,166.3,39.458,0,258383,669106
61,195.0853450855719,4105.432902423397,135,32,2.9601,3.4095,166.3,39.458,0,258383,669206
27,70.98414550766267,2880.8053760005073,158,134,2.8455,3.3141,163.7,37.886,1,258483,660706
27,169.56634372644214,2826.591105954482,110,89,2.8455,3.3141,163.7,37.886,1,258483,660806
26,201.83158883997345,2773.949400999678,132,75,2.8455,3.3141,163.7,37.886,1,258483,660906
27,229.272445056678,2696.759021222971,158,54,2.8455,3.3141,163.7,37.886,1,258483,661006
26,236.41114860559867,2610.7568355758535,182,62,2.8455,3.3141,163.7,37.886,1,258483,661106
25,240.186784791492,2525.785677856419,195,80,2.8455,3.3141,163.7,37.886,1,258483,661206
27,277.1369984268967,2441.9531785894624,196,98,2.8455,3.3141,163.7,37.886,1,258483,661306
29,334.6762431160473,2359.3807158620552,177,140,2.8455,3.3141,163.7,37.886,1,258483,661406
37,406.3261377690119,2278.2053020613203,151,155,2.8455,3.3141,163.7,37.886,0,258483,661506
36,485.9927691997058,2198.581686974327,138,122,2.8455,3.3141,163.7,37.886,0,258483,661606
34,572.0322490469122,2120.500068529352,103,95,2.8455,3.3141,163.7,37.886,1,258483,661706
33,616.2010643283932,2044.2293205517817,52,78,2.8455,3.3141,163.7,37.886,1,258483,661806
27,620.8421195556554,1970.082863580669,29,69,2.8455,3.3141,163.7,37.886,1,258483,661906
26,641.0969341187529,1898.3096332645052,26,58,2.8455,3.3141,163.7,37.886,1,258483,662006
31,675.4002886576523,1828.8683955103247,60,50,2.8455,3.3141,163.7,37.886,1,258483,662106
28,722.0289612620918,1761.6583135402927,109,49,2.8455,3.3141,163.7,37.886,1,258483,662206
31,740.9480239544832,1697.5064046528742,150,52,2.8455,3.3141,163.7,37.886,1,258483,662306
27,731.4320563873442,1636.9532595677329,198,67,2.8455,3.3141,163.7,37.886,1,258483,662406
25,734.4372271819365,1580.4125898578902,216,67,2.8455,3.3141,163.7,37.886,1,258483,662506
25,749.4020063929686,1528.329785862077,227,105,2.8455,3.3141,163.7,37.886,1,258483,662606
25,776.677124977442,1481.1356123248784,200,135,2.8455,3.3141,163.7,37.886,1,258483,662706
22,815.0298476521536,1438.022025373216,180,140,2.8455,3.3141,163.7,37.886,1,258483,662806
23,863.0434167433937,1400.5391358766149,152,133,2.8455,3.3141,163.7,37.886,1,258483,662906
27,919.3605944329372,1367.6367915368285,121,98,2.8455,3.3141,163.7,37.886,1,258483,663006
27,982.4168217138435,1341.357951432717,101,80,2.8455,3.3141,163.7,37.886,1,258483,663106
26,1051.027741914989,1321.745834418903,87,66,2.8455,3.3141,163.7,37.886,1,258483,663206
20,1124.3017320520205,1309.4972118090477,56,66,2.8455,3.3141,163.7,37.886,1,258483,663306
19,1201.2973763465586,1300.939852986595,43,64,2.8455,3.3141,163.7,37.886,1,258483,663406
17,1212.7133162619266,1212.7133162619266,35,63,2.8455,3.3141,163.7,37.886,1,258483,663506
14,1124.5022612258622,1124.5022612258622,34,68,2.8455,3.3141,163.7,37.886,2,258483,663606
14,1036.3014187219464,1036.3014187219464,38,57,2.8455,3.3141,163.7,37.886,2,258483,663706
15,947.5785489840885,947.5785489840885,45,57,2.8455,3.3141,163.7,37.886,2,258483,663806
17,856.8333703233276,856.8333703233276,57,51,2.8455,3.3141,163.7,37.886,1,258483,663906
15,758.5281838663844,758.5281838663844,53,50,2.8455,3.3141,163.7,37.886,2,258483,664006
14,660.7318570642999,660.7318570642999,43,52,2.8455,3.3141,163.7,37.886,2,258483,664106
14,563.7092940156666,563.7092940156666,45,58,2.8455,3.3141,163.7,37.886,2,258483,664206
11,467.9420363460031,467.9420363460031,57,94,2.8455,3.3141,163.7,37.886,2,258483,664306
12,374.1579310903051,374.1579310903051,71,123,2.8455,3.3141,163.7,37.886,2,258483,664406
6,277.07209425867273,277.07209425867273,78,153,2.8455,3.3141,163.7,37.886,2,258483,664506
9,179.98625742704036,179.98625742704036,77,169,2.8455,3.3141,163.7,37.886,2,258483,664606
8,82.900420595408,82.900420595408,55,198,2.8455,3.3141,163.7,37.886,2,258483,664706
3,0.0,0.0,42,213,2.8455,3.3141,163.7,37.886,0,258483,664806
13,12.099505752494622,12.099505752494622,45,186,2.8455,3.3141,163.7,37.886,2,258483,664906
17,110.4983264477426,110.4983264477426,55,171,2.9601,3.4095,166.3,39.458,1,258483,665006
14,206.165135855055,206.165135855055,62,152,2.9601,3.4095,166.3,39.458,2,258483,665106
20,304.19768384430006,304.19768384430006,79,114,2.9601,3.4095,166.3,39.458,1,258483,665206
27,402.4587444919869,402.4587444919869,87,105,2.9601,3.4095,166.3,39.458,1,258483,665306
35,500.7241829622807,500.7241829622807,106,106,2.9601,3.4095,166.3,39.458,1,258483,665406
35,598.9896214325743,598.9896214325743,117,108,2.9601,3.4095,166.3,39.458,1,258483,665506
43,697.2550599028681,697.2550599028681,155,98,2.9601,3.4095,166.3,39.458,0,258483,665606
45,795.6713713766574,795.6713713766574,175,118,2.9601,3.4095,166.3,39.458,0,258483,665706
43,746.4041696815358,894.4338646674452,164,120,2.9601,3.4095,166.3,39.458,0,258483,665806
46,660.2807992285528,993.4439819634888,154,121,2.9601,3.4095,166.3,39.458,0,258483,665906
53,578.3406857735471,1092.6344092764991,150,126,2.9601,3.4095,166.3,39.458,0,258483,666006
48,502.78645696720406,1191.9601332974753,116,139,2.9601,3.4095,166.3,39.458,0,258483,666106
41,436.66474505705133,1291.38993584667,82,139,2.9601,3.4095,166.3,39.458,0,258483,666206
28,384.6651487616143,1390.901496670989,47,148,2.9601,3.4095,166.3,39.458,1,258483,666306
26,352.90298255638726,1490.4784401248912,26,122,2.9601,3.4095,166.3,39.458,1,258483,666406
29,338.58755733222745,1590.1084829384,28,101,2.9601,3.4095,166.3,39.458,1,258483,666506
32,329.52890867172107,1689.7822328774175,29,76,2.9601,3.4095,166.3,39.458,1,258483,666606
33,321.848849401712,1789.4923865676883,41,118,2.9601,3.4095,166.3,39.458,1,258483,666706
35,315.3278941873235,1889.2331800546096,40,116,2.9601,3.4095,166.3,39.458,1,258483,666806
49,272.3160863880936,1989.0000039353404,39,123,2.9601,3.4095,166.3,39.458,0,258483,666906
35,184.50858786863384,2088.786501939561,48,119,2.9601,3.4095,166.3,39.458,1,258483,667006
38,87.02922846781325,2188.585778309342,41,105,2.9601,3.4095,166.3,39.458,0,258483,667106
46,0.0,2288.402579825261,43,56,2.9601,3.4095,166.3,39.458,0,258483,667206
63,81.4193588924936,2388.2347090861717,31,62,2.9601,3.4095,166.3,39.458,0,258483,667306
69,151.4454057112384,2488.080321054148,35,49,2.9601,3.4095,166.3,39.458,0,258483,667406
75,148.2809363327448,2587.937855194733,46,36,2.9601,3.4095,166.3,39.458,0,258483,667506
72,197.61263880508145,2687.8059827083716,59,50,2.9601,3.4095,166.3,39.458,0,258483,667606
70,173.7528599695726,2787.683565079781,60,56,2.9601,3.4095,166.3,39.458,0,258483,667706
66,163.53465902488549,2887.569621212434,105,43,2.9601,3.4095,166.3,39.458,0,258483,667806
63,176.25854214560334,2987.4633011439523,141,70,2.9601,3.4095,166.3,39.458,0,258483,667906
57,216.556321574172,3087.3638648554083,149,87,2.9601,3.4095,166.3,39.458,0,258483,668006
60,280.1767326983467,3187.270665059358,120,68,2.9601,3.4095,166.3,39.458,0,258483,668106
62,217.35146062592435,3287.183133121872,88,53,2.9601,3.4095,166.3,39.458,0,258483,668206
68,129.9336010640187,3387.1007674726666,73,52,2.9601,3.4095,166.3,39.458,0,258483,668306
64,74.4404897121576,3487.023124005192,107,41,2.9601,3.4095,166.3,39.458,0,258483,668406
53,102.55906676457288,3576.728950097728,158,34,2.9601,3.4095,166.3,39.458,0,258483,668506
51,188.1298139819592,3656.972598237424,164,37,2.9601,3.4095,166.3,39.458,0,258483,668606
50,281.89213789383496,3738.168961677837,138,32,2.9601,3.4095,166.3,39.458,0,258483,668706
54,378.8334031197163,3820.2572934088794,105,18,2.9601,3.4095,166.3,39.458,0,258483,668806
62,400.0362709079897,3903.1813165206554,68,13,2.9601,3.4095,166.3,39.458,0,258483,668906
77,347.9353164796134,3986.888886265592,91,15,2.9601,3.4095,166.3,39.458,0,258483,669006
72,303.1885976531978,4071.331673202305,117,19,2.9601,3.4095,166.3,39.458,0,258483,669106
63,205.80565696156137,4156.464867530153,124,33,2.9601,3.4095,166.3,39.458,0,258483,669206
57,111.44302691517368,4242.246904271914,90,40,2.9601,3.4095,166.3,39.458,0,258483,669306
28,116.97695938451048,2797.4116769579114,152,119,2.8455,3.3141,163.7,37.886,1,258583,660706
28,199.73926545909904,2742.5527615705173,123,88,2.8455,3.3141,163.7,37.886,1,258583,660806
28,291.0069028170752,2688.623885841562,131,76,2.8455,3.3141,163.7,37.886,1,258583,660906
28,324.79570231132783,2637.020363699012,145,61,2.8455,3.3141,163.7,37.886,1,258583,661006
28,335.9776300020304,2560.1905352699932,183,61,2.8455,3.3141,163.7,37.886,1,258583,661106
28,338.2781635404061,2473.6251834073937,205,82,2.8455,3.3141,163.7,37.886,1,258583,661206
27,367.26856637816184,2387.9622241454804,216,88,2.8455,3.3141,163.7,37.886,1,258583,661306
35,415.28438659882926,2303.4551482293714,187,98,2.8455,3.3141,163.7,37.886,1,258583,661406
40,475.7441496119738,2220.2359459892914,153,115,2.8455,3.3141,163.7,37.886,0,258583,661506
39,547.2730576719999,2138.4549777401276,147,82,2.8455,3.3141,163.7,37.886,0,258583,661606
38,625.2195145040545,2058.283684961841,120,58,2.8455,3.3141,163.7,37.886,0,258583,661706
34,708.4711451795024,1979.7979590149123,71,60,2.8455,3.3141,163.7,37.886,1,258583,661806
28,720.1573185167491,1903.1429092136575,49,51,2.8455,3.3141,163.7,37.886,1,258583,661906
26,737.7328566094693,1828.7443526258216,42,39,2.8455,3.3141,163.7,37.886,1,258583,662006
34,767.7694414460029,1756.888978174616,67,30,2.8455,3.3141,163.7,37.886,1,258583,662106
32,809.0921988257475,1687.534301063976,102,32,2.8455,3.3141,163.7,37.886,1,258583,662206
33,839.8550593423623,1620.5813542811643,155,30,2.8455,3.3141,163.7,37.886,1,258583,662306
26,831.3942832028359,1557.0394683551444,190,48,2.8455,3.3141,163.7,37.886,1,258583,662406
24,834.0854354733606,1497.4845195151663,201,69,2.8455,3.3141,163.7,37.886,1,258583,662506
24,847.3931950098713,1442.410436165611,188,76,2.8455,3.3141,163.7,37.886,1,258583,662606
24,871.6982008458788,1392.3490390456575,164,77,2.8455,3.3141,163.7,37.886,1,258583,662706
24,906.0806281165372,1347.0969277473157,142,77,2.8455,3.3141,163.7,37.886,1,258583,662806
22,949.683683211736,1307.216422826668,125,74,2.8455,3.3141,163.7,37.886,1,258583,662906
26,1001.1388822588912,1272.4763818032466,108,70,2.8455,3.3141,163.7,37.886,1,258583,663006
25,1059.549044839982,1244.2333642408955,89,56,2.8455,3.3141,163.7,37.886,1,258583,663106
23,1123.5871593144698,1223.134366132845,72,50,2.8455,3.3141,163.7,37.886,1,258583,663206
20,1192.4474719925245,1209.8878355232537,47,55,2.8455,3.3141,163.7,37.886,1,258583,663306
15,1204.8234192109194,1204.8234192109194,36,57,2.8455,3.3141,163.7,37.886,2,258583,663406
16,1165.6380762989618,1165.6380762989618,25,61,2.8455,3.3141,163.7,37.886,1,258583,663506
14,1077.411539574293,1077.411539574293,32,68,2.8455,3.3141,163.7,37.886,2,258583,663606
14,989.1850028496248,989.1850028496248,44,72,2.8455,3.3141,163.7,37.886,2,258583,663706
15,900.977212781202,900.977212781202,68,76,2.8455,3.3141,163.7,37.886,2,258583,663806
15,812.7464220855045,812.7464220855045,75,83,2.8455,3.3141,163.7,37.886,2,258583,663906
15,723.9978859946964,723.9978859946964,85,73,2.8455,3.3141,163.7,37.886,2,258583,664006
13,634.6056868811354,634.6056868811354,77,78,2.8455,3.3141,163.7,37.886,2,258583,664106
15,541.9408159236086,541.9408159236086,68,70,2.8455,3.3141,163.7,37.886,2,258583,664206
11,444.93279966511614,444.93279966511614,62,87,2.8455,3.3141,163.7,37.886,2,258583,664306
12,347.2953850742344,347.2953850742344,65,95,2.8455,3.3141,163.7,37.886,2,258583,664406
10,248.62756426805055,248.62756426805055,89,128,2.8455,3.3141,163.7,37.886,2,258583,664506
8,151.71435968248505,151.71435968248505,89,145,2.8455,3.3141,163.7,37.886,2,258583,664606
5,58.93502289994592,58.93502289994592,64,180,2.8455,3.3141,163.7,37.886,2,258583,664706
5,0.0,0.0,38,216,2.8455,3.3141,163.7,37.886,0,258583,664806
12,28.627477379167743,28.627477379167743,46,204,2.8455,3.3141,163.7,37.886,2,258583,664906
14,127.93352684477188,127.93352684477188,56,194,2.9601,3.4095,166.3,39.458,2,258583,665006
16,226.87803374578812,226.87803374578812,76,169,2.9601,3.4095,166.3,39.458,1,258583,665106
20,325.20134879458124,325.20134879458124,80,131,2.9601,3.4095,166.3,39.458,1,258583,665206
29,423.5243689312172,423.5243689312172,97,123,2.9601,3.4095,166.3,39.458,1,258583,665306
39,521.9169670993615,521.9169670993615,124,100,2.9601,3.4095,166.3,39.458,0,258583,665406
42,618.4749378794177,618.4749378794177,135,96,2.9601,3.4095,166.3,39.458,0,258583,665506
39,715.9233256950864,715.9233256950864,152,92,2.9601,3.4095,166.3,39.458,0,258583,665606
43,797.9270236874565,813.9908892387409,166,123,2.9601,3.4095,166.3,39.458,0,258583,665706
42,704.1382136093772,912.3305749429416,148,117,2.9601,3.4095,166.3,39.458,0,258583,665806
43,612.0968802377305,1010.5960134132356,140,126,2.9601,3.4095,166.3,39.458,0,258583,665906
47,522.9857934099895,1108.8614518835293,114,144,2.9601,3.4095,166.3,39.458,0,258583,666006
44,438.437867318947,1207.126890353823,88,144,2.9601,3.4095,166.3,39.458,0,258583,666106
32,361.3800895847541,1305.4302631702972,66,154,2.9601,3.4095,166.3,39.458,1,258583,666206
32,297.33390767452505,1403.947000080987,40,160,2.9601,3.4095,166.3,39.458,1,258583,666306
30,255.53876273574087,1502.6597040154943,23,159,2.9601,3.4095,166.3,39.458,1,258583,666406
33,240.55620411750263,1601.532139267728,25,111,2.9601,3.4095,166.3,39.458,1,258583,666506
31,229.82426138981575,1700.5364448146931,25,84,2.9601,3.4095,166.3,39.458,1,258583,666606
33,222.14420211980672,1799.6508570215854,34,122,2.9601,3.4095,166.3,39.458,1,258583,666706
35,215.5275966270788,1898.8581343044189,32,118,2.9601,3.4095,166.3,39.458,1,258583,666806
39,222.44930948696728,1998.1444445408815,41,112,2.9601,3.4095,166.3,39.458,0,258583,666906
37,146.07517279658882,2097.4985645490015,45,124,2.9601,3.4095,166.3,39.458,0,258583,667006
44,49.31507315796212,2196.9112943677655,36,107,2.9601,3.4095,166.3,39.458,0,258583,667106
51,15.541029683609448,2296.3750221503856,33,67,2.9601,3.4095,166.3,39.458,0,258583,667206
63,114.13347227944855,2395.8833964514456,30,39,2.9601,3.4095,166.3,39.458,0,258583,667306
66,210.76072021980153,2495.4310762726436,45,31,2.9601,3.4095,166.3,39.458,0,258583,667406
70,246.19758022364297,2595.0135382041412,56,39,2.9601,3.4095,166.3,39.458,0,258583,667506
69,279.47896794998167,2694.6269260323047,66,36,2.9601,3.4095,166.3,39.458,0,258583,667606
74,271.00186659574047,2794.2679323096127,82,45,2.9601,3.4095,166.3,39.458,0,258583,667706
71,263.4154988121131,2893.9337042457228,134,61,2.9601,3.4095,166.3,39.458,0,258583,667806
60,274.4690512194942,2993.621768294201,161,59,2.9601,3.4095,166.3,39.458,0,258583,667906
55,303.6991217322899,3093.3299692468036,183,71,2.9601,3.4095,166.3,39.458,0,258583,668006
55,291.3586450368266,3193.056420684727,165,57,2.9601,3.4095,166.3,39.458,0,258583,668106
55,191.6639474428135,3292.799464393708,121,55,2.9601,3.4095,166.3,39.458,0,258583,668206
59,92.60645057424732,3392.5576369086234,96,47,2.9601,3.4095,166.3,39.458,0,258583,668306
58,0.0,3492.329641769596,125,42,2.9601,3.4095,166.3,39.458,0,258583,668406
51,72.98221044186685,3592.1142094057523,152,33,2.9601,3.4095,166.3,39.458,0,258583,668506
50,171.41118713185628,3691.905734250078,156,40,2.9601,3.4095,166.3,39.458,0,258583,668606
50,270.9859128937533,3791.7076112118143,117,31,2.9601,3.4095,166.3,39.458,0,258583,668706
56,370.7896100213293,3877.626421737349,83,39,2.9601,3.4095,166.3,39.458,0,258583,668806
62,470.67664570560333,3959.349096549555,75,36,2.9601,3.4095,166.3,39.458,0,258583,668906
74,427.33479961023704,4041.893599557014,100,38,2.9601,3.4095,166.3,39.458,0,258583,669006
73,334.02462137436424,4125.210597282537,109,44,2.9601,3.4095,166.3,39.458,0,258583,669106
65,242.7640272609243,4209.254218234427,109,33,2.9601,3.4095,166.3,39.458,0,258583,669206
62,153.8107191875618,4293.981797296828,76,37,2.9601,3.4095,166.3,39.458,0,258583,669306
29,145.9845159674322,2774.0392692560717,132,90,2.8455,3.3141,163.7,37.886,1,258683,660606
29,191.9047433596255,2715.1398797055604,139,94,2.8455,3.3141,163.7,37.886,1,258683,660706
30,257.80843366281044,2658.698039522407,116,73,2.8455,3.3141,163.7,37.886,1,258683,660806
30,337.31102666656795,2604.3047514108603,120,70,2.8455,3.3141,163.7,37.886,1,258683,660906
25,420.78866744084337,2551.034989719776,162,54,2.8455,3.3141,163.7,37.886,1,258683,661006
25,435.7313878512183,2500.5914336052715,209,44,2.8455,3.3141,163.7,37.886,1,258683,661106
28,437.23510868646514,2424.1433407368777,212,70,2.8455,3.3141,163.7,37.886,1,258683,661206
30,460.70929268825574,2336.9255355790096,211,70,2.8455,3.3141,163.7,37.886,1,258683,661306
33,500.5423011231307,2250.5852299850912,205,76,2.8455,3.3141,163.7,37.886,1,258683,661406
35,554.5079840241432,2165.335057995786,161,73,2.8455,3.3141,163.7,37.886,1,258683,661506
40,616.9739087463655,2081.398075655923,162,52,2.8455,3.3141,163.7,37.886,0,258683,661606
46,688.3546381316892,1998.939715274762,130,48,2.8455,3.3141,163.7,37.886,0,258683,661706
36,765.2515344113807,1918.1506774133552,73,43,2.8455,3.3141,163.7,37.886,0,258683,661806
27,819.6390604480183,1839.206181048291,48,36,2.8455,3.3141,163.7,37.886,1,258683,661906
24,835.1235799090118,1762.1101982500554,62,30,2.8455,3.3141,163.7,37.886,1,258683,662006
28,861.843535984215,1687.4197240602175,82,34,2.8455,3.3141,163.7,37.886,1,258683,662106
36,898.8517961823018,1615.468445844137,109,33,2.8455,3.3141,163.7,37.886,0,258683,662206
34,938.9932087130876,1546.2161642016472,157,31,2.8455,3.3141,163.7,37.886,1,258683,662306
25,931.3646198850888,1479.57015312621,177,40,2.8455,3.3141,163.7,37.886,1,258683,662406
23,933.7887060032198,1416.7624423995069,178,60,2.8455,3.3141,163.7,37.886,1,258683,662506
23,945.8049940195224,1358.4195958413268,165,71,2.8455,3.3141,163.7,37.886,1,258683,662606
22,967.6412626181116,1305.140520609797,140,89,2.8455,3.3141,163.7,37.886,1,258683,662706
23,998.8446109041308,1257.550364810104,127,93,2.8455,3.3141,163.7,37.886,1,258683,662806
21,1038.6225747753087,1214.7335359639658,135,92,2.8455,3.3141,163.7,37.886,1,258683,662906
24,1085.971556047892,1178.117944404979,107,94,2.8455,3.3141,163.7,37.886,1,258683,663006
22,1140.0500795829334,1147.5549718301727,72,70,2.8455,3.3141,163.7,37.886,1,258683,663106
20,1124.7681114019326,1124.7681114019326,55,50,2.8455,3.3141,163.7,37.886,1,258683,663206
14,1110.3486845845396,1110.3486845845396,39,54,2.8455,3.3141,163.7,37.886,2,258683,663306
13,1104.8280854008756,1104.8280854008756,28,74,2.8455,3.3141,163.7,37.886,2,258683,663406
17,1107.693457779309,1107.693457779309,29,74,2.8455,3.3141,163.7,37.886,1,258683,663506
18,1030.3362996113285,1030.3362996113285,35,78,2.8455,3.3141,163.7,37.886,1,258683,663606
15,942.1097628866598,942.1097628866598,49,90,2.8455,3.3141,163.7,37.886,2,258683,663706
14,853.8832261619914,853.8832261619914,70,109,2.8455,3.3141,163.7,37.886,2,258683,663806
15,765.6566894373229,765.6566894373229,98,123,2.8455,3.3141,163.7,37.886,2,258683,663906
9,677.4521643365418,677.4521643365418,117,129,2.8455,3.3141,163.7,37.886,2,258683,664006
12,589.1657590961124,589.1657590961124,104,110,2.8455,3.3141,163.7,37.886,2,258683,664106
13,500.4172230053042,500.4172230053042,96,99,2.8455,3.3141,163.7,37.886,2,258683,664206
9,411.0170957006331,411.0170957006331,88,103,2.8455,3.3141,163.7,37.886,2,258683,664306
9,321.010979145785,321.010979145785,85,106,2.8455,3.3141,163.7,37.886,2,258683,664406
13,226.59355170010073,226.59355170010073,90,117,2.8455,3.3141,163.7,37.886,2,258683,664506
14,129.6302669667894,129.6302669667894,82,124,2.8455,3.3141,163.7,37.886,2,258683,664606
11,32.622250708296825,32.622250708296825,71,167,2.8455,3.3141,163.7,37.886,2,258683,664706
7,0.0,0.0,56,187,2.8455,3.3141,163.7,37.886,0,258683,664806
12,42.665290792579015,42.665290792579015,56,203,2.8455,3.3141,163.7,37.886,2,258683,664906
18,141.42260613109158,141.42260613109158,77,199,2.9601,3.4095,166.3,39.458,1,258683,665006
18,238.96989442970465,238.96989442970465,95,179,2.9601,3.4095,166.3,39.458,1,258683,665106
21,337.5345848193879,337.5345848193879,101,136,2.9601,3.4095,166.3,39.458,1,258683,665206
29,436.7523113329212,436.7523113329212,105,138,2.9601,3.4095,166.3,39.458,1,258683,665306
32,536.260726662042,536.260726662042,121,120,2.9601,3.4095,166.3,39.458,1,258683,665406
40,635.8961367115243,635.8961367115243,144,122,2.9601,3.4095,166.3,39.458,0,258683,665506
37,735.5377153958275,735.5377153958275,148,120,2.9601,3.4095,166.3,39.458,0,258683,665606
44,771.1425743374508,834.8304848882898,133,127,2.9601,3.4095,166.3,39.458,0,258683,665706
45,673.6425472664907,933.3763473957137,129,118,2.9601,3.4095,166.3,39.458,0,258683,665806
43,576.9988674335345,1030.7853483280437,114,128,2.9601,3.4095,166.3,39.458,0,258683,665906
40,481.7272096856031,1128.0750834129478,83,144,2.9601,3.4095,166.3,39.458,0,258683,666006
34,388.6612231590076,1225.801106748763,67,145,2.9601,3.4095,166.3,39.458,1,258683,666106
30,299.8484545555795,1323.8668032683106,57,153,2.9601,3.4095,166.3,39.458,1,258683,666206
33,219.99299304054108,1422.2019098163307,39,161,2.9601,3.4095,166.3,39.458,1,258683,666306
28,161.1667060144465,1520.4678438641906,22,158,2.9601,3.4095,166.3,39.458,1,258683,666406
31,145.23443358459724,1618.733282334484,21,115,2.9601,3.4095,166.3,39.458,1,258683,666506
34,130.11961410791048,1716.9987208047778,26,85,2.9601,3.4095,166.3,39.458,1,258683,666606
34,122.43955483790144,1815.2695151886765,37,119,2.9601,3.4095,166.3,39.458,1,258683,666706
36,115.72729906683408,1913.66726987971,40,114,2.9601,3.4095,166.3,39.458,0,258683,666806
39,125.65364672042206,2012.2230062407089,37,116,2.9601,3.4095,166.3,39.458,0,258683,666906
42,94.84645091825384,2110.9145965386488,36,120,2.9601,3.4095,166.3,39.458,0,258683,667006
44,17.987165654592406,2209.7238381561297,30,95,2.9601,3.4095,166.3,39.458,0,258683,667106
52,47.82160031240281,2308.6356247686617,28,60,2.9601,3.4095,166.3,39.458,0,258683,667206
62,135.86813351321678,2407.6373179917523,41,52,2.9601,3.4095,166.3,39.458,0,258683,667306
63,230.91304110452427,2506.7182653864497,75,49,2.9601,3.4095,166.3,39.458,0,258683,667406
66,328.3223548428927,2605.8694267091705,81,47,2.9601,3.4095,166.3,39.458,0,258683,667506
67,369.8993122066052,2705.0830811812625,81,40,2.9601,3.4095,166.3,39.458,0,258683,667606
72,369.1502444875142,2804.352596077862,100,41,2.9601,3.4095,166.3,39.458,0,258683,667706
75,363.29633859934086,2903.6722422071284,137,54,2.9601,3.4095,166.3,39.458,0,258683,667806
60,372.52868677797574,3003.0370455922957,153,54,2.9601,3.4095,166.3,39.458,0,258683,667906
53,396.0982225426188,3102.442667356681,181,54,2.9601,3.4095,166.3,39.458,0,258683,668006
52,301.99347060337044,3201.885305764522,184,59,2.9601,3.4095,166.3,39.458,0,258683,668106
52,207.4735284288934,3301.3616158043483,142,49,2.9601,3.4095,166.3,39.458,0,258683,668206
55,122.02652871568908,3400.8686427649377,116,45,2.9601,3.4095,166.3,39.458,0,258683,668306
53,75.24777910719992,3500.403767049933,137,45,2.9601,3.4095,166.3,39.458,0,258683,668406
50,116.92338505580636,3599.964658078311,137,56,2.9601,3.4095,166.3,39.458,0,258683,668506
50,200.98006935385428,3699.549235575656,140,53,2.9601,3.4095,166.3,39.458,0,258683,668606
52,292.59307910608396,3799.155636912491,105,56,2.9601,3.4095,166.3,39.458,0,258683,668706
57,388.3663626063386,3898.782189417548,101,53,2.9601,3.4095,166.3,39.458,0,258683,668806
62,485.29009186870735,3998.4273868053447,114,44,2.9601,3.4095,166.3,39.458,0,258683,668906
71,466.3642752812642,4098.089869023194,128,37,2.9601,3.4095,166.3,39.458,0,258683,669006
70,376.9957448551227,4180.787407970417,125,47,2.9601,3.4095,166.3,39.458,0,258683,669106
63,292.9891993539503,4263.735680414087,99,29,2.9601,3.4095,166.3,39.458,0,258683,669206
59,214.51836242913868,4347.401586491448,59,24,2.9601,3.4095,166.3,39.458,0,258683,669306
55,148.16824402827888,4431.7444822575835,35,17,2.9601,3.4095,166.3,39.458,0,258683,669406
28,241.28679802569897,2694.766472880686,180,79,2.8455,3.3141,163.7,37.886,1,258783,660606
28,277.9308201391476,2634.095108828566,156,61,2.8455,3.3141,163.7,37.886,1,258783,660706
28,331.46769591858776,2575.8780524992517,119,65,2.8455,3.3141,163.7,37.886,1,258783,660806
27,399.05734914733506,2520.285380550902,110,60,2.8455,3.3141,163.7,37.886,1,258783,660906
23,477.12304080547943,2466.106777693514,160,29,2.8455,3.3141,163.7,37.886,1,258783,661006
26,535.5044446688167,2413.889110549898,231,30,2.8455,3.3141,163.7,37.886,1,258783,661106
33,536.5789453639234,2364.7491700129353,233,58,2.8455,3.3141,163.7,37.886,1,258783,661206
33,555.8736157699052,2288.713542358456,219,63,2.8455,3.3141,163.7,37.886,1,258783,661306
27,590.4437984821582,2200.708140211722,204,58,2.8455,3.3141,163.7,37.886,1,258783,661406
29,637.337422859985,2113.7281166907846,138,51,2.8455,3.3141,163.7,37.886,1,258783,661506
36,694.1223296320879,2027.6701425199392,125,31,2.8455,3.3141,163.7,37.886,0,258783,661606
49,758.2750900942989,1942.9328971494097,118,35,2.8455,3.3141,163.7,37.886,0,258783,661706
38,829.5519369039876,1859.7124183012716,74,32,2.8455,3.3141,163.7,37.886,0,258783,661806
29,905.7153970874402,1778.2216719921423,56,35,2.8455,3.3141,163.7,37.886,1,258783,661906
26,933.0664605047808,1698.7096134128096,72,37,2.8455,3.3141,163.7,37.886,1,258783,662006
28,944.2245912149804,1621.145202831466,100,31,2.8455,3.3141,163.7,37.886,1,258783,662106
32,932.0636043548312,1546.1127847068874,128,31,2.8455,3.3141,163.7,37.886,1,258783,662206
29,930.5064340482083,1474.0480716057727,152,34,2.8455,3.3141,163.7,37.886,1,258783,662306
25,939.6365927417622,1404.9121906890325,164,43,2.8455,3.3141,163.7,37.886,1,258783,662406
24,957.323630963692,1338.6454908600936,153,58,2.8455,3.3141,163.7,37.886,1,258783,662506
23,984.7980185187917,1276.7379254850853,144,69,2.8455,3.3141,163.7,37.886,1,258783,662606
21,1021.3646460278372,1219.896598299978,141,80,2.8455,3.3141,163.7,37.886,1,258783,662706
21,1066.08833734949,1168.8608517337536,133,84,2.8455,3.3141,163.7,37.886,1,258783,662806
21,1117.990583998645,1123.5392074526324,111,93,2.8455,3.3141,163.7,37.886,1,258783,662906
21,1084.6589298230035,1084.6589298230035,104,86,2.8455,3.3141,163.7,37.886,1,258783,663006
18,1051.4980561342372,1051.4980561342372,81,76,2.8455,3.3141,163.7,37.886,1,258783,663106
18,1026.717551831147,1026.717551831147,49,66,2.8455,3.3141,163.7,37.886,1,258783,663206
12,1010.9005035957252,1010.9005035957252,24,85,2.8455,3.3141,163.7,37.886,2,258783,663306
13,1004.8336803183092,1004.8336803183092,20,82,2.8455,3.3141,163.7,37.886,2,258783,663406
14,1007.9803184746104,1007.9803184746104,23,91,2.8455,3.3141,163.7,37.886,2,258783,663506
14,983.2399341504148,983.2399341504148,32,90,2.8455,3.3141,163.7,37.886,2,258783,663606
15,895.0345229236951,895.0345229236951,54,98,2.8455,3.3141,163.7,37.886,2,258783,663706
13,806.8079861990266,806.8079861990266,81,143,2.8455,3.3141,163.7,37.886,2,258783,663806
13,718.5814494743581,718.5814494743581,116,147,2.8455,3.3141,163.7,37.886,2,258783,663906
11,630.3549127496897,630.3549127496897,139,170,2.8455,3.3141,163.7,37.886,2,258783,664006
8,542.1283760250211,542.1283760250211,153,175,2.8455,3.3141,163.7,37.886,2,258783,664106
6,453.9271158918817,453.9271158918817,111,142,2.8455,3.3141,163.7,37.886,2,258783,664206
10,365.5850961067203,365.5850961067203,108,136,2.8455,3.3141,163.7,37.886,2,258783,664306
9,276.83656001591214,276.83656001591214,115,106,2.8455,3.3141,163.7,37.886,2,258783,664406
11,187.428504520131,187.428504520131,81,96,2.8455,3.3141,163.7,37.886,2,258783,664506
11,97.42238796528278,97.42238796528278,76,110,2.8455,3.3141,163.7,37.886,2,258783,664606
9,7.416271410434582,7.416271410434582,75,167,2.8455,3.3141,163.7,37.886,2,258783,664706
5,0.0,0.0,74,192,2.8455,3.3141,163.7,37.886,0,258783,664806
12,53.52666790617934,53.52666790617934,69,219,2.8455,3.3141,163.7,37.886,2,258783,664906
14,152.14028837936337,152.14028837936337,86,203,2.9601,3.4095,166.3,39.458,2,258783,665006
19,251.82583411197024,251.82583411197024,117,186,2.9601,3.4095,166.3,39.458,1,258783,665106
26,351.6899687284573,351.6899687284573,125,164,2.9601,3.4095,166.3,39.458,1,258783,665206
32,451.61423525200905,451.61423525200905,125,131,2.9601,3.4095,166.3,39.458,1,258783,665306
38,551.5659533186314,551.5659533186314,140,140,2.9601,3.4095,166.3,39.458,0,258783,665406
39,650.9251831777392,650.9251831777392,141,146,2.9601,3.4095,166.3,39.458,0,258783,665506
40,748.8701820108453,748.8701820108453,129,136,2.9601,3.4095,166.3,39.458,0,258783,665606
43,756.1762245128572,847.1301759531465,116,124,2.9601,3.4095,166.3,39.458,0,258783,665706
42,656.59844313112,945.7550002595076,93,116,2.9601,3.4095,166.3,39.458,0,258783,665806
41,557.1719200802407,1044.6413288882045,71,116,2.9601,3.4095,166.3,39.458,0,258783,665906
37,457.9951763169496,1143.721334734456,52,121,2.9601,3.4095,166.3,39.458,0,258783,666006
33,359.27512373289267,1242.9487024942816,51,144,2.9601,3.4095,166.3,39.458,1,258783,666106
30,261.3451021931267,1342.290751863273,45,147,2.9601,3.4095,166.3,39.458,1,258783,666206
29,165.6341570215251,1441.723776610181,27,139,2.9601,3.4095,166.3,39.458,1,258783,666306
33,78.70568917222627,1540.3118448417988,19,128,2.9601,3.4095,166.3,39.458,1,258783,666406
38,50.79915847315216,1637.8631013760914,17,113,2.9601,3.4095,166.3,39.458,0,258783,666506
40,30.414966826005145,1735.6930887511974,25,77,2.9601,3.4095,166.3,39.458,0,258783,666606
43,22.734907555996116,1833.757197076002,34,74,2.9601,3.4095,166.3,39.458,0,258783,666706
43,15.927001506589336,1932.0197766372369,37,97,2.9601,3.4095,166.3,39.458,0,258783,666806
46,35.27573186722928,2030.3396743151452,37,102,2.9601,3.4095,166.3,39.458,0,258783,666906
48,26.32694058917488,2128.605112785439,34,110,2.9601,3.4095,166.3,39.458,0,258783,667006
47,33.64503864613191,2226.8705512557326,29,65,2.9601,3.4095,166.3,39.458,0,258783,667106
49,107.67683212799552,2325.1359897260263,37,60,2.9601,3.4095,166.3,39.458,0,258783,667206
58,184.5081689347,2423.463979633558,38,59,2.9601,3.4095,166.3,39.458,0,258783,667306
62,270.1259945082221,2521.9232081125815,68,46,2.9601,3.4095,166.3,39.458,0,258783,667406
64,358.9187424893732,2620.4991270085143,81,41,2.9601,3.4095,166.3,39.458,0,258783,667506
61,451.8292282530155,2719.1790455370747,74,43,2.9601,3.4095,166.3,39.458,0,258783,667606
71,468.0667027398634,2817.9520380452627,89,42,2.9601,3.4095,166.3,39.458,0,258783,667706
69,463.1771783865686,2916.808649150468,123,49,2.9601,3.4095,166.3,39.458,0,258783,667806
60,471.0037695244123,3015.7406557584673,136,55,2.9601,3.4095,166.3,39.458,0,258783,667906
55,392.3607793989915,3114.74087362497,158,53,2.9601,3.4095,166.3,39.458,0,258783,668006
52,298.5468142807519,3213.802999075328,154,62,2.9601,3.4095,166.3,39.458,0,258783,668106
50,210.5043764629098,3312.921478680276,122,68,2.9601,3.4095,166.3,39.458,0,258783,668206
49,139.58548747020382,3412.091401316301,112,59,2.9601,3.4095,166.3,39.458,0,258783,668306
49,120.91788585377296,3511.308408267802,138,64,2.9601,3.4095,166.3,39.458,0,258783,668406
52,172.36969017848628,3610.5686179614,138,58,2.9601,3.4095,166.3,39.458,0,258783,668506
51,254.5158817782136,3709.8685626371225,142,53,2.9601,3.4095,166.3,39.458,0,258783,668606
56,338.2132024768318,3809.205134812086,123,57,2.9601,3.4095,166.3,39.458,0,258783,668706
60,424.50499326019263,3908.5755418201,141,50,2.9601,3.4095,166.3,39.458,0,258783,668806
63,515.1914313787985,4007.9772670450393,150,48,2.9601,3.4095,166.3,39.458,0,258783,668906
68,514.3231818088611,4107.408036728924,154,46,2.9601,3.4095,166.3,39.458,0,258783,669006
65,432.4487075658385,4206.865791443896,151,48,2.9601,3.4095,166.3,39.458,0,258783,669106
63,355.7356182237045,4306.348661482999,104,27,2.9601,3.4095,166.3,39.458,0,258783,669206
63,288.2939474389416,4402.444938092948,57,22,2.9601,3.4095,166.3,39.458,0,258783,669306
61,232.576117260452,4485.753006434081,36,13,2.9601,3.4095,166.3,39.458,0,258783,669406
30,324.0992207694352,2681.7061957559963,151,28,2.8455,3.3141,163.7,37.886,1,258883,660506
30,339.3039329284932,2616.91398776285,174,39,2.8455,3.3141,163.7,37.886,1,258883,660606
30,369.2145801013361,2554.394158766737,158,56,2.8455,3.3141,163.7,37.886,1,258883,660706
30,413.9181530794623,2494.3175854999677,135,61,2.8455,3.3141,163.7,37.886,1,258883,660806
28,471.8239411397387,2436.864977040614,116,37,2.8455,3.3141,163.7,37.886,1,258883,660906
25,540.3964723694303,2382.0373703912455,175,27,2.8455,3.3141,163.7,37.886,1,258883,661006
27,616.9751829873787,2328.25337071434,245,26,2.8455,3.3141,163.7,37.886,1,258883,661106
35,636.1284374618506,2277.266290377165,236,34,2.8455,3.3141,163.7,37.886,1,258883,661206
31,652.4859393495797,2229.600806497357,204,42,2.8455,3.3141,163.7,37.886,1,258883,661306
34,683.1281539177979,2153.5185376030754,161,42,2.8455,3.3141,163.7,37.886,1,258883,661406
34,724.0720092160778,2065.179199913366,98,38,2.8455,3.3141,163.7,37.886,1,258883,661506
35,775.793391272429,1977.311735753703,90,24,2.8455,3.3141,163.7,37.886,1,258883,661606
45,834.3441236549974,1890.5598378120824,84,22,2.8455,3.3141,163.7,37.886,0,258883,661706
42,899.6140397088441,1804.926185833264,79,28,2.8455,3.3141,163.7,37.886,0,258883,661806
33,903.8853187392511,1720.8429830362736,57,37,2.8455,3.3141,163.7,37.886,1,258883,661906
30,869.5591320106171,1638.548933728788,69,34,2.8455,3.3141,163.7,37.886,1,258883,662006
26,845.7289747275764,1558.3275150565476,81,28,2.8455,3.3141,163.7,37.886,1,258883,662106
28,832.3321146867503,1480.267268620806,117,21,2.8455,3.3141,163.7,37.886,1,258883,662206
26,830.5879907517993,1404.828872468356,169,27,2.8455,3.3141,163.7,37.886,1,258883,662306
21,840.6064796644977,1332.627905790406,168,45,2.8455,3.3141,163.7,37.886,1,258883,662406
22,860.219655978036,1263.6089143949553,152,51,2.8455,3.3141,163.7,37.886,1,258883,662506
25,890.6943692468263,1197.8379115632486,140,55,2.8455,3.3141,163.7,37.886,1,258883,662606
24,930.9645870198462,1137.0592080230929,127,66,2.8455,3.3141,163.7,37.886,1,258883,662706
28,979.8232826188936,1082.1236633222663,132,74,2.8455,3.3141,163.7,37.886,1,258883,662806
26,1033.9630568322546,1033.9630568322546,113,74,2.8455,3.3141,163.7,37.886,1,258883,662906
23,991.5885141189126,991.5885141189126,102,72,2.8455,3.3141,163.7,37.886,1,258883,663006
25,956.2499206462768,956.2499206462768,69,68,2.8455,3.3141,163.7,37.886,1,258883,663106
17,929.0826432829414,929.0826432829414,38,88,2.8455,3.3141,163.7,37.886,1,258883,663206
16,911.5730661782216,911.5730661782216,20,89,2.8455,3.3141,163.7,37.886,1,258883,663306
12,904.8405118657718,904.8405118657718,20,98,2.8455,3.3141,163.7,37.886,2,258883,663406
11,908.330252968199,908.330252968199,22,104,2.8455,3.3141,163.7,37.886,2,258883,663506
12,919.4878488677018,919.4878488677018,40,110,2.8455,3.3141,163.7,37.886,2,258883,663606
13,847.2874642604501,847.2874642604501,52,119,2.8455,3.3141,163.7,37.886,2,258883,663706
13,759.7327462360618,759.7327462360618,77,135,2.8455,3.3141,163.7,37.886,2,258883,663806
13,671.5062095113934,671.5062095113934,96,141,2.8455,3.3141,163.7,37.886,2,258883,663906
13,583.2796727867249,583.2796727867249,137,173,2.8455,3.3141,163.7,37.886,2,258883,664006
11,495.0531360620563,495.0531360620563,150,183,2.8455,3.3141,163.7,37.886,2,258883,664106
10,406.82659933738773,406.82659933738773,139,154,2.8455,3.3141,163.7,37.886,2,258883,664206
12,318.6029099511371,318.6029099511371,100,146,2.8455,3.3141,163.7,37.886,2,258883,664306
9,230.40206744722136,230.40206744722136,94,132,2.8455,3.3141,163.7,37.886,2,258883,664406
10,142.0044331173282,142.0044331173282,81,100,2.8455,3.3141,163.7,37.886,2,258883,664506
10,53.25589702651999,53.25589702651999,63,104,2.8455,3.3141,163.7,37.886,2,258883,664606
6,0.0,0.0,74,136,2.8455,3.3141,163.7,37.886,0,258883,664706
6,4.976783422509937,4.976783422509937,66,183,2.8455,3.3141,163.7,37.886,2,258883,664806
11,93.28703564804944,93.28703564804944,66,206,2.8455,3.3141,163.7,37.886,2,258883,664906
15,180.9084661700678,180.9084661700678,126,186,2.9601,3.4095,166.3,39.458,2,258883,665006
16,272.46056473705806,272.46056473705806,146,170,2.9601,3.4095,166.3,39.458,1,258883,665106
21,368.4293493678479,368.4293493678479,178,175,2.9601,3.4095,166.3,39.458,1,258883,665206
26,465.7827444034676,465.7827444034676,171,153,2.9601,3.4095,166.3,39.458,1,258883,665306
28,563.317365896364,563.317365896364,157,153,2.9601,3.4095,166.3,39.458,1,258883,665406
34,661.5104217610269,661.5104217610269,146,157,2.9601,3.4095,166.3,39.458,1,258883,665506
37,760.1747308852653,760.1747308852653,132,151,2.9601,3.4095,166.3,39.458,0,258883,665606
37,753.139799717645,859.1479528314778,100,151,2.9601,3.4095,166.3,39.458,0,258883,665706
35,653.1983826273615,958.3343822656856,71,139,2.9601,3.4095,166.3,39.458,1,258883,665806
35,553.2781363972986,1057.674038449742,41,112,2.9601,3.4095,166.3,39.458,1,258883,665906
40,453.390236364458,1157.127458402323,38,103,2.9601,3.4095,166.3,39.458,0,258883,666006
34,353.51417245810495,1256.667632417838,36,113,2.9601,3.4095,166.3,39.458,1,258883,666106
30,253.70680410607375,1356.2754593904174,30,121,2.9601,3.4095,166.3,39.458,1,258883,666206
29,154.1493262090256,1455.3873915824176,27,115,2.9601,3.4095,166.3,39.458,1,258883,666306
34,55.33450664684823,1554.0191263567274,18,103,2.9601,3.4095,166.3,39.458,1,258883,666406
47,16.35535846568983,1652.8153044390588,16,79,2.9601,3.4095,166.3,39.458,0,258883,666506
56,47.51868971031641,1751.7481029227436,19,64,2.9601,3.4095,166.3,39.458,0,258883,666606
59,56.90664024370097,1850.795613134763,27,52,2.9601,3.4095,166.3,39.458,0,258883,666706
63,64.16984490696008,1949.9403547555848,30,43,2.9601,3.4095,166.3,39.458,0,258883,666806
54,27.224383796528286,2049.168214815413,31,45,2.9601,3.4095,166.3,39.458,0,258883,666906
52,21.31900811263217,2147.705213450274,28,64,2.9601,3.4095,166.3,39.458,0,258883,667006
53,90.50098218708818,2245.5895981614385,29,74,2.9601,3.4095,166.3,39.458,0,258883,667106
48,174.66172783876567,2343.652619920498,36,66,2.9601,3.4095,166.3,39.458,0,258883,667206
56,248.74429328718963,2441.8727571987815,34,59,2.9601,3.4095,166.3,39.458,0,258883,667306
60,324.3283467442441,2540.2115047661,65,46,2.9601,3.4095,166.3,39.458,0,258883,667406
61,406.74752497010104,2638.4769432363937,76,38,2.9601,3.4095,166.3,39.458,0,258883,667506
62,493.4099123436106,2736.742381706688,75,50,2.9601,3.4095,166.3,39.458,0,258883,667606
66,567.3631759484781,2835.007820176981,69,57,2.9601,3.4095,166.3,39.458,0,258883,667706
64,563.0659868463815,2933.297274630341,99,52,2.9601,3.4095,166.3,39.458,0,258883,667806
58,469.94972289917746,3031.6912620498338,110,61,2.9601,3.4095,166.3,39.458,0,258883,667906
55,370.3739608486474,3130.187041603879,123,60,2.9601,3.4095,166.3,39.458,0,258883,668006
53,271.1101480063117,3228.7752976105935,123,60,2.9601,3.4095,166.3,39.458,0,258883,668106
49,172.69024847813574,3327.447810183641,107,67,2.9601,3.4095,166.3,39.458,0,258883,668206
49,76.31782085449284,3426.197299708737,89,71,2.9601,3.4095,166.3,39.458,0,258883,668306
51,31.27325917524655,3525.017296917417,114,68,2.9601,3.4095,166.3,39.458,0,258883,668406
50,126.64023493551962,3623.902033803135,122,55,2.9601,3.4095,166.3,39.458,0,258883,668506
54,226.0433461279221,3722.84635160223,124,54,2.9601,3.4095,166.3,39.458,0,258883,668606
59,325.81094287605504,3821.845622820677,120,54,2.9601,3.4095,166.3,39.458,0,258883,668706
65,425.6866514672978,3920.895684879807,143,55,2.9601,3.4095,166.3,39.458,0,258883,668806
65,525.6096269828943,4019.992783419471,166,44,2.9601,3.4095,166.3,39.458,0,258883,668906
70,572.5566956304674,4119.133523664917,154,47,2.9601,3.4095,166.3,39.458,0,258883,669006
64,496.9901679862633,4218.31482855603,138,36,2.9601,3.4095,166.3,39.458,0,258883,669106
63,428.7876442513406,4317.5339025711455,99,29,2.9601,3.4095,166.3,39.458,0,258883,669206
72,369.13222293518385,4416.7882003653685,42,21,2.9601,3.4095,166.3,39.458,0,258883,669306
64,325.467700171643,4516.075399494818,26,14,2.9601,3.4095,166.3,39.458,0,258883,669406
61,298.70179996149744,4615.3933766210885,21,14,2.9601,3.4095,166.3,39.458,0,258883,669506
28,421.320235192964,2607.3014011316654,130,25,2.8455,3.3141,163.7,37.886,1,258983,660506
28,438.2179810322625,2540.612385889652,160,36,2.8455,3.3141,163.7,37.886,1,258983,660606
28,461.9172825875869,2476.1667945291315,167,39,2.8455,3.3141,163.7,37.886,1,258983,660706
28,501.5365288487621,2414.1442983635916,150,33,2.8455,3.3141,163.7,37.886,1,258983,660806
27,552.4005396126581,2354.7363742708444,135,27,2.8455,3.3141,163.7,37.886,1,258983,660906
25,612.6696492861379,2298.145794179944,162,28,2.8455,3.3141,163.7,37.886,1,258983,661006
26,681.7697021649984,2243.7893602315885,225,27,2.8455,3.3141,163.7,37.886,1,258983,661106
33,735.8001177544421,2190.8548280293435,218,37,2.8455,3.3141,163.7,37.886,1,258983,661206
35,749.9868834777703,2141.2666523683997,187,40,2.8455,3.3141,163.7,37.886,1,258983,661306
38,776.8904925985042,2095.280619771601,141,40,2.8455,3.3141,163.7,37.886,0,258983,661406
37,813.8559814135475,2019.0257131774645,59,38,2.8455,3.3141,163.7,37.886,0,258983,661506
33,860.1957160404698,1929.9510414615595,58,20,2.8455,3.3141,163.7,37.886,1,258983,661606
41,914.9846053797452,1841.644857468276,64,28,2.8455,3.3141,163.7,37.886,0,258983,661706
38,861.1505801354439,1753.9689513513365,61,29,2.8455,3.3141,163.7,37.886,0,258983,661806
25,812.8374599502114,1667.4917780270555,57,32,2.8455,3.3141,163.7,37.886,1,258983,661906
24,774.4863787885565,1582.425627240155,61,28,2.8455,3.3141,163.7,37.886,1,258983,662006
22,747.6319720020749,1499.2040894104327,75,22,2.8455,3.3141,163.7,37.886,1,258983,662106
23,732.6738262794132,1418.1519444909743,115,22,2.8455,3.3141,163.7,37.886,1,258983,662206
22,730.6918618385656,1339.503865032396,157,21,2.8455,3.3141,163.7,37.886,1,258983,662306
21,741.7065294194215,1263.5757115453505,168,29,2.8455,3.3141,163.7,37.886,1,258983,662406
18,763.8633245944161,1191.2080226299472,152,29,2.8455,3.3141,163.7,37.886,1,258983,662506
24,798.0261784787923,1122.3063727808244,139,35,2.8455,3.3141,163.7,37.886,1,258983,662606
27,842.736248427998,1057.1941990742991,139,47,2.8455,3.3141,163.7,37.886,1,258983,662706
30,896.4110887202334,997.8715121338256,142,60,2.8455,3.3141,163.7,37.886,1,258983,662806
29,945.4287571785331,945.4287571785331,120,63,2.8455,3.3141,163.7,37.886,1,258983,662906
23,900.0058714365827,900.0058714365827,97,61,2.8455,3.3141,163.7,37.886,1,258983,663006
17,862.0786851662335,862.0786851662335,59,51,2.8455,3.3141,163.7,37.886,1,258983,663106
15,831.9255867330187,831.9255867330187,36,84,2.8455,3.3141,163.7,37.886,2,258983,663206
12,812.4106608071057,812.4106608071057,19,91,2.8455,3.3141,163.7,37.886,2,258983,663306
13,804.8490409542559,804.8490409542559,26,90,2.8455,3.3141,163.7,37.886,2,258983,663406
12,808.7665760170654,808.7665760170654,26,109,2.8455,3.3141,163.7,37.886,2,258983,663506
8,820.8500433756549,820.8500433756549,31,120,2.8455,3.3141,163.7,37.886,2,258983,663606
11,798.9684311426244,798.9684311426244,37,107,2.8455,3.3141,163.7,37.886,2,258983,663706
12,711.8721445258236,711.8721445258236,53,132,2.8455,3.3141,163.7,37.886,2,258983,663806
12,623.8111451764162,623.8111451764162,89,141,2.8455,3.3141,163.7,37.886,2,258983,663906
12,536.20443282376,536.20443282376,102,153,2.8455,3.3141,163.7,37.886,2,258983,664006
13,447.97789609909154,447.97789609909154,136,161,2.8455,3.3141,163.7,37.886,2,258983,664106
8,359.751359374423,359.751359374423,127,151,2.8455,3.3141,163.7,37.886,2,258983,664206
12,271.52482264975447,271.52482264975447,98,133,2.8455,3.3141,163.7,37.886,2,258983,664306
7,183.29828592508596,183.29828592508596,80,109,2.8455,3.3141,163.7,37.886,2,258983,664406
8,95.07786150647688,95.07786150647688,60,85,2.8455,3.3141,163.7,37.886,2,258983,664506
8,6.87701900256116,6.87701900256116,58,104,2.8455,3.3141,163.7,37.886,0,258983,664606
7,0.0,0.0,61,133,2.8455,3.3141,163.7,37.886,0,258983,664706
9,55.57182355052068,55.57182355052068,63,153,2.8455,3.3141,163.7,37.886,2,258983,664806
20,140.12136803720014,140.12136803720014,100,189,2.8455,3.3141,163.7,37.886,1,258983,664906
19,228.5361437304031,228.5361437304031,134,176,2.9601,3.4095,166.3,39.458,1,258983,665006
22,316.74336769180445,316.74336769180445,160,151,2.9601,3.4095,166.3,39.458,1,258983,665106
27,404.392039241284,404.392039241284,186,145,2.9601,3.4095,166.3,39.458,1,258983,665206
24,495.01348218053954,495.01348218053954,196,155,2.9601,3.4095,166.3,39.458,1,258983,665306
24,588.6796868240677,588.6796868240677,162,189,2.9601,3.4095,166.3,39.458,1,258983,665406
29,654.0563237419154,684.1412133602694,146,196,2.9601,3.4095,166.3,39.458,1,258983,665506
28,664.497466952141,780.7397940138832,106,192,2.9601,3.4095,166.3,39.458,1,258983,665606
37,689.0878713263932,878.0388209007556,93,194,2.9601,3.4095,166.3,39.458,0,258983,665706
45,658.2956766292788,975.4518143366593,56,258,2.9601,3.4095,166.3,39.458,0,258983,665806
38,558.5513880407353,1073.2081929759547,44,238,2.9601,3.4095,166.3,39.458,0,258983,665906
35,458.918411371416,1171.343420542732,34,141,2.9601,3.4095,166.3,39.458,1,258983,666006
32,359.4893093112735,1269.7696610908536,27,70,2.9601,3.4095,166.3,39.458,1,258983,666106
32,260.49763669278974,1368.4241212448774,26,71,2.9601,3.4095,166.3,39.458,1,258983,666206
31,162.74358339412606,1467.26076720631,20,82,2.9601,3.4095,166.3,39.458,1,258983,666306
36,67.08006861950626,1566.245109285543,15,83,2.9601,3.4095,166.3,39.458,0,258983,666406
51,17.228254620229194,1665.3508116126511,16,65,2.9601,3.4095,166.3,39.458,0,258983,666506
60,113.45243505183514,1764.557425848462,18,46,2.9601,3.4095,166.3,39.458,0,258983,666606
70,156.65433245195405,1863.8488384241311,30,42,2.9601,3.4095,166.3,39.458,0,258983,666706
74,163.92552565996468,1963.212183100191,34,36,2.9601,3.4095,166.3,39.458,0,258983,666806
66,123.46078342828471,2062.6370643550094,27,44,2.9601,3.4095,166.3,39.458,0,258983,666906
58,110.6966045212774,2162.1149929245403,24,50,2.9601,3.4095,166.3,39.458,0,258983,667006
54,161.8296189991368,2261.044306322776,23,64,2.9601,3.4095,166.3,39.458,0,258983,667106
53,230.34167595617657,2359.9034600296886,26,56,2.9601,3.4095,166.3,39.458,0,258983,667206
55,312.2015419923961,2458.85488107077,32,51,2.9601,3.4095,166.3,39.458,0,258983,667306
55,389.5809244260679,2557.8878614339214,61,43,2.9601,3.4095,166.3,39.458,0,258983,667406
57,464.9307568674005,2656.9932813570404,81,44,2.9601,3.4095,166.3,39.458,0,258983,667506
58,545.0323572979763,2755.4881216225613,88,44,2.9601,3.4095,166.3,39.458,0,258983,667606
54,629.8501280563073,2853.5503759163594,80,51,2.9601,3.4095,166.3,39.458,0,258983,667706
61,571.4411815684484,2951.74265602233,74,58,2.9601,3.4095,166.3,39.458,0,258983,667806
59,472.1125714000215,3050.052403954909,80,65,2.9601,3.4095,166.3,39.458,0,258983,667906
55,373.1427825317494,3148.348773687349,94,59,2.9601,3.4095,166.3,39.458,0,258983,668006
52,274.91961049938294,3246.614212157642,89,65,2.9601,3.4095,166.3,39.458,0,258983,668106
53,178.67070772140193,3344.879650627936,75,60,2.9601,3.4095,166.3,39.458,0,258983,668206
54,90.88715492450348,3443.1509031882765,61,68,2.9601,3.4095,166.3,39.458,0,258983,668306
53,67.0787474856034,3541.497868015986,67,61,2.9601,3.4095,166.3,39.458,0,258983,668406
52,143.4296167236522,3639.9349109836166,90,50,2.9601,3.4095,166.3,39.458,0,258983,668506
53,237.9730152797016,3738.454916570861,103,46,2.9601,3.4095,166.3,39.458,0,258983,668606
64,335.3213719215004,3837.051494346717,103,48,2.9601,3.4095,166.3,39.458,0,258983,668706
67,433.0089805153859,3935.7188895173776,147,33,2.9601,3.4095,166.3,39.458,0,258983,668806
66,531.5572706177863,4034.451906311368,181,28,2.9601,3.4095,166.3,39.458,0,258983,668906
73,630.5628332579452,4133.245842116697,160,24,2.9601,3.4095,166.3,39.458,0,258983,669006
63,569.4814551783795,4232.096430660636,137,18,2.9601,3.4095,166.3,39.458,0,258983,669106
62,508.3546908406822,4330.999792824519,79,22,2.9601,3.4095,166.3,39.458,0,258983,669206
73,456.1755928851754,4429.952393929483,30,22,2.9601,3.4095,166.3,39.458,0,258983,669306
71,421.43006223793304,4528.951006526466,55,21,2.9601,3.4095,166.3,39.458,0,258983,669406
66,375.654335066473,4627.992677884508,84,20,2.9601,3.4095,166.3,39.458,0,258983,669506
26,506.50066129201326,2605.3411241788344,89,21,2.8455,3.3141,163.7,37.886,1,259083,660406
26,518.9738021572177,2534.658373889901,157,29,2.8455,3.3141,163.7,37.886,1,259083,660506
26,537.53403510777,2466.005630837643,197,32,2.8455,3.3141,163.7,37.886,1,259083,660606
26,557.0237121993548,2399.5571404564894,192,32,2.8455,3.3141,163.7,37.886,1,259083,660706
27,592.4462297997719,2335.5010531593616,165,25,2.8455,3.3141,163.7,37.886,1,259083,660806
26,636.9339567087529,2274.039548534997,138,21,2.8455,3.3141,163.7,37.886,1,259083,660906
24,691.6537678330402,2215.3885815571984,168,22,2.8455,3.3141,163.7,37.886,1,259083,661006
25,753.730964522596,2159.769989371631,206,27,2.8455,3.3141,163.7,37.886,1,259083,661106
28,823.1594475264377,2105.646693467542,192,38,2.8455,3.3141,163.7,37.886,1,259083,661206
34,848.0700146382337,2054.0024334835343,169,37,2.8455,3.3141,163.7,37.886,1,259083,661306
38,871.9525570980005,2006.0169480345303,127,43,2.8455,3.3141,163.7,37.886,0,259083,661406
38,905.7829996389914,1961.9587138488064,59,41,2.8455,3.3141,163.7,37.886,0,259083,661506
30,909.051722678917,1885.5470211966208,49,35,2.8455,3.3141,163.7,37.886,1,259083,661606
35,840.3284916643404,1795.4202185310935,45,39,2.8455,3.3141,163.7,37.886,1,259083,661706
33,777.9951082966816,1706.393844655163,47,39,2.8455,3.3141,163.7,37.886,1,259083,661806
27,724.1552341620304,1618.1169431958256,40,31,2.8455,3.3141,163.7,37.886,1,259083,661906
23,680.8268633029729,1530.7032580679029,40,37,2.8455,3.3141,163.7,37.886,1,259083,662006
20,650.115091676593,1444.5903084361375,80,38,2.8455,3.3141,163.7,37.886,1,259083,662106
20,633.1233073350832,1360.287908931849,110,30,2.8455,3.3141,163.7,37.886,1,259083,662206
18,630.8286483135557,1278.2508482863402,126,25,2.8455,3.3141,163.7,37.886,1,259083,662306
18,643.1468711832987,1198.8953341819931,140,36,2.8455,3.3141,163.7,37.886,1,259083,662406
19,668.5779691179614,1122.364912447803,136,42,2.8455,3.3141,163.7,37.886,1,259083,662506
22,707.3578328306888,1049.7885363560486,116,45,2.8455,3.3141,163.7,37.886,1,259083,662606
21,757.4389127473977,981.027780729269,110,46,2.8455,3.3141,163.7,37.886,1,259083,662706
23,814.8781979394029,916.7897723766846,119,33,2.8455,3.3141,163.7,37.886,1,259083,662806
24,859.4134435220288,859.4134435220288,106,34,2.8455,3.3141,163.7,37.886,1,259083,662906
19,810.3576044428102,810.3576044428102,90,30,2.8455,3.3141,163.7,37.886,1,259083,663006
16,768.7119091503565,768.7119091503565,40,28,2.8455,3.3141,163.7,37.886,1,259083,663106
15,735.4358779275108,735.4358779275108,18,50,2.8455,3.3141,163.7,37.886,2,259083,663206
12,713.4821011101203,713.4821011101203,19,65,2.8455,3.3141,163.7,37.886,2,259083,663306
9,704.8599900238764,704.8599900238764,27,89,2.8455,3.3141,163.7,37.886,2,259083,663406
14,709.3237936786867,709.3237936786867,31,117,2.8455,3.3141,163.7,37.886,2,259083,663506
10,722.5867141867243,722.5867141867243,30,104,2.8455,3.3141,163.7,37.886,2,259083,663606
11,746.0738130528772,746.0738130528772,34,96,2.8455,3.3141,163.7,37.886,2,259083,663706
12,662.7372602015059,662.7372602015059,47,123,2.8455,3.3141,163.7,37.886,2,259083,663806
13,575.6409735847051,575.6409735847051,64,126,2.8455,3.3141,163.7,37.886,2,259083,663906
9,488.54468696790434,488.54468696790434,80,145,2.8455,3.3141,163.7,37.886,2,259083,664006
11,400.426798534545,400.426798534545,86,146,2.8455,3.3141,163.7,37.886,2,259083,664106
10,312.6761194114582,312.6761194114582,97,138,2.8455,3.3141,163.7,37.886,2,259083,664206
8,224.44958268678965,224.44958268678965,78,128,2.8455,3.3141,163.7,37.886,2,259083,664306
7,136.22304596212118,136.22304596212118,60,90,2.8455,3.3141,163.7,37.886,2,259083,664406
9,47.99650923745264,47.99650923745264,39,87,2.8455,3.3141,163.7,37.886,2,259083,664506
6,0.0,0.0,56,118,2.8455,3.3141,163.7,37.886,0,259083,664606
7,10.76679714534848,10.76679714534848,56,132,2.8455,3.3141,163.7,37.886,2,259083,664706
10,99.0740005659132,99.0740005659132,54,160,2.8455,3.3141,163.7,37.886,2,259083,664806
23,188.92896255026747,188.92896255026747,101,187,2.8455,3.3141,163.7,37.886,1,259083,664906
23,279.06112834464074,279.06112834464074,138,161,2.9601,3.4095,166.3,39.458,1,259083,665006
19,363.5930717976566,363.5930717976566,166,145,2.9601,3.4095,166.3,39.458,1,259083,665106
22,452.0955040382962,452.0955040382962,186,131,2.9601,3.4095,166.3,39.458,1,259083,665206
25,540.1996997355595,540.1996997355595,197,160,2.9601,3.4095,166.3,39.458,1,259083,665306
27,559.7012218513366,627.9621880379351,139,177,2.9601,3.4095,166.3,39.458,1,259083,665406
26,554.105284851987,718.2213695958719,129,203,2.9601,3.4095,166.3,39.458,1,259083,665506
32,566.3919805752234,810.7696108531383,98,192,2.9601,3.4095,166.3,39.458,1,259083,665606
37,594.8943950470593,904.9048502587044,72,337,2.9601,3.4095,166.3,39.458,0,259083,665706
37,637.8745802028303,1000.1790910434528,45,358,2.9601,3.4095,166.3,39.458,0,259083,665806
37,559.7432394338515,1096.295416527537,39,351,2.9601,3.4095,166.3,39.458,0,259083,665906
38,460.3682757372995,1193.0503201617548,34,279,2.9601,3.4095,166.3,39.458,0,259083,666006
32,361.33835185151105,1290.2948973980435,30,131,2.9601,3.4095,166.3,39.458,1,259083,666106
32,262.8443019401429,1387.690608914873,28,89,2.9601,3.4095,166.3,39.458,1,259083,666206
34,166.1126242249204,1485.245977218244,19,97,2.9601,3.4095,166.3,39.458,1,259083,666306
36,76.54083974298567,1583.1061860219645,16,91,2.9601,3.4095,166.3,39.458,0,259083,666406
49,16.15051119945214,1681.2182427034998,15,86,2.9601,3.4095,166.3,39.458,0,259083,666506
54,48.86504061932974,1779.540492086954,19,71,2.9601,3.4095,166.3,39.458,0,259083,666606
66,135.9466425594648,1878.039921395472,30,45,2.9601,3.4095,166.3,39.458,0,259083,666706
77,223.02824449959985,1976.6900439201752,27,35,2.9601,3.4095,166.3,39.458,0,259083,666806
73,219.93527343179028,2075.469371759357,25,35,2.9601,3.4095,166.3,39.458,0,259083,666906
63,209.2518088695249,2174.360295923657,22,42,2.9601,3.4095,166.3,39.458,0,259083,667006
56,242.12400461210777,2273.3482530987735,17,48,2.9601,3.4095,166.3,39.458,0,259083,667106
54,302.90875275642685,2372.42109736979,15,37,2.9601,3.4095,166.3,39.458,0,259083,667206
53,371.3408177870556,2471.5686206584096,26,39,2.9601,3.4095,166.3,39.458,0,259083,667306
55,451.0489244071029,2570.7821825275955,56,35,2.9601,3.4095,166.3,39.458,0,259083,667406
55,530.6224283391332,2670.0544214265337,91,36,2.9601,3.4095,166.3,39.458,0,259083,667506
55,605.8256085206856,2769.3790272834476,104,44,2.9601,3.4095,166.3,39.458,0,259083,667606
57,684.389278478914,2868.7505608078663,104,49,2.9601,3.4095,166.3,39.458,0,259083,667706
58,590.3908095793864,2968.108364805227,91,55,2.9601,3.4095,166.3,39.458,0,259083,667806
57,494.8743093356776,3067.0002039015603,82,55,2.9601,3.4095,166.3,39.458,0,259083,667906
54,401.5468292056662,3165.961660576082,80,56,2.9601,3.4095,166.3,39.458,0,259083,668006
54,312.3765837091267,3264.986404526536,74,68,2.9601,3.4095,166.3,39.458,0,259083,668106
53,232.18789565481885,3363.449403948954,65,58,2.9601,3.4095,166.3,39.458,0,259083,668206
55,173.86400224592322,3461.6219973321663,45,54,2.9601,3.4095,166.3,39.458,0,259083,668306
58,162.62504318576077,3559.8963203867747,48,55,2.9601,3.4095,166.3,39.458,0,259083,668406
52,206.25317113460292,3658.220604138304,69,40,2.9601,3.4095,166.3,39.458,0,259083,668506
61,280.3846732114956,3756.486042608597,84,30,2.9601,3.4095,166.3,39.458,0,259083,668606
68,366.989631993242,3854.7514810788903,104,23,2.9601,3.4095,166.3,39.458,0,259083,668706
71,459.0695431278241,3953.0169975474055,138,23,2.9601,3.4095,166.3,39.458,0,259083,668806
67,553.8978965737276,4051.328472234045,155,15,2.9601,3.4095,166.3,39.458,0,259083,668906
71,650.2760685724371,4149.720640834726,135,14,2.9601,3.4095,166.3,39.458,0,259083,669006
66,648.1418648898081,4248.1878965042615,98,16,2.9601,3.4095,166.3,39.458,0,259083,669106
65,591.830312871235,4346.725136357351,52,27,2.9601,3.4095,166.3,39.458,0,259083,669206
73,547.6620719743264,4445.327706488732,43,21,2.9601,3.4095,166.3,39.458,0,259083,669306
75,515.3932449776426,4543.991353987361,116,23,2.9601,3.4095,166.3,39.458,0,259083,669406
69,459.2699796834192,4642.712184935377,167,26,2.9601,3.4095,166.3,39.458,0,259083,669506
68,414.2642072852019,4741.486627544462,186,26,2.9601,3.4095,166.3,39.458,0,259083,669606
29,606.2775625132533,2536.587244571825,79,18,2.8455,3.3141,163.7,37.886,1,259183,660406
29,617.3750209362877,2463.932943145419,156,26,2.8455,3.3141,163.7,37.886,1,259183,660506
29,637.0641089391949,2393.252232279333,198,34,2.8455,3.3141,163.7,37.886,1,259183,660606
29,653.5925764202027,2324.725133494878,203,32,2.8455,3.3141,163.7,37.886,1,259183,660706
29,684.4821641246081,2258.547684972699,189,23,2.8455,3.3141,163.7,37.886,1,259183,660806
27,725.1429091952228,2194.932423626819,145,26,2.8455,3.3141,163.7,37.886,1,259183,660906
25,774.3611527626055,2134.1084891075866,154,18,2.8455,3.3141,163.7,37.886,1,259183,661006
24,831.4664813272304,2076.3212040225926,194,15,2.8455,3.3141,163.7,37.886,1,259183,661106
21,894.9059361764936,2021.521979211974,184,36,2.8455,3.3141,163.7,37.886,1,259183,661206
25,946.5543693144568,1967.950486411584,164,40,2.8455,3.3141,163.7,37.886,1,259183,661306
32,968.0101684225932,1917.8131076862207,120,51,2.8455,3.3141,163.7,37.886,1,259183,661406
34,921.2301729296056,1871.6797576130832,63,56,2.8455,3.3141,163.7,37.886,1,259183,661506
22,842.0010715538682,1829.8533039847923,42,52,2.8455,3.3141,163.7,37.886,1,259183,661606
27,767.6370089305317,1753.3140927441184,38,62,2.8455,3.3141,163.7,37.886,1,259183,661706
24,699.265654382881,1662.0338443551384,33,50,2.8455,3.3141,163.7,37.886,1,259183,661806
21,638.8246003639956,1571.8150946433586,26,43,2.8455,3.3141,163.7,37.886,1,259183,661906
21,589.254855441106,1482.8515291690687,32,55,2.8455,3.3141,163.7,37.886,1,259183,662006
19,553.4850488419886,1394.6138619032108,57,49,2.8455,3.3141,163.7,37.886,1,259183,662106
20,533.7408630289726,1307.5188486935883,80,37,2.8455,3.3141,163.7,37.886,1,259183,662206
18,531.0169207370948,1221.9465981242386,97,41,2.8455,3.3141,163.7,37.886,1,259183,662306
17,545.1121169468994,1138.7253947400866,118,43,2.8455,3.3141,163.7,37.886,1,259183,662406
17,574.8963584154636,1058.4127553013204,117,37,2.8455,3.3141,163.7,37.886,1,259183,662506
18,619.5679347709921,981.2147647587605,102,40,2.8455,3.3141,163.7,37.886,1,259183,662606
18,675.2241700709894,908.3696323365288,92,38,2.8455,3.3141,163.7,37.886,1,259183,662706
19,737.1881540796522,839.7972485908363,77,27,2.8455,3.3141,163.7,37.886,1,259183,662806
17,776.7544006393767,776.7544006393767,59,16,2.8455,3.3141,163.7,37.886,1,259183,662906
15,722.1048255513432,722.1048255513432,41,16,2.8455,3.3141,163.7,37.886,2,259183,663006
17,676.5210909922583,676.5210909922583,19,17,2.8455,3.3141,163.7,37.886,1,259183,663106
16,640.0247489159617,640.0247489159617,20,22,2.8455,3.3141,163.7,37.886,1,259183,663206
13,614.9002646088109,614.9002646088109,20,34,2.8455,3.3141,163.7,37.886,2,259183,663306
12,604.8745591839128,604.8745591839128,20,54,2.8455,3.3141,163.7,37.886,2,259183,663406
11,609.7390070103352,609.7390070103352,19,61,2.8455,3.3141,163.7,37.886,2,259183,663506
9,624.5521223480613,624.5521223480613,21,70,2.8455,3.3141,163.7,37.886,2,259183,663606
10,650.3033134847692,650.3033134847692,38,75,2.8455,3.3141,163.7,37.886,2,259183,663706
11,611.2512699470986,611.2512699470986,38,81,2.8455,3.3141,163.7,37.886,2,259183,663806
10,525.9732255430123,525.9732255430123,49,88,2.8455,3.3141,163.7,37.886,2,259183,663906
7,439.4098026435866,439.4098026435866,67,97,2.8455,3.3141,163.7,37.886,2,259183,664006
9,352.3135160267858,352.3135160267858,63,128,2.8455,3.3141,163.7,37.886,2,259183,664106
8,265.21722940998507,265.21722940998507,53,135,2.8455,3.3141,163.7,37.886,2,259183,664206
8,177.0531233596434,177.0531233596434,43,111,2.8455,3.3141,163.7,37.886,2,259183,664306
6,89.14780599915635,89.14780599915635,28,89,2.8455,3.3141,163.7,37.886,2,259183,664406
3,0.921269274487834,0.921269274487834,32,88,2.8455,3.3141,163.7,37.886,0,259183,664506
7,0.0,0.0,44,87,2.8455,3.3141,163.7,37.886,0,259183,664606
15,57.69054192386125,57.69054192386125,39,144,2.8455,3.3141,163.7,37.886,2,259183,664706
10,145.99774534442594,145.99774534442594,55,155,2.8455,3.3141,163.7,37.886,2,259183,664806
21,234.30494876499063,234.30494876499063,77,154,2.8455,3.3141,163.7,37.886,1,259183,664906
29,322.6121521855553,322.6121521855553,121,155,2.9601,3.4095,166.3,39.458,1,259183,665006
20,411.9893985129449,411.9893985129449,147,137,2.9601,3.4095,166.3,39.458,1,259183,665106
28,500.4408430889943,500.4408430889943,171,127,2.9601,3.4095,166.3,39.458,1,259183,665206
27,488.6115439252014,587.1522590556865,171,166,2.9601,3.4095,166.3,39.458,1,259183,665306
25,460.98638788579376,675.6548643461896,134,183,2.9601,3.4095,166.3,39.458,1,259183,665406
24,454.175801617627,763.6560317793145,92,186,2.9601,3.4095,166.3,39.458,1,259183,665506
34,469.0116728794105,851.5515825885462,74,275,2.9601,3.4095,166.3,39.458,1,259183,665606
41,502.9478980050255,941.6185660594404,60,479,2.9601,3.4095,166.3,39.458,0,259183,665706
39,553.1195412550562,1033.513884805916,39,446,2.9601,3.4095,166.3,39.458,0,259183,665806
35,578.0533751095953,1126.7902982478129,32,428,2.9601,3.4095,166.3,39.458,1,259183,665906
36,482.340109611551,1221.1313616332086,35,368,2.9601,3.4095,166.3,39.458,0,259183,666006
32,388.684420665263,1316.3081814312914,34,204,2.9601,3.4095,166.3,39.458,1,259183,666106
31,298.92127548755104,1412.1517817294755,34,104,2.9601,3.4095,166.3,39.458,1,259183,666206
31,217.57838028159856,1508.535077742812,26,95,2.9601,3.4095,166.3,39.458,1,259183,666306
42,148.61404894001552,1605.3608650142469,25,96,2.9601,3.4095,166.3,39.458,0,259183,666406
42,57.15451077063029,1702.5536505667214,17,77,2.9601,3.4095,166.3,39.458,0,259183,666506
48,0.0,1799.9466854121613,18,65,2.9601,3.4095,166.3,39.458,0,259183,666606
55,86.128093407537,1897.4022768551847,23,50,2.9601,3.4095,166.3,39.458,0,259183,666706
75,168.17052163880558,1995.095231710324,17,38,2.9601,3.4095,166.3,39.458,0,259183,666806
72,251.4564783916503,2093.0061077243195,22,23,2.9601,3.4095,166.3,39.458,0,259183,666906
64,308.73759210338517,2191.105691277657,20,35,2.9601,3.4095,166.3,39.458,0,259183,667006
56,332.0979687675495,2289.3697241222035,15,41,2.9601,3.4095,166.3,39.458,0,259183,667106
57,380.7449536845358,2387.7779036387383,11,32,2.9601,3.4095,166.3,39.458,0,259183,667206
62,443.9811569896243,2486.313113926611,8,27,2.9601,3.4095,166.3,39.458,0,259183,667306
66,512.5726467801595,2584.960828303105,31,26,2.9601,3.4095,166.3,39.458,0,259183,667406
63,590.2051920244271,2683.708640527043,75,25,2.9601,3.4095,166.3,39.458,0,259183,667506
61,671.8236570978781,2782.545893712724,86,38,2.9601,3.4095,166.3,39.458,0,259183,667606
57,717.0894060630945,2881.4633841150185,98,50,2.9601,3.4095,166.3,39.458,0,259183,667706
59,624.9451898307422,2980.453122827737,112,50,2.9601,3.4095,166.3,39.458,0,259183,667806
55,535.6265156778956,3079.5081426668844,110,43,2.9601,3.4095,166.3,39.458,0,259183,667906
55,450.815969439752,3178.6223405950063,78,51,2.9601,3.4095,166.3,39.458,0,259183,668006
53,373.57992832452254,3277.790348315113,69,57,2.9601,3.4095,166.3,39.458,0,259183,668106
52,309.65100064263765,3377.007425352474,63,53,2.9601,3.4095,166.3,39.458,0,259183,668206
53,268.68162200632605,3476.2693702105103,43,48,2.9601,3.4095,166.3,39.458,0,259183,668306
53,261.51894137545247,3575.572446146464,47,50,2.9601,3.4095,166.3,39.458,0,259183,668406
54,290.6839658764784,3674.913318844384,61,27,2.9601,3.4095,166.3,39.458,0,259183,668506
63,347.245723671975,3774.100708884744,80,21,2.9601,3.4095,166.3,39.458,0,259183,668606
69,420.30320838331824,3873.068440695282,105,14,2.9601,3.4095,166.3,39.458,0,259183,668706
70,502.7198718874386,3971.5071443277193,129,15,2.9601,3.4095,166.3,39.458,0,259183,668806
69,590.585070102163,4069.75477847689,119,13,2.9601,3.4095,166.3,39.458,0,259183,668906
70,681.802156394823,4168.085761644647,100,14,2.9601,3.4095,166.3,39.458,0,259183,669006
62,729.6780570377506,4266.357873059552,73,13,2.9601,3.4095,166.3,39.458,0,259183,669106
64,679.7798855279075,4364.6233115298455,41,20,2.9601,3.4095,166.3,39.458,0,259183,669206
71,641.6941004982696,4462.888750000139,87,23,2.9601,3.4095,166.3,39.458,0,259183,669306
79,596.9625152779342,4561.175027414175,174,26,2.9601,3.4095,166.3,39.458,0,259183,669406
72,548.0497571344117,4659.53180456387,231,29,2.9601,3.4095,166.3,39.458,0,259183,669506
69,504.161107964906,4757.95708731991,282,27,2.9601,3.4095,166.3,39.458,0,259183,669606
30,670.007619940843,2542.739901695343,22,9,2.8455,3.3141,163.7,37.886,1,259283,660306
30,706.1175863301925,2468.9193820459727,64,15,2.8455,3.3141,163.7,37.886,1,259283,660406
29,716.2192580674191,2395.2910528118564,116,23,2.8455,3.3141,163.7,37.886,1,259283,660506
29,736.3942663636799,2322.5263665450734,153,38,2.8455,3.3141,163.7,37.886,1,259283,660606
29,751.0599815932463,2251.8480015955392,178,38,2.8455,3.3141,163.7,37.886,1,259283,660706
29,778.0897589635503,2183.462873804496,189,31,2.8455,3.3141,163.7,37.886,1,259283,660806
29,815.7303161528461,2117.5931668465855,171,23,2.8455,3.3141,163.7,37.886,1,259283,660906
29,860.2566436643323,2054.4808393528806,181,20,2.8455,3.3141,163.7,37.886,1,259283,661006
27,912.9381257853984,1994.3876800313624,202,18,2.8455,3.3141,163.7,37.886,1,259283,661106
26,971.6392217765034,1937.5946214968812,194,35,2.8455,3.3141,163.7,37.886,1,259283,661206
23,1036.148108297115,1883.2739690523172,180,36,2.8455,3.3141,163.7,37.886,1,259283,661306
23,954.4396411121636,1830.8222841729855,153,53,2.8455,3.3141,163.7,37.886,1,259283,661406
22,866.7501378761164,1782.438844748924,89,54,2.8455,3.3141,163.7,37.886,1,259283,661506
19,782.020827401814,1738.4666330750697,49,66,2.8455,3.3141,163.7,37.886,1,259283,661606
21,701.3254219491611,1699.2481376658498,25,71,2.8455,3.3141,163.7,37.886,1,259283,661706
18,626.2252952844685,1622.631519010651,22,78,2.8455,3.3141,163.7,37.886,1,259283,661806
21,558.3842197771821,1530.091251675403,23,78,2.8455,3.3141,163.7,37.886,1,259283,661906
18,500.9165115334813,1438.5497664037875,25,63,2.8455,3.3141,163.7,37.886,1,259283,662006
20,458.3031378439081,1348.2105259888683,36,46,2.8455,3.3141,163.7,37.886,1,259283,662106
20,434.6418013064445,1259.3171867239787,53,46,2.8455,3.3141,163.7,37.886,1,259283,662206
22,431.29242595378867,1171.1503770941515,78,56,2.8455,3.3141,163.7,37.886,1,259283,662306
18,447.94703054244457,1084.400194646154,92,67,2.8455,3.3141,163.7,37.886,1,259283,662406
17,483.75111891222,999.7328733752748,83,51,2.8455,3.3141,163.7,37.886,1,259283,662506
18,535.9504510016681,918.1545915943296,75,38,2.8455,3.3141,163.7,37.886,1,259283,662606
18,596.1103730740248,840.1558382033749,71,33,2.8455,3.3141,163.7,37.886,1,259283,662706
19,665.2441354791828,766.9516326586875,53,26,2.8455,3.3141,163.7,37.886,1,259283,662806
15,698.6439228382961,698.6439228382961,42,17,2.8455,3.3141,163.7,37.886,2,259283,662906
13,637.3313981680029,637.3313981680029,27,18,2.8455,3.3141,163.7,37.886,2,259283,663006
14,586.7531774627896,586.7531774627896,17,16,2.8455,3.3141,163.7,37.886,2,259283,663106
13,546.2576570693277,546.2576570693277,20,14,2.8455,3.3141,163.7,37.886,2,259283,663206
13,516.8635818351484,516.8635818351484,18,18,2.8455,3.3141,163.7,37.886,2,259283,663306
9,504.8948991219919,504.8948991219919,14,35,2.8455,3.3141,163.7,37.886,2,259283,663406
9,510.1202223459686,510.1202223459686,17,63,2.8455,3.3141,163.7,37.886,2,259283,663506
10,526.8099039509872,526.8099039509872,18,61,2.8455,3.3141,163.7,37.886,2,259283,663606
11,555.9585581865163,555.9585581865163,35,74,2.8455,3.3141,163.7,37.886,2,259283,663706
11,553.17475552656,553.17475552656,39,76,2.8455,3.3141,163.7,37.886,2,259283,663806
11,471.5678841826007,471.5678841826007,46,67,2.8455,3.3141,163.7,37.886,2,259283,663906
10,389.3807692029794,389.3807692029794,42,83,2.8455,3.3141,163.7,37.886,2,259283,664006
9,302.8886819293114,302.8886819293114,50,98,2.8455,3.3141,163.7,37.886,2,259283,664106
9,216.08234508566727,216.08234508566727,39,96,2.8455,3.3141,163.7,37.886,2,259283,664206
11,128.98605846886653,128.98605846886653,31,87,2.8455,3.3141,163.7,37.886,2,259283,664306
7,41.8791405196114,41.8791405196114,18,86,2.8455,3.3141,163.7,37.886,2,259283,664406
0,0.0,0.0,28,101,2.8455,3.3141,163.7,37.886,0,259283,664506
11,30.3944564638463,30.3944564638463,89,129,2.8455,3.3141,163.7,37.886,2,259283,664606
12,107.10120589105182,107.10120589105182,119,162,2.8455,3.3141,163.7,37.886,2,259283,664706
8,191.4008394981411,191.4008394981411,138,161,2.8455,3.3141,163.7,37.886,2,259283,664806
15,281.2286935435034,281.2286935435034,96,144,2.8455,3.3141,163.7,37.886,2,259283,664906
24,369.5358969640682,369.5358969640682,86,113,2.9601,3.4095,166.3,39.458,1,259283,665006
21,457.8431003846328,457.8431003846328,120,134,2.9601,3.4095,166.3,39.458,1,259283,665106
21,451.9037773376749,546.1503038051975,124,129,2.9601,3.4095,166.3,39.458,1,259283,665206
29,397.4723046088638,635.4340060807227,128,165,2.9601,3.4095,166.3,39.458,1,259283,665306
21,362.97581446992297,723.1922023295486,111,189,2.9601,3.4095,166.3,39.458,1,259283,665406
22,354.2861143893823,810.7116193635799,78,195,2.9601,3.4095,166.3,39.458,1,259283,665506
21,372.8661906722169,899.2142246540827,55,323,2.9601,3.4095,166.3,39.458,1,259283,665606
28,414.745506252859,987.078803353855,39,453,2.9601,3.4095,166.3,39.458,1,259283,665706
35,474.3400402321847,1075.1482158347865,41,449,2.9601,3.4095,166.3,39.458,1,259283,665806
37,545.8782946573356,1165.096181502413,43,431,2.9601,3.4095,166.3,39.458,0,259283,665906
43,465.7360496107538,1256.5645778432092,47,414,2.9601,3.4095,166.3,39.458,0,259283,666006
39,378.5169188973965,1349.2442197130442,42,197,2.9601,3.4095,166.3,39.458,0,259283,666106
33,299.39947875059164,1442.901725887055,39,107,2.9601,3.4095,166.3,39.458,1,259283,666206
39,236.20456235019537,1537.3583891554435,31,91,2.9601,3.4095,166.3,39.458,0,259283,666306
45,172.46454894787405,1632.4754953276938,28,95,2.9601,3.4095,166.3,39.458,0,259283,666406
47,109.13961407716997,1728.143995442561,18,80,2.9601,3.4095,166.3,39.458,0,259283,666506
47,40.63539217234642,1824.2771431783488,18,53,2.9601,3.4095,166.3,39.458,0,259283,666606
51,29.61269184760672,1920.805175248582,24,32,2.9601,3.4095,166.3,39.458,0,259283,666706
63,114.07713903017132,2017.6714171045087,25,35,2.9601,3.4095,166.3,39.458,0,259283,666806
65,205.27794801581865,2114.8293958471672,22,27,2.9601,3.4095,166.3,39.458,0,259283,666906
62,298.9252124261421,2212.2027619094497,22,27,2.9601,3.4095,166.3,39.458,0,259283,667006
57,393.8500754700885,2309.61364465737,16,28,2.9601,3.4095,166.3,39.458,0,259283,667106
61,465.4371568819658,2407.1943774787974,12,27,2.9601,3.4095,166.3,39.458,0,259283,667206
77,520.8736947697346,2504.965938759162,8,17,2.9601,3.4095,166.3,39.458,0,259283,667306
78,584.7700257659453,2602.9068246331067,25,17,2.9601,3.4095,166.3,39.458,0,259283,667406
75,653.8864071837532,2700.9986155308625,66,20,2.9601,3.4095,166.3,39.458,0,259283,667506
68,730.1909914296738,2799.225447240302,79,27,2.9601,3.4095,166.3,39.458,0,259283,667606
63,759.0865553707961,2897.5735862710553,94,40,2.9601,3.4095,166.3,39.458,0,259283,667706
56,672.7196091607269,2996.0310864932185,97,42,2.9601,3.4095,166.3,39.458,0,259283,667806
55,590.6659066904505,3094.5875096063724,110,38,2.9601,3.4095,166.3,39.458,0,259283,667906
53,514.9880647212105,3193.2336961127357,73,43,2.9601,3.4095,166.3,39.458,0,259283,668006
54,448.9307219616443,3291.961576532727,59,47,2.9601,3.4095,166.3,39.458,0,259283,668106
52,397.3007577878316,3390.7640149007525,56,42,2.9601,3.4095,166.3,39.458,0,259283,668206
52,366.2608147399684,3489.634678318621,56,52,2.9601,3.4095,166.3,39.458,0,259283,668306
54,361.02272605073506,3588.567927670025,68,42,2.9601,3.4095,166.3,39.458,0,259283,668406
58,382.6869089008716,3687.5587256178,91,30,2.9601,3.4095,166.3,39.458,0,259283,668506
66,427.25013217633017,3786.6025587930408,95,26,2.9601,3.4095,166.3,39.458,0,259283,668606
72,488.4862481317846,3885.6953716981006,109,21,2.9601,3.4095,166.3,39.458,0,259283,668706
66,560.9759433190561,3984.8335103256286,121,24,2.9601,3.4095,166.3,39.458,0,259283,668806
68,640.9127891933053,4084.0136738742817,103,18,2.9601,3.4095,166.3,39.458,0,259283,668906
68,725.8351084286046,4183.232873241716,95,12,2.9601,3.4095,166.3,39.458,0,259283,669006
65,814.186747659662,4282.488395214653,107,8,2.9601,3.4095,166.3,39.458,0,259283,669106
66,770.673903997927,4381.777771467445,79,16,2.9601,3.4095,166.3,39.458,0,259283,669206
72,736.0589058409348,4481.098751634942,143,19,2.9601,3.4095,166.3,39.458,0,259283,669306
80,682.617028486216,4579.622921373293,229,21,2.9601,3.4095,166.3,39.458,0,259283,669406
70,637.8637480238532,4677.924867017107,309,25,2.9601,3.4095,166.3,39.458,0,259283,669506
66,596.3034224647016,4776.229703510507,354,30,2.9601,3.4095,166.3,39.458,0,259283,669606
64,567.7177474063149,4874.4951419808,341,30,2.9601,3.4095,166.3,39.458,0,259283,669706
37,762.2720942066508,2477.102123147507,12,4,2.8455,3.3141,163.7,37.886,0,259383,660306
35,803.8407556165469,2401.5405365721567,44,11,2.8455,3.3141,163.7,37.886,1,259383,660406
35,815.3454082640111,2327.623711101157,101,25,2.8455,3.3141,163.7,37.886,1,259383,660506
35,833.6152807872086,2253.9953818670406,141,32,2.8455,3.3141,163.7,37.886,1,259383,660606
35,849.1165620514632,2181.121706433842,179,27,2.8455,3.3141,163.7,37.886,1,259383,660706
35,873.1159791248839,2110.446065946637,201,30,2.8455,3.3141,163.7,37.886,1,259383,660806
36,907.5594140640673,2042.2226363113307,189,29,2.8455,3.3141,163.7,37.886,0,259383,660906
39,948.7494862936986,1976.7053385001936,194,16,2.8455,3.3141,163.7,37.886,0,259383,661006
36,996.9913854531468,1914.172064953391,193,12,2.8455,3.3141,163.7,37.886,0,259383,661106
30,1052.0799815384987,1854.924632765626,202,18,2.8455,3.3141,163.7,37.886,1,259383,661206
28,1006.309660429155,1799.254598192359,180,34,2.8455,3.3141,163.7,37.886,1,259383,661306
25,912.9872937334184,1745.2258754773538,162,39,2.8455,3.3141,163.7,37.886,1,259383,661406
19,820.8815818987671,1694.399998666545,125,44,2.8455,3.3141,163.7,37.886,1,259383,661506
16,730.8538461844291,1648.08050608175,69,60,2.8455,3.3141,163.7,37.886,1,259383,661606
19,643.7764499145059,1606.657198524989,31,94,2.8455,3.3141,163.7,37.886,1,259383,661706
17,561.024857244735,1570.5175429194217,15,94,2.8455,3.3141,163.7,37.886,1,259383,661806
19,484.8192069508244,1493.4476902386148,16,95,2.8455,3.3141,163.7,37.886,1,259383,661906
19,417.8677044147177,1399.999997901145,20,84,2.8455,3.3141,163.7,37.886,1,259383,662006
21,365.7018362320947,1306.9996821315883,21,60,2.8455,3.3141,163.7,37.886,1,259383,662106
19,335.94836884980344,1215.1108431163234,33,51,2.8455,3.3141,163.7,37.886,1,259383,662206
21,331.7338440091735,1124.6068437572535,51,61,2.8455,3.3141,163.7,37.886,1,259383,662306
19,352.3717700118119,1035.7828442788891,57,58,2.8455,3.3141,163.7,37.886,1,259383,662406
17,396.89352120976775,947.7544976010186,51,53,2.8455,3.3141,163.7,37.886,1,259383,662506
18,455.2458448547782,861.5312597859701,46,48,2.8455,3.3141,163.7,37.886,1,259383,662606
18,523.9119665620651,778.3175107544267,38,50,2.8455,3.3141,163.7,37.886,1,259383,662706
17,601.2332242316861,699.2433413010388,23,30,2.8455,3.3141,163.7,37.886,1,259383,662806
14,625.5351506705694,625.5351506705694,16,16,2.8455,3.3141,163.7,37.886,2,259383,662906
15,557.6264368706233,557.6264368706233,15,20,2.8455,3.3141,163.7,37.886,2,259383,663006
14,499.034290674424,499.034290674424,17,26,2.8455,3.3141,163.7,37.886,2,259383,663106
13,453.15671074628114,453.15671074628114,22,28,2.8455,3.3141,163.7,37.886,2,259383,663206
9,419.6232822805925,419.6232822805925,21,30,2.8455,3.3141,163.7,37.886,2,259383,663306
10,404.925284430202,404.925284430202,13,33,2.8455,3.3141,163.7,37.886,2,259383,663406
9,410.5631570005928,410.5631570005928,8,48,2.8455,3.3141,163.7,37.886,2,259383,663506
12,430.0986606013904,430.0986606013904,22,60,2.8455,3.3141,163.7,37.886,2,259383,663606
9,463.9294826648941,463.9294826648941,36,65,2.8455,3.3141,163.7,37.886,2,259383,663706
11,495.6314221750458,495.6314221750458,39,63,2.8455,3.3141,163.7,37.886,2,259383,663806
8,413.8465532395483,413.8465532395483,57,63,2.8455,3.3141,163.7,37.886,2,259383,663906
11,332.0616843040508,332.0616843040508,46,71,2.8455,3.3141,163.7,37.886,2,259383,664006
8,250.99120224304536,250.99120224304536,38,92,2.8455,3.3141,163.7,37.886,2,259383,664106
7,165.98355272603612,165.98355272603612,29,89,2.8455,3.3141,163.7,37.886,2,259383,664206
5,79.8041383156104,79.8041383156104,23,83,2.8455,3.3141,163.7,37.886,2,259383,664306
6,0.0,0.0,17,87,2.8455,3.3141,163.7,37.886,0,259383,664406
4,0.0,0.0,75,113,2.8455,3.3141,163.7,37.886,0,259383,664506
11,79.36372475864705,79.36372475864705,132,148,2.8455,3.3141,163.7,37.886,2,259383,664606
9,166.5532353816103,166.5532353816103,164,170,2.8455,3.3141,163.7,37.886,2,259383,664706
10,248.1804013499179,248.1804013499179,186,174,2.8455,3.3141,163.7,37.886,2,259383,664806
16,328.6548452916309,328.6548452916309,170,141,2.8455,3.3141,163.7,37.886,1,259383,664906
19,415.0066875764347,415.0066875764347,102,121,2.9601,3.4095,166.3,39.458,1,259383,665006
16,457.9222718837213,504.7668451631456,109,119,2.9601,3.4095,166.3,39.458,1,259383,665106
20,378.76115963252,593.0740485837104,96,128,2.9601,3.4095,166.3,39.458,1,259383,665206
22,311.8128044279032,681.381252004275,104,171,2.9601,3.4095,166.3,39.458,1,259383,665306
29,266.44780720474387,769.6884554248396,78,215,2.9601,3.4095,166.3,39.458,1,259383,665406
32,254.48308966066665,858.9630304503993,53,226,2.9601,3.4095,166.3,39.458,1,259383,665506
30,279.439515809194,946.3471274267716,43,265,2.9601,3.4095,166.3,39.458,1,259383,665606
38,333.27328396708776,1034.270979671473,34,368,2.9601,3.4095,166.3,39.458,0,259383,665706
36,405.03792491165245,1122.773584961976,47,419,2.9601,3.4095,166.3,39.458,0,259383,665806
39,486.8679075758308,1210.4714273951354,53,413,2.9601,3.4095,166.3,39.458,0,259383,665906
41,430.2638898019769,1298.748349071671,58,373,2.9601,3.4095,166.3,39.458,0,259383,666006
42,335.064008855593,1388.6153896436444,62,126,2.9601,3.4095,166.3,39.458,0,259383,666106
42,242.14227225936537,1479.7831349538856,44,100,2.9601,3.4095,166.3,39.458,0,259383,666206
44,158.10714721187128,1572.0253027965955,32,91,2.9601,3.4095,166.3,39.458,0,259383,666306
45,97.9405205479641,1665.1633489755616,27,87,2.9601,3.4095,166.3,39.458,0,259383,666406
49,31.973562440529413,1759.0549749539628,16,82,2.9601,3.4095,166.3,39.458,0,259383,666506
52,11.946840003099632,1853.5856686565817,15,55,2.9601,3.4095,166.3,39.458,0,259383,666606
50,3.390062517731067,1948.66242771493,17,33,2.9601,3.4095,166.3,39.458,0,259383,666706
56,77.67561636416674,2044.209060572481,21,38,2.9601,3.4095,166.3,39.458,0,259383,666806
62,173.63043636136078,2140.162636218426,25,33,2.9601,3.4095,166.3,39.458,0,259383,666906
58,271.48064564733284,2236.470776827675,23,27,2.9601,3.4095,166.3,39.458,0,259383,667006
55,369.6149185445554,2333.0895743076308,21,21,2.9601,3.4095,166.3,39.458,0,259383,667106
67,467.9502116927343,2429.9819727483045,12,15,2.9601,3.4095,166.3,39.458,0,259383,667206
79,566.7776986028002,2527.1165018693778,3,8,2.9601,3.4095,166.3,39.458,0,259383,667306
78,653.1172462380822,2624.458838406738,9,8,2.9601,3.4095,166.3,39.458,0,259383,667406
80,724.7653316139407,2721.855061343231,37,12,2.9601,3.4095,166.3,39.458,0,259383,667506
76,795.238422595473,2819.3553444604668,71,15,2.9601,3.4095,166.3,39.458,0,259383,667606
60,811.2999327015131,2917.02487848764,84,27,2.9601,3.4095,166.3,39.458,0,259383,667706
59,731.1203439139102,3014.847214220625,82,35,2.9601,3.4095,166.3,39.458,0,259383,667806
55,656.4018972882697,3112.8079459664546,86,33,2.9601,3.4095,166.3,39.458,0,259383,667906
51,589.2282615782154,3210.894406835879,73,44,2.9601,3.4095,166.3,39.458,0,259383,668006
53,532.4499441833023,3309.0954164586983,59,44,2.9601,3.4095,166.3,39.458,0,259383,668106
52,489.7060772326435,3407.4010709932577,61,49,2.9601,3.4095,166.3,39.458,0,259383,668206
55,464.8700407899187,3505.802567456421,76,57,2.9601,3.4095,166.3,39.458,0,259383,668306
59,460.7414250445372,3604.2920560578978,98,46,2.9601,3.4095,166.3,39.458,0,259383,668406
61,477.9082954306581,3702.8625155060913,128,26,2.9601,3.4095,166.3,39.458,0,259383,668506
70,514.2905576336376,3801.507647252354,118,27,2.9601,3.4095,166.3,39.458,0,259383,668606
74,566.2003552192667,3900.221785424025,125,25,2.9601,3.4095,166.3,39.458,0,259383,668706
66,629.8079362942811,3998.999819814225,119,27,2.9601,3.4095,166.3,39.458,0,259383,668806
67,701.9495929111282,4097.837129785936,113,24,2.9601,3.4095,166.3,39.458,0,259383,668906
69,780.2617672018386,4196.729527337957,144,20,2.9601,3.4095,166.3,39.458,0,259383,669006
68,863.0657473376821,4295.673207892833,140,14,2.9601,3.4095,166.3,39.458,0,259383,669106
69,863.5831400846574,4394.664707618356,116,10,2.9601,3.4095,166.3,39.458,0,259383,669206
73,819.390833478079,4493.700866297663,183,15,2.9601,3.4095,166.3,39.458,0,259383,669306
77,771.6486007481273,4592.77879492823,281,17,2.9601,3.4095,166.3,39.458,0,259383,669406
66,727.7086870629679,4691.895847364947,348,17,2.9601,3.4095,166.3,39.458,0,259383,669506
60,690.635302096433,4791.0495954329745,383,24,2.9601,3.4095,166.3,39.458,0,259383,669606
58,664.7170794513191,4890.237807027027,325,30,2.9601,3.4095,166.3,39.458,0,259383,669706
48,856.2752363776457,2413.823450323186,3,1,2.8455,3.3141,163.7,37.886,0,259483,660306
48,893.4811107223146,2336.216100797939,24,7,2.8455,3.3141,163.7,37.886,0,259483,660406
48,914.6618194326084,2260.368927835658,82,16,2.8455,3.3141,163.7,37.886,0,259483,660506
48,931.0028075193626,2186.328040156341,142,23,2.8455,3.3141,163.7,37.886,0,259483,660606
48,947.5794298893076,2112.6997109222248,192,30,2.8455,3.3141,163.7,37.886,0,259483,660706
48,969.1436183571832,2039.719361396731,220,37,2.8455,3.3141,163.7,37.886,0,259483,660806
51,1000.2859241514708,1969.0469197684072,213,35,2.8455,3.3141,163.7,37.886,0,259483,660906
49,1039.147919635834,1901.0093296042016,192,26,2.8455,3.3141,163.7,37.886,0,259483,661006
52,1083.6965076665035,1835.8995534165203,187,17,2.8455,3.3141,163.7,37.886,0,259483,661106
39,1073.3517769343207,1774.0399852392682,199,20,2.8455,3.3141,163.7,37.886,0,259483,661206
27,976.3150459185376,1715.782203025928,206,20,2.8455,3.3141,163.7,37.886,1,259483,661306
24,879.9421007803684,1661.0065880327022,165,26,2.8455,3.3141,163.7,37.886,1,259483,661406
19,784.4776176313891,1607.7607022478485,137,36,2.8455,3.3141,163.7,37.886,1,259483,661506
18,690.2986052452025,1558.8689729217092,80,63,2.8455,3.3141,163.7,37.886,1,259483,661606
19,597.5273110552184,1515.0084071659387,29,89,2.8455,3.3141,163.7,37.886,1,259483,661706
19,507.2865663890882,1476.6273981031793,10,91,2.8455,3.3141,163.7,37.886,1,259483,661806
20,421.47411951480694,1443.8636840233794,8,87,2.8455,3.3141,163.7,37.886,1,259483,661906
17,343.42569269455186,1364.6768948954166,11,92,2.8455,3.3141,163.7,37.886,1,259483,662006
19,278.2694735134981,1270.949934901013,11,58,2.8455,3.3141,163.7,37.886,1,259483,662106
18,237.81992036029976,1177.5022425635432,12,45,2.8455,3.3141,163.7,37.886,1,259483,662206
18,232.53203627194068,1084.120426765654,24,37,2.8455,3.3141,163.7,37.886,1,259483,662306
19,260.1445491082233,991.747594752482,30,32,2.8455,3.3141,163.7,37.886,1,259483,662406
19,314.88090070474055,901.004707903418,30,45,2.8455,3.3141,163.7,37.886,1,259483,662506
16,382.6457077041575,812.2485018337992,36,71,2.8455,3.3141,163.7,37.886,1,259483,662606
18,461.9690236774692,724.4881612398698,26,55,2.8455,3.3141,163.7,37.886,1,259483,662706
13,548.0994618229547,639.1779416001341,13,36,2.8455,3.3141,163.7,37.886,2,259483,662806
15,558.5869554460209,558.5869554460209,12,33,2.8455,3.3141,163.7,37.886,2,259483,662906
14,484.12151636864655,484.12151636864655,15,26,2.8455,3.3141,163.7,37.886,2,259483,663006
12,416.88266367788816,416.88266367788816,22,31,2.8455,3.3141,163.7,37.886,2,259483,663106
10,363.1516700320537,363.1516700320537,27,39,2.8455,3.3141,163.7,37.886,2,259483,663206
10,323.80464436735474,323.80464436735474,24,49,2.8455,3.3141,163.7,37.886,2,259483,663306
13,304.97559374866967,304.97559374866967,21,47,2.8455,3.3141,163.7,37.886,2,259483,663406
16,311.28603467029194,311.28603467029194,13,49,2.8455,3.3141,163.7,37.886,1,259483,663506
10,334.1083618490886,334.1083618490886,31,62,2.8455,3.3141,163.7,37.886,2,259483,663606
12,372.94659601440424,372.94659601440424,43,61,2.8455,3.3141,163.7,37.886,2,259483,663706
9,416.7706640796306,416.7706640796306,56,57,2.8455,3.3141,163.7,37.886,2,259483,663806
7,356.22395848193446,356.22395848193446,61,71,2.8455,3.3141,163.7,37.886,2,259483,663906
8,274.5183509525366,274.5183509525366,59,78,2.8455,3.3141,163.7,37.886,2,259483,664006
11,192.73348201703905,192.73348201703905,43,103,2.8455,3.3141,163.7,37.886,2,259483,664106
9,111.3078164785475,111.3078164785475,37,100,2.8455,3.3141,163.7,37.886,2,259483,664206
8,30.41452030349,30.41452030349,27,95,2.8455,3.3141,163.7,37.886,2,259483,664306
2,0.0,0.0,23,86,2.8455,3.3141,163.7,37.886,0,259483,664406
8,34.89229530092407,34.89229530092407,98,114,2.8455,3.3141,163.7,37.886,2,259483,664506
10,122.564977017821,122.564977017821,154,127,2.8455,3.3141,163.7,37.886,2,259483,664606
8,208.49179281920223,208.49179281920223,190,168,2.8455,3.3141,163.7,37.886,2,259483,664706
14,301.5652880002954,301.5652880002954,189,173,2.8455,3.3141,163.7,37.886,2,259483,664806
19,389.5078367954812,389.5078367954812,193,145,2.8455,3.3141,163.7,37.886,1,259483,664906
20,467.31140050651544,467.31140050651544,125,133,2.9601,3.4095,166.3,39.458,1,259483,665006
21,411.0180034515047,551.0551525549803,111,127,2.9601,3.4095,166.3,39.458,1,259483,665106
19,320.47310046286833,638.6132006979934,86,154,2.9601,3.4095,166.3,39.458,1,259483,665206
19,237.634629377341,728.3049967827877,86,247,2.9601,3.4095,166.3,39.458,1,259483,665306
33,173.88911995386243,816.6122002033525,72,357,2.9601,3.4095,166.3,39.458,1,259483,665406
36,154.93429251573485,904.9194036239172,52,324,2.9601,3.4095,166.3,39.458,0,259483,665506
45,192.72698265926235,993.226607044482,40,280,2.9601,3.4095,166.3,39.458,0,259483,665606
42,264.81753842121924,1082.524179534698,43,281,2.9601,3.4095,166.3,39.458,0,259483,665706
38,350.8745751205183,1169.6746597526774,52,305,2.9601,3.4095,166.3,39.458,0,259483,665806
42,442.8290937557452,1257.830339979366,61,274,2.9601,3.4095,166.3,39.458,0,259483,665906
47,399.9657053517641,1346.2828324919208,63,195,2.9601,3.4095,166.3,39.458,0,259483,666006
45,304.47717209162874,1433.8917100957376,63,108,2.9601,3.4095,166.3,39.458,0,259483,666106
45,209.26624198002676,1522.350440082722,40,83,2.9601,3.4095,166.3,39.458,0,259483,666206
45,114.05531186842477,1612.158890605649,28,85,2.9601,3.4095,166.3,39.458,0,259483,666306
49,18.84438175682274,1703.1035537211517,23,74,2.9601,3.4095,166.3,39.458,0,259483,666406
52,0.88652653996983,1795.0117383561578,11,58,2.9601,3.4095,166.3,39.458,0,259483,666506
52,53.14130248330222,1887.7427173678025,13,49,2.9601,3.4095,166.3,39.458,0,259483,666606
52,6.312262526067111,1981.1809592043712,17,46,2.9601,3.4095,166.3,39.458,0,259483,666706
58,57.440573471402836,2075.230931547796,24,24,2.9601,3.4095,166.3,39.458,0,259483,666806
59,156.8931533382385,2169.8130899668554,37,31,2.9601,3.4095,166.3,39.458,0,259483,666906
56,256.59383728197275,2264.8607620624916,31,32,2.9601,3.4095,166.3,39.458,0,259483,667006
56,356.38105768354455,2360.3177111713308,22,28,2.9601,3.4095,166.3,39.458,0,259483,667106
67,445.41441778250635,2456.136218496004,15,17,2.9601,3.4095,166.3,39.458,0,259483,667206
70,511.7085372118937,2552.275563090049,5,10,2.9601,3.4095,166.3,39.458,0,259483,667306
73,583.3868759685324,2648.7008090921495,0,7,2.9601,3.4095,166.3,39.458,0,259483,667406
75,659.6039752706415,2745.381831772074,5,12,2.9601,3.4095,166.3,39.458,0,259483,667506
73,741.4948154460301,2842.2925303991788,33,17,2.9601,3.4095,166.3,39.458,0,259483,667606
72,827.376406766504,2939.410188201324,57,27,2.9601,3.4095,166.3,39.458,0,259483,667706
60,797.8183970816808,3036.714948861767,68,33,2.9601,3.4095,166.3,39.458,0,259483,667806
56,729.9593743495786,3134.1106264208556,76,30,2.9601,3.4095,166.3,39.458,0,259483,667906
54,670.1925051675959,3231.554478220978,73,38,2.9601,3.4095,166.3,39.458,0,259483,668006
58,620.8599624718928,3329.1461261242484,59,36,2.9601,3.4095,166.3,39.458,0,259483,668106
57,584.6146384006632,3426.876640975879,74,39,2.9601,3.4095,166.3,39.458,0,259483,668206
56,563.969259121502,3524.734471679272,86,48,2.9601,3.4095,166.3,39.458,0,259483,668306
64,560.5603560536881,3622.7093009544938,123,40,2.9601,3.4095,166.3,39.458,0,259483,668406
68,574.7535044420381,3720.791886494087,150,26,2.9601,3.4095,166.3,39.458,0,259483,668506
74,605.348560663643,3818.9739258049744,148,24,2.9601,3.4095,166.3,39.458,0,259483,668606
73,650.0309877983756,3917.2479407558944,145,25,2.9601,3.4095,166.3,39.458,0,259483,668706
66,706.1317612569326,4015.607178588853,130,22,2.9601,3.4095,166.3,39.458,0,259483,668806
65,771.1661679720235,4114.045526742791,138,27,2.9601,3.4095,166.3,39.458,0,259483,668906
67,843.0732192363203,4212.557439310519,180,23,2.9601,3.4095,166.3,39.458,0,259483,669006
66,920.2432544508708,4311.137873330941,202,14,2.9601,3.4095,166.3,39.458,0,259483,669106
71,957.5158841483784,4409.7822334267785,194,13,2.9601,3.4095,166.3,39.458,0,259483,669206
69,906.092214358061,4508.48632354857,261,11,2.9601,3.4095,166.3,39.458,0,259483,669306
75,861.4632887625041,4607.246304790155,326,13,2.9601,3.4095,166.3,39.458,0,259483,669406
65,819.1210423897212,4706.0586584083885,342,11,2.9601,3.4095,166.3,39.458,0,259483,669506
62,786.3691686228206,4804.920153317701,374,13,2.9601,3.4095,166.3,39.458,0,259483,669606
61,762.2398288100642,4903.827817443903,321,24,2.9601,3.4095,166.3,39.458,0,259483,669706
48,925.4436432558912,2434.274090948055,0,0,2.8455,3.3141,163.7,37.886,0,259583,660206
48,951.297675731838,2353.094211917231,3,1,2.8455,3.3141,163.7,37.886,0,259583,660306
48,985.1177747076646,2273.4146983020432,28,4,2.8455,3.3141,163.7,37.886,0,259583,660406
48,1014.072053465208,2195.3989183638505,80,12,2.8455,3.3141,163.7,37.886,0,259583,660506
48,1018.881851456132,2119.230622431301,167,16,2.8455,3.3141,163.7,37.886,0,259583,660606
48,1032.1855384433784,2045.0323692115248,201,28,2.8455,3.3141,163.7,37.886,0,259583,660706
48,1054.8429951024077,1971.4040399774087,244,27,2.8455,3.3141,163.7,37.886,0,259583,660806
48,1086.2690747975796,1898.319848770618,255,27,2.8455,3.3141,163.7,37.886,0,259583,660906
46,1125.729657336325,1827.6512104964845,210,24,2.8455,3.3141,163.7,37.886,0,259583,661006
58,1153.9102830909717,1759.8294366847117,170,27,2.8455,3.3141,163.7,37.886,0,259583,661106
45,1054.806130652424,1695.1962556632764,197,18,2.8455,3.3141,163.7,37.886,0,259583,661206
28,955.888594502932,1634.1300573110932,200,24,2.8455,3.3141,163.7,37.886,1,259583,661306
21,857.2222797732468,1577.0452571820254,164,18,2.8455,3.3141,163.7,37.886,1,259583,661406
16,758.9051777254485,1522.7598615355616,137,16,2.8455,3.3141,163.7,37.886,1,259583,661506
19,661.0931103992438,1471.0457487615038,80,52,2.8455,3.3141,163.7,37.886,1,259583,661606
20,564.0488741733278,1424.4836236316594,41,69,2.8455,3.3141,163.7,37.886,1,259583,661706
21,468.25010869731847,1383.593723981239,10,69,2.8455,3.3141,163.7,37.886,1,259583,661806
18,374.4745697816305,1348.8919868120515,22,77,2.8455,3.3141,163.7,37.886,1,259583,661906
18,283.78156457932266,1318.1971556570943,37,61,2.8455,3.3141,163.7,37.886,1,259583,662006
19,202.07114929410204,1238.2995157650437,34,34,2.8455,3.3141,163.7,37.886,1,259583,662106
19,142.31788849660796,1142.9874572699032,20,26,2.8455,3.3141,163.7,37.886,1,259583,662206
19,133.50192319390692,1048.5489803574728,19,26,2.8455,3.3141,163.7,37.886,1,259583,662306
18,175.48981328310273,955.0044872259411,23,27,2.8455,3.3141,163.7,37.886,1,259583,662406
16,241.56102032799217,861.5567948884716,26,29,2.8455,3.3141,163.7,37.886,1,259583,662506
18,324.5756733875772,768.5260062846307,30,66,2.8455,3.3141,163.7,37.886,1,259583,662606
17,415.14697273146254,677.4056497421572,24,69,2.8455,3.3141,163.7,37.886,1,259583,662706
13,509.2589225346928,588.7141593887093,13,71,2.8455,3.3141,163.7,37.886,2,259583,662806
12,501.317000020348,501.317000020348,20,74,2.8455,3.3141,163.7,37.886,2,259583,662906
13,418.1635690348555,418.1635690348555,27,42,2.8455,3.3141,163.7,37.886,2,259583,663006
8,342.71416428675866,342.71416428675866,30,40,2.8455,3.3141,163.7,37.886,2,259583,663106
11,276.83039474254866,276.83039474254866,34,60,2.8455,3.3141,163.7,37.886,2,259583,663206
11,230.26337622692387,230.26337622692387,33,65,2.8455,3.3141,163.7,37.886,2,259583,663306
18,205.07496091387472,205.07496091387472,24,65,2.8455,3.3141,163.7,37.886,1,259583,663406
20,212.685125972954,212.685125972954,31,51,2.8455,3.3141,163.7,37.886,1,259583,663506
12,240.46603990801165,240.46603990801165,44,59,2.8455,3.3141,163.7,37.886,2,259583,663606
9,281.96370936391435,281.96370936391435,55,63,2.8455,3.3141,163.7,37.886,2,259583,663706
7,331.23342224027925,331.23342224027925,62,61,2.8455,3.3141,163.7,37.886,2,259583,663806
8,295.37283265760914,295.37283265760914,79,66,2.8455,3.3141,163.7,37.886,2,259583,663906
8,216.7454201131218,216.7454201131218,80,99,2.8455,3.3141,163.7,37.886,2,259583,664006
10,135.19014866552487,135.19014866552487,57,93,2.8455,3.3141,163.7,37.886,2,259583,664106
8,53.4052797300273,53.4052797300273,35,83,2.8455,3.3141,163.7,37.886,2,259583,664206
2,0.0,0.0,22,79,2.8455,3.3141,163.7,37.886,0,259583,664306
5,28.482129869492898,28.482129869492898,22,89,2.8455,3.3141,163.7,37.886,2,259583,664406
10,97.58782047177016,97.58782047177016,85,125,2.8455,3.3141,163.7,37.886,2,259583,664506
12,175.41568598872342,175.41568598872342,174,146,2.8455,3.3141,163.7,37.886,2,259583,664606
12,254.3165930540204,254.3165930540204,201,161,2.8455,3.3141,163.7,37.886,2,259583,664706
11,344.2116076232995,344.2116076232995,218,157,2.8455,3.3141,163.7,37.886,2,259583,664806
19,432.093655670795,432.093655670795,226,135,2.8455,3.3141,163.7,37.886,1,259583,664906
24,484.1606988142997,523.619826328881,148,113,2.9601,3.4095,166.3,39.458,1,259583,665006
20,384.9399839395403,607.0443050999241,114,124,2.9601,3.4095,166.3,39.458,1,259583,665106
23,286.26211798698773,689.20062539045,101,249,2.9601,3.4095,166.3,39.458,1,259583,665206
27,188.97938817082309,774.1175947683683,75,339,2.9601,3.4095,166.3,39.458,1,259583,665306
34,97.36743866632813,862.2198614496809,59,415,2.9601,3.4095,166.3,39.458,1,259583,665406
44,56.71241384106412,951.84314840243,49,398,2.9601,3.4095,166.3,39.458,0,259583,665506
41,127.28290024276798,1040.1503518229945,41,344,2.9601,3.4095,166.3,39.458,0,259583,665606
51,221.7782124211951,1128.4575552435592,48,257,2.9601,3.4095,166.3,39.458,0,259583,665706
42,319.6407582197099,1216.7746710078418,57,181,2.9601,3.4095,166.3,39.458,0,259583,665806
50,418.5150572270983,1306.1009573819358,63,130,2.9601,3.4095,166.3,39.458,0,259583,665906
44,385.1858556899072,1393.0917894188383,64,111,2.9601,3.4095,166.3,39.458,0,259583,666006
46,285.21514935633735,1481.3897002872593,53,82,2.9601,3.4095,166.3,39.458,0,259583,666106
48,185.2760627311299,1569.739164535676,37,71,2.9601,3.4095,166.3,39.458,0,259583,666206
48,85.47957311510969,1657.3620680119795,27,80,2.9601,3.4095,166.3,39.458,0,259583,666306
52,7.395779595251607,1745.9537366791037,17,89,2.9601,3.4095,166.3,39.458,0,259583,666406
57,71.50052051325268,1835.7178096762325,8,68,2.9601,3.4095,166.3,39.458,0,259583,666506
50,19.558338473011062,1926.4904107992031,11,66,2.9601,3.4095,166.3,39.458,0,259583,666606
50,48.57090463927754,2018.1354585458485,16,56,2.9601,3.4095,166.3,39.458,0,259583,666706
51,86.01230181105335,2110.539304343523,24,43,2.9601,3.4095,166.3,39.458,0,259583,666806
53,171.0593407217071,2203.606494208442,34,43,2.9601,3.4095,166.3,39.458,0,259583,666906
53,263.537367609119,2297.256408731163,30,31,2.9601,3.4095,166.3,39.458,0,259583,667006
55,305.95043188109145,2391.420589021341,24,30,2.9601,3.4095,166.3,39.458,0,259583,667106
68,370.3094878307283,2486.040598971376,17,29,2.9601,3.4095,166.3,39.458,0,259583,667206
67,442.0358675437798,2581.0663079186356,15,18,2.9601,3.4095,166.3,39.458,0,259583,667306
66,519.7430762748949,2676.4545040055355,7,7,2.9601,3.4095,166.3,39.458,0,259583,667406
68,604.0447189374313,2772.16776875973,4,9,2.9601,3.4095,166.3,39.458,0,259583,667506
73,692.5367713101664,2868.1735589550844,13,20,2.9601,3.4095,166.3,39.458,0,259583,667606
73,783.801209974327,2964.4434537409975,46,27,2.9601,3.4095,166.3,39.458,0,259583,667706
61,870.9141359279746,3060.9525341904,64,34,2.9601,3.4095,166.3,39.458,0,259583,667806
57,809.2051933254224,3157.678869471278,62,30,2.9601,3.4095,166.3,39.458,0,259583,667906
57,755.726236095199,3254.603089294329,64,31,2.9601,3.4095,166.3,39.458,0,259583,668006
58,712.3420828088136,3351.7080265117024,65,36,2.9601,3.4095,166.3,39.458,0,259583,668106
56,680.9783005664523,3448.9784170275334,72,33,2.9601,3.4095,166.3,39.458,0,259583,668206
61,663.338899540869,3546.3667029181433,94,34,2.9601,3.4095,166.3,39.458,0,259583,668306
67,660.4340730201648,3643.778826037925,139,31,2.9601,3.4095,166.3,39.458,0,259583,668406
69,672.5227452624712,3741.309091275453,165,23,2.9601,3.4095,166.3,39.458,0,259583,668506
77,698.8554801416175,3838.966436404255,156,19,2.9601,3.4095,166.3,39.458,0,259583,668606
73,737.8972742357558,3936.7414041585744,145,22,2.9601,3.4095,166.3,39.458,0,259583,668706
65,787.7726782042811,4034.625443160053,128,27,2.9601,3.4095,166.3,39.458,0,259583,668806
65,846.5584954751865,4132.6108031089125,145,30,2.9601,3.4095,166.3,39.458,0,259583,668906
72,912.5439609301292,4230.690444046991,206,27,2.9601,3.4095,166.3,39.458,0,259583,669006
68,984.2823146835904,4328.857957559771,244,18,2.9601,3.4095,166.3,39.458,0,259583,669106
76,1042.3235732385813,4427.107498142166,248,12,2.9601,3.4095,166.3,39.458,0,259583,669206
73,995.2474443618432,4525.433723245168,311,15,2.9601,3.4095,166.3,39.458,0,259583,669306
72,951.2841025000972,4623.831740760325,343,12,2.9601,3.4095,166.3,39.458,0,259583,669406
68,912.3369064903262,4722.297062896477,327,13,2.9601,3.4095,166.3,39.458,0,259583,669506
62,883.0457370630106,4820.825565566413,348,12,2.9601,3.4095,166.3,39.458,0,259583,669606
63,860.3315160648834,4919.413452536467,309,18,2.9601,3.4095,166.3,39.458,0,259583,669706
61,847.7517465348045,5018.057223704687,198,25,2.9601,3.4095,166.3,39.458,0,259583,669806
43,964.4710736631272,2378.276491640369,0,0,2.8455,3.3141,163.7,37.886,0,259683,660206
43,939.1972060562836,2295.1167924501397,22,0,2.8455,3.3141,163.7,37.886,0,259683,660306
43,922.228225009387,2213.3511043853873,63,0,2.8455,3.3141,163.7,37.886,0,259683,660406
44,915.3095965567802,2133.1397355966647,135,7,2.8455,3.3141,163.7,37.886,0,259683,660506
44,919.281467285133,2054.6647297987092,232,12,2.8455,3.3141,163.7,37.886,0,259683,660606
44,934.004911464002,1978.1327488761208,256,28,2.8455,3.3141,163.7,37.886,0,259683,660706
44,958.9848451273094,1903.736698266709,279,26,2.8455,3.3141,163.7,37.886,0,259683,660806
39,993.4478807309524,1830.1083690325931,270,19,2.8455,3.3141,163.7,37.886,0,259683,660906
42,1036.4484793147185,1756.923852423979,238,26,2.8455,3.3141,163.7,37.886,0,259683,661006
57,1086.9733170182492,1686.2598027021456,182,29,2.8455,3.3141,163.7,37.886,0,259683,661106
50,1023.5451803655792,1618.6917004796935,168,20,2.8455,3.3141,163.7,37.886,0,259683,661206
35,945.6505386847012,1554.6232727560096,182,17,2.8455,3.3141,163.7,37.886,1,259683,661306
23,845.7907383942658,1494.504673524767,153,24,2.8455,3.3141,163.7,37.886,1,259683,661406
21,745.9685013406191,1438.7392070130877,126,20,2.8455,3.3141,163.7,37.886,1,259683,661506
19,646.2012355537719,1384.8749817801609,83,24,2.8455,3.3141,163.7,37.886,1,259683,661606
21,546.5190469417084,1335.3114671139806,45,52,2.8455,3.3141,163.7,37.886,1,259683,661706
21,446.9788591297415,1291.6016077922718,26,67,2.8455,3.3141,163.7,37.886,1,259683,661806
20,347.70264932522053,1254.3574898317752,53,66,2.8455,3.3141,163.7,37.886,1,259683,661906
20,249.00635370734875,1222.6431274919566,63,59,2.8455,3.3141,163.7,37.886,1,259683,662006
13,152.0236692935717,1195.8239403429322,61,26,2.8455,3.3141,163.7,37.886,2,259683,662106
18,61.026980519650344,1115.5160412099249,49,27,2.8455,3.3141,163.7,37.886,1,259683,662206
20,36.54076918479998,1018.559272089192,30,31,2.8455,3.3141,163.7,37.886,1,259683,662306
17,101.41851635370011,922.2242826402056,19,33,2.8455,3.3141,163.7,37.886,1,259683,662406
16,193.08898640907583,826.7601007690314,23,35,2.8455,3.3141,163.7,37.886,1,259683,662506
15,290.3118975956425,732.5072702410511,29,73,2.8455,3.3141,163.7,37.886,2,259683,662606
15,388.9455477296036,639.0590395508698,24,88,2.8455,3.3141,163.7,37.886,2,259683,662706
13,488.1355142906321,545.6199712018204,20,101,2.8455,3.3141,163.7,37.886,2,259683,662806
13,453.81421853117934,453.81421853117934,42,105,2.8455,3.3141,163.7,37.886,2,259683,662906
13,365.17981694361936,365.17981694361936,57,82,2.8455,3.3141,163.7,37.886,2,259683,663006
10,278.6235165042347,278.6235165042347,51,63,2.8455,3.3141,163.7,37.886,2,259683,663106
9,201.311030672027,201.311030672027,44,69,2.8455,3.3141,163.7,37.886,2,259683,663206
9,139.56711515059482,139.56711515059482,39,78,2.8455,3.3141,163.7,37.886,2,259683,663306
11,105.3630220015584,105.3630220015584,28,64,2.8455,3.3141,163.7,37.886,2,259683,663406
15,114.65053413429096,114.65053413429096,34,58,2.8455,3.3141,163.7,37.886,2,259683,663506
11,149.48245724267238,149.48245724267238,46,52,2.8455,3.3141,163.7,37.886,2,259683,663606
10,193.87710767106805,193.87710767106805,61,63,2.8455,3.3141,163.7,37.886,2,259683,663706
10,245.7234286924796,245.7234286924796,88,68,2.8455,3.3141,163.7,37.886,2,259683,663806
10,226.04978312254363,226.04978312254363,110,78,2.8455,3.3141,163.7,37.886,2,259683,663906
16,153.96471813853495,153.96471813853495,99,90,2.8455,3.3141,163.7,37.886,1,259683,664006
13,77.63537668117797,77.63537668117797,64,94,2.8455,3.3141,163.7,37.886,2,259683,664106
7,0.0,0.0,39,82,2.8455,3.3141,163.7,37.886,0,259683,664206
7,17.475470499740585,17.475470499740585,17,65,2.8455,3.3141,163.7,37.886,2,259683,664306
10,94.7453264595112,94.7453264595112,20,55,2.8455,3.3141,163.7,37.886,2,259683,664406
11,169.82974291832153,169.82974291832153,54,93,2.8455,3.3141,163.7,37.886,2,259683,664506
9,238.9943310225258,238.9943310225258,150,135,2.8455,3.3141,163.7,37.886,2,259683,664606
13,315.77445230035266,315.77445230035266,211,157,2.8455,3.3141,163.7,37.886,2,259683,664706
14,392.85071644815594,392.85071644815594,227,142,2.8455,3.3141,163.7,37.886,2,259683,664806
16,426.8503306130249,477.63624939261206,175,137,2.8455,3.3141,163.7,37.886,1,259683,664906
19,390.1444736810178,567.3985266581626,125,108,2.9601,3.4095,166.3,39.458,1,259683,665006
17,377.12625994914254,655.698884297463,103,150,2.9601,3.4095,166.3,39.458,1,259683,665106
21,282.31421773568036,746.6015149480168,86,297,2.9601,3.4095,166.3,39.458,1,259683,665206
28,183.30626197454984,827.821974692267,65,439,2.9601,3.4095,166.3,39.458,1,259683,665306
32,86.60862441151845,911.4215714773223,50,483,2.9601,3.4095,166.3,39.458,1,259683,665406
46,36.80468040358396,997.4238416553592,48,535,2.9601,3.4095,166.3,39.458,0,259683,665506
43,122.18835270596357,1085.8265786261074,43,539,2.9601,3.4095,166.3,39.458,0,259683,665606
47,219.6424875883706,1175.381300022072,43,349,2.9601,3.4095,166.3,39.458,0,259683,665706
40,318.1626331996544,1263.6885034426366,56,177,2.9601,3.4095,166.3,39.458,0,259683,665806
45,417.38723024916345,1351.9957068632011,75,105,2.9601,3.4095,166.3,39.458,0,259683,665906
42,395.9339861512243,1440.3408317488536,60,105,2.9601,3.4095,166.3,39.458,0,259683,666006
42,299.57179337913254,1529.3612553345754,48,85,2.9601,3.4095,166.3,39.458,0,259683,666106
50,206.69493798151285,1616.5613684066625,34,69,2.9601,3.4095,166.3,39.458,0,259683,666206
49,125.30895971945992,1704.9490605951526,23,89,2.9601,3.4095,166.3,39.458,0,259683,666306
56,91.47456322828894,1793.1954965794307,20,96,2.9601,3.4095,166.3,39.458,0,259683,666406
64,143.23724215495204,1880.864857635607,16,101,2.9601,3.4095,166.3,39.458,0,259683,666506
51,84.83948901708071,1969.557828251659,13,113,2.9601,3.4095,166.3,39.458,0,259683,666606
48,57.17159275865492,2059.2871254310726,13,91,2.9601,3.4095,166.3,39.458,0,259683,666706
51,88.79633877478729,2149.922996552423,21,81,2.9601,3.4095,166.3,39.458,0,259683,666806
50,131.99898269472635,2241.3554642768577,27,84,2.9601,3.4095,166.3,39.458,0,259683,666906
52,169.50998163623868,2333.490892071899,26,67,2.9601,3.4095,166.3,39.458,0,259683,667006
53,228.9221169357226,2426.2491977373816,22,39,2.9601,3.4095,166.3,39.458,0,259683,667106
59,300.75100887285527,2519.561587987098,29,33,2.9601,3.4095,166.3,39.458,0,259683,667206
66,381.0358598328371,2613.368711414225,27,31,2.9601,3.4095,166.3,39.458,0,259683,667306
62,468.9621345258684,2707.6191475053547,24,23,2.9601,3.4095,166.3,39.458,0,259683,667406
62,560.9479840052622,2802.26816598205,15,10,2.9601,3.4095,166.3,39.458,0,259683,667506
66,655.2016246803545,2897.2767041163297,16,20,2.9601,3.4095,166.3,39.458,0,259683,667606
67,750.9240983285868,2992.6105203240136,42,21,2.9601,3.4095,166.3,39.458,0,259683,667706
58,847.6348470405319,3088.239490792892,54,30,2.9601,3.4095,166.3,39.458,0,259683,667806
57,892.6237700423583,3184.137022590504,59,26,2.9601,3.4095,166.3,39.458,0,259683,667906
57,844.444369903912,3280.2795619840545,60,23,2.9601,3.4095,166.3,39.458,0,259683,668006
58,805.8507261771234,3376.6461808885274,69,29,2.9601,3.4095,166.3,39.458,0,259683,668106
56,778.2599927096398,3473.2182276741346,81,27,2.9601,3.4095,166.3,39.458,0,259683,668206
59,762.8732961993926,3569.9790311970514,108,29,2.9601,3.4095,166.3,39.458,0,259683,668306
66,760.3409872109823,3666.9136490140336,138,23,2.9601,3.4095,166.3,39.458,0,259683,668406
73,770.8645113911637,3764.0086524162234,157,9,2.9601,3.4095,166.3,39.458,0,259683,668506
77,793.9431799642238,3861.251942259528,145,12,2.9601,3.4095,166.3,39.458,0,259683,668606
71,828.5194563502928,3958.622779415432,146,20,2.9601,3.4095,166.3,39.458,0,259683,668706
67,873.2341580306924,4056.020700200454,109,32,2.9601,3.4095,166.3,39.458,0,259683,668806
64,926.6203720498314,4153.501354740674,125,28,2.9601,3.4095,166.3,39.458,0,259683,668906
67,987.2692177246312,4251.09904462489,199,23,2.9601,3.4095,166.3,39.458,0,259683,669006
67,1053.933443171552,4348.805890194305,227,11,2.9601,3.4095,166.3,39.458,0,259683,669106
77,1125.5447112417526,4446.614695919438,255,17,2.9601,3.4095,166.3,39.458,0,259683,669206
76,1085.0628295011554,4544.51887853321,328,14,2.9601,3.4095,166.3,39.458,0,259683,669306
73,1042.27673509876,4642.5124039384955,317,18,2.9601,3.4095,166.3,39.458,0,259683,669406
67,1006.8554910229436,4740.589731679047,315,15,2.9601,3.4095,166.3,39.458,0,259683,669506
61,980.0279521977772,4838.745765947913,311,15,2.9601,3.4095,166.3,39.458,0,259683,669606
65,958.817541790202,4936.975812261681,253,24,2.9601,3.4095,166.3,39.458,0,259683,669706
61,947.5461913083268,5035.27553905791,148,25,2.9601,3.4095,166.3,39.458,0,259683,669806
39,869.0320823172491,2325.232846731154,3,0,2.8455,3.3141,163.7,37.886,0,259783,660206
39,841.7645868553694,2240.1048662540024,53,1,2.8455,3.3141,163.7,37.886,0,259783,660306
39,823.0814588308959,2156.2541204858617,99,3,2.8455,3.3141,163.7,37.886,0,259783,660406
39,815.3219280849542,2073.8355413121967,183,3,2.8455,3.3141,163.7,37.886,0,259783,660506
39,819.7783877128857,1993.0268118384777,286,3,2.8455,3.3141,163.7,37.886,0,259783,660606
39,836.255561121186,1914.0318422127784,321,10,2.8455,3.3141,163.7,37.886,0,259783,660706
39,864.0660403297197,1837.0846233371608,317,17,2.8455,3.3141,163.7,37.886,0,259783,660806
33,902.16233605491,1762.4410273218932,261,18,2.8455,3.3141,163.7,37.886,1,259783,660906
37,949.3069256784254,1688.812698087777,221,20,2.8455,3.3141,163.7,37.886,0,259783,661006
55,1004.0562169127992,1615.5322956215173,186,20,2.8455,3.3141,163.7,37.886,0,259783,661106
51,964.9445344945664,1544.873877437538,166,20,2.8455,3.3141,163.7,37.886,0,259783,661206
34,883.2854818669849,1477.6082011756894,172,21,2.8455,3.3141,163.7,37.886,1,259783,661306
25,805.7720088852977,1414.2194649962998,154,27,2.8455,3.3141,163.7,37.886,1,259783,661406
23,733.5753106514915,1355.2517825729594,135,20,2.8455,3.3141,163.7,37.886,1,259783,661506
21,640.5172170356662,1300.491196853431,92,22,2.8455,3.3141,163.7,37.886,1,259783,661606
23,542.7126012854367,1247.7819658968467,61,35,2.8455,3.3141,163.7,37.886,1,259783,661706
20,445.8829777743214,1200.8904335795542,61,53,2.8455,3.3141,163.7,37.886,1,259783,661806
22,347.40906777237393,1160.7393473594232,76,60,2.8455,3.3141,163.7,37.886,1,259783,661906
19,248.35066483909512,1127.637669397598,86,40,2.8455,3.3141,163.7,37.886,1,259783,662006
22,150.54250257509074,1098.7298905182092,88,44,2.8455,3.3141,163.7,37.886,1,259783,662106
14,59.56102138285321,1078.1215383305075,74,41,2.8455,3.3141,163.7,37.886,2,259783,662206
18,14.426714506236504,994.4887961191152,45,26,2.8455,3.3141,163.7,37.886,1,259783,662306
15,94.45862333527845,897.395104049005,22,20,2.8455,3.3141,163.7,37.886,2,259783,662406
19,190.30235627303185,800.3014119788947,22,24,2.8455,3.3141,163.7,37.886,1,259783,662506
15,288.46599109109286,703.2077199087845,25,62,2.8455,3.3141,163.7,37.886,2,259783,662606
19,387.5696959635325,606.3081429756178,22,95,2.8455,3.3141,163.7,37.886,1,259783,662706
14,487.03994748107016,510.5332515820289,54,104,2.8455,3.3141,163.7,37.886,2,259783,662806
13,416.5612842132679,416.5612842132679,85,109,2.8455,3.3141,163.7,37.886,2,259783,662906
11,323.1135918757982,323.1135918757982,87,91,2.8455,3.3141,163.7,37.886,2,259783,663006
11,230.2526342510242,230.2526342510242,87,91,2.8455,3.3141,163.7,37.886,2,259783,663106
11,141.6454744985295,141.6454744985295,66,85,2.8455,3.3141,163.7,37.886,2,259783,663206
9,59.90789705729531,59.90789705729531,40,67,2.8455,3.3141,163.7,37.886,2,259783,663306
8,7.860419129809749,7.860419129809749,28,64,2.8455,3.3141,163.7,37.886,2,259783,663406
13,18.067225759692462,18.067225759692462,26,52,2.8455,3.3141,163.7,37.886,0,259783,663506
10,58.49957059218246,58.49957059218246,38,44,2.8455,3.3141,163.7,37.886,2,259783,663606
9,108.36711412326842,108.36711412326842,74,55,2.8455,3.3141,163.7,37.886,2,259783,663706
8,161.7949772070255,161.7949772070255,116,64,2.8455,3.3141,163.7,37.886,2,259783,663806
10,156.879565382262,156.879565382262,122,72,2.8455,3.3141,163.7,37.886,2,259783,663906
10,84.674307353225,84.674307353225,106,97,2.8455,3.3141,163.7,37.886,2,259783,664006
11,12.556603619460706,12.556603619460706,79,96,2.8455,3.3141,163.7,37.886,2,259783,664106
8,5.458543591025493,5.458543591025493,39,83,2.8455,3.3141,163.7,37.886,2,259783,664206
12,82.11434700593959,82.11434700593959,16,63,2.8455,3.3141,163.7,37.886,2,259783,664306
9,158.45684355401593,158.45684355401593,20,49,2.8455,3.3141,163.7,37.886,2,259783,664406
14,235.09592206429863,235.09592206429863,55,84,2.8455,3.3141,163.7,37.886,2,259783,664506
10,311.1773559671501,311.1773559671501,81,97,2.8455,3.3141,163.7,37.886,2,259783,664606
8,380.41187917490015,380.41187917490015,132,131,2.8455,3.3141,163.7,37.886,2,259783,664706
10,408.368030130641,456.33661074450333,131,132,2.8455,3.3141,163.7,37.886,2,259783,664806
16,341.724967820863,532.9037824270481,125,114,2.8455,3.3141,163.7,37.886,1,259783,664906
15,294.5971134134882,614.6471692321269,93,123,2.9601,3.4095,166.3,39.458,2,259783,665006
18,277.1262615324456,701.1389619505386,85,154,2.9601,3.4095,166.3,39.458,1,259783,665106
21,293.86252104878656,790.8227015488939,85,272,2.9601,3.4095,166.3,39.458,1,259783,665206
28,223.58635375961055,879.3049109762347,84,447,2.9601,3.4095,166.3,39.458,1,259783,665306
42,154.56625029705185,967.1670306075848,80,598,2.9601,3.4095,166.3,39.458,0,259783,665406
51,133.37455425491112,1049.7464054892691,60,680,2.9601,3.4095,166.3,39.458,0,259783,665506
41,177.0995864446912,1134.14529506883,56,565,2.9601,3.4095,166.3,39.458,0,259783,665606
56,254.83263636408043,1220.840116180291,62,413,2.9601,3.4095,166.3,39.458,0,259783,665706
50,344.26019461107416,1309.4333233209888,58,279,2.9601,3.4095,166.3,39.458,0,259783,665806
43,438.2812916735571,1398.9194516417142,65,107,2.9601,3.4095,166.3,39.458,0,259783,665906
41,430.3014052447769,1487.226655062279,62,108,2.9601,3.4095,166.3,39.458,0,259783,666006
45,343.7133069207847,1575.5338584828437,43,88,2.9601,3.4095,166.3,39.458,0,259783,666106
47,266.6802867727821,1663.9179136002224,34,83,2.9601,3.4095,166.3,39.458,0,259783,666206
52,208.51085092736696,1752.572901022148,27,90,2.9601,3.4095,166.3,39.458,0,259783,666306
58,139.42927031114644,1840.064287437659,21,103,2.9601,3.4095,166.3,39.458,0,259783,666406
60,104.1879876873546,1928.5084209030456,16,129,2.9601,3.4095,166.3,39.458,0,259783,666506
55,45.39912382479414,2016.641764578923,15,111,2.9601,3.4095,166.3,39.458,0,259783,666606
54,29.588555118367346,2104.3897454825897,23,122,2.9601,3.4095,166.3,39.458,0,259783,666706
51,6.5932290460036365,2193.162471644784,32,134,2.9601,3.4095,166.3,39.458,0,259783,666806
52,55.77820903677761,2282.863783314685,39,121,2.9601,3.4095,166.3,39.458,0,259783,666906
50,87.61757136575716,2373.3883962193413,29,104,2.9601,3.4095,166.3,39.458,0,259783,667006
52,159.70795371833714,2464.645594288841,21,56,2.9601,3.4095,166.3,39.458,0,259783,667106
55,245.44609921815368,2556.556929072023,30,38,2.9601,3.4095,166.3,39.458,0,259783,667206
60,338.98831539699967,2649.054313849558,32,35,2.9601,3.4095,166.3,39.458,0,259783,667306
63,435.3285086489519,2742.078442325043,31,31,2.9601,3.4095,166.3,39.458,0,259783,667406
60,533.0185202310944,2835.5774738141986,26,21,2.9601,3.4095,166.3,39.458,0,259783,667506
58,630.5243016421638,2929.5059372087458,17,15,2.9601,3.4095,166.3,39.458,0,259783,667606
66,723.6828811141854,3023.823814688956,28,14,2.9601,3.4095,166.3,39.458,0,259783,667706
60,818.4576530732169,3118.4957733527312,47,23,2.9601,3.4095,166.3,39.458,0,259783,667806
59,914.3461857144198,3213.4905188218045,53,26,2.9601,3.4095,166.3,39.458,0,259783,667906
59,935.4413096513396,3308.7802496836216,54,26,2.9601,3.4095,166.3,39.458,0,259783,668006
57,900.7545375188106,3404.340195520299,63,27,2.9601,3.4095,166.3,39.458,0,259783,668106
56,876.1539742890195,3500.148224429069,74,27,2.9601,3.4095,166.3,39.458,0,259783,668206
58,862.514309691736,3596.1845084912907,91,28,2.9601,3.4095,166.3,39.458,0,259783,668306
65,860.269532681437,3692.431237714729,117,22,2.9601,3.4095,166.3,39.458,0,259783,668406
69,869.5845829758622,3788.872374650577,128,12,2.9601,3.4095,166.3,39.458,0,259783,668506
73,890.1073109679925,3885.493443248757,111,12,2.9601,3.4095,166.3,39.458,0,259783,668606
74,921.0844650613814,3982.281346623799,108,12,2.9601,3.4095,166.3,39.458,0,259783,668706
67,961.5040285812632,4079.224209308265,95,19,2.9601,3.4095,166.3,39.458,0,259783,668806
60,1010.2392796652614,4176.311240310691,99,21,2.9601,3.4095,166.3,39.458,0,259783,668906
62,1066.14470683072,4273.532613902016,167,17,2.9601,3.4095,166.3,39.458,0,259783,669006
64,1128.1576708386108,4370.87885591272,212,17,2.9601,3.4095,166.3,39.458,0,259783,669106
72,1184.53098679551,4468.27456742955,238,16,2.9601,3.4095,166.3,39.458,0,259783,669206
76,1174.8714628043028,4565.714981380778,304,19,2.9601,3.4095,166.3,39.458,0,259783,669306
79,1134.786385795514,4663.26311444925,307,20,2.9601,3.4095,166.3,39.458,0,259783,669406
67,1102.341747672548,4760.912985758188,295,17,2.9601,3.4095,166.3,39.458,0,259783,669506
63,1077.023274185103,4858.6584610712225,272,19,2.9601,3.4095,166.3,39.458,0,259783,669606
66,1057.5877454635668,4956.493884261032,213,26,2.9601,3.4095,166.3,39.458,0,259783,669706
64,1047.379847797837,5054.414032120345,123,31,2.9601,3.4095,166.3,39.458,0,259783,669806
37,774.7445180576644,2275.3497560475644,3,1,2.8455,3.3141,163.7,37.886,0,259883,660206
37,744.9990898722039,2188.2820962213955,81,2,2.8455,3.3141,163.7,37.886,0,259883,660306
37,724.1693702017693,2102.365466073989,148,3,2.8455,3.3141,163.7,37.886,0,259883,660406
37,715.3377071589324,2017.746905148883,237,5,2.8455,3.3141,163.7,37.886,0,259883,660506
37,720.4129328575173,1934.596752177386,316,4,2.8455,3.3141,163.7,37.886,0,259883,660606
37,739.1086201454702,1853.1126824434305,337,8,2.8455,3.3141,163.7,37.886,0,259883,660706
38,770.4338459065204,1773.5243539715152,325,10,2.8455,3.3141,163.7,37.886,0,259883,660806
31,812.929928999593,1696.0986570442992,269,12,2.8455,3.3141,163.7,37.886,1,259883,660906
35,864.8669061829833,1621.1453563770774,217,13,2.8455,3.3141,163.7,37.886,1,259883,661006
50,924.5227886152006,1547.5170271429615,198,19,2.8455,3.3141,163.7,37.886,0,259883,661106
46,913.55961658354,1474.1464558095788,174,21,2.8455,3.3141,163.7,37.886,0,259883,661206
30,826.8412549445759,1403.4950916083412,164,24,2.8455,3.3141,163.7,37.886,1,259883,661306
27,743.4660373577112,1336.5961137013194,161,25,2.8455,3.3141,163.7,37.886,1,259883,661406
20,664.6931897728713,1274.040764714471,141,25,2.8455,3.3141,163.7,37.886,1,259883,661506
23,592.1926596290953,1216.499309143658,100,37,2.8455,3.3141,163.7,37.886,1,259883,661606
22,528.3488157518199,1162.266301081085,77,43,2.8455,3.3141,163.7,37.886,1,259883,661706
23,429.2350325778306,1111.7737870961869,83,43,2.8455,3.3141,163.7,37.886,1,259883,661806
21,329.4197557326851,1068.278499605645,91,53,2.8455,3.3141,163.7,37.886,1,259883,661906
21,229.7651795679068,1032.6649755681551,100,65,2.8455,3.3141,163.7,37.886,1,259883,662006
17,130.63958059012222,1002.207487668604,103,61,2.8455,3.3141,163.7,37.886,1,259883,662106
12,35.56972144455984,979.5705831807117,93,53,2.8455,3.3141,163.7,37.886,2,259883,662206
16,31.056924804324723,964.7015557918152,46,37,2.8455,3.3141,163.7,37.886,1,259883,662306
15,123.75428860333857,874.7287284835754,20,22,2.8455,3.3141,163.7,37.886,2,259883,662406
15,222.27297001507597,776.7124252269426,17,16,2.8455,3.3141,163.7,37.886,2,259883,662506
15,317.5436322716404,679.2741668880853,17,45,2.8455,3.3141,163.7,37.886,2,259883,662606
14,410.6764804776554,582.1804748179753,33,83,2.8455,3.3141,163.7,37.886,2,259883,662706
11,446.5526455031099,485.086782747865,93,94,2.8455,3.3141,163.7,37.886,2,259883,662806
11,387.9930906777549,387.9930906777549,100,99,2.8455,3.3141,163.7,37.886,2,259883,662906
9,290.8993986076447,290.8993986076447,115,106,2.8455,3.3141,163.7,37.886,2,259883,663006
9,194.3093865931841,194.3093865931841,117,96,2.8455,3.3141,163.7,37.886,2,259883,663106
8,100.61583653819638,100.61583653819638,85,72,2.8455,3.3141,163.7,37.886,2,259883,663206
9,7.168144200726644,7.168144200726644,43,63,2.8455,3.3141,163.7,37.886,0,259883,663306
7,12.509975101568743,12.509975101568743,22,49,2.8455,3.3141,163.7,37.886,2,259883,663406
8,26.88174849397197,26.88174849397197,18,40,2.8455,3.3141,163.7,37.886,2,259883,663506
9,0.0,0.0,29,39,2.8455,3.3141,163.7,37.886,0,259883,663606
8,22.85712057546876,22.85712057546876,76,48,2.8455,3.3141,163.7,37.886,2,259883,663706
8,80.7328742278161,80.7328742278161,95,58,2.8455,3.3141,163.7,37.886,2,259883,663806
7,90.96656391914942,90.96656391914942,109,60,2.8455,3.3141,163.7,37.886,2,259883,663906
12,15.475836735745135,15.475836735745135,103,71,2.8455,3.3141,163.7,37.886,2,259883,664006
4,0.0,0.0,76,79,2.8455,3.3141,163.7,37.886,2,259883,664106
10,72.00507819040119,72.00507819040119,39,69,2.8455,3.3141,163.7,37.886,2,259883,664206
7,146.5687658744888,146.5687658744888,14,64,2.8455,3.3141,163.7,37.886,2,259883,664306
5,222.9117767902045,222.9117767902045,37,71,2.8455,3.3141,163.7,37.886,2,259883,664406
8,284.6001709972881,299.44234893963034,66,81,2.8455,3.3141,163.7,37.886,2,259883,664506
11,357.7338164576864,375.5761058569182,103,115,2.8455,3.3141,163.7,37.886,2,259883,664606
11,437.4102094385904,452.52496901597874,119,122,2.8455,3.3141,163.7,37.886,2,259883,664706
13,348.3377626966409,521.8314913588994,106,106,2.8455,3.3141,163.7,37.886,2,259883,664806
12,267.1155227984534,596.9252467001431,95,92,2.8455,3.3141,163.7,37.886,2,259883,664906
15,203.3770098100591,673.5289134374855,81,98,2.9601,3.4095,166.3,39.458,2,259883,665006
15,177.1262649035164,753.290049420734,79,149,2.9601,3.4095,166.3,39.458,2,259883,665106
21,202.17881859862095,837.4070693971386,75,251,2.9601,3.4095,166.3,39.458,1,259883,665206
30,265.09372153251985,924.6920034240136,78,358,2.9601,3.4095,166.3,39.458,1,259883,665306
42,245.52066642001097,1014.3273645703975,84,601,2.9601,3.4095,166.3,39.458,0,259883,665406
46,232.7665478171197,1102.9112503120596,72,647,2.9601,3.4095,166.3,39.458,0,259883,665506
52,260.3815152824109,1188.3595830065274,63,517,2.9601,3.4095,166.3,39.458,0,259883,665606
46,318.3927488780976,1271.8949566497192,64,392,2.9601,3.4095,166.3,39.458,0,259883,665706
42,393.6360648816853,1357.159467306379,64,284,2.9601,3.4095,166.3,39.458,0,259883,665806
40,478.0426347230186,1444.3153598323593,57,112,2.9601,3.4095,166.3,39.458,0,259883,665906
44,470.6270291799664,1533.0400834929335,55,86,2.9601,3.4095,166.3,39.458,0,259883,666006
46,370.74728193178305,1622.4576032613563,34,70,2.9601,3.4095,166.3,39.458,0,259883,666106
47,270.95625758570174,1710.764806681921,33,89,2.9601,3.4095,166.3,39.458,0,259883,666206
54,171.4089845658425,1799.0720101024858,32,93,2.9601,3.4095,166.3,39.458,0,259883,666306
62,73.1080464445421,1887.5020357065723,23,107,2.9601,3.4095,166.3,39.458,0,259883,666406
55,11.677482488860417,1975.8739072814913,22,112,2.9601,3.4095,166.3,39.458,0,259883,666506
58,15.13334833255565,2063.5897135773134,17,127,2.9601,3.4095,166.3,39.458,0,259883,666606
57,54.92783315775144,2152.067781210939,34,156,2.9601,3.4095,166.3,39.458,0,259883,666706
56,61.84674361708121,2240.034388620203,39,154,2.9601,3.4095,166.3,39.458,0,259883,666806
52,28.91234622734236,2327.9303660324435,40,125,2.9601,3.4095,166.3,39.458,0,259883,666906
53,23.151355638990054,2416.767513691527,36,119,2.9601,3.4095,166.3,39.458,0,259883,667006
56,121.94697253307756,2506.4458185593207,24,93,2.9601,3.4095,166.3,39.458,0,259883,667106
55,219.7954564796259,2596.878138748964,31,38,2.9601,3.4095,166.3,39.458,0,259883,667206
59,316.1917588125121,2687.988373049828,40,39,2.9601,3.4095,166.3,39.458,0,259883,667306
65,407.6210437884824,2779.709862519799,44,34,2.9601,3.4095,166.3,39.458,0,259883,667406
60,502.30561692619153,2871.9840434669236,44,24,2.9601,3.4095,166.3,39.458,0,259883,667506
59,598.7210955461583,2964.759310984182,24,15,2.9601,3.4095,166.3,39.458,0,259883,667606
62,696.1486678205898,3057.990058552542,10,16,2.9601,3.4095,166.3,39.458,0,259883,667706
63,794.1951320165698,3151.635864808141,24,20,2.9601,3.4095,166.3,39.458,0,259883,667806
63,892.6656272237276,3245.6608033625043,33,23,2.9601,3.4095,166.3,39.458,0,259883,667906
60,991.4423514933408,3340.0328556202135,41,19,2.9601,3.4095,166.3,39.458,0,259883,668006
59,996.6523502559764,3434.7234099358416,48,30,2.9601,3.4095,166.3,39.458,0,259883,668106
57,974.475734470838,3529.706833279511,65,29,2.9601,3.4095,166.3,39.458,0,259883,668206
58,962.2242927075408,3624.960103923746,76,26,2.9601,3.4095,166.3,39.458,0,259883,668306
61,960.2129560086682,3720.462495601539,86,24,2.9601,3.4095,166.3,39.458,0,259883,668406
64,968.5672919194984,3816.195305185049,82,22,2.9601,3.4095,166.3,39.458,0,259883,668506
68,987.034081005128,3912.1416172545687,74,25,2.9601,3.4095,166.3,39.458,0,259883,668606
71,1000.9021930219462,4008.2861000175585,67,29,2.9601,3.4095,166.3,39.458,0,259883,668706
69,1000.371505727827,4104.614827938518,52,23,2.9601,3.4095,166.3,39.458,0,259883,668806
62,1009.3851413489842,4201.115127186058,56,23,2.9601,3.4095,166.3,39.458,0,259883,668906
57,1028.0922029079193,4297.7754406216145,129,16,2.9601,3.4095,166.3,39.458,0,259883,669006
64,1055.977647388432,4394.585209567461,147,18,2.9601,3.4095,166.3,39.458,0,259883,669106
72,1092.3387779841732,4491.534770018804,184,28,2.9601,3.4095,166.3,39.458,0,259883,669206
74,1136.3622749774413,4588.615261320853,245,29,2.9601,3.4095,166.3,39.458,0,259883,669306
79,1187.171476514727,4685.818545629507,275,26,2.9601,3.4095,166.3,39.458,0,259883,669406
65,1198.5644236003682,4783.137136723575,241,23,2.9601,3.4095,166.3,39.458,0,259883,669506
60,1174.3678699821894,4880.530643926837,243,19,2.9601,3.4095,166.3,39.458,0,259883,669606
60,1156.5693235880049,4977.94466407343,182,25,2.9601,3.4095,166.3,39.458,0,259883,669706
62,1127.201662133436,5075.4509811400185,110,27,2.9601,3.4095,166.3,39.458,0,259883,669806
34,681.8626263666182,2228.839436382521,10,0,2.8455,3.3141,163.7,37.886,1,259983,660206
34,648.5223410926194,2139.8801960556925,90,1,2.8455,3.3141,163.7,37.886,1,259983,660306
34,625.5966853599482,2051.9379312661345,186,7,2.8455,3.3141,163.7,37.886,1,259983,660406
34,615.3586142653971,1965.149178578089,272,9,2.8455,3.3141,163.7,37.886,1,259983,660506
35,621.2511430135168,1879.6737255075768,322,16,2.8455,3.3141,163.7,37.886,1,259983,660606
35,642.8372587526118,1795.6991214178752,318,26,2.8455,3.3141,163.7,37.886,1,259983,660706
35,678.6210281044521,1713.4460467018866,302,25,2.8455,3.3141,163.7,37.886,1,259983,660806
29,726.5075762375192,1633.174630973589,269,22,2.8455,3.3141,163.7,37.886,1,259983,660906
36,783.969556397511,1555.1917552357054,214,19,2.8455,3.3141,163.7,37.886,0,259983,661006
43,849.3267254810788,1479.8592554194165,222,14,2.8455,3.3141,163.7,37.886,0,259983,661106
41,870.6689333228755,1406.2213561981457,181,18,2.8455,3.3141,163.7,37.886,0,259983,661206
29,779.1916832716134,1332.768152439034,173,24,2.8455,3.3141,163.7,37.886,1,259983,661306
28,690.0833044681685,1262.1258444182656,151,30,2.8455,3.3141,163.7,37.886,1,259983,661406
23,604.3924676332123,1195.680704093398,124,26,2.8455,3.3141,163.7,37.886,1,259983,661506
21,523.7991435252832,1134.1706419820816,90,44,2.8455,3.3141,163.7,37.886,1,259983,661606
23,450.83428866905246,1078.2238158338157,74,47,2.8455,3.3141,163.7,37.886,1,259983,661706
27,389.5020934828202,1024.6677870829676,81,47,2.8455,3.3141,163.7,37.886,1,259983,661806
26,328.1559873469072,977.3034702337836,74,56,2.8455,3.3141,163.7,37.886,1,259983,661906
18,228.15780144427765,938.243077233446,102,68,2.8455,3.3141,163.7,37.886,1,259983,662006
14,128.1596155416481,906.4393660691676,101,59,2.8455,3.3141,163.7,37.886,2,259983,662106
11,28.16142963901852,881.3461314681416,77,55,2.8455,3.3141,163.7,37.886,2,259983,662206
16,16.132769880485462,865.7176354641706,46,44,2.8455,3.3141,163.7,37.886,1,259983,662306
15,106.92000616947792,855.8944829944058,21,26,2.8455,3.3141,163.7,37.886,2,259983,662406
15,205.85756131939604,761.9789103735602,13,14,2.8455,3.3141,163.7,37.886,2,259983,662506
16,305.09287300995834,662.3773115992911,16,15,2.8455,3.3141,163.7,37.886,1,259983,662606
13,404.5174913719525,562.9169974240702,46,75,2.8455,3.3141,163.7,37.886,2,259983,662706
12,359.0245878204833,463.6888925307107,94,90,2.8455,3.3141,163.7,37.886,2,259983,662806
8,316.305722670496,364.8824908429879,101,105,2.8455,3.3141,163.7,37.886,2,259983,662906
6,266.9664308320606,266.9664308320606,120,105,2.8455,3.3141,163.7,37.886,2,259983,663006
10,169.87215351683523,169.87215351683523,119,81,2.8455,3.3141,163.7,37.886,2,259983,663106
7,72.77846144672507,72.77846144672507,70,69,2.8455,3.3141,163.7,37.886,2,259983,663206
7,0.0,0.0,31,65,2.8455,3.3141,163.7,37.886,0,259983,663306
10,63.66718348964437,63.66718348964437,23,38,2.8455,3.3141,163.7,37.886,2,259983,663406
13,113.42348942726063,113.42348942726063,8,18,2.8455,3.3141,163.7,37.886,2,259983,663506
11,53.58131315367222,53.58131315367222,17,25,2.8455,3.3141,163.7,37.886,2,259983,663606
7,0.0,0.0,47,40,2.8455,3.3141,163.7,37.886,0,259983,663706
5,10.60831798073931,10.60831798073931,72,50,2.8455,3.3141,163.7,37.886,0,259983,663806
9,29.4177563703354,29.4177563703354,86,47,2.8455,3.3141,163.7,37.886,2,259983,663906
6,0.0,0.0,82,57,2.8455,3.3141,163.7,37.886,2,259983,664006
10,64.93356091956652,64.93356091956652,66,58,2.8455,3.3141,163.7,37.886,2,259983,664106
11,135.17779092345006,135.17779092345006,19,63,2.8455,3.3141,163.7,37.886,2,259983,664206
8,113.39053552669183,210.77431848562517,36,80,2.8455,3.3141,163.7,37.886,2,259983,664306
11,143.87880639519955,287.6789881579522,70,84,2.8455,3.3141,163.7,37.886,2,259983,664406
11,218.39660799335743,363.70920657446936,102,104,2.8455,3.3141,163.7,37.886,2,259983,664506
13,307.16787510034794,440.4278543252447,137,114,2.8455,3.3141,163.7,37.886,2,259983,664606
13,401.1933136188477,516.4952416799509,112,126,2.8455,3.3141,163.7,37.886,2,259983,664706
14,306.9910968319729,593.8189815315397,102,103,2.8455,3.3141,163.7,37.886,2,259983,664806
16,214.25271281112128,663.2518472875347,66,72,2.8455,3.3141,163.7,37.886,1,259983,664906
18,126.24166113847716,737.5726362456977,55,92,2.9601,3.4095,166.3,39.458,1,259983,665006
19,77.12627701627947,814.4298331639781,54,121,2.9601,3.4095,166.3,39.458,1,259983,665106
20,124.08613179046088,892.8049364040934,64,232,2.9601,3.4095,166.3,39.458,1,259983,665206
30,211.65012310118487,975.1437616000676,81,319,2.9601,3.4095,166.3,39.458,1,259983,665306
41,306.9107054417845,1060.5234825818527,94,479,2.9601,3.4095,166.3,39.458,0,259983,665406
40,332.52058235714503,1148.265978955901,81,550,2.9601,3.4095,166.3,39.458,0,259983,665506
44,352.46674095955217,1237.8111852819725,70,479,2.9601,3.4095,166.3,39.458,0,259983,665606
41,397.25081814898135,1326.517744194512,67,397,2.9601,3.4095,166.3,39.458,0,259983,665706
43,459.7647458836117,1410.2921855880884,53,315,2.9601,3.4095,166.3,39.458,0,259983,665806
44,533.8155398588627,1494.4273318310136,49,123,2.9601,3.4095,166.3,39.458,0,259983,665906
43,476.85853838449776,1580.341130601841,41,88,2.9601,3.4095,166.3,39.458,0,259983,666006
46,378.62621686201766,1667.8258686146612,32,90,2.9601,3.4095,166.3,39.458,0,259983,666106
47,281.64083255147455,1756.6468532316312,32,92,2.9601,3.4095,166.3,39.458,0,259983,666206
55,187.3225331947832,1845.995754880999,31,81,2.9601,3.4095,166.3,39.458,0,259983,666306
53,103.2383422071488,1934.3029583015632,29,100,2.9601,3.4095,166.3,39.458,0,259983,666406
58,78.88155354390426,2022.610161722128,24,102,2.9601,3.4095,166.3,39.458,0,259983,666506
58,111.58594416634558,2111.0909611840966,20,103,2.9601,3.4095,166.3,39.458,0,259983,666606
55,152.90214678100355,2199.237054424663,42,149,2.9601,3.4095,166.3,39.458,0,259983,666706
68,148.54489582062553,2287.131047854657,45,158,2.9601,3.4095,166.3,39.458,0,259983,666806
60,88.19104607089845,2375.627141518832,44,121,2.9601,3.4095,166.3,39.458,0,259983,666906
63,4.533364979849919,2463.444326783301,36,105,2.9601,3.4095,166.3,39.458,0,259983,667006
56,92.58497500315852,2551.482584165452,18,92,2.9601,3.4095,166.3,39.458,0,259983,667106
65,186.41066417210584,2640.3728531096494,28,40,2.9601,3.4095,166.3,39.458,0,259983,667206
61,284.3893787362769,2730.031909992477,48,37,2.9601,3.4095,166.3,39.458,0,259983,667306
63,383.3840542405485,2820.386437301802,62,43,2.9601,3.4095,166.3,39.458,0,259983,667406
59,482.7932760031297,2911.371683906871,64,25,2.9601,3.4095,166.3,39.458,0,259983,667506
62,582.4048090990909,3002.9303202028364,44,17,2.9601,3.4095,166.3,39.458,0,259983,667606
62,682.1300286379883,3095.011459450883,22,15,2.9601,3.4095,166.3,39.458,0,259983,667706
61,781.925437799268,3187.5698204543014,12,15,2.9601,3.4095,166.3,39.458,0,259983,667806
61,881.7672054377455,3280.565010239829,14,21,2.9601,3.4095,166.3,39.458,0,259983,667906
60,981.6411864288324,3373.9609085685365,29,24,2.9601,3.4095,166.3,39.458,0,259983,668006
59,1081.5384566446633,3467.725138860836,44,38,2.9601,3.4095,166.3,39.458,0,259983,668106
56,1050.0915709341905,3561.828612500352,51,35,2.9601,3.4095,166.3,39.458,0,259983,668206
57,1002.6184705920326,3656.24513551334,56,36,2.9601,3.4095,166.3,39.458,0,259983,668306
60,963.0126112122874,3750.951068343033,59,32,2.9601,3.4095,166.3,39.458,0,259983,668406
61,932.4927780607794,3845.925030892115,52,17,2.9601,3.4095,166.3,39.458,0,259983,668506
63,911.9716404127444,3941.147646229623,41,26,2.9601,3.4095,166.3,39.458,0,259983,668606
61,901.0498775332768,4036.6013173857136,31,23,2.9601,3.4095,166.3,39.458,0,259983,668706
62,900.4629346516,4132.270032519518,37,22,2.9601,3.4095,166.3,39.458,0,259983,668806
60,910.4662051857392,4228.139194468134,61,21,2.9601,3.4095,166.3,39.458,0,259983,668906
65,931.1626736984628,4324.195471291327,135,22,2.9601,3.4095,166.3,39.458,0,259983,669006
68,961.8623285030034,4420.426664935772,141,22,2.9601,3.4095,166.3,39.458,0,259983,669106
70,1001.645822183255,4516.821595570715,119,33,2.9601,3.4095,166.3,39.458,0,259983,669206
77,1049.480617830133,4613.3699995071665,160,35,2.9601,3.4095,166.3,39.458,0,259983,669306
79,1104.0675653513974,4710.062438916445,202,33,2.9601,3.4095,166.3,39.458,0,259983,669406
68,1164.596785130142,4806.890221820165,230,27,2.9601,3.4095,166.3,39.458,0,259983,669506
61,1230.287021393773,4903.84533104064,277,22,2.9601,3.4095,166.3,39.458,0,259983,669606
60,1255.712292356382,5000.920360984353,229,25,2.9601,3.4095,166.3,39.458,0,259983,669706
63,1203.4519731538396,5098.108461287054,156,21,2.9601,3.4095,166.3,39.458,0,259983,669806
32,642.8343319543233,2277.470512148248,0,0,2.6335,3.04,156.0,37.096,1,260083,660106
32,591.2429536780838,2185.917188276399,14,0,2.6335,3.04,156.0,37.096,1,260083,660206
32,552.8051510794745,2095.1362662842703,98,3,2.6335,3.04,156.0,37.096,1,260083,660306
32,527.2217827211465,2005.2326534836268,196,5,2.6335,3.04,156.0,37.096,1,260083,660406
32,515.3876337455733,1916.329829359858,279,9,2.6335,3.04,156.0,37.096,1,260083,660506
32,522.409007926579,1828.5737707819655,310,21,2.6335,3.04,156.0,37.096,1,260083,660606
32,547.9032123539738,1742.1377831529778,313,26,2.6335,3.04,156.0,37.096,1,260083,660706
32,589.4783190693063,1657.2284319871435,288,25,2.6335,3.04,156.0,37.096,1,260083,660806
29,643.7966635882742,1574.092785093675,259,24,2.6335,3.04,156.0,37.096,1,260083,660906
33,707.9701726101849,1493.027165319291,226,24,2.6335,3.04,156.0,37.096,1,260083,661006
34,779.5639809185329,1414.387548262057,215,16,2.6335,3.04,156.0,37.096,1,260083,661106
33,837.578420122512,1338.601567672826,179,15,2.6335,3.04,156.0,37.096,1,260083,661206
35,742.0329491882283,1264.9256852533297,158,23,2.6335,3.04,156.0,37.096,1,260083,661306
30,647.8334550693074,1191.4000684638097,134,25,2.6335,3.04,156.0,37.096,1,260083,661406
23,555.6648930183487,1120.7697453662522,100,32,2.6335,3.04,156.0,37.096,1,260083,661506
21,466.7320014303171,1054.900716238783,86,40,2.6335,3.04,156.0,37.096,1,260083,661606
25,383.293685031734,994.7392724296456,74,39,2.6335,3.04,156.0,37.096,1,260083,661706
35,309.5334643635154,939.9758056741588,67,45,2.6335,3.04,156.0,37.096,1,260083,661806
25,253.51783082980336,888.2709007629959,58,53,2.6335,3.04,156.0,37.096,1,260083,661906
18,229.6336550604417,845.1054325868427,70,66,2.6335,3.04,156.0,37.096,1,260083,662006
14,137.54717108977044,811.4116547718165,65,48,2.6335,3.04,156.0,37.096,2,260083,662106
10,50.74818544953842,783.5709792193162,49,47,2.6335,3.04,156.0,37.096,2,260083,662206
12,34.47864186365751,766.7358592680928,31,38,2.6335,3.04,156.0,37.096,2,260083,662306
15,115.78552234466368,755.9908341211523,23,23,2.6335,3.04,156.0,37.096,2,260083,662406
14,210.8811464951708,743.2587323194876,15,8,2.6335,3.04,156.0,37.096,2,260083,662506
13,308.89503957775906,654.4451206455601,17,26,2.6335,3.04,156.0,37.096,2,260083,662606
13,344.58132615183,554.7522979567428,43,38,2.6335,3.04,156.0,37.096,2,260083,662706
9,278.6555625144465,455.0594752679256,83,70,2.6335,3.04,156.0,37.096,2,260083,662806
7,222.97489806175363,355.36665257910835,100,88,2.6335,3.04,156.0,37.096,2,260083,662906
7,200.92510128515903,255.6738298902911,117,86,2.6335,3.04,156.0,37.096,2,260083,663006
6,155.98100720147386,155.98100720147386,100,76,2.6335,3.04,156.0,37.096,2,260083,663106
9,56.288184512656606,56.288184512656606,46,64,2.6335,3.04,156.0,37.096,2,260083,663206
2,0.0,0.0,24,53,2.6335,3.04,156.0,37.096,0,260083,663306
11,77.707673057754,77.707673057754,19,26,2.6335,3.04,156.0,37.096,2,260083,663406
10,177.46080507011587,177.46080507011587,1,17,2.6335,3.04,156.0,37.096,2,260083,663506
11,130.14107708284456,130.14107708284456,2,24,2.6335,3.04,156.0,37.096,2,260083,663606
9,64.05329614797728,64.05329614797728,19,29,2.6335,3.04,156.0,37.096,2,260083,663706
8,9.228834984895778,9.228834984895778,34,43,2.6335,3.04,156.0,37.096,2,260083,663806
8,9.441607483794456,9.441607483794456,59,44,2.6335,3.04,156.0,37.096,2,260083,663906
11,61.19456534607544,61.19456534607544,58,53,2.6335,3.04,156.0,37.096,2,260083,664006
13,128.4585062827975,128.4585062827975,37,84,2.6335,3.04,156.0,37.096,2,260083,664106
12,100.05253539995968,205.5528852590332,32,93,2.6335,3.04,156.0,37.096,2,260083,664206
14,14.36733442217226,275.76176511045315,61,86,2.6335,3.04,156.0,37.096,2,260083,664306
16,85.23785585744531,351.3694144407461,108,96,2.6335,3.04,156.0,37.096,1,260083,664406
17,183.65978730625784,428.78921044141543,130,107,2.6335,3.04,156.0,37.096,1,260083,664506
17,283.1866030569013,504.5066363587342,167,108,2.6335,3.04,156.0,37.096,1,260083,664606
19,373.2917785077558,581.4133597108591,165,131,2.6335,3.04,156.0,37.096,1,260083,664706
17,276.8049356751943,657.4725079144293,97,123,2.6335,3.04,156.0,37.096,1,260083,664806
16,180.3898092334738,734.5435195470673,60,110,2.6335,3.04,156.0,37.096,1,260083,664906
17,85.26578315591644,804.672554823887,31,76,2.9116,3.2935,167.3,38.714,1,260083,665006
17,3.596238562771518,878.4123754222173,58,126,2.9116,3.2935,167.3,38.714,1,260083,665106
23,99.591473106412,955.4845415069416,76,202,2.9116,3.2935,167.3,38.714,1,260083,665206
28,193.3269689769168,1032.8385209599526,92,291,2.9116,3.2935,167.3,38.714,1,260083,665306
35,271.0432080669689,1113.8043417489243,102,372,2.9116,3.2935,167.3,38.714,1,260083,665406
37,358.60778817241874,1197.6497038027298,90,443,2.9116,3.2935,167.3,38.714,0,260083,665506
38,447.9587854530055,1283.8105445659726,64,413,2.9116,3.2935,167.3,38.714,0,260083,665606
40,483.9860354410226,1371.8506535548215,52,360,2.9116,3.2935,167.3,38.714,0,260083,665706
46,536.4866182294818,1461.305111880181,43,241,2.9116,3.2935,167.3,38.714,0,260083,665806
46,597.7746935096818,1548.9053474191026,34,160,2.9116,3.2935,167.3,38.714,0,260083,665906
42,503.1413053815589,1632.404447601081,25,152,2.9116,3.2935,167.3,38.714,0,260083,666006
48,410.7549111577716,1717.2388650086318,22,134,2.9116,3.2935,167.3,38.714,0,260083,666106
49,322.9365586293979,1803.6281097954968,22,124,2.9116,3.2935,167.3,38.714,0,260083,666206
55,244.65576788330216,1891.3591402461936,19,124,2.9116,3.2935,167.3,38.714,0,260083,666306
56,188.21495322566147,1980.2536292962989,18,99,2.9116,3.2935,167.3,38.714,0,260083,666406
59,176.04911950051792,2069.533906500641,18,98,2.9116,3.2935,167.3,38.714,0,260083,666506
63,205.90378340384672,2157.8411099212053,11,88,2.9116,3.2935,167.3,38.714,0,260083,666606
62,238.534255335552,2246.14831334177,38,106,2.9116,3.2935,167.3,38.714,0,260083,666706
62,199.5176878272424,2334.683309999438,45,123,2.9116,3.2935,167.3,38.714,0,260083,666806
64,104.03948468737728,2422.6451547086103,43,107,2.9116,3.2935,167.3,38.714,0,260083,666906
63,39.999750169107834,2510.684041081111,41,92,2.9116,3.2935,167.3,38.714,0,260083,667006
71,93.99703033238212,2599.186501826726,12,49,2.9116,3.2935,167.3,38.714,0,260083,667106
78,187.05244950591415,2686.886960659957,25,20,2.9116,3.2935,167.3,38.714,0,260083,667206
69,284.8539907057972,2775.043597045509,50,33,2.9116,3.2935,167.3,38.714,0,260083,667306
64,383.79027238307407,2863.9784202472715,70,33,2.9116,3.2935,167.3,38.714,0,260083,667406
64,483.1647238062088,2953.621136466361,65,33,2.9116,3.2935,167.3,38.714,0,260083,667506
61,582.7532303519096,3043.90920428314,62,26,2.9116,3.2935,167.3,38.714,0,260083,667606
59,682.4620902588227,3134.786861982549,30,24,2.9116,3.2935,167.3,38.714,0,260083,667706
60,782.2390309255728,3226.2042861848,19,22,2.9116,3.2935,167.3,38.714,0,260083,667806
58,882.0446418899119,3318.1168638756462,17,22,2.9116,3.2935,167.3,38.714,0,260083,667906
59,981.8898100449084,3410.484562122329,28,35,2.9116,3.2935,167.3,38.714,0,260083,668006
56,1016.5132859995424,3503.2713818106517,43,39,2.9116,3.2935,167.3,38.714,0,260083,668106
55,965.4228325618196,3596.4448835971743,56,40,2.9116,3.2935,167.3,38.714,0,260083,668206
57,913.7448692358132,3689.975775921987,53,37,2.9116,3.2935,167.3,38.714,0,260083,668306
62,870.1366580595663,3783.8375563744607,33,34,2.9116,3.2935,167.3,38.714,0,260083,668406
62,836.233995649945,3878.006198959541,22,20,2.9116,3.2935,167.3,38.714,0,260083,668506
61,813.2876411591867,3972.459880893375,23,26,2.9116,3.2935,167.3,38.714,0,260083,668606
62,801.2343999163573,4067.178743483766,27,22,2.9116,3.2935,167.3,38.714,0,260083,668706
62,800.5771942108915,4162.14468244257,62,19,2.9116,3.2935,167.3,38.714,0,260083,668806
67,811.8122061132937,4257.341163651763,102,17,2.9116,3.2935,167.3,38.714,0,260083,668906
71,834.9576468890396,4352.753060979055,157,22,2.9116,3.2935,167.3,38.714,0,260083,669006
69,869.0624178978351,4448.366513227221,199,28,2.9116,3.2935,167.3,38.714,0,260083,669106
72,912.8990635915784,4544.168797716485,163,43,2.9116,3.2935,167.3,38.714,0,260083,669206
78,965.0045492106588,4640.14821835239,157,43,2.9116,3.2935,167.3,38.714,0,260083,669306
78,1023.9893862105052,4736.294006332128,160,49,2.9116,3.2935,167.3,38.714,0,260083,669406
71,1088.9787629454795,4832.596231898173,216,44,2.9116,3.2935,167.3,38.714,0,260083,669506
68,1158.9629973475285,4929.045725766317,270,28,2.9116,3.2935,167.3,38.714,0,260083,669606
65,1233.091931810142,5025.634009041444,247,29,2.9116,3.2935,167.3,38.714,0,260083,669706
61,1279.3083380776404,5122.353230593607,196,20,2.9116,3.2935,167.3,38.714,0,260083,669806
61,1216.3065775214502,5219.196111003258,154,21,2.9116,3.2935,167.3,38.714,0,260083,669906
33,563.79745243976,2239.9510384231717,0,0,2.6335,3.04,156.0,37.096,1,260183,660106
33,504.1823274494922,2146.7982380350604,14,0,2.6335,3.04,156.0,37.096,1,260183,660206
33,458.8377395629206,2054.2893406547764,106,3,2.6335,3.04,156.0,37.096,1,260183,660306
33,429.4636608556365,1962.5154051434172,209,6,2.6335,3.04,156.0,37.096,1,260183,660406
33,415.4306222284205,1871.5845521169024,281,13,2.6335,3.04,156.0,37.096,1,260183,660506
33,424.1100805569986,1781.6258743125677,326,22,2.6335,3.04,156.0,37.096,1,260183,660606
33,455.1440639786869,1692.7943691770172,313,29,2.6335,3.04,156.0,37.096,1,260183,660706
33,504.3213486822432,1605.2771712744222,278,27,2.6335,3.04,156.0,37.096,1,260183,660806
29,566.6459600094034,1519.3014239814977,249,28,2.6335,3.04,156.0,37.096,1,260183,660906
29,638.4076586057616,1435.1441869058317,233,26,2.6335,3.04,156.0,37.096,1,260183,661006
27,716.7615921529718,1353.144802859988,210,19,2.6335,3.04,156.0,37.096,1,260183,661106
29,799.9562621823993,1273.7200939784184,172,19,2.6335,3.04,156.0,37.096,1,260183,661206
34,716.7386682151283,1197.3825195407633,129,28,2.6335,3.04,156.0,37.096,1,260183,661306
32,618.8299319661171,1123.630014308514,106,23,2.6335,3.04,156.0,37.096,1,260183,661406
24,521.7151050904912,1050.0463314137066,80,30,2.6335,3.04,156.0,37.096,1,260183,661506
18,425.80744422858425,979.4324872640008,60,30,2.6335,3.04,156.0,37.096,1,260183,661606
19,332.2457936325688,914.3187059777956,66,40,2.6335,3.04,156.0,37.096,1,260183,661706
32,243.8494519423656,855.961094380857,51,39,2.6335,3.04,156.0,37.096,1,260183,661806
30,168.4350773503809,801.8281071112514,47,42,2.6335,3.04,156.0,37.096,1,260183,661906
17,129.7331887752626,753.7282749101977,50,49,2.6335,3.04,156.0,37.096,1,260183,662006
14,157.35613734709102,716.4386042965041,42,45,2.6335,3.04,156.0,37.096,2,260183,662106
13,134.33657904152972,686.4371460633357,29,41,2.6335,3.04,156.0,37.096,2,260183,662206
14,127.19181474139675,667.754083072015,21,25,2.6335,3.04,156.0,37.096,2,260183,662306
14,174.92445916948571,656.1165418811888,13,16,2.6335,3.04,156.0,37.096,2,260183,662406
13,250.84855032707804,658.3528047698347,16,16,2.6335,3.04,156.0,37.096,2,260183,662506
11,338.79965990092836,602.2913876394148,17,30,2.6335,3.04,156.0,37.096,2,260183,662606
10,285.5933401372057,529.4714714615523,34,60,2.6335,3.04,156.0,37.096,2,260183,662706
8,203.4547667537519,450.6019571255531,56,77,2.6335,3.04,156.0,37.096,2,260183,662806
7,138.4313669888817,350.62141602804724,64,83,2.6335,3.04,156.0,37.096,2,260183,662906
8,100.92535490457544,250.64087493054137,76,84,2.6335,3.04,156.0,37.096,2,260183,663006
7,140.88903565576948,150.66033383303545,57,75,2.6335,3.04,156.0,37.096,2,260183,663106
6,50.67979273552952,50.67979273552952,19,58,2.6335,3.04,156.0,37.096,2,260183,663206
6,0.0,0.0,17,31,2.6335,3.04,156.0,37.096,2,260183,663306
8,84.72893064938854,84.72893064938854,3,18,2.6335,3.04,156.0,37.096,2,260183,663406
8,184.48223707434957,184.48223707434957,2,21,2.6335,3.04,156.0,37.096,2,260183,663506
9,204.61809953694905,204.61809953694905,2,24,2.6335,3.04,156.0,37.096,2,260183,663606
11,147.68440726818164,147.68440726818164,3,35,2.6335,3.04,156.0,37.096,2,260183,663706
13,105.77574702725526,105.77574702725526,25,41,2.6335,3.04,156.0,37.096,2,260183,663806
10,108.21667923127448,108.21667923127448,43,47,2.6335,3.04,156.0,37.096,2,260183,663906
11,141.62778047211094,141.62778047211094,45,51,2.6335,3.04,156.0,37.096,2,260183,664006
11,202.32915472360423,202.32915472360423,44,92,2.6335,3.04,156.0,37.096,2,260183,664106
12,122.03753952775726,269.8333652731776,51,108,2.6335,3.04,156.0,37.096,2,260183,664206
15,67.1278833978706,345.22566779818834,83,97,2.6335,3.04,156.0,37.096,2,260183,664306
17,110.0400664107368,416.91254122983815,131,90,2.6335,3.04,156.0,37.096,1,260183,664406
15,197.03534182756923,492.4379326126146,172,106,2.6335,3.04,156.0,37.096,2,260183,664506
18,292.1979525832584,569.8994327248787,182,125,2.6335,3.04,156.0,37.096,1,260183,664606
18,347.128362311489,645.3113271694946,168,153,2.6335,3.04,156.0,37.096,1,260183,664706
18,250.41685800504564,722.3376089557524,119,139,2.6335,3.04,156.0,37.096,1,260183,664806
19,154.0283505341587,798.4497741489076,76,127,2.6335,3.04,156.0,37.096,1,260183,664906
16,57.55138136435835,875.3586414660241,46,116,2.9116,3.2935,167.3,38.714,1,260183,665006
17,31.00513304291181,946.0934562945016,55,138,2.9116,3.2935,167.3,38.714,1,260183,665106
17,56.3106651456248,1019.413168863036,72,156,2.9116,3.2935,167.3,38.714,1,260183,665206
25,135.29972693181176,1096.6336968058,88,210,2.9116,3.2935,167.3,38.714,1,260183,665306
30,231.1734007330925,1173.2050827924193,76,271,2.9116,3.2935,167.3,38.714,1,260183,665406
39,329.50912931993724,1253.0821471914678,64,279,2.9116,3.2935,167.3,38.714,0,260183,665506
44,428.6156686401738,1335.6719540852805,49,293,2.9116,3.2935,167.3,38.714,0,260183,665606
42,528.059197914915,1420.501415082014,43,256,2.9116,3.2935,167.3,38.714,0,260183,665706
41,619.8807639548024,1507.1924135856098,30,184,2.9116,3.2935,167.3,38.714,0,260183,665806
45,634.3102258658196,1595.441529135439,23,151,2.9116,3.2935,167.3,38.714,0,260183,665906
43,545.8185472271135,1684.8289912050816,13,163,2.9116,3.2935,167.3,38.714,0,260183,666006
47,462.04578815988185,1770.8379656869076,12,156,2.9116,3.2935,167.3,38.714,0,260183,666106
49,386.07607309370536,1854.8155029329364,23,149,2.9116,3.2935,167.3,38.714,0,260183,666206
52,323.45503253872215,1940.2333851546584,29,129,2.9116,3.2935,167.3,38.714,0,260183,666306
58,283.1811821675224,2026.9856012850828,27,128,2.9116,3.2935,167.3,38.714,0,260183,666406
61,275.2453556246957,2114.9079570433773,19,59,2.9116,3.2935,167.3,38.714,0,260183,666506
62,301.2463638774793,2203.860409761411,10,55,2.9116,3.2935,167.3,38.714,0,260183,666606
61,327.5812609675953,2293.072058120283,27,62,2.9116,3.2935,167.3,38.714,0,260183,666706
60,241.4896347782246,2381.379261540848,36,83,2.9116,3.2935,167.3,38.714,0,260183,666806
61,170.72953988157622,2469.6864649614126,36,87,2.9116,3.2935,167.3,38.714,0,260183,666906
72,139.99452435939764,2558.2781845582526,25,58,2.9116,3.2935,167.3,38.714,0,260183,667006
84,168.5819052147156,2646.086822028284,23,19,2.9116,3.2935,167.3,38.714,0,260183,667106
83,233.67910233395415,2734.243256844116,40,26,2.9116,3.2935,167.3,38.714,0,260183,667206
76,317.4257393823923,2822.7349613795473,67,44,2.9116,3.2935,167.3,38.714,0,260183,667306
64,408.5489899354963,2910.3548112847284,90,54,2.9116,3.2935,167.3,38.714,0,260183,667406
63,503.0561144963552,2998.6114376002347,92,57,2.9116,3.2935,167.3,38.714,0,260183,667506
61,599.3485058686856,3087.584165629453,80,58,2.9116,3.2935,167.3,38.714,0,260183,667606
57,696.6863057660037,3177.212836116665,41,44,2.9116,3.2935,167.3,38.714,0,260183,667706
60,794.6854634361556,3267.4434703791408,29,41,2.9116,3.2935,167.3,38.714,0,260183,667806
59,893.1283015063364,3358.227547123938,21,36,2.9116,3.2935,167.3,38.714,0,260183,667906
56,987.4503967188298,3449.521370335433,35,45,2.9116,3.2935,167.3,38.714,0,260183,668006
55,930.5092079597974,3541.2855166647637,43,43,2.9116,3.2935,167.3,38.714,0,260183,668106
57,881.2698146514293,3633.4843520618606,47,42,2.9116,3.2935,167.3,38.714,0,260183,668206
67,827.211354092426,3726.085608626992,44,36,2.9116,3.2935,167.3,38.714,0,260183,668306
67,779.0265194742942,3819.060013793441,30,37,2.9116,3.2935,167.3,38.714,0,260183,668406
66,740.9668075061356,3912.380964974492,21,25,2.9116,3.2935,167.3,38.714,0,260183,668506
66,714.9694410304795,4006.0242437151473,14,33,2.9116,3.2935,167.3,38.714,0,260183,668606
66,701.471485818146,4099.967764186969,29,26,2.9116,3.2935,167.3,38.714,0,260183,668706
61,700.7240477533188,4194.191351561237,80,17,2.9116,3.2935,167.3,38.714,0,260183,668806
80,713.5330442269262,4288.676546400981,126,16,2.9116,3.2935,167.3,38.714,0,260183,668906
80,739.7598389394317,4383.406431736468,172,20,2.9116,3.2935,167.3,38.714,0,260183,669006
73,778.0487345993457,4478.365479941025,224,35,2.9116,3.2935,167.3,38.714,0,260183,669106
74,826.72549707602,4573.539416914015,198,41,2.9116,3.2935,167.3,38.714,0,260183,669206
72,883.641813297714,4668.9151014132785,181,49,2.9116,3.2935,167.3,38.714,0,260183,669306
74,947.704245681411,4764.4804176682,170,45,2.9116,3.2935,167.3,38.714,0,260183,669406
72,1017.5774272049632,4860.2241796528815,216,42,2.9116,3.2935,167.3,38.714,0,260183,669506
69,1092.1466492333218,4956.136045612681,278,31,2.9116,3.2935,167.3,38.714,0,260183,669606
67,1170.5147527930064,5052.2064416213325,303,27,2.9116,3.2935,167.3,38.714,0,260183,669706
63,1251.9685577443922,5148.426493104361,250,26,2.9116,3.2935,167.3,38.714,0,260183,669806
63,1293.8989957248243,5244.787963401156,215,16,2.9116,3.2935,167.3,38.714,0,260183,669906
32,492.44203355924617,2206.329389588347,0,0,2.6335,3.04,156.0,37.096,1,260283,660106
31,422.88462770688335,2111.6939635417543,23,0,2.6335,3.04,156.0,37.096,1,260283,660206
31,367.6461073989672,2017.5761239556932,130,6,2.6335,3.04,156.0,37.096,1,260283,660306
31,332.7794983854152,1924.0518278501424,212,10,2.6335,3.04,156.0,37.096,1,260283,660406
31,315.50085697557773,1831.2120184595965,273,18,2.6335,3.04,156.0,37.096,1,260283,660506
31,326.844839789915,1739.1663166150224,320,24,2.6335,3.04,156.0,37.096,1,260283,660606
31,366.21620368611,1648.047783635432,307,32,2.6335,3.04,156.0,37.096,1,260283,660706
31,425.3863216938947,1558.0191004743986,279,23,2.6335,3.04,156.0,37.096,1,260283,660806
29,497.40192680309417,1469.2806191263974,259,22,2.6335,3.04,156.0,37.096,1,260283,660906
27,577.5738205689408,1382.0808797019963,239,18,2.6335,3.04,156.0,37.096,1,260283,661006
26,663.1548534285002,1296.7303414107498,221,14,2.6335,3.04,156.0,37.096,1,260283,661106
25,752.3012701338129,1213.619214841556,174,19,2.6335,3.04,156.0,37.096,1,260283,661206
32,704.7125276006379,1133.2403182600017,135,22,2.6335,3.04,156.0,37.096,1,260283,661306
32,604.8602423202182,1056.2176097885438,110,23,2.6335,3.04,156.0,37.096,1,260283,661406
23,505.06641040764754,982.334343363698,94,27,2.6335,3.04,156.0,37.096,1,260283,661506
20,405.374203797503,908.7136364637636,80,27,2.6335,3.04,156.0,37.096,1,260283,661606
17,305.8830026118691,838.1236019155891,87,31,2.6335,3.04,156.0,37.096,1,260283,661706
29,206.88300430254267,774.0425512080874,63,25,2.6335,3.04,156.0,37.096,1,260283,661806
30,109.5949882064779,717.7084246545442,46,28,2.6335,3.04,156.0,37.096,1,260283,661906
14,30.492376148439575,664.8378994991266,37,36,2.6335,3.04,156.0,37.096,2,260283,662006
14,92.2335118619804,622.2438683152299,21,29,2.6335,3.04,156.0,37.096,2,260283,662106
16,189.1902508401185,590.2613247676292,14,28,2.6335,3.04,156.0,37.096,1,260283,662206
16,225.57473150783525,568.7723068759373,13,20,2.6335,3.04,156.0,37.096,1,260283,662306
14,258.0385449200358,556.2874183235355,14,18,2.6335,3.04,156.0,37.096,2,260283,662406
13,316.2409778740127,558.8679249546116,17,18,2.6335,3.04,156.0,37.096,2,260283,662506
9,332.50667382590586,542.1792771396781,24,42,2.6335,3.04,156.0,37.096,2,260283,662606
9,236.66743863658272,461.6018718333492,33,64,2.6335,3.04,156.0,37.096,2,260283,662706
8,146.19245235983928,388.1512740505966,34,85,2.6335,3.04,156.0,37.096,2,260283,662806
6,63.16723105806127,325.6519596612315,37,89,2.6335,3.04,156.0,37.096,2,260283,662906
8,0.925608523991832,249.1825561961438,27,73,2.6335,3.04,156.0,37.096,2,260283,663006
10,76.89794181416777,149.182605973478,15,54,2.6335,3.04,156.0,37.096,2,260283,663106
8,49.18265575081213,49.18265575081213,11,47,2.6335,3.04,156.0,37.096,2,260283,663206
2,0.0,0.0,5,29,2.6335,3.04,156.0,37.096,2,260283,663306
9,91.74874954219676,91.74874954219676,4,25,2.6335,3.04,156.0,37.096,2,260283,663406
8,191.50205596715776,191.50205596715776,16,30,2.6335,3.04,156.0,37.096,2,260283,663506
9,286.13997955146755,286.13997955146755,37,31,2.6335,3.04,156.0,37.096,2,260283,663606
13,232.34595772331448,232.34595772331448,48,45,2.6335,3.04,156.0,37.096,2,260283,663706
12,205.48358570585032,205.48358570585032,54,52,2.6335,3.04,156.0,37.096,2,260283,663806
12,206.99175097875457,206.99175097875457,90,50,2.6335,3.04,156.0,37.096,2,260283,663906
13,230.74030870022523,230.74030870022523,89,76,2.6335,3.04,156.0,37.096,2,260283,664006
17,262.56820804497414,280.6858824669606,96,90,2.6335,3.04,156.0,37.096,1,260283,664106
12,196.8106924126754,343.5513896039412,88,100,2.6335,3.04,156.0,37.096,2,260283,664206
19,166.84049892928422,411.20822426355767,122,99,2.6335,3.04,156.0,37.096,1,260283,664306
17,189.31647900236,485.2343463407533,169,89,2.6335,3.04,156.0,37.096,1,260283,664406
16,251.13741107475877,558.2003072129307,192,93,2.6335,3.04,156.0,37.096,1,260283,664506
17,331.5693398111115,633.6637669514795,176,127,2.6335,3.04,156.0,37.096,1,260283,664606
19,339.01321438318587,710.7739814247158,166,146,2.6335,3.04,156.0,37.096,1,260283,664706
19,239.31634707117465,786.2711110488219,103,140,2.6335,3.04,156.0,37.096,1,260283,664806
20,140.05237743273733,863.1350387400173,82,119,2.6335,3.04,156.0,37.096,1,260283,664906
17,44.238251249714935,939.427040383386,55,135,2.9116,3.2935,167.3,38.714,1,260283,665006
17,58.33514313724628,1015.8660107832266,57,142,2.9116,3.2935,167.3,38.714,1,260283,665106
17,53.78152968409207,1087.5144760414687,69,163,2.9116,3.2935,167.3,38.714,1,260283,665206
21,134.9292809950297,1160.516314580649,69,189,2.9116,3.2935,167.3,38.714,1,260283,665306
23,231.12304466186785,1237.230145626014,54,234,2.9116,3.2935,167.3,38.714,1,260283,665406
30,329.4738030139148,1313.797900059668,48,284,2.9116,3.2935,167.3,38.714,1,260283,665506
33,428.58851124491434,1392.792024503732,42,275,2.9116,3.2935,167.3,38.714,1,260283,665606
42,528.0371550088234,1474.338605897986,32,273,2.9116,3.2935,167.3,38.714,0,260283,665706
50,627.6610248920132,1558.0369142485774,21,215,2.9116,3.2935,167.3,38.714,0,260283,665806
45,683.4589789841118,1643.5582519281882,30,134,2.9116,3.2935,167.3,38.714,0,260283,665906
48,602.2330112283569,1730.632378294493,33,158,2.9116,3.2935,167.3,38.714,0,260283,666006
53,527.4969418606556,1819.0363190770177,41,152,2.9116,3.2935,167.3,38.714,0,260283,666106
51,462.40831256749016,1908.3722983744865,51,157,2.9116,3.2935,167.3,38.714,0,260283,666206
49,411.5700078852726,1992.9304504534496,41,133,2.9116,3.2935,167.3,38.714,0,260283,666306
60,380.7338903353011,2077.483289774658,41,115,2.9116,3.2935,167.3,38.714,0,260283,666406
61,374.8689359083022,2163.3543071446425,19,61,2.9116,3.2935,167.3,38.714,0,260283,666506
70,395.08877859057515,2250.392609566077,11,56,2.9116,3.2935,167.3,38.714,0,260283,666606
56,381.8027283817309,2338.4678608306685,11,51,2.9116,3.2935,167.3,38.714,0,260283,666706
58,310.77687579065594,2427.4671934109233,17,69,2.9116,3.2935,167.3,38.714,0,260283,666806
61,259.59306632684803,2516.610209739925,18,59,2.9116,3.2935,167.3,38.714,0,260283,666906
74,239.99365343199585,2604.9174131604896,28,60,2.9116,3.2935,167.3,38.714,0,260283,667006
79,259.0573163999589,2693.2246165810548,28,47,2.9116,3.2935,167.3,38.714,0,260283,667106
78,306.9580213466374,2781.8749758361546,40,45,2.9116,3.2935,167.3,38.714,0,260283,667206
71,374.66839208011464,2869.5542151683394,80,65,2.9116,3.2935,167.3,38.714,0,260283,667306
64,454.4552576203231,2957.8026171520087,103,66,2.9116,3.2935,167.3,38.714,0,260283,667406
63,541.0016250748329,3046.191293423302,115,78,2.9116,3.2935,167.3,38.714,0,260283,667506
60,631.5345877214215,3133.842484199203,97,81,2.9116,3.2935,167.3,38.714,0,260283,667606
60,724.5613242806447,3222.1846846372123,77,69,2.9116,3.2935,167.3,38.714,0,260283,667706
60,819.2327445837217,3311.1900531454535,54,62,2.9116,3.2935,167.3,38.714,0,260283,667806
62,915.0385057214988,3400.8065211340927,23,46,2.9116,3.2935,167.3,38.714,0,260283,667906
55,909.7287570834268,3490.987026662653,31,56,2.9116,3.2935,167.3,38.714,0,260283,668006
57,847.5821562434826,3581.688965623024,45,57,2.9116,3.2935,167.3,38.714,0,260283,668106
61,793.2115806644193,3672.873707685102,49,53,2.9116,3.2935,167.3,38.714,0,260283,668206
70,744.0615314771194,3764.506169306047,44,39,2.9116,3.2935,167.3,38.714,0,260283,668306
66,690.3013856622066,3856.5544369141303,35,41,2.9116,3.2935,167.3,38.714,0,260283,668406
70,647.1292947865959,3948.989434149052,23,34,2.9116,3.2935,167.3,38.714,0,260283,668506
68,617.1918793637832,4041.7846277553713,15,29,2.9116,3.2935,167.3,38.714,0,260283,668606
67,601.7872773850486,4134.915767376453,29,30,2.9116,3.2935,167.3,38.714,0,260283,668706
59,600.9197436505206,4228.360655081019,97,33,2.9116,3.2935,167.3,38.714,0,260283,668806
80,615.808210738503,4322.0989409748545,150,24,2.9116,3.2935,167.3,38.714,0,260283,668906
83,646.0146797998524,4416.111941710122,214,28,2.9116,3.2935,167.3,38.714,0,260283,669006
76,689.5289556072719,4510.382479109008,266,38,2.9116,3.2935,167.3,38.714,0,260283,669106
75,743.7011801418477,4604.894736472518,229,44,2.9116,3.2935,167.3,38.714,0,260283,669206
73,806.4812015285149,4699.634130454314,204,48,2.9116,3.2935,167.3,38.714,0,260283,669306
72,876.2034076020118,4794.587196648931,231,44,2.9116,3.2935,167.3,38.714,0,260283,669406
71,951.342679883478,4889.741487278099,241,36,2.9116,3.2935,167.3,38.714,0,260283,669506
74,1030.7149837090649,4985.085479562755,291,29,2.9116,3.2935,167.3,38.714,0,260283,669606
73,1113.3311675035454,5080.608493545453,329,32,2.9116,3.2935,167.3,38.714,0,260283,669706
72,1198.421750269311,5176.300618281842,299,29,2.9116,3.2935,167.3,38.714,0,260283,669806
70,1285.660567374729,5272.152645453634,258,19,2.9116,3.2935,167.3,38.714,0,260283,669906
35,432.1171356399311,2176.786185225718,0,0,2.6335,3.04,156.0,37.096,1,260383,660106
35,351.3730174461204,2080.807563540398,32,2,2.6335,3.04,156.0,37.096,1,260383,660206
35,282.48052910601683,1985.2259661772316,119,6,2.6335,3.04,156.0,37.096,1,260383,660306
35,236.5804514818313,1890.1016261253567,193,12,2.6335,3.04,156.0,37.096,1,260383,660406
35,215.63622056499537,1795.5072200854868,250,19,2.6335,3.04,156.0,37.096,1,260383,660506
35,231.9175244877509,1701.531133325661,300,21,2.6335,3.04,156.0,37.096,1,260383,660606
35,284.2875329196567,1608.281759510411,278,23,2.6335,3.04,156.0,37.096,1,260383,660706
35,356.7254056110534,1515.8932146662896,269,19,2.6335,3.04,156.0,37.096,1,260383,660806
33,439.8134336597088,1424.5329966584463,277,10,2.6335,3.04,156.0,37.096,1,260383,660906
34,528.7898427983612,1334.4123346500091,254,15,2.6335,3.04,156.0,37.096,1,260383,661006
32,621.1292452186485,1245.8002645542676,217,14,2.6335,3.04,156.0,37.096,1,260383,661106
25,715.5308383885774,1159.0428462575826,187,21,2.6335,3.04,156.0,37.096,1,260383,661206
27,706.7709491764385,1074.5893819307323,157,30,2.6335,3.04,156.0,37.096,1,260383,661306
27,607.2572278550145,993.0278747626716,140,28,2.6335,3.04,156.0,37.096,1,260383,661406
20,507.93454988270906,915.1318923264904,132,25,2.6335,3.04,156.0,37.096,1,260383,661506
19,408.9421391186576,841.0386724188822,133,18,2.6335,3.04,156.0,37.096,1,260383,661606
20,310.5959422293483,767.4103431847661,143,14,2.6335,3.04,156.0,37.096,1,260383,661706
23,213.6355149101279,696.8603497601041,100,16,2.6335,3.04,156.0,37.096,1,260383,661806
24,121.36754987955094,634.2752131847328,58,19,2.6335,3.04,156.0,37.096,1,260383,661906
15,60.98307815046124,579.4604144948872,33,23,2.6335,3.04,156.0,37.096,2,260383,662006
13,107.91838618135374,530.1797354362096,16,19,2.6335,3.04,156.0,37.096,2,260383,662106
14,197.80912243831588,495.1856401460351,6,20,2.6335,3.04,156.0,37.096,2,260383,662206
15,294.2966526545035,469.85060033087103,7,17,2.6335,3.04,156.0,37.096,2,260383,662306
15,348.6912223293174,456.5330952296871,17,17,2.6335,3.04,156.0,37.096,2,260383,662406
13,394.9603528652263,459.3871096832345,23,24,2.6335,3.04,156.0,37.096,2,260383,662506
11,322.59825635478643,473.3427963353569,24,49,2.6335,3.04,156.0,37.096,2,260383,662606
9,222.7879612283441,402.1206405458645,29,59,2.6335,3.04,156.0,37.096,2,260383,662706
8,123.18350014051086,321.51779818005923,25,70,2.6335,3.04,156.0,37.096,2,260383,662806
8,25.92454506218935,246.94692547699668,19,78,2.6335,3.04,156.0,37.096,2,260383,662906
5,0.0,184.2402154290651,14,71,2.6335,3.04,156.0,37.096,2,260383,663006
10,16.05740838665347,112.70993546240769,11,52,2.6335,3.04,156.0,37.096,2,260383,663106
11,33.09987283056781,33.09987283056781,9,49,2.6335,3.04,156.0,37.096,2,260383,663206
4,0.0,0.0,18,32,2.6335,3.04,156.0,37.096,2,260383,663306
10,98.76856843500498,98.76856843500498,37,31,2.6335,3.04,156.0,37.096,2,260383,663406
10,198.521874859966,198.521874859966,63,43,2.6335,3.04,156.0,37.096,2,260383,663506
13,298.27518128492704,298.27518128492704,79,53,2.6335,3.04,156.0,37.096,2,260383,663606
16,324.1458789520859,324.1458789520859,78,54,2.6335,3.04,156.0,37.096,1,260383,663706
11,305.1925526228338,305.1925526228338,113,59,2.6335,3.04,156.0,37.096,2,260383,663806
13,305.76694762041615,305.76694762041615,119,63,2.6335,3.04,156.0,37.096,2,260383,663906
12,324.5282773925146,324.5282773925146,130,83,2.6335,3.04,156.0,37.096,2,260383,664006
12,335.8245025158605,364.9594933342776,128,94,2.6335,3.04,156.0,37.096,2,260383,664106
14,286.83764684762883,420.35550489158845,137,93,2.6335,3.04,156.0,37.096,2,260383,664206
14,266.7616664617108,484.77362448427823,128,82,2.6335,3.04,156.0,37.096,2,260383,664306
18,281.6720566688313,552.585534526185,178,81,2.6335,3.04,156.0,37.096,1,260383,664406
19,327.04853557410456,625.8650163490203,199,70,2.6335,3.04,156.0,37.096,1,260383,664506
17,392.4680652830054,699.5420637177574,191,104,2.6335,3.04,156.0,37.096,1,260383,664606
21,359.6690411083271,774.9609161877081,162,133,2.6335,3.04,156.0,37.096,1,260383,664706
19,267.7763499281714,851.0195677783767,124,136,2.6335,3.04,156.0,37.096,1,260383,664806
24,184.5170128468524,927.3628762071398,99,131,2.6335,3.04,156.0,37.096,1,260383,664906
20,128.0190707629003,1003.9324685242824,75,127,2.9116,3.2935,167.3,38.714,1,260383,665006
20,132.61324001863986,1080.4098637088266,53,118,2.9116,3.2935,167.3,38.714,1,260383,665106
15,149.14670788387065,1156.59619251492,58,133,2.9116,3.2935,167.3,38.714,2,260383,665206
20,193.79937669474444,1228.9355732324718,55,162,2.9116,3.2935,167.3,38.714,1,260383,665306
38,269.9475066414696,1301.6885280144115,38,198,2.9116,3.2935,167.3,38.714,0,260383,665406
44,358.0294879987137,1377.8618961174689,27,203,2.9116,3.2935,167.3,38.714,0,260383,665506
36,451.10816021359653,1454.551366611856,23,179,2.9116,3.2935,167.3,38.714,0,260383,665606
36,546.6037702003341,1532.8158335013472,29,200,2.9116,3.2935,167.3,38.714,0,260383,665706
51,643.3778693238999,1613.4835235453884,31,186,2.9116,3.2935,167.3,38.714,0,260383,665806
46,740.9927178012218,1696.2115970811112,52,123,2.9116,3.2935,167.3,38.714,0,260383,665906
51,668.9180167473678,1780.712914366734,71,125,2.9116,3.2935,167.3,38.714,0,260383,666006
52,602.5111924175363,1866.7466846662617,92,136,2.9116,3.2935,167.3,38.714,0,260383,666106
55,546.4322106607289,1954.1105101893525,81,137,2.9116,3.2935,167.3,38.714,0,260383,666206
51,504.13944966322657,2042.6337379355368,61,128,2.9116,3.2935,167.3,38.714,0,260383,666306
56,479.29636819603655,2131.3837457857267,46,101,2.9116,3.2935,167.3,38.714,0,260383,666406
59,474.6508531806093,2215.2580097399855,30,64,2.9116,3.2935,167.3,38.714,0,260383,666506
61,490.77678865676813,2300.333256001292,14,59,2.9116,3.2935,167.3,38.714,0,260383,666606
59,451.6812562684297,2386.566179181681,10,67,2.9116,3.2935,167.3,38.714,0,260383,666706
58,393.4779541355448,2473.835719396539,11,77,2.9116,3.2935,167.3,38.714,0,260383,666806
60,354.1785439251047,2562.0359493009723,15,83,2.9116,3.2935,167.3,38.714,0,260383,666906
69,339.99329482308895,2651.0739794390643,22,72,2.9116,3.2935,167.3,38.714,0,260383,667006
73,353.93269063397304,2740.1483613595674,36,57,2.9116,3.2935,167.3,38.714,0,260383,667106
71,392.10554716565485,2828.4555647801317,43,63,2.9116,3.2935,167.3,38.714,0,260383,667206
64,447.206560803102,2916.7636829048006,79,84,2.9116,3.2935,167.3,38.714,0,260383,667306
63,515.8942577507471,3005.4255121966926,97,76,2.9116,3.2935,167.3,38.714,0,260383,667406
62,593.5487025805465,3093.041758183847,100,97,2.9116,3.2935,167.3,38.714,0,260383,667506
62,677.0917511607315,3181.3619774599015,102,106,2.9116,3.2935,167.3,38.714,0,260383,667606
65,764.5955902598195,3269.5973498452704,80,101,2.9116,3.2935,167.3,38.714,0,260383,667706
68,854.8447776056291,3357.346020888449,71,78,2.9116,3.2935,167.3,38.714,0,260383,667806
72,910.4853281518016,3445.762285781519,55,66,2.9116,3.2935,167.3,38.714,0,260383,667906
59,836.7523749287709,3534.7960558217583,36,66,2.9116,3.2935,167.3,38.714,0,260383,668006
61,768.7285847857704,3624.401824079642,42,76,2.9116,3.2935,167.3,38.714,0,260383,668106
62,708.3309517340948,3714.538195863736,44,74,2.9116,3.2935,167.3,38.714,0,260383,668206
64,657.663924282246,3805.1674647338978,44,50,2.9116,3.2935,167.3,38.714,0,260383,668306
70,604.8677056446426,3896.2552355830303,40,50,2.9116,3.2935,167.3,38.714,0,260383,668406
68,555.446521742786,3987.770089529605,32,43,2.9116,3.2935,167.3,38.714,0,260383,668506
67,520.2598680445772,4079.6832858796447,25,41,2.9116,3.2935,167.3,38.714,0,260383,668606
69,502.2286421831211,4171.968496911801,24,43,2.9116,3.2935,167.3,38.714,0,260383,668706
63,501.19346116865813,4264.601571702015,91,41,2.9116,3.2935,167.3,38.714,0,260383,668806
72,518.9509607103242,4357.560325629706,155,37,2.9116,3.2935,167.3,38.714,0,260383,668906
80,554.459478885624,4450.824352593669,235,48,2.9116,3.2935,167.3,38.714,0,260383,669006
78,604.4501935483864,4544.374857313119,270,50,2.9116,3.2935,167.3,38.714,0,260383,669106
77,665.342407753468,4638.194505399532,259,57,2.9116,3.2935,167.3,38.714,0,260383,669206
77,734.8476050377263,4732.267289160364,244,59,2.9116,3.2935,167.3,38.714,0,260383,669306
74,810.7536529083186,4826.578407339506,268,57,2.9116,3.2935,167.3,38.714,0,260383,669406
73,891.426928457225,4921.114157214273,256,50,2.9116,3.2935,167.3,38.714,0,260383,669506
75,975.4337271978592,5015.861837657963,280,41,2.9116,3.2935,167.3,38.714,0,260383,669606
74,1062.1578786314485,5110.809661943233,288,42,2.9116,3.2935,167.3,38.714,0,260383,669706
74,1151.0376892711247,5205.946679207451,269,34,2.9116,3.2935,167.3,38.714,0,260383,669806
72,1241.610311291897,5301.262703629189,249,26,2.9116,3.2935,167.3,38.714,0,260383,669906
35,388.204140918121,2150.916416801966,0,0,2.6335,3.04,156.0,37.096,1,260483,660106
35,295.89273967862624,2054.0768862725813,26,2,2.6335,3.04,156.0,37.096,1,260483,660206
35,210.7191774923919,1957.4433466051296,101,7,2.6335,3.04,156.0,37.096,1,260483,660306
35,144.08015233626418,1860.91184044542,150,15,2.6335,3.04,156.0,37.096,1,260483,660406
35,116.00503647164066,1764.7534950262475,211,17,2.6335,3.04,156.0,37.096,1,260483,660506
35,143.82378128400111,1669.046709503587,255,17,2.6335,3.04,156.0,37.096,1,260483,660606
35,217.0192462186489,1573.8738636886203,256,14,2.6335,3.04,156.0,37.096,1,260483,660706
35,305.41806536038933,1479.3380138087243,258,15,2.6335,3.04,156.0,37.096,1,260483,660806
36,399.32823099257024,1385.5695505448064,259,13,2.6335,3.04,156.0,37.096,0,260483,660906
37,495.61801071467784,1292.735471662448,235,16,2.6335,3.04,156.0,37.096,0,260483,661006
32,592.9180723415678,1201.0524634634935,191,24,2.6335,3.04,156.0,37.096,1,260483,661106
22,690.9845551684014,1110.8055816789551,174,27,2.6335,3.04,156.0,37.096,1,260483,661206
16,722.7936099899111,1022.3752053852426,166,34,2.6335,3.04,156.0,37.096,1,260483,661306
22,625.7859638306727,936.2761776761768,184,30,2.6335,3.04,156.0,37.096,1,260483,661406
18,529.8094199429959,853.2145692504946,185,31,2.6335,3.04,156.0,37.096,1,260483,661506
17,435.6466118233718,774.1686647486464,198,24,2.6335,3.04,156.0,37.096,1,260483,661606
18,344.78677371098996,699.7430014740663,198,18,2.6335,3.04,156.0,37.096,1,260483,661706
21,260.70647912716555,626.1146722399502,150,13,2.6335,3.04,156.0,37.096,1,260483,661806
20,192.50407058483984,555.6775342296899,81,14,2.6335,3.04,156.0,37.096,1,260483,661906
19,160.75585538833585,495.4410436349293,34,12,2.6335,3.04,156.0,37.096,1,260483,662006
15,184.53272712000205,441.5808782980954,11,14,2.6335,3.04,156.0,37.096,2,260483,662106
15,248.5693858155516,400.2125896707227,8,13,2.6335,3.04,156.0,37.096,2,260483,662206
15,330.5583313252736,371.44590811064165,13,12,2.6335,3.04,156.0,37.096,2,260483,662306
15,356.9162959223533,356.9162959223533,20,24,2.6335,3.04,156.0,37.096,2,260483,662406
13,359.9062944118573,359.9062944118573,25,36,2.6335,3.04,156.0,37.096,2,260483,662506
9,341.80854082703644,376.6206947227877,26,49,2.6335,3.04,156.0,37.096,2,260483,662606
8,249.44449820325133,343.17581389782373,27,55,2.6335,3.04,156.0,37.096,2,260483,662706
6,156.27217610171255,261.37871282424885,20,62,2.6335,3.04,156.0,37.096,2,260483,662806
9,77.54992317194488,181.73100189568015,15,66,2.6335,3.04,156.0,37.096,2,260483,662906
8,35.30168456150992,106.26532094479823,9,76,2.6335,3.04,156.0,37.096,2,260483,663006
8,42.828471196898725,42.828471196898725,10,73,2.6335,3.04,156.0,37.096,2,260483,663106
5,0.0,0.0,20,95,2.6335,3.04,156.0,37.096,0,260483,663206
6,40.413034909296265,40.413034909296265,34,74,2.6335,3.04,156.0,37.096,2,260483,663306
7,129.63167480441714,129.63167480441714,72,59,2.6335,3.04,156.0,37.096,2,260483,663406
11,220.13230147913265,220.13230147913265,79,64,2.6335,3.04,156.0,37.096,2,260483,663506
14,313.62192031657776,313.62192031657776,95,62,2.6335,3.04,156.0,37.096,2,260483,663606
15,410.1940853445061,410.1940853445061,109,70,2.6335,3.04,156.0,37.096,2,260483,663706
12,404.9015195398171,404.9015195398171,133,71,2.6335,3.04,156.0,37.096,2,260483,663806
11,404.8534682256559,404.8534682256559,154,78,2.6335,3.04,156.0,37.096,2,260483,663906
10,421.184182508829,421.184182508829,178,99,2.6335,3.04,156.0,37.096,2,260483,664006
13,420.0851131650782,454.2540582100436,175,89,2.6335,3.04,156.0,37.096,2,260483,664106
15,381.6666686644873,502.08135782065176,184,99,2.6335,3.04,156.0,37.096,2,260483,664206
13,366.7258121592828,560.8103545836327,162,83,2.6335,3.04,156.0,37.096,2,260483,664306
16,377.9058857439964,625.9958593646152,165,66,2.6335,3.04,156.0,37.096,1,260483,664406
16,412.9001179940293,693.9779685180293,172,68,2.6335,3.04,156.0,37.096,1,260483,664506
16,466.8210874058919,766.7865847224901,169,90,2.6335,3.04,156.0,37.096,1,260483,664606
20,404.7143174353325,840.9105867144186,164,122,2.6335,3.04,156.0,37.096,1,260483,664706
22,325.78525624438265,915.9590450099332,121,140,2.6335,3.04,156.0,37.096,1,260483,664806
22,261.68375500838613,991.5991916157698,104,130,2.6335,3.04,156.0,37.096,1,260483,664906
21,225.4345627546052,1068.473098490603,78,104,2.9116,3.2935,167.3,38.714,1,260483,665006
24,227.52923753144287,1144.729898308547,65,100,2.9116,3.2935,167.3,38.714,1,260483,665106
24,248.18748560318753,1221.3953690944409,55,114,2.9116,3.2935,167.3,38.714,1,260483,665206
25,277.3273984746318,1297.4766869641217,44,121,2.9116,3.2935,167.3,38.714,1,260483,665306
32,334.9984236968616,1370.35672389079,26,144,2.9116,3.2935,167.3,38.714,1,260483,665406
49,409.3133296315389,1442.9095368458825,12,176,2.9116,3.2935,167.3,38.714,0,260483,665506
58,492.79900542587507,1518.584311893449,21,184,2.9116,3.2935,167.3,38.714,0,260483,665606
49,581.518974482696,1595.4229639890618,28,179,2.9116,3.2935,167.3,38.714,0,260483,665706
50,673.407585061292,1673.074754858149,44,169,2.9116,3.2935,167.3,38.714,0,260483,665806
49,767.3273314256153,1752.992822764448,90,106,2.9116,3.2935,167.3,38.714,0,260483,665906
60,743.1137372201441,1834.8810691659771,113,91,2.9116,3.2935,167.3,38.714,0,260483,666006
61,683.9491576897066,1918.487226776267,150,93,2.9116,3.2935,167.3,38.714,0,260483,666106
55,635.1022548878478,2003.5962518989957,152,114,2.9116,3.2935,167.3,38.714,0,260483,666206
51,599.1020764634342,2090.024555344677,100,110,2.9116,3.2935,167.3,38.714,0,260483,666306
57,578.3525930450803,2177.6150585591863,62,91,2.9116,3.2935,167.3,38.714,0,260483,666406
59,574.5086124168531,2266.2330075664636,41,54,2.9116,3.2935,167.3,38.714,0,260483,666506
64,587.9018367043155,2353.465376873301,20,63,2.9116,3.2935,167.3,38.714,0,260483,666606
62,531.2801437365413,2437.819582965428,12,68,2.9116,3.2935,167.3,38.714,0,260483,666706
59,482.77068495838375,2523.317133861314,6,80,2.9116,3.2935,167.3,38.714,0,260483,666806
60,451.0442636969571,2609.845665357708,13,90,2.9116,3.2935,167.3,38.714,0,260483,666906
66,439.99309922052504,2697.305958903209,28,93,2.9116,3.2935,167.3,38.714,0,260483,667006
69,451.0035167277938,2785.6102517909976,41,76,2.9116,3.2935,167.3,38.714,0,260483,667106
74,482.22192822036345,2874.6807672907694,52,76,2.9116,3.2935,167.3,38.714,0,260483,667206
68,528.7437446677025,2963.6865129792095,73,97,2.9116,3.2935,167.3,38.714,0,260483,667306
62,588.0171674208453,3051.9937163997743,81,99,2.9116,3.2935,167.3,38.714,0,260483,667406
60,657.2042044421888,3140.3107319991623,85,116,2.9116,3.2935,167.3,38.714,0,260483,667506
61,733.5329191599693,3228.799844128061,93,103,2.9116,3.2935,167.3,38.714,0,260483,667606
64,814.9992151199913,3316.545377640364,93,88,2.9116,3.2935,167.3,38.714,0,260483,667706
75,900.2093633155888,3404.921337767795,75,94,2.9116,3.2935,167.3,38.714,0,260483,667806
71,848.1545186235963,3493.003072721292,61,88,2.9116,3.2935,167.3,38.714,0,260483,667906
65,769.4589749283434,3580.8624508879375,48,79,2.9116,3.2935,167.3,38.714,0,260483,668006
66,695.3357193119849,3669.343445129925,47,77,2.9116,3.2935,167.3,38.714,0,260483,668106
70,627.9178789212094,3758.402153103992,54,80,2.9116,3.2935,167.3,38.714,0,260483,668206
75,570.1490706707376,3847.9984629149094,55,76,2.9116,3.2935,167.3,38.714,0,260483,668306
76,524.608310662789,3938.0956815108343,50,66,2.9116,3.2935,167.3,38.714,0,260483,668406
78,467.014261066567,4028.6602019620696,39,61,2.9116,3.2935,167.3,38.714,0,260483,668506
79,424.752686445799,4119.661205610461,31,66,2.9116,3.2935,167.3,38.714,0,260483,668606
76,402.8886829332558,4211.0703954161845,37,64,2.9116,3.2935,167.3,38.714,0,260483,668706
74,401.6033275851074,4302.861757166897,61,52,2.9116,3.2935,167.3,38.714,0,260483,668806
75,423.5568991663108,4395.011345540325,124,49,2.9116,3.2935,167.3,38.714,0,260483,668906
77,466.38574263728265,4487.4970923184965,185,52,2.9116,3.2935,167.3,38.714,0,260483,669006
76,524.3559007882784,4580.298634336602,239,62,2.9116,3.2935,167.3,38.714,0,260483,669106
75,593.5230355815916,4673.39715901019,268,57,2.9116,3.2935,167.3,38.714,0,260483,669206
75,670.51478495294,4766.775265521052,269,60,2.9116,3.2935,167.3,38.714,0,260483,669306
76,752.8128723604937,4860.416839955405,258,49,2.9116,3.2935,167.3,38.714,0,260483,669406
75,838.7106913444039,4954.3069428791805,230,50,2.9116,3.2935,167.3,38.714,0,260483,669506
73,927.4395003228832,5048.431708005926,216,43,2.9116,3.2935,167.3,38.714,0,260483,669606
75,1018.2595100183992,5142.778250764699,217,40,2.9116,3.2935,167.3,38.714,0,260483,669706
73,1110.6578378270517,5237.334585710291,206,43,2.9116,3.2935,167.3,38.714,0,260483,669806
72,1204.2712467340623,5332.089551837626,228,38,2.9116,3.2935,167.3,38.714,0,260483,669906
35,366.9873174079646,2128.7531527828314,0,0,2.6335,3.04,156.0,37.096,1,260583,660106
35,267.4504617809456,2030.857062457597,18,4,2.6335,3.04,156.0,37.096,1,260583,660206
35,168.46307570321733,1933.17635791072,66,6,2.6335,3.04,156.0,37.096,1,260583,660306
35,72.31781415346306,1835.745421739085,113,16,2.6335,3.04,156.0,37.096,1,260583,660406
35,17.370277900257474,1738.606245268625,158,16,2.6335,3.04,156.0,37.096,1,260583,660506
35,83.31307816191001,1641.80988821531,206,17,2.6335,3.04,156.0,37.096,1,260583,660606
35,181.3052333821549,1545.1820169983728,208,13,2.6335,3.04,156.0,37.096,1,260583,660706
35,280.6766869973181,1448.7752344403823,235,14,2.6335,3.04,156.0,37.096,1,260583,660806
35,380.37773015230954,1352.8901286598184,233,14,2.6335,3.04,156.0,37.096,1,260583,660906
35,480.20311594975726,1257.6461030522755,243,18,2.6335,3.04,156.0,37.096,1,260583,661006
25,580.0886548967225,1163.2006451253242,221,29,2.6335,3.04,156.0,37.096,1,260583,661106
22,680.0078400370995,1069.765283189432,213,39,2.6335,3.04,156.0,37.096,1,260583,661206
19,751.5622786054406,977.6296749867817,213,39,2.6335,3.04,156.0,37.096,1,260583,661306
17,658.7380416792791,887.1988512797768,208,43,2.6335,3.04,156.0,37.096,1,260583,661406
19,568.3535488481633,799.0518268607804,254,38,2.6335,3.04,156.0,37.096,1,260583,661506
19,481.7838783325479,714.0349027232112,256,27,2.6335,3.04,156.0,37.096,1,260583,661606
18,401.5042395218276,633.409711485655,230,28,2.6335,3.04,156.0,37.096,1,260583,661706
19,332.1078187680184,558.4473305292504,167,26,2.6335,3.04,156.0,37.096,1,260583,661806
17,281.6014112213833,484.8190012951344,95,18,2.6335,3.04,156.0,37.096,1,260583,661906
18,260.7028083135389,414.6573248206304,25,12,2.6335,3.04,156.0,37.096,1,260583,662006
17,276.0539415528628,357.1930334752725,7,16,2.6335,3.04,156.0,37.096,1,260583,662106
17,306.71614130220746,306.71614130220746,7,20,2.6335,3.04,156.0,37.096,1,260583,662206
15,274.1979917377196,274.1979917377196,14,29,2.6335,3.04,156.0,37.096,2,260583,662306
14,257.59661789291255,257.59661789291255,19,36,2.6335,3.04,156.0,37.096,2,260583,662406
11,260.42547914048015,260.42547914048015,23,37,2.6335,3.04,156.0,37.096,2,260583,662506
10,278.16636996936535,278.16636996936535,23,38,2.6335,3.04,156.0,37.096,2,260583,662606
8,250.52810643754304,286.2934821169958,22,48,2.6335,3.04,156.0,37.096,2,260583,662706
9,158.68847777963023,204.04750755789777,16,59,2.6335,3.04,156.0,37.096,2,260583,662806
9,84.38462981543971,121.80153299879966,9,66,2.6335,3.04,156.0,37.096,2,260583,662906
8,45.46080937011401,45.46080937011401,9,73,2.6335,3.04,156.0,37.096,2,260583,663006
7,0.0,0.0,16,106,2.6335,3.04,156.0,37.096,0,260583,663106
8,35.74048600072354,35.74048600072354,31,110,2.6335,3.04,156.0,37.096,2,260583,663206
7,109.93536040647189,109.93536040647189,59,106,2.6335,3.04,156.0,37.096,2,260583,663306
9,181.6969881963414,181.6969881963414,89,89,2.6335,3.04,156.0,37.096,2,260583,663406
10,263.13077558714053,263.13077558714053,100,84,2.6335,3.04,156.0,37.096,2,260583,663506
9,353.1728808368526,353.1728808368526,117,64,2.6335,3.04,156.0,37.096,2,260583,663606
11,443.672492153776,443.672492153776,122,73,2.6335,3.04,156.0,37.096,2,260583,663706
12,504.6104864568006,504.6104864568006,146,86,2.6335,3.04,156.0,37.096,2,260583,663806
10,504.30073885686306,504.30073885686306,174,87,2.6335,3.04,156.0,37.096,2,260583,663906
13,519.1084938275507,519.1084938275507,185,78,2.6335,3.04,156.0,37.096,2,260583,664006
11,509.9440623547968,546.2822184261275,179,86,2.6335,3.04,156.0,37.096,2,260583,664106
14,478.60532413441666,588.5001574750587,186,74,2.6335,3.04,156.0,37.096,2,260583,664206
16,466.70532021216786,641.0716398282576,203,72,2.6335,3.04,156.0,37.096,1,260583,664306
15,475.5406324284088,701.4866767318091,174,71,2.6335,3.04,156.0,37.096,2,260583,664406
18,503.9691714040469,767.218094244952,181,88,2.6335,3.04,156.0,37.096,1,260583,664506
18,543.9514536182799,835.3801940489325,203,118,2.6335,3.04,156.0,37.096,1,260583,664606
20,467.14616378871256,907.8635989680398,164,108,2.6335,3.04,156.0,37.096,1,260583,664706
21,400.7092372176883,982.2943198381412,129,115,2.6335,3.04,156.0,37.096,1,260583,664806
23,350.58557762784915,1056.7651054389512,110,116,2.6335,3.04,156.0,37.096,1,260583,664906
20,324.132024158333,1132.3884531751469,104,106,2.9116,3.2935,167.3,38.714,1,260583,665006
25,325.5039729942449,1209.5833207740664,86,115,2.9116,3.2935,167.3,38.714,1,260583,665106
28,347.77768120951663,1285.527328092812,84,129,2.9116,3.2935,167.3,38.714,1,260583,665206
33,369.137878687819,1362.3808744800554,73,120,2.9116,3.2935,167.3,38.714,1,260583,665306
36,414.21761360040904,1438.4468115635964,56,104,2.9116,3.2935,167.3,38.714,0,260583,665406
48,476.32939165192465,1511.7779130114225,46,177,2.9116,3.2935,167.3,38.714,0,260583,665506
57,549.7300676569978,1584.1662914849796,40,178,2.9116,3.2935,167.3,38.714,0,260583,665606
50,630.4891793051188,1659.4255692514123,34,173,2.9116,3.2935,167.3,38.714,0,260583,665706
44,716.1215421669125,1736.3839408192152,63,135,2.9116,3.2935,167.3,38.714,0,260583,665806
49,805.0736122182815,1813.514237952071,119,92,2.9116,3.2935,167.3,38.714,0,260583,665906
63,822.7908238193636,1892.7859341655335,163,56,2.9116,3.2935,167.3,38.714,0,260583,666006
70,769.7747486248926,1973.9410563375252,199,48,2.9116,3.2935,167.3,38.714,0,260583,666106
60,726.7197447982863,2056.756668936536,210,71,2.9116,3.2935,167.3,38.714,0,260583,666206
52,695.4782608671935,2141.040096900319,154,82,2.9116,3.2935,167.3,38.714,0,260583,666306
61,677.6860889807506,2226.6246647908447,72,71,2.9116,3.2935,167.3,38.714,0,260583,666406
59,674.4085253443906,2313.3659674108967,49,70,2.9116,3.2935,167.3,38.714,0,260583,666506
61,670.590994471851,2401.1386466622384,22,78,2.9116,3.2935,167.3,38.714,0,260583,666606
60,616.8478134785055,2489.8336293445345,13,90,2.9116,3.2935,167.3,38.714,0,260583,666706
57,575.5372699654605,2575.732041481404,8,105,2.9116,3.2935,167.3,38.714,0,260583,666806
56,549.0349849062017,2660.5564433896725,18,90,2.9116,3.2935,167.3,38.714,0,260583,666906
66,539.9929760642315,2746.402306183609,27,84,2.9116,3.2935,167.3,38.714,0,260583,667006
69,549.0285563505272,2833.176779934318,33,88,2.9116,3.2935,167.3,38.714,0,260583,667106
75,575.0614266107757,2920.797101016661,40,73,2.9116,3.2935,167.3,38.714,0,260583,667206
72,615.6895820706501,3009.1893832485316,47,76,2.9116,3.2935,167.3,38.714,0,260583,667306
62,667.3690831789218,3098.287556571214,54,83,2.9116,3.2935,167.3,38.714,0,260583,667406
59,729.0642429429181,3187.2246645988516,63,106,2.9116,3.2935,167.3,38.714,0,260583,667506
61,798.5535971322064,3275.531868019417,87,93,2.9116,3.2935,167.3,38.714,0,260583,667606
64,873.9799909881473,3363.865723406012,81,93,2.9116,3.2935,167.3,38.714,0,260583,667706
76,881.5030433908909,3452.204275172608,64,101,2.9116,3.2935,167.3,38.714,0,260583,667806
66,793.567036956271,3540.0620285563223,57,104,2.9116,3.2935,167.3,38.714,0,260583,667906
69,708.8368421433158,3628.480698075689,48,88,2.9116,3.2935,167.3,38.714,0,260583,668006
74,628.6101299023588,3716.432974539438,50,88,2.9116,3.2935,167.3,38.714,0,260583,668106
82,553.9214638857143,3804.3895016655215,55,87,2.9116,3.2935,167.3,38.714,0,260583,668206
87,487.4608581938532,3892.927549611168,55,71,2.9116,3.2935,167.3,38.714,0,260583,668306
88,434.05896879212514,3982.008329054623,48,70,2.9116,3.2935,167.3,38.714,0,260583,668406
92,383.9938258933377,4071.5962175538934,42,73,2.9116,3.2935,167.3,38.714,0,260583,668506
95,331.90263480136093,4161.658465676628,32,65,2.9116,3.2935,167.3,38.714,0,260583,668606
93,303.8144651522961,4252.164932252361,38,63,2.9116,3.2935,167.3,38.714,0,260583,668706
85,302.283939263473,4343.08784590129,51,56,2.9116,3.2935,167.3,38.714,0,260583,668806
82,330.89393170711406,4434.401590220972,96,56,2.9116,3.2935,167.3,38.714,0,260583,668906
78,383.6895904605595,4526.082510239187,137,69,2.9116,3.2935,167.3,38.714,0,260583,669006
79,452.25897990232545,4618.108737961012,177,78,2.9116,3.2935,167.3,38.714,0,260583,669106
78,530.9036334183373,4710.460035046537,229,82,2.9116,3.2935,167.3,38.714,0,260583,669206
77,615.379467005487,4803.117650850269,234,78,2.9116,3.2935,167.3,38.714,0,260583,669306
77,703.8467811929727,4896.06419423277,216,59,2.9116,3.2935,167.3,38.714,0,260583,669406
75,795.0526362320041,4989.283517719449,182,53,2.9116,3.2935,167.3,38.714,0,260583,669506
73,888.1537577262231,5082.76061273062,173,41,2.9116,3.2935,167.3,38.714,0,260583,669606
70,982.6115714497574,5176.481514741892,151,52,2.9116,3.2935,167.3,38.714,0,260583,669706
70,1078.069526204462,5270.43321735541,144,50,2.9116,3.2935,167.3,38.714,0,260583,669806
68,1174.2837418249749,5364.603594371357,172,44,2.9116,3.2935,167.3,38.714,0,260583,669906
32,371.4131917518941,2111.098893680133,0,0,2.6335,3.04,156.0,37.096,1,260683,660106
33,273.4956935287775,2012.344145902618,8,0,2.6335,3.04,156.0,37.096,1,260683,660206
33,177.3537743286908,1913.7187317366136,47,7,2.6335,3.04,156.0,37.096,1,260683,660306
33,89.86842345908505,1815.2437320786012,92,10,2.6335,3.04,156.0,37.096,1,260683,660406
33,58.917151876444464,1716.9450280954552,120,17,2.6335,3.04,156.0,37.096,1,260683,660506
33,106.42561334340029,1618.8547347284618,170,13,2.6335,3.04,156.0,37.096,1,260683,660606
34,193.97467797142397,1521.0131737772076,209,12,2.6335,3.04,156.0,37.096,1,260683,660706
34,289.3620736282463,1423.471635634117,231,14,2.6335,3.04,156.0,37.096,1,260683,660806
35,386.8310026697335,1326.2963168560502,226,19,2.6335,3.04,156.0,37.096,1,260683,660906
30,485.3308558071537,1229.5485586085538,242,21,2.6335,3.04,156.0,37.096,1,260683,661006
26,584.3405296319407,1132.9362125239943,236,32,2.6335,3.04,156.0,37.096,1,260683,661106
25,683.6385518258678,1036.7769682750525,226,42,2.6335,3.04,156.0,37.096,1,260683,661206
21,783.1152434441578,941.4183460306072,241,50,2.6335,3.04,156.0,37.096,1,260683,661306
18,704.4597522807243,847.1307588208558,254,44,2.6335,3.04,156.0,37.096,1,260683,661406
20,620.7684685261238,754.3159436454953,270,44,2.6335,3.04,156.0,37.096,1,260683,661506
20,542.6264280783963,663.5921662702093,277,48,2.6335,3.04,156.0,37.096,1,260683,661606
19,472.7931782312101,575.9484208091765,238,45,2.6335,3.04,156.0,37.096,1,260683,661706
15,415.4796484965523,493.0300231527277,161,45,2.6335,3.04,156.0,37.096,2,260683,661806
15,376.0623140156494,417.15165958443464,95,27,2.6335,3.04,156.0,37.096,2,260683,661906
17,343.52333035031864,343.52333035031864,22,24,2.6335,3.04,156.0,37.096,1,260683,662006
18,274.05085660733744,274.05085660733744,10,23,2.6335,3.04,156.0,37.096,1,260683,662106
18,218.94502331561563,218.94502331561563,13,22,2.6335,3.04,156.0,37.096,1,260683,662206
19,178.95962552025367,178.95962552025367,17,32,2.6335,3.04,156.0,37.096,1,260683,662306
14,158.6111590584761,158.6111590584761,16,42,2.6335,3.04,156.0,37.096,2,260683,662406
13,160.94466386910298,160.94466386910298,20,31,2.6335,3.04,156.0,37.096,2,260683,662506
11,178.7066029033485,178.7066029033485,20,37,2.6335,3.04,156.0,37.096,2,260683,662606
10,203.3481291445821,203.3481291445821,15,37,2.6335,3.04,156.0,37.096,2,260683,662706
9,128.47692816460662,147.23153852101262,8,36,2.6335,3.04,156.0,37.096,2,260683,662806
9,31.294748121268498,64.91920121797169,4,55,2.6335,3.04,156.0,37.096,2,260683,662906
7,0.0,0.0,8,86,2.6335,3.04,156.0,37.096,0,260683,663006
8,33.545531122044736,33.545531122044736,22,123,2.6335,3.04,156.0,37.096,2,260683,663106
8,31.246965290962592,102.78614665012896,41,126,2.6335,3.04,156.0,37.096,2,260683,663206
11,82.15699792750742,176.98102105587728,58,125,2.6335,3.04,156.0,37.096,2,260683,663306
9,174.79503359961285,251.17589546162563,90,108,2.6335,3.04,156.0,37.096,2,260683,663406
10,272.66399666156366,323.1011879406556,116,89,2.6335,3.04,156.0,37.096,2,260683,663506
11,371.59016901493027,400.7722385471972,115,65,2.6335,3.04,156.0,37.096,2,260683,663606
13,470.9701183107392,486.66456284755344,112,72,2.6335,3.04,156.0,37.096,2,260683,663706
13,570.566780468964,576.714086869288,104,81,2.6335,3.04,156.0,37.096,2,260683,663806
13,603.9305752226938,603.9305752226938,139,66,2.6335,3.04,156.0,37.096,2,260683,663906
13,617.6960503142277,617.6960503142277,148,66,2.6335,3.04,156.0,37.096,2,260683,664006
10,602.8569955232132,640.7041243326353,151,63,2.6335,3.04,156.0,37.096,2,260683,664106
12,576.5905536948837,677.8291884697147,163,67,2.6335,3.04,156.0,37.096,2,260683,664206
13,566.6920596980327,724.7224940930049,182,59,2.6335,3.04,156.0,37.096,2,260683,664306
14,573.9903550590964,780.5347324904268,148,65,2.6335,3.04,156.0,37.096,2,260683,664406
17,597.8991085558498,842.2126889074117,159,99,2.6335,3.04,156.0,37.096,1,260683,664506
18,608.5351620890967,908.440329125289,192,115,2.6335,3.04,156.0,37.096,1,260683,664606
20,540.9781862033572,976.7879587863752,173,107,2.6335,3.04,156.0,37.096,1,260683,664706
24,484.76773035851426,1049.0333465395763,159,109,2.6335,3.04,156.0,37.096,1,260683,664806
26,444.2320416696843,1123.6875218334346,134,132,2.6335,3.04,156.0,37.096,1,260683,664906
25,423.3731824152028,1197.7161617058052,112,146,2.9116,3.2935,167.3,38.714,1,260683,665006
27,424.42445610312853,1273.3178161620745,112,158,2.9116,3.2935,167.3,38.714,1,260683,665106
28,447.55067096911375,1350.6935430575295,120,150,2.9116,3.2935,167.3,38.714,1,260683,665206
33,464.34368846747424,1426.335931013638,126,126,2.9116,3.2935,167.3,38.714,1,260683,665306
40,500.9276584041388,1503.35830068983,111,89,2.9116,3.2935,167.3,38.714,0,260683,665406
47,553.3913415377299,1579.424077798075,96,91,2.9116,3.2935,167.3,38.714,0,260683,665506
50,617.7017361345224,1653.199130723715,84,121,2.9116,3.2935,167.3,38.714,0,260683,665606
47,690.556943892593,1725.4500127890542,56,108,2.9116,3.2935,167.3,38.714,0,260683,665706
45,769.533852857009,1800.3577776213951,85,90,2.9116,3.2935,167.3,38.714,0,260683,665806
54,852.9336484320615,1877.4141647079616,144,82,2.9116,3.2935,167.3,38.714,0,260683,665906
66,906.5050761454148,1954.0953526289616,194,46,2.9116,3.2935,167.3,38.714,0,260683,666006
75,858.6733237597255,2032.8043064904496,233,48,2.9116,3.2935,167.3,38.714,0,260683,666106
64,820.2976903513406,2113.314470164374,232,68,2.9116,3.2935,167.3,38.714,0,260683,666206
58,792.7526251327798,2195.427692074176,176,87,2.9116,3.2935,167.3,38.714,0,260683,666306
67,777.1905483947186,2278.970700216691,108,76,2.9116,3.2935,167.3,38.714,0,260683,666406
60,774.3342768941932,2363.7919015357857,39,83,2.9116,3.2935,167.3,38.714,0,260683,666506
59,753.6145670906575,2449.7585299547745,21,77,2.9116,3.2935,167.3,38.714,0,260683,666606
58,706.2179966962794,2536.7541379499494,12,79,2.9116,3.2935,167.3,38.714,0,260683,666706
55,670.2871787079204,2624.6764100982437,8,84,2.9116,3.2935,167.3,38.714,0,260683,666806
59,647.6402562287,2713.435268998731,21,85,2.9116,3.2935,167.3,38.714,0,260683,666906
64,639.9928913946846,2798.2122540805462,29,67,2.9116,3.2935,167.3,38.714,0,260683,667006
67,647.6577331244109,2883.427969940445,36,68,2.9116,3.2935,167.3,38.714,0,260683,667106
74,669.965148865727,2969.5659441715075,36,67,2.9116,3.2935,167.3,38.714,0,260683,667206
67,705.6664911956392,3056.548206021224,30,52,2.9116,3.2935,167.3,38.714,0,260683,667306
56,751.5962006805773,3144.3046885885446,27,49,2.9116,3.2935,167.3,38.714,0,260683,667406
60,806.9398827294202,3232.7723417568777,31,77,2.9116,3.2935,167.3,38.714,0,260683,667506
58,870.2328145354128,3321.8943469918777,43,73,2.9116,3.2935,167.3,38.714,0,260683,667606
64,935.2695566269553,3410.762816218494,60,80,2.9116,3.2935,167.3,38.714,0,260683,667706
71,841.0886815249233,3499.070019639059,53,97,2.9116,3.2935,167.3,38.714,0,260683,667806
67,748.4191317874539,3587.4271723203788,56,90,2.9116,3.2935,167.3,38.714,0,260683,667906
71,657.8998582319645,3675.633317075939,50,79,2.9116,3.2935,167.3,38.714,0,260683,668006
85,570.555212137959,3763.589389147672,53,77,2.9116,3.2935,167.3,38.714,0,260683,668106
93,488.09248788927687,3852.040058383582,54,76,2.9116,3.2935,167.3,38.714,0,260683,668206
96,412.5120771025619,3939.8829478104703,49,62,2.9116,3.2935,167.3,38.714,0,260683,668306
97,347.7863048960742,4027.925405042464,43,66,2.9116,3.2935,167.3,38.714,0,260683,668406
103,302.89340367703664,4116.514119339964,35,59,2.9116,3.2935,167.3,38.714,0,260683,668506
109,244.31258058466943,4205.614571125611,28,53,2.9116,3.2935,167.3,38.714,0,260683,668606
101,205.0691715369464,4295.194913738239,38,55,2.9116,3.2935,167.3,38.714,0,260683,668706
97,203.63184217075417,4385.225737991331,56,52,2.9116,3.2935,167.3,38.714,0,260683,668806
94,243.89812005035367,4475.679858890758,62,67,2.9116,3.2935,167.3,38.714,0,260683,668906
89,311.13787303797807,4566.532122455636,105,67,2.9116,3.2935,167.3,38.714,0,260683,669006
81,392.36227271299464,4657.7592307415325,144,74,2.9116,3.2935,167.3,38.714,0,260683,669106
76,480.2671715121256,4749.339583320689,172,78,2.9116,3.2935,167.3,38.714,0,260683,669206
78,572.1581590924039,4841.253133625169,174,82,2.9116,3.2935,167.3,38.714,0,260683,669306
78,666.388296715781,4933.4812587030565,169,60,2.9116,3.2935,167.3,38.714,0,260683,669406
76,762.0903916094934,5026.006641073315,164,50,2.9116,3.2935,167.3,38.714,0,260683,669506
74,858.7724774160279,5118.813161490841,133,47,2.9116,3.2935,167.3,38.714,0,260683,669606
72,956.1373180411972,5211.885801549246,106,56,2.9116,3.2935,167.3,38.714,0,260683,669706
70,1053.9957181766747,5305.21055515513,103,54,2.9116,3.2935,167.3,38.714,0,260683,669806
67,1107.8354919969777,5398.774348004201,126,44,2.9116,3.2935,167.3,38.714,0,260683,669906
28,400.2983997388672,2098.0674661011544,0,0,2.6335,3.04,156.0,37.096,1,260783,660106
28,311.2768473936715,1998.668935807823,9,0,2.6335,3.04,156.0,37.096,1,260783,660206
28,230.914963604681,1899.3335509104843,34,6,2.6335,3.04,156.0,37.096,1,260783,660306
28,170.92704045915892,1800.0717653097292,83,7,2.6335,3.04,156.0,37.096,1,260783,660406
28,156.64576899819969,1700.8964644905168,128,7,2.6335,3.04,156.0,37.096,1,260783,660506
29,185.72845900669753,1601.8237123876631,181,11,2.6335,3.04,156.0,37.096,1,260783,660606
29,247.42189445804928,1502.873789850116,229,6,2.6335,3.04,156.0,37.096,1,260783,660706
29,328.1117547800211,1404.0726658081148,264,17,2.6335,3.04,156.0,37.096,1,260783,660806
37,417.0503408681115,1305.4541253987293,268,24,2.6335,3.04,156.0,37.096,0,260783,660906
27,510.1025877326945,1207.0629213804957,302,23,2.6335,3.04,156.0,37.096,1,260783,661006
23,605.3138537991553,1108.9595659097188,247,32,2.6335,3.04,156.0,37.096,1,260783,661106
19,701.6499672722988,1011.2278385575266,241,38,2.6335,3.04,156.0,37.096,1,260783,661206
16,798.8870330311106,913.986960587941,253,42,2.6335,3.04,156.0,37.096,1,260783,661306
15,760.6518767553179,817.2872290017972,269,45,2.6335,3.04,156.0,37.096,2,260783,661406
16,683.8722296922408,720.7643607074629,238,49,2.6335,3.04,156.0,37.096,1,260783,661506
18,613.8168908372323,625.190598108635,229,68,2.6335,3.04,156.0,37.096,1,260783,661606
16,531.2488157735768,531.2488157735768,211,72,2.6335,3.04,156.0,37.096,1,260783,661706
12,439.98559585311745,439.98559585311745,144,65,2.6335,3.04,156.0,37.096,2,260783,661806
15,353.48174614202907,353.48174614202907,79,57,2.6335,3.04,156.0,37.096,2,260783,661906
17,275.85598863961883,275.85598863961883,22,45,2.6335,3.04,156.0,37.096,1,260783,662006
19,202.2276594055028,202.2276594055028,13,25,2.6335,3.04,156.0,37.096,1,260783,662106
20,134.92565245565766,134.92565245565766,13,25,2.6335,3.04,156.0,37.096,1,260783,662206
17,83.98657504494119,83.98657504494119,14,26,2.6335,3.04,156.0,37.096,1,260783,662306
17,59.62938286239826,59.62938286239826,12,31,2.6335,3.04,156.0,37.096,1,260783,662406
16,61.47070936241456,61.47070936241456,23,29,2.6335,3.04,156.0,37.096,1,260783,662506
11,80.59486191482709,80.59486191482709,31,37,2.6335,3.04,156.0,37.096,2,260783,662606
9,105.37939336407298,105.37939336407298,26,39,2.6335,3.04,156.0,37.096,2,260783,662706
10,93.91372480239956,93.91372480239956,13,43,2.6335,3.04,156.0,37.096,2,260783,662806
10,9.780066081363827,9.780066081363827,3,59,2.6335,3.04,156.0,37.096,0,260783,662906
10,23.21334760002662,23.21334760002662,11,103,2.6335,3.04,156.0,37.096,2,260783,663006
11,19.665937359925287,103.91536688067303,17,144,2.6335,3.04,156.0,37.096,2,260783,663106
10,49.3340634090854,174.93873781246336,41,149,2.6335,3.04,156.0,37.096,2,260783,663206
10,86.5553762426057,244.0266817052827,56,139,2.6335,3.04,156.0,37.096,2,260783,663306
11,176.9465736661396,318.2215561110311,70,118,2.6335,3.04,156.0,37.096,2,260783,663406
11,273.9410311823948,392.4164305167794,87,76,2.6335,3.04,156.0,37.096,2,260783,663506
11,372.5282367799266,464.513968562108,91,63,2.6335,3.04,156.0,37.096,2,260783,663606
10,471.7105954199548,540.3692897631887,67,64,2.6335,3.04,156.0,37.096,2,260783,663706
12,571.1781547508059,623.0754198816077,77,69,2.6335,3.04,156.0,37.096,2,260783,663806
10,670.8040571565014,703.6654348240005,99,68,2.6335,3.04,156.0,37.096,2,260783,663906
10,716.4711220617077,716.4711220617077,111,66,2.6335,3.04,156.0,37.096,2,260783,664006
11,697.7321601959006,736.5998151677251,119,52,2.6335,3.04,156.0,37.096,2,260783,664106
13,675.1668511786809,769.1098240887252,139,48,2.6335,3.04,156.0,37.096,2,260783,664206
12,666.6827769901179,812.07723704185,145,50,2.6335,3.04,156.0,37.096,2,260783,664306
12,672.8974381815732,862.6198186574444,113,54,2.6335,3.04,156.0,37.096,2,260783,664406
15,693.5284870126665,920.3503142510664,126,83,2.6335,3.04,156.0,37.096,2,260783,664506
18,681.7234799419532,983.1237257421571,174,107,2.6335,3.04,156.0,37.096,1,260783,664606
19,622.1649761544262,1049.662564005626,159,102,2.6335,3.04,156.0,37.096,1,260783,664706
20,573.9613331944137,1118.1991612637146,176,112,2.6335,3.04,156.0,37.096,1,260783,664806
26,540.1610560299398,1190.2628323075724,195,139,2.6335,3.04,156.0,37.096,1,260783,664906
30,522.9035609859383,1265.0870178221155,161,145,2.9116,3.2935,167.3,38.714,1,260783,665006
27,523.7550968170475,1338.7664172473012,172,151,2.9116,3.2935,167.3,38.714,1,260783,665106
32,543.3329262909572,1414.345400892974,191,146,2.9116,3.2935,167.3,38.714,1,260783,665206
39,561.2195190449229,1491.3224990424808,194,121,2.9116,3.2935,167.3,38.714,0,260783,665306
42,591.8452555285793,1567.2363380158197,170,99,2.9116,3.2935,167.3,38.714,0,260783,665406
43,636.8628301497616,1644.1557304740952,135,81,2.9116,3.2935,167.3,38.714,0,260783,665506
42,693.4751057976335,1720.4013440325532,112,96,2.9116,3.2935,167.3,38.714,0,260783,665606
45,759.092339768828,1794.620370268353,73,99,2.9116,3.2935,167.3,38.714,0,260783,665706
46,831.5856168972552,1866.7545779213244,80,96,2.9116,3.2935,167.3,38.714,0,260783,665806
53,909.3118805806198,1941.361129465181,132,68,2.9116,3.2935,167.3,38.714,0,260783,665906
66,991.0406420020008,2018.1654920478393,202,42,2.9116,3.2935,167.3,38.714,0,260783,666006
76,949.7823909994498,2094.7895844397667,228,47,2.9116,3.2935,167.3,38.714,0,260783,666106
74,915.2349502241497,2173.004395853203,225,69,2.9116,3.2935,167.3,38.714,0,260783,666206
63,890.6309212973526,2252.9431430281047,180,78,2.9116,3.2935,167.3,38.714,0,260783,666306
68,876.8077678888006,2334.428732481968,114,85,2.9116,3.2935,167.3,38.714,0,260783,666406
58,874.2770074120162,2417.3047404821305,50,80,2.9116,3.2935,167.3,38.714,0,260783,666506
59,840.3437092022123,2501.4329712541553,23,77,2.9116,3.2935,167.3,38.714,0,260783,666606
59,798.1079134827801,2586.6912477134574,12,62,2.9116,3.2935,167.3,38.714,0,260783,666706
58,766.3441712293808,2672.971438739557,8,72,2.9116,3.2935,167.3,38.714,0,260783,666806
59,746.6166274099439,2760.177714140419,23,70,2.9116,3.2935,167.3,38.714,0,260783,666906
60,739.9928296090116,2848.225011293426,36,50,2.9116,3.2935,167.3,38.714,0,260783,667006
65,746.6516743859598,2936.225987438767,33,49,2.9116,3.2935,167.3,38.714,0,260783,667106
69,766.1664029528644,3020.858832891584,34,54,2.9116,3.2935,167.3,38.714,0,260783,667206
63,797.5731560501754,3106.405177565774,40,51,2.9116,3.2935,167.3,38.714,0,260783,667306
59,839.2857456329077,3192.7915945385143,38,47,2.9116,3.2935,167.3,38.714,0,260783,667406
58,889.2244015346326,3279.9517077396326,40,47,2.9116,3.2935,167.3,38.714,0,260783,667506
59,947.0599006903768,3367.825447384778,34,70,2.9116,3.2935,167.3,38.714,0,260783,667606
64,908.1957705318767,3456.3583846298143,32,73,2.9116,3.2935,167.3,38.714,0,260783,667706
71,811.0565485040268,3545.5011383370284,41,87,2.9116,3.2935,167.3,38.714,0,260783,667806
73,714.5024503158945,3634.300967838136,49,89,2.9116,3.2935,167.3,38.714,0,260783,667906
81,619.0434380102658,3722.608171258701,52,68,2.9116,3.2935,167.3,38.714,0,260783,668006
92,525.2768839190644,3810.9939423068263,57,71,2.9116,3.2935,167.3,38.714,0,260783,668106
97,434.3003930643799,3899.0827390140503,59,56,2.9116,3.2935,167.3,38.714,0,260783,668206
102,348.3071317846182,3987.125658188312,48,56,2.9116,3.2935,167.3,38.714,0,260783,668306
102,271.11517729121533,4075.599418691475,40,50,2.9116,3.2935,167.3,38.714,0,260783,668406
107,210.45792804131256,4163.349760787746,24,48,2.9116,3.2935,167.3,38.714,0,260783,668506
106,170.40415287366673,4251.468764649479,16,48,2.9116,3.2935,167.3,38.714,0,260783,668606
111,108.61804389700576,4340.102773314124,28,44,2.9116,3.2935,167.3,38.714,0,260783,668706
108,107.50011327932091,4429.220869302831,35,38,2.9116,3.2935,167.3,38.714,0,260783,668806
107,170.51500571768412,4518.794411699486,51,45,2.9116,3.2935,167.3,38.714,0,260783,668906
100,256.7349229629788,4608.796845310638,72,61,2.9116,3.2935,167.3,38.714,0,260783,669006
89,350.1731338246237,4699.203526927096,95,67,2.9116,3.2935,167.3,38.714,0,260783,669106
78,446.4634661831906,4789.991567176589,125,72,2.9116,3.2935,167.3,38.714,0,260783,669206
78,544.0937691428383,4881.1396865651795,144,79,2.9116,3.2935,167.3,38.714,0,260783,669306
78,642.4534478106654,4972.628084413754,143,62,2.9116,3.2935,167.3,38.714,0,260783,669406
79,741.252207812943,5064.4383195018945,138,48,2.9116,3.2935,167.3,38.714,0,260783,669506
82,840.3351941762962,5156.553201333034,103,49,2.9116,3.2935,167.3,38.714,0,260783,669606
83,939.6124954230146,5248.956691030774,101,55,2.9116,3.2935,167.3,38.714,0,260783,669706
74,985.9597378569376,5341.633810966034,113,57,2.9116,3.2935,167.3,38.714,0,260783,669806
65,1012.3129449547444,5434.570562297843,124,53,2.9116,3.2935,167.3,38.714,0,260783,669906
28,449.8135059978235,2089.7453542780654,0,0,2.6335,3.04,156.0,37.096,1,260883,660106
28,372.2458179323885,1989.9311717689664,11,0,2.6335,3.04,156.0,37.096,1,260883,660206
28,307.3455412263674,1890.1366328995548,47,6,2.6335,3.04,156.0,37.096,1,260883,660306
27,265.24632788278996,1790.3650224688602,95,11,2.6335,3.04,156.0,37.096,1,260883,660406
27,256.07216270859874,1690.6203998328476,138,11,2.6335,3.04,156.0,37.096,1,260883,660506
27,278.682094499245,1590.907841134122,203,15,2.6335,3.04,156.0,37.096,1,260883,660606
27,323.08859956162746,1491.2337783302414,271,19,2.6335,3.04,156.0,37.096,1,260883,660706
27,388.72712349269017,1391.6064832718132,297,22,2.6335,3.04,156.0,37.096,1,260883,660806
34,466.5709716168933,1292.036774606357,311,31,2.6335,3.04,156.0,37.096,1,260883,660906
23,551.3276110888289,1192.539076754407,363,36,2.6335,3.04,156.0,37.096,1,260883,661006
20,640.4965245356905,1093.1330533092982,354,31,2.6335,3.04,156.0,37.096,1,260883,661106
20,732.4680615123649,993.8462128963234,318,34,2.6335,3.04,156.0,37.096,1,260883,661206
19,826.3069189647783,894.718233601741,296,38,2.6335,3.04,156.0,37.096,1,260883,661306
14,795.8084821051323,795.8084821051323,249,46,2.6335,3.04,156.0,37.096,2,260883,661406
15,697.2098413257876,697.2098413257876,201,72,2.6335,3.04,156.0,37.096,2,260883,661506
16,599.0759430093862,599.0759430093862,186,100,2.6335,3.04,156.0,37.096,1,260883,661606
16,501.6795871307109,501.6795871307109,165,100,2.6335,3.04,156.0,37.096,1,260883,661706
16,405.0258993950408,405.0258993950408,101,89,2.6335,3.04,156.0,37.096,1,260883,661806
16,308.9628872273519,308.9628872273519,54,70,2.6335,3.04,156.0,37.096,1,260883,661906
19,216.37949528838553,216.37949528838553,21,48,2.6335,3.04,156.0,37.096,1,260883,662006
20,134.56031769480296,134.56031769480296,15,29,2.6335,3.04,156.0,37.096,1,260883,662106
19,60.93198846068692,60.93198846068692,16,24,2.6335,3.04,156.0,37.096,1,260883,662206
14,0.0,0.0,13,26,2.6335,3.04,156.0,37.096,0,260883,662306
8,0.0,0.0,20,23,2.6335,3.04,156.0,37.096,2,260883,662406
8,0.0,0.0,37,23,2.6335,3.04,156.0,37.096,2,260883,662506
10,0.0,0.0,47,28,2.6335,3.04,156.0,37.096,0,260883,662606
8,7.410657583563895,7.410657583563895,50,29,2.6335,3.04,156.0,37.096,0,260883,662706
9,17.161210219102845,17.161210219102845,41,42,2.6335,3.04,156.0,37.096,0,260883,662806
8,0.0,0.0,28,60,2.6335,3.04,156.0,37.096,2,260883,662906
13,72.87922661222738,72.87922661222738,38,79,2.6335,3.04,156.0,37.096,2,260883,663006
12,13.607113721408986,160.46588971654256,42,143,2.6335,3.04,156.0,37.096,2,260883,663106
12,110.39607931927992,245.3135466964873,54,148,2.6335,3.04,156.0,37.096,2,260883,663206
13,166.5245459382924,316.3319445028819,53,125,2.6335,3.04,156.0,37.096,2,260883,663306
11,227.42658110580757,385.2889212861345,65,100,2.6335,3.04,156.0,37.096,2,260883,663406
10,309.16840723715757,459.46209116618473,70,81,2.6335,3.04,156.0,37.096,2,260883,663506
10,399.3086003001254,533.656965571933,75,58,2.6335,3.04,156.0,37.096,2,260883,663606
11,493.162163310675,605.926833461984,67,56,2.6335,3.04,156.0,37.096,2,260883,663706
10,589.0182662314915,680.7198773711654,63,69,2.6335,3.04,156.0,37.096,2,260883,663806
10,686.0583915290588,761.3169911342338,69,73,2.6335,3.04,156.0,37.096,2,260883,663906
11,783.8429148882616,815.2461938091877,76,67,2.6335,3.04,156.0,37.096,2,260883,664006
11,793.8663474993763,833.4607372116603,92,56,2.6335,3.04,156.0,37.096,2,260883,664106
13,774.1084466991026,862.3267560954301,83,39,2.6335,3.04,156.0,37.096,2,260883,664206
14,766.6759157203987,901.4200286673968,93,43,2.6335,3.04,156.0,37.096,2,260883,664306
15,772.0861330977139,947.8183882040596,89,46,2.6335,3.04,156.0,37.096,2,260883,664406
15,790.2164476254906,1001.5004790996452,121,72,2.6335,3.04,156.0,37.096,2,260883,664506
18,761.0379508996449,1060.5917844581727,137,93,2.6335,3.04,156.0,37.096,1,260883,664606
21,708.1815566354445,1124.1629360896168,143,100,2.6335,3.04,156.0,37.096,1,260883,664706
22,666.2307945507115,1190.896726895327,189,112,2.6335,3.04,156.0,37.096,1,260883,664806
23,637.3427853649426,1259.6126436614138,211,107,2.6335,3.04,156.0,37.096,1,260883,664906
28,622.5844654303328,1331.533047953999,208,118,2.9116,3.2935,167.3,38.714,1,260883,665006
33,623.2998347065666,1406.4909095333471,239,146,2.9116,3.2935,167.3,38.714,1,260883,665106
42,639.8390041997229,1479.8875078488445,240,145,2.9116,3.2935,167.3,38.714,0,260883,665206
45,659.0293135319932,1555.4444911659368,250,118,2.9116,3.2935,167.3,38.714,0,260883,665306
46,685.2978141137801,1631.8938225943696,225,92,2.9116,3.2935,167.3,38.714,0,260883,665406
47,724.5319537217113,1708.2228456187822,165,72,2.9116,3.2935,167.3,38.714,0,260883,665506
46,774.7644867303061,1784.95316025836,142,71,2.9116,3.2935,167.3,38.714,0,260883,665606
43,834.0104722562837,1861.3786102670315,98,83,2.9116,3.2935,167.3,38.714,0,260883,665706
43,900.492601728534,1936.041626861002,81,67,2.9116,3.2935,167.3,38.714,0,260883,665806
51,972.728319574638,2008.0755866616912,113,53,2.9116,3.2935,167.3,38.714,0,260883,665906
71,1017.4351446125808,2082.421173191148,163,39,2.9116,3.2935,167.3,38.714,0,260883,666006
72,1036.7179415423648,2158.8395779591633,197,44,2.9116,3.2935,167.3,38.714,0,260883,666106
75,1011.1487167711084,2235.5755766666794,195,58,2.9116,3.2935,167.3,38.714,0,260883,666206
64,988.933845758668,2313.35316376652,159,80,2.9116,3.2935,167.3,38.714,0,260883,666306
61,976.5032386767584,2392.782389108667,110,78,2.9116,3.2935,167.3,38.714,0,260883,666406
59,974.2314914871968,2473.704158331912,58,79,2.9116,3.2935,167.3,38.714,0,260883,666506
61,929.7419983308408,2555.9767143439717,18,71,2.9116,3.2935,167.3,38.714,0,260883,666606
61,891.6825321568297,2639.473747849866,11,51,2.9116,3.2935,167.3,38.714,0,260883,666706
57,863.2970957985839,2724.0826652120213,6,42,2.9116,3.2935,167.3,38.714,0,260883,666806
58,845.8338342499796,2809.7030213580656,19,48,2.9116,3.2935,167.3,38.714,0,260883,666906
58,839.992782534335,2896.2451155847725,27,42,2.9116,3.2935,167.3,38.714,0,260883,667006
60,845.8823242336159,2983.6287421307406,31,40,2.9116,3.2935,167.3,38.714,0,260883,667106
60,863.2314946367436,3071.782084098525,32,45,2.9116,3.2935,167.3,38.714,0,260883,667206
58,891.2242117283914,3158.6420054642676,46,53,2.9116,3.2935,167.3,38.714,0,260883,667306
56,929.1672669424286,3243.6375194573875,50,39,2.9116,3.2935,167.3,38.714,0,260883,667406
58,974.7942091691624,3329.466833680735,46,45,2.9116,3.2935,167.3,38.714,0,260883,667506
61,989.3450127658774,3416.067100559994,45,62,2.9116,3.2935,167.3,38.714,0,260883,667606
62,890.0721440998574,3503.3811489012587,31,65,2.9116,3.2935,167.3,38.714,0,260883,667706
70,790.9824834472128,3591.356918133458,36,74,2.9116,3.2935,167.3,38.714,0,260883,667806
82,692.1547200865738,3679.9469496683496,48,75,2.9116,3.2935,167.3,38.714,0,260883,667906
88,593.7196509767268,3769.1079304421273,62,61,2.9116,3.2935,167.3,38.714,0,260883,668006
94,495.9111728664009,3857.8391194577785,68,45,2.9116,3.2935,167.3,38.714,0,260883,668106
100,398.7472709596967,3946.1463228783423,60,33,2.9116,3.2935,167.3,38.714,0,260883,668206
102,302.82076007757183,4034.565148798079,44,33,2.9116,3.2935,167.3,38.714,0,260883,668306
104,210.71649050349816,4122.54922708704,27,31,2.9116,3.2935,167.3,38.714,0,260883,668406
108,129.77158764469337,4210.669416881622,10,28,2.9116,3.2935,167.3,38.714,0,260883,668506
109,85.9366517688854,4299.158778999368,11,31,2.9116,3.2935,167.3,38.714,0,260883,668606
109,35.69821936734534,4386.830840009113,20,40,2.9116,3.2935,167.3,38.714,0,260883,668706
111,34.19188946747227,4475.018463089715,25,37,2.9116,3.2935,167.3,38.714,0,260883,668806
107,133.70672492102628,4563.69320519386,31,40,2.9116,3.2935,167.3,38.714,0,260883,668906
103,233.6362370713459,4652.827215497196,45,61,2.9116,3.2935,167.3,38.714,0,260883,669006
89,333.60799489312194,4742.394598028529,71,68,2.9116,3.2935,167.3,38.714,0,260883,669106
80,433.5927781229301,4832.371255351657,92,61,2.9116,3.2935,167.3,38.714,0,260883,669206
78,532.601806589292,4922.734745615259,100,66,2.9116,3.2935,167.3,38.714,0,260883,669306
78,631.8955242517347,5013.464151844163,111,46,2.9116,3.2935,167.3,38.714,0,260883,669406
84,731.3817216451146,5104.5399624222055,125,36,2.9116,3.2935,167.3,38.714,0,260883,669506
87,830.9912706784404,5195.943961794052,124,32,2.9116,3.2935,167.3,38.714,0,260883,669606
85,870.0193860033567,5287.659130488921,133,37,2.9116,3.2935,167.3,38.714,0,260883,669706
74,888.5913717056249,5379.669553641899,141,46,2.9116,3.2935,167.3,38.714,0,260883,669806
65,917.7448009755816,5471.960337257608,147,57,2.9116,3.2935,167.3,38.714,0,260883,669906
30,589.7212092444743,2186.1824664218534,0,0,2.6335,3.04,156.0,37.096,1,260983,660006
30,513.6264961231602,2086.188917414095,0,0,2.6335,3.04,156.0,37.096,1,260983,660106
30,446.88534353157127,1986.196017968128,17,1,2.6335,3.04,156.0,37.096,1,260983,660206
30,394.4627270185439,1886.203871389173,61,10,2.6335,3.04,156.0,37.096,1,260983,660306
30,362.622635463483,1786.2126041136758,114,12,2.6335,3.04,156.0,37.096,1,260983,660406
30,355.82019066303815,1686.222372567039,164,15,2.6335,3.04,156.0,37.096,1,260983,660506
30,374.8003341520308,1586.23337261472,231,18,2.6335,3.04,156.0,37.096,1,260983,660606
30,409.3346949333482,1486.245852827763,290,26,2.6335,3.04,156.0,37.096,1,260983,660706
30,462.9010972641832,1386.2601334882208,308,33,2.6335,3.04,156.0,37.096,1,260983,660806
29,530.0942927636481,1286.2766344569256,339,27,2.6335,3.04,156.0,37.096,1,260983,660906
24,606.3971298919585,1186.295917130667,368,35,2.6335,3.04,156.0,37.096,1,260983,661006
31,688.4717007108005,1086.31874956292,419,31,2.6335,3.04,156.0,37.096,1,260983,661106
27,774.768962899912,986.3462111768876,362,41,2.6335,3.04,156.0,37.096,1,260983,661206
24,864.0258150462801,886.379868314966,314,57,2.6335,3.04,156.0,37.096,1,260983,661306
20,786.4220836199297,786.4220836199297,242,74,2.6335,3.04,156.0,37.096,1,260983,661406
17,686.4765955632915,686.4765955632915,172,93,2.6335,3.04,156.0,37.096,1,260983,661506
19,586.5496900580736,586.5496900580736,136,108,2.6335,3.04,156.0,37.096,1,260983,661606
23,486.6528141892097,486.6528141892097,118,124,2.6335,3.04,156.0,37.096,1,260983,661706
21,386.8092349069923,386.8092349069923,76,106,2.6335,3.04,156.0,37.096,1,260983,661806
18,287.0745667250723,287.0745667250723,45,75,2.6335,3.04,156.0,37.096,1,260983,661906
18,187.62257196681665,187.62257196681665,27,37,2.6335,3.04,156.0,37.096,1,260983,662006
16,89.39244100522184,89.39244100522184,17,32,2.6335,3.04,156.0,37.096,1,260983,662106
12,0.0,0.0,17,24,2.6335,3.04,156.0,37.096,0,260983,662206
7,0.0,44.47929933770565,17,20,2.6335,3.04,156.0,37.096,2,260983,662306
7,13.377324007891495,91.83424691467884,19,23,2.6335,3.04,156.0,37.096,2,260983,662406
7,15.03686473137924,84.12817825654442,40,19,2.6335,3.04,156.0,37.096,2,260983,662506
7,50.25372304003467,50.25372304003467,53,22,2.6335,3.04,156.0,37.096,2,260983,662606
7,29.906583124801585,29.906583124801585,64,31,2.6335,3.04,156.0,37.096,2,260983,662706
8,24.725946244124547,24.725946244124547,81,44,2.6335,3.04,156.0,37.096,2,260983,662806
12,25.39844522348485,64.14988571286855,117,56,2.6335,3.04,156.0,37.096,2,260983,662906
13,46.74709886753087,138.69306330930988,100,70,2.6335,3.04,156.0,37.096,2,260983,663006
10,7.443418194773656,213.27466528246308,73,104,2.6335,3.04,156.0,37.096,2,260983,663106
17,95.60370326091883,296.12223530436484,73,97,2.6335,3.04,156.0,37.096,1,260983,663206
11,172.5979307433824,383.3868541827029,61,99,2.6335,3.04,156.0,37.096,2,260983,663306
11,258.10122953178205,457.7251511933005,54,70,2.6335,3.04,156.0,37.096,2,260983,663406
8,344.34058300411624,526.6276890814285,57,69,2.6335,3.04,156.0,37.096,2,260983,663506
10,430.66869328692104,600.7026262213385,64,55,2.6335,3.04,156.0,37.096,2,260983,663606
10,519.3584908200247,674.8975006270869,63,56,2.6335,3.04,156.0,37.096,2,260983,663706
11,611.5473565692731,747.33969836186,52,60,2.6335,3.04,156.0,37.096,2,260983,663806
12,694.1004878229165,821.4378452307003,48,74,2.6335,3.04,156.0,37.096,2,260983,663906
13,756.1698017309049,900.5465802048911,53,64,2.6335,3.04,156.0,37.096,2,260983,664006
13,825.6835133491015,930.9856675812372,51,48,2.6335,3.04,156.0,37.096,2,260983,664106
12,873.2911871599644,956.9142840643278,52,42,2.6335,3.04,156.0,37.096,2,260983,664206
18,866.6706377604866,992.288053365054,45,36,2.6335,3.04,156.0,37.096,1,260983,664306
16,871.4602868359735,1035.6671485061604,37,33,2.6335,3.04,156.0,37.096,1,260983,664406
18,887.5629942197377,1085.0114999915709,51,35,2.6335,3.04,156.0,37.096,1,260983,664506
20,844.754770519169,1140.917315670321,95,66,2.6335,3.04,156.0,37.096,1,260983,664606
21,797.4665991525694,1201.109972308242,145,72,2.6335,3.04,156.0,37.096,1,260983,664706
23,760.4573171539846,1265.2874588954542,196,77,2.6335,3.04,156.0,37.096,1,260983,664806
24,735.2806849510647,1332.1688379128736,233,80,2.6335,3.04,156.0,37.096,1,260983,664906
27,722.3535831561795,1401.0277156046975,235,94,2.9116,3.2935,167.3,38.714,1,260983,665006
32,722.9702389785015,1472.8322734155736,266,112,2.9116,3.2935,167.3,38.714,1,260983,665106
47,737.2769044251227,1547.7697345976426,267,120,2.9116,3.2935,167.3,38.714,0,260983,665206
46,757.4113305409987,1621.060934025909,277,80,2.9116,3.2935,167.3,38.714,0,260983,665306
47,780.3751543754843,1696.5972465997384,232,57,2.9116,3.2935,167.3,38.714,0,260983,665406
51,815.0452990486085,1772.600378058466,201,59,2.9116,3.2935,167.3,38.714,0,260983,665506
54,860.0071496423216,1849.275761315933,158,68,2.9116,3.2935,167.3,38.714,0,260983,665606
49,913.7427183680236,1925.750590042625,95,70,2.9116,3.2935,167.3,38.714,0,260983,665706
44,908.0932934558016,2002.362883863637,83,56,2.9116,3.2935,167.3,38.714,0,260983,665806
48,907.8784315327792,2077.4628970200815,105,40,2.9116,3.2935,167.3,38.714,0,260983,665906
78,918.6147523665372,2149.409795572536,131,31,2.9116,3.2935,167.3,38.714,0,260983,666006
68,939.9133422530764,2223.5271192659807,179,49,2.9116,3.2935,167.3,38.714,0,260983,666106
72,971.0036376559711,2299.605016284182,188,57,2.9116,3.2935,167.3,38.714,0,260983,666206
67,1011.0682656165746,2376.437021025338,141,69,2.9116,3.2935,167.3,38.714,0,260983,666306
53,1059.089236623944,2453.8250989464987,102,68,2.9116,3.2935,167.3,38.714,0,260983,666406
59,1063.8862129937822,2532.7973305299824,55,59,2.9116,3.2935,167.3,38.714,0,260983,666506
63,1021.108621707171,2613.210098491857,21,54,2.9116,3.2935,167.3,38.714,0,260983,666606
62,986.4721805015788,2694.9344556370625,9,44,2.9116,3.2935,167.3,38.714,0,260983,666706
59,960.8747902048904,2777.8546436953543,8,36,2.9116,3.2935,167.3,38.714,0,260983,666806
61,945.2160398549344,2861.8667199609163,13,30,2.9116,3.2935,167.3,38.714,0,260983,666906
55,939.992745475622,2946.877300489429,24,40,2.9116,3.2935,167.3,38.714,0,260983,667006
55,945.2751398605438,3032.8024211049224,34,40,2.9116,3.2935,167.3,38.714,0,260983,667106
56,960.844750761581,3119.5665126391987,52,44,2.9116,3.2935,167.3,38.714,0,260983,667206
57,986.1228381342498,3207.1014839103395,78,52,2.9116,3.2935,167.3,38.714,0,260983,667306
56,1020.5636845038404,3295.3459043657185,67,40,2.9116,3.2935,167.3,38.714,0,260983,667406
56,1045.367204591733,3381.2151052625895,64,44,2.9116,3.2935,167.3,38.714,0,260983,667506
63,978.8380393275672,3466.522843860148,66,56,2.9116,3.2935,167.3,38.714,0,260983,667606
70,879.4208998983732,3552.597031180512,56,58,2.9116,3.2935,167.3,38.714,0,260983,667706
79,780.0037604691794,3639.383286341373,54,53,2.9116,3.2935,167.3,38.714,0,260983,667806
89,680.5866210399854,3726.831864177572,77,54,2.9116,3.2935,167.3,38.714,0,260983,667906
93,581.1694816107914,3814.897217854974,95,44,2.9116,3.2935,167.3,38.714,0,260983,668006
97,481.75234218159744,3903.537603475335,99,29,2.9116,3.2935,167.3,38.714,0,260983,668106
102,382.33520275240346,3992.7147231794943,77,20,2.9116,3.2935,167.3,38.714,0,260983,668206
105,282.8056251579538,4081.3772710774206,52,24,2.9116,3.2935,167.3,38.714,0,260983,668306
106,183.2723774440596,4169.684474497985,26,22,2.9116,3.2935,167.3,38.714,0,260983,668406
112,83.88220988665663,4258.140092985763,8,21,2.9116,3.2935,167.3,38.714,0,260983,668506
109,0.0,4346.030148748923,7,28,2.9116,3.2935,167.3,38.714,0,260983,668606
112,27.031577459342728,4434.219532492822,14,31,2.9116,3.2935,167.3,38.714,0,260983,668706
109,29.899645599028464,4522.563761951836,21,40,2.9116,3.2935,167.3,38.714,0,260983,668806
108,128.50956963281718,4610.3241108471675,24,45,2.9116,3.2935,167.3,38.714,0,260983,668906
99,228.0824717373458,4698.573595592337,32,48,2.9116,3.2935,167.3,38.714,0,260983,669006
89,327.83077088301496,4787.285165867632,46,70,2.9116,3.2935,167.3,38.714,0,260983,669106
79,427.6966387074915,4876.433603103303,55,64,2.9116,3.2935,167.3,38.714,0,260983,669206
78,527.6133197575864,4965.995379741492,68,39,2.9116,3.2935,167.3,38.714,0,260983,669306
79,627.5565437548682,5055.94852997463,79,33,2.9116,3.2935,167.3,38.714,0,260983,669406
85,727.5153716819258,5146.272531055015,126,27,2.9116,3.2935,167.3,38.714,0,260983,669506
87,762.6832225317333,5236.9481943236915,161,25,2.9116,3.2935,167.3,38.714,0,260983,669606
82,770.9810329809809,5327.957565162184,177,29,2.9116,3.2935,167.3,38.714,0,260983,669706
73,791.8791871645867,5419.283831126373,179,37,2.9116,3.2935,167.3,38.714,0,260983,669806
63,824.459544739748,5510.91123757646,151,53,2.9116,3.2935,167.3,38.714,0,260983,669906
28,587.3259221377277,2087.422514144185,0,0,2.6335,3.04,156.0,37.096,1,261083,660106
29,529.9491216697203,1987.4916792799625,17,3,2.6335,3.04,156.0,37.096,1,261083,660206
29,486.5597643682467,1887.5681703870036,60,10,2.6335,3.04,156.0,37.096,1,261083,660306
29,461.123342551274,1787.6532159535852,131,19,2.6335,3.04,156.0,37.096,1,261083,660406
29,455.6786846591604,1687.7483352562524,185,28,2.6335,3.04,156.0,37.096,1,261083,660506
29,471.0899349360847,1587.8554297577932,246,49,2.6335,3.04,156.0,37.096,1,261083,660606
29,500.7230190291443,1487.9769112665565,277,63,2.6335,3.04,156.0,37.096,1,261083,660706
27,545.3861706698002,1388.1158853328554,291,54,2.6335,3.04,156.0,37.096,1,261083,660806
23,603.4638419409036,1288.27641978128,299,50,2.6335,3.04,156.0,37.096,1,261083,660906
27,671.4842826919208,1188.4639483028195,367,34,2.6335,3.04,156.0,37.096,1,261083,661006
35,746.7353448675716,1088.6858955027308,340,44,2.6335,3.04,156.0,37.096,1,261083,661106
26,827.0576948498389,988.952679210506,349,57,2.6335,3.04,156.0,37.096,1,261083,661206
25,867.6885499294398,889.2793848778309,315,62,2.6335,3.04,156.0,37.096,1,261083,661306
21,789.6887026035947,789.6887026035947,236,74,2.6335,3.04,156.0,37.096,1,261083,661406
20,690.2163933657356,690.2163933657356,177,104,2.6335,3.04,156.0,37.096,1,261083,661506
21,590.9222388113848,590.9222388113848,128,110,2.6335,3.04,156.0,37.096,1,261083,661606
24,491.9141337397356,491.9141337397356,99,118,2.6335,3.04,156.0,37.096,1,261083,661706
23,393.25626310808906,393.25626310808906,76,106,2.6335,3.04,156.0,37.096,1,261083,661806
18,294.63015681361765,294.63015681361765,50,65,2.6335,3.04,156.0,37.096,1,261083,661906
15,196.32409275131113,196.32409275131113,26,32,2.6335,3.04,156.0,37.096,2,261083,662006
12,100.00802577891608,100.00802577891608,16,23,2.6335,3.04,156.0,37.096,2,261083,662106
10,4.089015020947899,4.089015020947899,17,15,2.6335,3.04,156.0,37.096,2,261083,662206
10,20.87550892581543,31.20914476435615,15,12,2.6335,3.04,156.0,37.096,2,261083,662306
7,9.526288911587809,99.99031773796838,21,11,2.6335,3.04,156.0,37.096,2,261083,662406
7,14.764002999650469,167.97495034936827,42,15,2.6335,3.04,156.0,37.096,2,261083,662506
6,23.649918002991953,146.29834050512648,55,19,2.6335,3.04,156.0,37.096,2,261083,662606
7,43.212664748526414,129.24588595036974,86,33,2.6335,3.04,156.0,37.096,2,261083,662706
10,105.05789387423334,124.6028338243808,125,43,2.6335,3.04,156.0,37.096,2,261083,662806
12,71.8963978580886,151.0342998360064,144,48,2.6335,3.04,156.0,37.096,2,261083,662906
10,52.532921715387424,205.54729678040195,128,66,2.6335,3.04,156.0,37.096,2,261083,663006
11,34.81012378286547,279.89240458315174,112,108,2.6335,3.04,156.0,37.096,2,261083,663106
12,34.88130018398575,354.45269461081006,85,130,2.6335,3.04,156.0,37.096,2,261083,663206
10,121.3167992123267,433.43174713143,68,121,2.6335,3.04,156.0,37.096,2,261083,663306
9,207.56274952784196,519.6667557599759,48,110,2.6335,3.04,156.0,37.096,2,261083,663406
11,295.9282423839169,599.118357883719,57,53,2.6335,3.04,156.0,37.096,2,261083,663506
12,389.65427237545634,668.0014168762356,56,49,2.6335,3.04,156.0,37.096,2,261083,663606
14,485.88823747900955,741.9431612764922,56,55,2.6335,3.04,156.0,37.096,2,261083,663706
11,555.1807954012771,816.1380356822407,59,67,2.6335,3.04,156.0,37.096,2,261083,663806
15,615.0966620740621,888.7525632617361,50,73,2.6335,3.04,156.0,37.096,2,261083,663906
14,684.3276984467404,962.3620502213796,45,66,2.6335,3.04,156.0,37.096,2,261083,664006
11,758.9900448924772,1028.9858240082608,51,55,2.6335,3.04,156.0,37.096,2,261083,664106
15,835.8003871576633,1052.5029500265653,72,50,2.6335,3.04,156.0,37.096,2,261083,664206
12,916.9428801346728,1084.7640727915384,66,48,2.6335,3.04,156.0,37.096,2,261083,664306
15,970.962958172295,1125.017212056753,63,38,2.6335,3.04,156.0,37.096,2,261083,664406
17,982.7004261071562,1171.109175350914,62,49,2.6335,3.04,156.0,37.096,1,261083,664506
20,931.6879745495578,1223.1681050494144,105,59,2.6335,3.04,156.0,37.096,1,261083,664606
22,889.0359027448377,1280.461018177936,153,54,2.6335,3.04,156.0,37.096,1,261083,664706
20,855.9948544345342,1341.7787881175427,225,57,2.6335,3.04,156.0,37.096,1,261083,664806
27,833.704517934966,1406.4716137905532,268,69,2.6335,3.04,156.0,37.096,1,261083,664906
29,822.1788014793194,1473.4695827475605,265,72,2.9116,3.2935,167.3,38.714,1,261083,665006
34,822.7206384624309,1542.443939893226,305,68,2.9116,3.2935,167.3,38.714,1,261083,665106
40,835.3206068941972,1614.1528903531128,302,58,2.9116,3.2935,167.3,38.714,0,261083,665206
42,856.1683310946054,1688.7408916578286,268,48,2.9116,3.2935,167.3,38.714,0,261083,665306
44,863.1264617831891,1762.274118224189,240,39,2.9116,3.2935,167.3,38.714,0,261083,665406
49,841.5390201001605,1837.78682796726,205,71,2.9116,3.2935,167.3,38.714,0,261083,665506
50,831.4977785129131,1913.4123320299705,143,74,2.9116,3.2935,167.3,38.714,0,261083,665606
47,820.793763724482,1990.3774311067168,88,65,2.9116,3.2935,167.3,38.714,0,261083,665706
45,808.2773158959836,2066.5480198268897,83,54,2.9116,3.2935,167.3,38.714,0,261083,665806
48,808.0359127013048,2143.348389249252,87,40,2.9116,3.2935,167.3,38.714,0,261083,665906
62,820.0803942529328,2218.8841781516094,91,24,2.9116,3.2935,167.3,38.714,0,261083,666006
63,843.8391065234185,2290.754761396262,123,48,2.9116,3.2935,167.3,38.714,0,261083,666106
64,878.3367299014775,2364.6707503726066,156,57,2.9116,3.2935,167.3,38.714,0,261083,666206
64,922.4350299559318,2440.4462990354546,128,71,2.9116,3.2935,167.3,38.714,0,261083,666306
54,974.8319639227986,2517.361251551117,88,70,2.9116,3.2935,167.3,38.714,0,261083,666406
57,1034.2670502734582,2594.400195060704,58,52,2.9116,3.2935,167.3,38.714,0,261083,666506
63,1099.5996110753858,2672.960357628042,22,33,2.9116,3.2935,167.3,38.714,0,261083,666606
62,1082.1856817296018,2752.911508706926,7,14,2.9116,3.2935,167.3,38.714,0,261083,666706
59,1058.9045515476432,2834.135931124521,5,6,2.9116,3.2935,167.3,38.714,0,261083,666806
57,1044.7161570666303,2916.527246128702,7,11,2.9116,3.2935,167.3,38.714,0,261083,666906
56,1039.9927155436333,2999.9893131028116,20,25,2.9116,3.2935,167.3,38.714,0,261083,667006
57,1042.2176775473251,3084.4352124904635,45,34,2.9116,3.2935,167.3,38.714,0,261083,667106
54,1004.0578442980778,3169.7863147807147,68,42,2.9116,3.2935,167.3,38.714,0,261083,667206
56,974.703350769282,3255.9714345631346,103,52,2.9116,3.2935,167.3,38.714,0,261083,667306
58,954.9665383170392,3342.926066189787,113,48,2.9116,3.2935,167.3,38.714,0,261083,667406
59,945.4499228460446,3430.591696097211,103,47,2.9116,3.2935,167.3,38.714,0,261083,667506
69,946.019687248192,3518.9151860553775,90,47,2.9116,3.2935,167.3,38.714,0,261083,667606
80,872.1078865409552,3603.916183463272,81,48,2.9116,3.2935,167.3,38.714,0,261083,667706
83,772.1278673467899,3689.4954799236193,83,46,2.9116,3.2935,167.3,38.714,0,261083,667806
91,672.1537928927222,3775.7836187108446,103,48,2.9116,3.2935,167.3,38.714,0,261083,667906
95,572.1887792211963,3862.733096432305,131,30,2.9116,3.2935,167.3,38.714,0,261083,668006
100,472.2385804158883,3950.300243427307,136,29,2.9116,3.2935,167.3,38.714,0,261083,668106
106,372.31512808343393,4038.444880417485,102,23,2.9116,3.2935,167.3,38.714,0,261083,668206
106,272.4478525633011,4127.130006568552,65,19,2.9116,3.2935,167.3,38.714,0,261083,668306
108,172.73421818772542,4216.3215164485355,33,21,2.9116,3.2935,167.3,38.714,0,261083,668406
111,73.30267191943892,4304.915422697063,10,23,2.9116,3.2935,167.3,38.714,0,261083,668506
111,0.0,4393.222626117627,8,22,2.9116,3.2935,167.3,38.714,0,261083,668606
108,32.617873544417684,4481.718215493868,12,48,2.9116,3.2935,167.3,38.714,0,261083,668706
107,74.1780332011206,4569.523386296784,16,57,2.9116,3.2935,167.3,38.714,0,261083,668806
106,156.03464987804276,4657.775089720359,21,56,2.9116,3.2935,167.3,38.714,0,261083,668906
98,247.62885642375736,4745.986364194867,25,49,2.9116,3.2935,167.3,38.714,0,261083,669006
89,343.937914608018,4833.827882254641,36,35,2.9116,3.2935,167.3,38.714,0,261083,669106
81,441.751004736329,4922.133421739111,41,33,2.9116,3.2935,167.3,38.714,0,261083,669206
77,539.5043179843459,5010.878450685064,49,25,2.9116,3.2935,167.3,38.714,0,261083,669306
81,637.7194288500948,5100.040026674175,69,16,2.9116,3.2935,167.3,38.714,0,261083,669406
80,667.7039584786579,5189.5966798796135,134,17,2.9116,3.2935,167.3,38.714,0,261083,669506
84,662.7111041261184,5279.528305251927,159,19,2.9116,3.2935,167.3,38.714,0,261083,669606
76,672.2274722228948,5369.8160631529145,167,19,2.9116,3.2935,167.3,38.714,0,261083,669706
69,696.0967377162524,5460.442287785289,175,28,2.9116,3.2935,167.3,38.714,0,261083,669806
64,732.9471755230626,5551.390402806545,158,45,2.9116,3.2935,167.3,38.714,0,261083,669906
27,667.9006663495028,2093.4376766387545,0,0,2.6335,3.04,156.0,37.096,1,261183,660106
27,618.0498627567889,1993.8083480168605,10,3,2.6335,3.04,156.0,37.096,1,261183,660206
27,581.2744322583451,1894.2180844012596,49,10,2.6335,3.04,156.0,37.096,1,261183,660306
27,560.1556019007908,1794.6733892059117,123,24,2.6335,3.04,156.0,37.096,1,261183,660406
27,555.5880841252126,1695.1822900723355,157,44,2.6335,3.04,156.0,37.096,1,261183,660506
27,568.2963860234431,1595.7548117508352,195,68,2.6335,3.04,156.0,37.096,1,261183,660606
27,594.8883854095191,1496.4036360143605,209,71,2.6335,3.04,156.0,37.096,1,261183,660706
25,632.9413278237976,1397.1450406196395,221,65,2.6335,3.04,156.0,37.096,1,261183,660806
22,683.6206973458012,1298.0002647068718,247,59,2.6335,3.04,156.0,37.096,1,261183,660906
36,744.351926988684,1198.997543713149,297,50,2.6335,3.04,156.0,37.096,0,261183,661006
37,812.8851853638216,1100.1752280801545,315,39,2.6335,3.04,156.0,37.096,0,261183,661106
29,801.0763446441638,1001.5323184551962,318,51,2.6335,3.04,156.0,37.096,1,261183,661206
28,770.4464738606769,902.906212160725,313,56,2.6335,3.04,156.0,37.096,1,261183,661306
27,751.9655764862154,804.3514782074918,229,77,2.6335,3.04,156.0,37.096,1,261183,661406
21,706.1793554615092,706.1793554615092,171,111,2.6335,3.04,156.0,37.096,1,261183,661506
22,608.6027141456794,608.6027141456794,150,115,2.6335,3.04,156.0,37.096,1,261183,661606
24,511.9621521664885,511.9621521664885,109,110,2.6335,3.04,156.0,37.096,1,261183,661706
22,416.0412560860213,416.0412560860213,83,88,2.6335,3.04,156.0,37.096,1,261183,661806
17,320.1222453280531,320.1222453280531,54,55,2.6335,3.04,156.0,37.096,1,261183,661906
15,225.45839683264884,225.45839683264884,27,32,2.6335,3.04,156.0,37.096,2,261183,662006
12,138.27501855761574,138.27501855761574,16,19,2.6335,3.04,156.0,37.096,2,261183,662106
9,58.8023183756228,58.8023183756228,17,12,2.6335,3.04,156.0,37.096,2,261183,662206
11,0.0,0.0,19,13,2.6335,3.04,156.0,37.096,0,261183,662306
8,0.0,26.616998317276497,21,10,2.6335,3.04,156.0,37.096,2,261183,662406
7,0.0,95.17881838176574,38,13,2.6335,3.04,156.0,37.096,2,261183,662506
6,0.0,163.740638446255,63,29,2.6335,3.04,156.0,37.096,2,261183,662606
6,29.03297549342517,228.77884695658895,112,40,2.6335,3.04,156.0,37.096,2,261183,662706
10,127.7929953932043,224.47972140463708,136,40,2.6335,3.04,156.0,37.096,2,261183,662806
9,169.14414812886534,244.23029780117105,146,47,2.6335,3.04,156.0,37.096,2,261183,662906
9,150.9484993131222,284.6368337120428,131,86,2.6335,3.04,156.0,37.096,2,261183,663006
9,101.27555109839058,346.9642266725594,123,100,2.6335,3.04,156.0,37.096,2,261183,663106
9,14.948652195441126,421.0917458569935,103,106,2.6335,3.04,156.0,37.096,2,261183,663206
11,73.57857904318988,495.65203588465187,66,110,2.6335,3.04,156.0,37.096,2,261183,663306
10,172.2519510311189,572.7458254768463,48,93,2.6335,3.04,156.0,37.096,2,261183,663406
12,271.89641772932396,655.9268831138584,61,54,2.6335,3.04,156.0,37.096,2,261183,663506
13,371.7318782591171,740.4714747141428,56,47,2.6335,3.04,156.0,37.096,2,261183,663606
12,417.9425127559754,809.3917858429692,56,52,2.6335,3.04,156.0,37.096,2,261183,663706
12,474.2309968143689,874.5915441126645,47,69,2.6335,3.04,156.0,37.096,2,261183,663806
15,543.0060160866635,924.8343371461154,46,77,2.6335,3.04,156.0,37.096,2,261183,663906
14,617.8376615192501,979.816822507826,49,86,2.6335,3.04,156.0,37.096,2,261183,664006
13,695.7491962628675,1040.8169718400611,65,77,2.6335,3.04,156.0,37.096,2,261183,664106
13,778.645556307358,1106.9219223167015,67,68,2.6335,3.04,156.0,37.096,2,261183,664206
14,865.1652215698248,1177.6496392005545,73,70,2.6335,3.04,156.0,37.096,2,261183,664306
18,954.3232255744032,1215.6238070193535,67,74,2.6335,3.04,156.0,37.096,1,261183,664406
18,1045.3872582229444,1259.2630567392332,83,103,2.6335,3.04,156.0,37.096,1,261183,664506
23,1021.0163277468296,1307.817632044818,116,90,2.6335,3.04,156.0,37.096,1,261183,664606
22,982.2508314960552,1361.9950335101785,142,78,2.6335,3.04,156.0,37.096,1,261183,664706
23,952.4489752337198,1420.3487780793178,204,69,2.6335,3.04,156.0,37.096,1,261183,664806
29,932.3465003716744,1482.4606380468126,270,69,2.6335,3.04,156.0,37.096,1,261183,664906
31,922.0418993220256,1547.6913984635826,271,53,2.9116,3.2935,167.3,38.714,1,261183,665006
34,905.1104307421848,1614.7914446944544,311,42,2.9116,3.2935,167.3,38.714,1,261183,665106
40,849.9561901410417,1683.8610261937176,297,45,2.9116,3.2935,167.3,38.714,0,261183,665206
47,803.5086548879519,1755.489732597753,267,36,2.9116,3.2935,167.3,38.714,0,261183,665306
48,767.350501270845,1829.7815298494245,249,44,2.9116,3.2935,167.3,38.714,0,261183,665406
54,742.9854810973013,1903.5182120748757,212,61,2.9116,3.2935,167.3,38.714,0,261183,665506
52,731.5928228476271,1978.6945042092404,166,74,2.9116,3.2935,167.3,38.714,0,261183,665606
45,722.759429092151,2054.308011091746,113,77,2.9116,3.2935,167.3,38.714,0,261183,665706
46,708.5132385246072,2131.48765339018,90,67,2.9116,3.2935,167.3,38.714,0,261183,665806
50,708.2378315139922,2207.360792264787,87,44,2.9116,3.2935,167.3,38.714,0,261183,665906
57,721.9491968349691,2284.333894634866,78,30,2.9116,3.2935,167.3,38.714,0,261183,666006
55,748.7935526239083,2360.3054682832935,89,36,2.9116,3.2935,167.3,38.714,0,261183,666106
56,787.4660359957841,2432.1086086801547,107,43,2.9116,3.2935,167.3,38.714,0,261183,666206
56,836.3693748833067,2505.8456986064048,96,53,2.9116,3.2935,167.3,38.714,0,261183,666306
54,893.8258804926567,2581.3510117828455,74,52,2.9116,3.2935,167.3,38.714,0,261183,666406
54,958.2983241320276,2658.3382829734505,50,46,2.9116,3.2935,167.3,38.714,0,261183,666506
61,1028.4681090972304,2735.0625455448444,25,29,2.9116,3.2935,167.3,38.714,0,261183,666606
62,1081.8676441642476,2813.249336507921,7,15,2.9116,3.2935,167.3,38.714,0,261183,666706
61,1081.7229762960867,2892.780069532122,6,4,2.9116,3.2935,167.3,38.714,0,261183,666806
58,1059.9394874034424,2973.546911014232,6,6,2.9116,3.2935,167.3,38.714,0,261183,666906
55,1002.6894754915078,3055.4518378338566,31,17,2.9116,3.2935,167.3,38.714,0,261183,667006
54,952.5233076233872,3138.405747293091,55,31,2.9116,3.2935,167.3,38.714,0,261183,667106
56,910.612496548428,3222.3276270364436,89,41,2.9116,3.2935,167.3,38.714,0,261183,667206
60,878.1398443155417,3307.1437884195975,127,50,2.9116,3.2935,167.3,38.714,0,261183,667306
59,856.1799188715457,3392.787163764084,153,45,2.9116,3.2935,167.3,38.714,0,261183,667406
64,845.5521987336143,3479.1966658874503,148,42,2.9116,3.2935,167.3,38.714,0,261183,667506
75,846.2091912496169,3566.316606982948,117,39,2.9116,3.2935,167.3,38.714,0,261183,667606
84,858.5343308480861,3654.096173140819,97,35,2.9116,3.2935,167.3,38.714,0,261183,667706
85,776.466869121792,3741.6096920780906,112,29,2.9116,3.2935,167.3,38.714,0,261183,667806
92,677.1337213655574,3826.722896526615,128,29,2.9116,3.2935,167.3,38.714,0,261183,667906
92,578.0305825619773,3912.540500205638,147,23,2.9116,3.2935,167.3,38.714,0,261183,668006
102,479.3001482823778,3999.017154839141,143,32,2.9116,3.2935,167.3,38.714,0,261183,668106
108,381.232094543573,4086.111017048616,105,29,2.9116,3.2935,167.3,38.714,0,261183,668206
109,284.5121924920797,4173.783449413064,70,26,2.9116,3.2935,167.3,38.714,0,261183,668306
109,190.0612069311902,4261.998747247911,51,30,2.9116,3.2935,167.3,38.714,0,261183,668406
108,104.3247941020323,4350.723889250053,13,32,2.9116,3.2935,167.3,38.714,0,261183,668506
108,16.23482955442588,4439.928310168921,8,44,2.9116,3.2935,167.3,38.714,0,261183,668606
111,16.62459799143098,4528.453574316705,10,50,2.9116,3.2935,167.3,38.714,0,261183,668706
106,77.90644174712114,4616.76077773727,12,57,2.9116,3.2935,167.3,38.714,0,261183,668806
101,171.03019348286975,4705.187041285988,14,66,2.9116,3.2935,167.3,38.714,0,261183,668906
94,268.0729257752199,4793.027216904977,16,50,2.9116,3.2935,167.3,38.714,0,261183,669006
86,366.7081400577103,4881.334254632544,23,25,2.9116,3.2935,167.3,38.714,0,261183,669106
80,465.9255588991486,4969.425535947518,24,19,2.9116,3.2935,167.3,38.714,0,261183,669206
79,563.8565880493478,5057.340762047388,43,10,2.9116,3.2935,167.3,38.714,0,261183,669306
79,591.5838523867509,5145.697329770265,71,9,2.9116,3.2935,167.3,38.714,0,261183,669406
84,568.6201594814755,5234.472889961664,116,12,2.9116,3.2935,167.3,38.714,0,261183,669506
81,562.7488934975602,5323.646481677985,143,9,2.9116,3.2935,167.3,38.714,0,261183,669606
76,573.9057375614443,5413.198434199616,151,14,2.9116,3.2935,167.3,38.714,0,261183,669706
70,601.6881995302647,5503.110276394609,167,15,2.9116,3.2935,167.3,38.714,0,261183,669806
62,643.9639611826098,5593.364652898891,138,32,2.9116,3.2935,167.3,38.714,0,261183,669906
27,753.1473039222058,2104.193398760034,0,0,2.6335,3.04,156.0,37.096,1,261283,660106
27,709.313184812508,2005.09857165087,3,0,2.6335,3.04,156.0,37.096,1,261283,660206
27,677.5097983737497,1906.0982935534607,41,12,2.6335,3.04,156.0,37.096,1,261283,660306
27,659.4799918390358,1807.208102941792,77,28,2.6335,3.04,156.0,37.096,1,261283,660406
27,655.5251137760825,1708.447116532884,117,54,2.6335,3.04,156.0,37.096,1,261283,660506
27,666.3301268414389,1609.808373802304,137,70,2.6335,3.04,156.0,37.096,1,261283,660606
27,690.6835164276172,1511.1822675078324,148,73,2.6335,3.04,156.0,37.096,1,261283,660706
25,723.7287984990203,1412.59316563352,144,70,2.6335,3.04,156.0,37.096,1,261283,660806
24,768.4438217261189,1314.2022040690636,153,70,2.6335,3.04,156.0,37.096,1,261283,660906
34,811.6025758228967,1216.0737702809972,194,46,2.6335,3.04,156.0,37.096,1,261283,661006
35,755.35633989413,1118.2769765808894,241,33,2.6335,3.04,156.0,37.096,1,261283,661106
31,708.8213169439474,1020.907134824882,286,46,2.6335,3.04,156.0,37.096,1,261283,661206
35,674.0119572307657,924.0992151938042,287,58,2.6335,3.04,156.0,37.096,1,261283,661306
33,652.8066923875269,827.9934971510949,221,72,2.6335,3.04,156.0,37.096,1,261283,661406
26,646.2943430630983,732.0744863931266,185,96,2.6335,3.04,156.0,37.096,1,261283,661506
24,636.1894144018723,636.1894144018723,161,105,2.6335,3.04,156.0,37.096,1,261283,661606
25,541.359201653629,541.359201653629,130,97,2.6335,3.04,156.0,37.096,1,261283,661706
23,448.779009572765,448.779009572765,91,76,2.6335,3.04,156.0,37.096,1,261283,661806
19,360.1880254133516,360.1880254133516,53,55,2.6335,3.04,156.0,37.096,1,261283,661906
15,277.85602277438375,277.85602277438375,24,30,2.6335,3.04,156.0,37.096,2,261283,662006
11,200.0950864549335,200.0950864549335,17,18,2.6335,3.04,156.0,37.096,2,261283,662106
10,136.2946429774958,136.2946429774958,17,14,2.6335,3.04,156.0,37.096,2,261283,662206
9,67.63916659335018,67.63916659335018,21,6,2.6335,3.04,156.0,37.096,2,261283,662306
6,0.0,0.0,16,11,2.6335,3.04,156.0,37.096,0,261283,662406
5,14.35578098674584,22.38268641416321,17,9,2.6335,3.04,156.0,37.096,2,261283,662506
6,0.0,93.65481512320002,44,29,2.6335,3.04,156.0,37.096,2,261283,662606
7,37.880240765184595,172.97752860722872,104,36,2.6335,3.04,156.0,37.096,2,261283,662706
8,134.5956928930361,256.74843739136014,123,44,2.6335,3.04,156.0,37.096,2,261283,662806
9,233.7547762559223,338.6711260182656,146,57,2.6335,3.04,156.0,37.096,2,261283,662906
8,238.0743370547238,373.8804126956955,146,93,2.6335,3.04,156.0,37.096,2,261283,663006
10,151.85519242763223,423.2642324628596,127,105,2.6335,3.04,156.0,37.096,2,261283,663106
9,86.18640095683317,488.3837200063529,84,111,2.6335,3.04,156.0,37.096,2,261283,663206
9,108.48015775993176,562.2910871308354,51,97,2.6335,3.04,156.0,37.096,2,261283,663306
11,189.80219168289847,636.8513771584937,55,84,2.6335,3.04,156.0,37.096,2,261283,663406
11,264.847167575939,669.4146604424321,56,51,2.6335,3.04,156.0,37.096,2,261283,663506
9,284.7015474087042,702.5146962564992,57,41,2.6335,3.04,156.0,37.096,2,261283,663606
14,333.8355478142597,740.4663718981294,53,41,2.6335,3.04,156.0,37.096,2,261283,663706
13,401.7544874064344,787.3916869429229,49,68,2.6335,3.04,156.0,37.096,2,261283,663806
14,476.7489183067911,840.7372150895611,50,70,2.6335,3.04,156.0,37.096,2,261283,663906
14,556.3915896452356,900.1004033726308,65,78,2.6335,3.04,156.0,37.096,2,261283,664006
13,641.7114299159095,965.5676120982768,87,68,2.6335,3.04,156.0,37.096,2,261283,664106
12,730.7636536811955,1036.2848306489786,98,77,2.6335,3.04,156.0,37.096,2,261283,664206
12,822.244869771818,1111.2110650736586,100,78,2.6335,3.04,156.0,37.096,2,261283,664306
15,915.4929530601418,1189.715861931121,89,112,2.6335,3.04,156.0,37.096,2,261283,664406
19,1010.0336966356537,1270.8969179667597,89,131,2.6335,3.04,156.0,37.096,1,261283,664506
22,1105.535521625691,1354.5974014681656,99,118,2.6335,3.04,156.0,37.096,1,261283,664606
24,1076.68405559851,1440.378167021149,126,110,2.6335,3.04,156.0,37.096,1,261283,664706
26,1043.9031043229963,1501.3030730316175,175,84,2.6335,3.04,156.0,37.096,1,261283,664806
30,966.429807513552,1560.5130193976422,245,66,2.6335,3.04,156.0,37.096,1,261283,664906
31,893.4424740777516,1623.2373794730856,275,58,2.9116,3.2935,167.3,38.714,1,261283,665006
34,826.1309436897195,1688.9136333439196,302,49,2.9116,3.2935,167.3,38.714,1,261283,665106
41,765.6794550785104,1756.1293256575773,291,44,2.9116,3.2935,167.3,38.714,0,261283,665206
47,713.7686328566813,1825.278774147933,265,40,2.9116,3.2935,167.3,38.714,0,261283,665306
48,672.8047967805127,1896.8391732239584,243,39,2.9116,3.2935,167.3,38.714,0,261283,665406
51,644.8774518399897,1970.87673252259,221,62,2.9116,3.2935,167.3,38.714,0,261283,665506
46,631.7179443489075,2044.7868103151045,173,84,2.9116,3.2935,167.3,38.714,0,261283,665606
44,625.3478888700461,2119.67060104294,139,89,2.9116,3.2935,167.3,38.714,0,261283,665706
42,608.8265754196661,2195.2712945117,93,83,2.9116,3.2935,167.3,38.714,0,261283,665806
45,608.5060523612344,2272.1984815658775,62,59,2.9116,3.2935,167.3,38.714,0,261283,665906
48,624.4112687830581,2348.2413032575087,59,35,2.9116,3.2935,167.3,38.714,0,261283,666006
53,655.224489166901,2425.176422208173,64,24,2.9116,3.2935,167.3,38.714,0,261283,666106
57,699.0923433995011,2501.37564768172,74,43,2.9116,3.2935,167.3,38.714,0,261283,666206
55,753.751336977644,2573.4698739197615,76,47,2.9116,3.2935,167.3,38.714,0,261283,666306
51,817.0385862316207,2647.046953263333,60,43,2.9116,3.2935,167.3,38.714,0,261283,666406
53,887.1093646147273,2722.309305275357,42,50,2.9116,3.2935,167.3,38.714,0,261283,666506
59,962.4706499880928,2799.120993168551,31,45,2.9116,3.2935,167.3,38.714,0,261283,666606
59,981.9928637637252,2875.799346956159,31,29,2.9116,3.2935,167.3,38.714,0,261283,666706
59,981.833479995588,2953.646320274904,28,10,2.9116,3.2935,167.3,38.714,0,261283,666806
59,982.1171762779366,3032.7926547315255,27,5,2.9116,3.2935,167.3,38.714,0,261283,666906
55,920.0375799037192,3113.139249682466,35,14,2.9116,3.2935,167.3,38.714,0,261283,667006
58,865.091680539962,3194.5955439199993,73,26,2.9116,3.2935,167.3,38.714,0,261283,667106
56,818.7173401387189,3277.078789189166,122,39,2.9116,3.2935,167.3,38.714,0,261283,667206
62,782.4401257273182,3360.5133673106466,148,35,2.9116,3.2935,167.3,38.714,0,261283,667306
61,757.7116982418474,3444.8301544769306,176,39,2.9116,3.2935,167.3,38.714,0,261283,667406
63,745.6818926036138,3529.9659339027007,173,32,2.9116,3.2935,167.3,38.714,0,261283,667506
82,746.4494236379948,3615.862856336448,132,37,2.9116,3.2935,167.3,38.714,0,261283,667606
86,760.3932824130779,3702.467946809748,117,30,2.9116,3.2935,167.3,38.714,0,261283,667706
87,786.8984342520802,3789.732655277098,125,26,2.9116,3.2935,167.3,38.714,0,261283,667806
88,696.584116902377,3877.61244837511,119,34,2.9116,3.2935,167.3,38.714,0,261283,667906
91,600.6891081318927,3964.245118206652,137,32,2.9116,3.2935,167.3,38.714,0,261283,668006
99,505.8825629644944,4049.61780865474,133,45,2.9116,3.2935,167.3,38.714,0,261283,668106
104,413.4883332770794,4135.64619317489,113,41,2.9116,3.2935,167.3,38.714,0,261283,668206
103,322.25627822792075,4222.290193019696,89,28,2.9116,3.2935,167.3,38.714,0,261283,668306
105,226.91707105958957,4309.512676976208,64,32,2.9116,3.2935,167.3,38.714,0,261283,668406
105,138.3242763191428,4397.279221514935,32,34,2.9116,3.2935,167.3,38.714,0,261283,668506
106,76.1516993792305,4485.557890710512,17,52,2.9116,3.2935,167.3,38.714,0,261283,668606
106,90.25633453621788,4574.319034551883,7,59,2.9116,3.2935,167.3,38.714,0,261283,668706
100,148.94208831454267,4663.5351042757275,11,49,2.9116,3.2935,167.3,38.714,0,261283,668806
100,216.61523721824412,4751.991725936347,13,57,2.9116,3.2935,167.3,38.714,0,261283,668906
97,301.3800749219531,4840.301775242454,13,51,2.9116,3.2935,167.3,38.714,0,261283,669006
86,392.761238009036,4928.62567229083,11,19,2.9116,3.2935,167.3,38.714,0,261283,669106
79,487.2450705245513,5016.540224703726,14,15,2.9116,3.2935,167.3,38.714,0,261283,669206
81,542.3230887961797,5104.893614940436,28,11,2.9116,3.2935,167.3,38.714,0,261283,669306
82,497.4653395015763,5192.879138351956,68,11,2.9116,3.2935,167.3,38.714,0,261283,669406
83,469.9246698880664,5280.861593686178,111,16,2.9116,3.2935,167.3,38.714,0,261283,669506
83,462.79874642067347,5369.26480980483,137,12,2.9116,3.2935,167.3,38.714,0,261283,669606
80,476.2833366817571,5458.068341817211,146,13,2.9116,3.2935,167.3,38.714,0,261283,669706
71,509.4180117042723,5547.252964313603,155,14,2.9116,3.2935,167.3,38.714,0,261283,669806
66,558.7196116987127,5636.800588651761,127,19,2.9116,3.2935,167.3,38.714,0,261283,669906
25,841.6474456091843,2119.4583228549395,0,0,2.6335,3.04,156.0,37.096,1,261383,660106
25,802.6610464224863,2020.8556610244289,0,2,2.6335,3.04,156.0,37.096,1,261383,660206
25,774.6993534188707,1922.3853891142471,24,22,2.6335,3.04,156.0,37.096,1,261383,660306
25,758.981831753035,1824.0815677664723,62,38,2.6335,3.04,156.0,37.096,1,261383,660406
25,755.4788086772306,1725.972638094488,104,62,2.6335,3.04,156.0,37.096,1,261383,660506
25,764.8731224887888,1628.093832994985,134,82,2.6335,3.04,156.0,37.096,1,261383,660606
25,786.9243273209339,1530.4893043147204,132,68,2.6335,3.04,156.0,37.096,1,261383,660706
26,816.6713066383066,1433.2150893034905,99,64,2.6335,3.04,156.0,37.096,1,261383,660806
27,804.6978509677791,1336.3433218273915,93,56,2.6335,3.04,156.0,37.096,1,261383,660906
30,734.4406650561076,1239.9683283770285,102,39,2.6335,3.04,156.0,37.096,1,261383,661006
31,671.7645045876964,1144.0267274582002,161,25,2.6335,3.04,156.0,37.096,1,261383,661106
31,618.9765817539859,1048.1077167002318,209,37,2.6335,3.04,156.0,37.096,1,261383,661206
41,578.7887938581262,952.3524912078004,229,43,2.6335,3.04,156.0,37.096,0,261383,661306
42,553.9502929249519,857.5010680621693,209,60,2.6335,3.04,156.0,37.096,0,261383,661406
26,546.2997618253073,763.9639362861433,195,69,2.6335,3.04,156.0,37.096,1,261383,661506
26,556.4895076437704,672.2899003881255,168,82,2.6335,3.04,156.0,37.096,1,261383,661606
26,583.3579727593795,583.3579727593795,134,89,2.6335,3.04,156.0,37.096,1,261383,661706
22,498.63748214508536,498.63748214508536,103,69,2.6335,3.04,156.0,37.096,1,261383,661806
16,417.4383484591652,417.4383484591652,42,42,2.6335,3.04,156.0,37.096,1,261383,661906
16,341.4943258686248,341.4943258686248,23,35,2.6335,3.04,156.0,37.096,1,261383,662006
13,277.63527277170425,277.63527277170425,16,26,2.6335,3.04,156.0,37.096,2,261383,662106
9,209.0384058675306,209.0384058675306,21,24,2.6335,3.04,156.0,37.096,2,261383,662206
10,139.67312767555666,139.67312767555666,25,32,2.6335,3.04,156.0,37.096,2,261383,662306
9,63.87020242619159,63.87020242619159,21,46,2.6335,3.04,156.0,37.096,2,261383,662406
3,0.0,0.0,22,55,2.6335,3.04,156.0,37.096,0,261383,662506
7,20.247896508207,33.87054471452428,51,50,2.6335,3.04,156.0,37.096,2,261383,662606
11,42.765806747253954,120.61180440941706,74,47,2.6335,3.04,156.0,37.096,2,261383,662706
10,138.25133138261273,209.5844160022396,104,58,2.6335,3.04,156.0,37.096,2,261383,662806
8,237.36249983118265,298.5615358830588,126,72,2.6335,3.04,156.0,37.096,2,261383,662906
8,291.518736171769,389.80991890300425,138,66,2.6335,3.04,156.0,37.096,2,261383,663006
11,222.1514568528513,483.4157602293392,75,96,2.6335,3.04,156.0,37.096,2,261383,663106
9,183.62833665995848,535.6449042803341,52,102,2.6335,3.04,156.0,37.096,2,261383,663206
9,195.16009394126107,535.3542503605948,64,86,2.6335,3.04,156.0,37.096,2,261383,663306
13,188.96918766409877,547.6125732877283,68,73,2.6335,3.04,156.0,37.096,2,261383,663406
13,164.89102612752404,574.5871282541171,65,37,2.6335,3.04,156.0,37.096,2,261383,663506
11,194.7193297553396,609.4011372676032,45,35,2.6335,3.04,156.0,37.096,2,261383,663606
12,260.5976702789669,651.0620958465222,52,36,2.6335,3.04,156.0,37.096,2,261383,663706
13,335.93681872820423,702.2933921127291,56,58,2.6335,3.04,156.0,37.096,2,261383,663806
13,418.42114902987225,759.5912027655343,63,71,2.6335,3.04,156.0,37.096,2,261383,663906
14,507.2444581750446,824.2363040785295,80,75,2.6335,3.04,156.0,37.096,2,261383,664006
16,599.4486901122254,894.9378904466882,134,72,2.6335,3.04,156.0,37.096,1,261383,664106
14,693.8151434740869,970.4728788926154,158,82,2.6335,3.04,156.0,37.096,2,261383,664206
15,789.5696134924854,1049.812873115784,165,91,2.6335,3.04,156.0,37.096,2,261383,664306
16,886.2623177069967,1132.1935402246893,151,134,2.6335,3.04,156.0,37.096,1,261383,664406
21,983.6166006244924,1217.217053977397,86,146,2.6335,3.04,156.0,37.096,1,261383,664506
25,1081.4538077332693,1304.2447674199834,96,152,2.6335,3.04,156.0,37.096,1,261383,664606
26,1071.693573578617,1392.9468992338398,110,131,2.6335,3.04,156.0,37.096,1,261383,664706
27,986.2961002078424,1483.0872242818127,164,100,2.6335,3.04,156.0,37.096,1,261383,664806
28,903.8987105426644,1574.4187389543783,210,77,2.6335,3.04,156.0,37.096,1,261383,664906
33,825.4003637969782,1666.745636356507,231,75,2.9116,3.2935,167.3,38.714,1,261383,665006
34,752.023033019386,1759.9112668132504,266,70,2.9116,3.2935,167.3,38.714,1,261383,665106
40,685.4133962997581,1830.1358682242565,255,43,2.9116,3.2935,167.3,38.714,0,261383,665206
43,627.1404659407219,1897.4796460069529,227,34,2.9116,3.2935,167.3,38.714,0,261383,665306
45,580.0911974346077,1966.697041024825,228,46,2.9116,3.2935,167.3,38.714,0,261383,665406
46,547.4545009970127,2038.1985911333009,207,67,2.9116,3.2935,167.3,38.714,0,261383,665506
47,531.890086373735,2112.0155640098255,192,85,2.9116,3.2935,167.3,38.714,0,261383,665606
40,528.9033672485313,2186.0751623804035,153,96,2.9116,3.2935,167.3,38.714,0,261383,665706
42,509.26278944161015,2260.702318498309,105,92,2.9116,3.2935,167.3,38.714,0,261383,665806
43,508.87955896544395,2336.289945314671,51,72,2.9116,3.2935,167.3,38.714,0,261383,665906
49,527.7646298883045,2412.865638965757,37,44,2.9116,3.2935,167.3,38.714,0,261383,666006
52,563.8674294166304,2489.1831530486497,31,25,2.9116,3.2935,167.3,38.714,0,261383,666106
50,614.2942709749933,2565.9738519924376,41,33,2.9116,3.2935,167.3,38.714,0,261383,666206
52,675.8464505703039,2642.3529139161988,46,38,2.9116,3.2935,167.3,38.714,0,261383,666306
53,745.7743614152058,2714.837398359074,42,46,2.9116,3.2935,167.3,38.714,0,261383,666406
54,821.9121425279026,2788.2705177828725,38,46,2.9116,3.2935,167.3,38.714,0,261383,666506
55,893.5856822481547,2863.31326633068,48,45,2.9116,3.2935,167.3,38.714,0,261383,666606
58,882.1464557975988,2939.842383862334,48,32,2.9116,3.2935,167.3,38.714,0,261383,666706
59,881.9690286136071,3016.600178987049,53,21,2.9116,3.2935,167.3,38.714,0,261383,666806
57,893.0601129772812,3094.1366067426156,54,15,2.9116,3.2935,167.3,38.714,0,261383,666906
55,841.1611692230869,3172.9301981771864,45,16,2.9116,3.2935,167.3,38.714,0,261383,667006
57,780.6834056857577,3252.8895990833644,70,26,2.9116,3.2935,167.3,38.714,0,261383,667106
56,728.9588789619594,3333.930929870135,130,37,2.9116,3.2935,167.3,38.714,0,261383,667206
63,687.9647625582573,3415.9771876382247,171,39,2.9116,3.2935,167.3,38.714,0,261383,667306
62,659.7044655193736,3498.9576801934554,189,39,2.9116,3.2935,167.3,38.714,0,261383,667406
70,645.8517237962327,3582.8074954014455,190,32,2.9116,3.2935,167.3,38.714,0,261383,667506
82,646.7638585632768,3667.467007407809,154,28,2.9116,3.2935,167.3,38.714,0,261383,667606
86,662.8081853998929,3752.881419888564,125,27,2.9116,3.2935,167.3,38.714,0,261383,667706
86,693.0554757900259,3839.000345541117,115,27,2.9116,3.2935,167.3,38.714,0,261383,667806
86,728.5372378181105,3925.777420382468,98,42,2.9116,3.2935,167.3,38.714,0,261383,667906
88,637.0415536936139,4013.169951011898,110,40,2.9116,3.2935,167.3,38.714,0,261383,668006
91,543.0083062165685,4101.138592759924,113,41,2.9116,3.2935,167.3,38.714,0,261383,668106
93,450.0002987789434,4186.984072885619,104,41,2.9116,3.2935,167.3,38.714,0,261383,668206
97,360.7527091819133,4272.587116203272,92,38,2.9116,3.2935,167.3,38.714,0,261383,668306
101,278.89920305200195,4358.803242232268,69,42,2.9116,3.2935,167.3,38.714,0,261383,668406
104,210.5004212846038,4445.596781472975,46,38,2.9116,3.2935,167.3,38.714,0,261383,668506
104,174.81585299929657,4532.934566303734,31,47,2.9116,3.2935,167.3,38.714,0,261383,668606
104,185.44694955811607,4620.785736359084,16,67,2.9116,3.2935,167.3,38.714,0,261383,668706
100,226.7155511254113,4709.121559302532,11,68,2.9116,3.2935,167.3,38.714,0,261383,668806
98,288.5683866280249,4797.91526595002,12,57,2.9116,3.2935,167.3,38.714,0,261383,668906
100,357.3112892209325,4887.141898715914,11,50,2.9116,3.2935,167.3,38.714,0,261383,669006
90,438.20574199083944,4975.5298775559895,8,18,2.9116,3.2935,167.3,38.714,0,261383,669106
83,524.9671279749109,5063.84857465268,17,13,2.9116,3.2935,167.3,38.714,0,261383,669206
88,460.0159152052224,5152.078895129895,34,11,2.9116,3.2935,167.3,38.714,0,261383,669306
89,406.1675437625316,5240.061235343452,77,17,2.9116,3.2935,167.3,38.714,0,261383,669406
87,371.9267467796281,5328.45297524833,128,25,2.9116,3.2935,167.3,38.714,0,261383,669506
86,362.85388815257903,5416.345385380682,150,23,2.9116,3.2935,167.3,38.714,0,261383,669606
82,379.8997736186092,5504.3894084515305,150,17,2.9116,3.2935,167.3,38.714,0,261383,669706
77,420.69553342470454,5592.835433482034,162,15,2.9116,3.2935,167.3,38.714,0,261383,669806
70,479.21354915269546,5681.664686705028,165,17,2.9116,3.2935,167.3,38.714,0,261383,669906
28,932.4751921609724,2137.9512767417573,0,0,2.6335,3.04,156.0,37.096,1,261483,660106
28,897.4432108714279,2040.2312720148088,7,10,2.6335,3.04,156.0,37.096,1,261483,660206
28,872.52429735956,1942.743324500851,26,19,2.6335,3.04,156.0,37.096,1,261483,660306
28,858.5994305998402,1845.5242091281475,73,31,2.6335,3.04,156.0,37.096,1,261483,660406
28,855.4433271290328,1748.6187657873083,112,52,2.6335,3.04,156.0,37.096,1,261483,660506
28,863.7510920832293,1652.0821921590295,150,64,2.6335,3.04,156.0,37.096,1,261483,660606
27,883.3734273909043,1555.9789685232734,130,66,2.6335,3.04,156.0,37.096,1,261483,660706
25,822.4223499042103,1460.0599577653054,99,55,2.6335,3.04,156.0,37.096,1,261483,660806
30,740.4343190032853,1364.14103002745,93,41,2.6335,3.04,156.0,37.096,1,261483,660906
28,663.4059389949373,1268.5478170027372,104,30,2.6335,3.04,156.0,37.096,1,261483,661006
26,593.272196407054,1173.689217058957,127,29,2.6335,3.04,156.0,37.096,1,261483,661106
29,532.7629474405533,1079.7588584765233,164,32,2.6335,3.04,156.0,37.096,1,261483,661206
37,485.4902854861684,987.0217863231704,185,31,2.6335,3.04,156.0,37.096,0,261483,661306
43,455.5933235214678,895.8486595930361,187,50,2.6335,3.04,156.0,37.096,0,261483,661406
29,446.3076087917538,806.7698774202572,189,84,2.6335,3.04,156.0,37.096,1,261483,661506
28,458.64865502455285,720.5625922366177,165,96,2.6335,3.04,156.0,37.096,1,261483,661606
25,490.8977076566629,638.178925370215,133,102,2.6335,3.04,156.0,37.096,1,261483,661706
22,539.6284756970987,557.5258789880293,85,82,2.6335,3.04,156.0,37.096,1,261483,661806
17,482.9065184665928,482.9065184665928,49,62,2.6335,3.04,156.0,37.096,1,261483,661906
12,418.1913173502965,418.1913173502965,21,35,2.6335,3.04,156.0,37.096,2,261483,662006
13,350.4376451417111,350.4376451417111,22,30,2.6335,3.04,156.0,37.096,2,261483,662106
9,281.0149251312128,281.0149251312128,21,44,2.6335,3.04,156.0,37.096,2,261483,662206
8,204.59299080926428,204.59299080926428,24,66,2.6335,3.04,156.0,37.096,2,261483,662306
9,128.0359014053686,128.0359014053686,22,112,2.6335,3.04,156.0,37.096,2,261483,662406
8,50.72161792515108,50.72161792515108,24,133,2.6335,3.04,156.0,37.096,2,261483,662506
7,0.0,0.0,58,117,2.6335,3.04,156.0,37.096,0,261483,662606
6,74.9623313965471,74.9623313965471,71,79,2.6335,3.04,156.0,37.096,2,261483,662706
7,167.26539968186432,167.26539968186432,81,67,2.6335,3.04,156.0,37.096,2,261483,662806
9,262.03003173754445,262.03003173754445,85,77,2.6335,3.04,156.0,37.096,2,261483,662906
11,358.23357935359167,358.23357935359167,75,65,2.6335,3.04,156.0,37.096,2,261483,663006
11,309.26128127597104,452.63306136368385,47,62,2.6335,3.04,156.0,37.096,2,261483,663106
12,282.86151441847665,435.962072882016,61,88,2.6335,3.04,156.0,37.096,2,261483,663206
12,200.96250194243856,435.6125960782908,98,65,2.6335,3.04,156.0,37.096,2,261483,663306
13,111.9702517306537,449.9153396443584,105,44,2.6335,3.04,156.0,37.096,2,261483,663406
14,65.06979961378484,480.5482561188595,97,38,2.6335,3.04,156.0,37.096,2,261483,663506
11,119.44528690573983,516.9653217394656,64,40,2.6335,3.04,156.0,37.096,2,261483,663606
11,195.85442712952852,564.5190110914616,37,43,2.6335,3.04,156.0,37.096,2,261483,663706
12,283.81352513886134,619.4972594661006,52,63,2.6335,3.04,156.0,37.096,2,261483,663806
10,377.61202084739296,682.9422789584052,69,67,2.6335,3.04,156.0,37.096,2,261483,663906
14,473.95311954364934,753.6188726943843,103,61,2.6335,3.04,156.0,37.096,2,261483,664006
13,571.5525179385195,829.9669789757344,164,63,2.6335,3.04,156.0,37.096,2,261483,664106
15,669.8604347164911,910.3792094444622,209,75,2.6335,3.04,156.0,37.096,2,261483,664206
14,768.6050502275348,994.2562290253064,220,96,2.6335,3.04,156.0,37.096,2,261483,664306
15,867.6372770184418,1080.791245847247,183,169,2.6335,3.04,156.0,37.096,2,261483,664406
20,966.868742750887,1169.3401420642358,113,216,2.6335,3.04,156.0,37.096,1,261483,664506
22,1066.2438215274149,1259.6043103235118,72,209,2.6335,3.04,156.0,37.096,1,261483,664606
22,1025.4625403785924,1351.2400487434986,78,179,2.6335,3.04,156.0,37.096,1,261483,664706
23,935.855920190287,1443.9862603470626,120,113,2.6335,3.04,156.0,37.096,1,261483,664806
33,848.5747963442595,1537.6242023258235,159,81,2.6335,3.04,156.0,37.096,1,261483,664906
35,764.4161606259997,1631.9297172247816,192,79,2.9116,3.2935,167.3,38.714,1,261483,665006
34,684.5326495220567,1726.8760859843378,202,60,2.9116,3.2935,167.3,38.714,1,261483,665106
37,610.6044791001615,1822.363144581183,200,63,2.9116,3.2935,167.3,38.714,0,261483,665206
41,545.0602824758672,1918.31015352342,207,39,2.9116,3.2935,167.3,38.714,0,261483,665306
42,490.25024233687736,2014.6513990004023,216,57,2.9116,3.2935,167.3,38.714,0,261483,665406
46,451.1606514670114,2108.1157223920663,220,69,2.9116,3.2935,167.3,38.714,0,261483,665506
45,432.1418363835065,2179.566045046259,230,95,2.9116,3.2935,167.3,38.714,0,261483,665606
41,434.07091777663027,2253.189825656188,175,112,2.9116,3.2935,167.3,38.714,0,261483,665706
41,409.9114276065759,2327.3796706842645,121,107,2.9116,3.2935,167.3,38.714,0,261483,665806
43,409.43521502855134,2401.7798585219084,79,88,2.9116,3.2935,167.3,38.714,0,261483,665906
49,432.6232209602618,2477.3545084726534,24,49,2.9116,3.2935,167.3,38.714,0,261483,666006
55,475.9977150258299,2553.6161112769055,8,29,2.9116,3.2935,167.3,38.714,0,261483,666106
57,534.7754651305452,2630.17648086928,9,27,2.9116,3.2935,167.3,38.714,0,261483,666206
54,604.4797527637884,2706.7712817767024,18,30,2.9116,3.2935,167.3,38.714,0,261483,666306
57,681.7106336130547,2783.3304951754662,28,46,2.9116,3.2935,167.3,38.714,0,261483,666406
58,764.2037315901165,2856.210252604934,43,44,2.9116,3.2935,167.3,38.714,0,261483,666506
58,795.2155409147151,2929.5131656802027,65,32,2.9116,3.2935,167.3,38.714,0,261483,666606
59,782.3392834759403,3004.3564649857617,72,32,2.9116,3.2935,167.3,38.714,0,261483,666706
61,782.1392155025934,3080.6278823496104,77,29,2.9116,3.2935,167.3,38.714,0,261483,666806
65,794.6249117567212,3157.4564756740383,79,20,2.9116,3.2935,167.3,38.714,0,261483,666906
56,766.3675682383126,3234.7080389265325,53,23,2.9116,3.2935,167.3,38.714,0,261483,667006
56,700.3924214943872,3313.176843818625,55,29,2.9116,3.2935,167.3,38.714,0,261483,667106
57,642.2336112281374,3392.7784336345862,118,35,2.9116,3.2935,167.3,38.714,0,261483,667206
60,595.296966811941,3473.434928288706,157,41,2.9116,3.2935,167.3,38.714,0,261483,667306
61,562.3992763151995,3555.074528385584,185,36,2.9116,3.2935,167.3,38.714,0,261483,667406
73,546.0837054007591,3637.631042821137,199,27,2.9116,3.2935,167.3,38.714,0,261483,667506
85,547.1930513427799,3721.043443043363,165,23,2.9116,3.2935,167.3,38.714,0,261483,667606
88,566.0666368257915,3805.2554456088774,122,25,2.9116,3.2935,167.3,38.714,0,261483,667706
84,601.2009973517202,3890.2151235704214,95,20,2.9116,3.2935,167.3,38.714,0,261483,667806
82,649.9644921887221,3975.87454643328,76,32,2.9116,3.2935,167.3,38.714,0,261483,667906
80,673.4309026648642,4062.1894478588824,74,34,2.9116,3.2935,167.3,38.714,0,261483,668006
83,584.0816971494361,4149.118919917343,71,37,2.9116,3.2935,167.3,38.714,0,261483,668106
87,498.7922184897408,4236.625132453434,87,40,2.9116,3.2935,167.3,38.714,0,261483,668206
92,420.0427662832311,4324.611757952623,95,40,2.9116,3.2935,167.3,38.714,0,261483,668306
98,350.459374826308,4409.810868503367,73,39,2.9116,3.2935,167.3,38.714,0,261483,668406
102,298.449205900305,4495.619749814118,57,38,2.9116,3.2935,167.3,38.714,0,261483,668506
101,274.44869028909324,4582.004143807282,52,50,2.9116,3.2935,167.3,38.714,0,261483,668606
103,282.53961282543605,4668.932106254646,29,61,2.9116,3.2935,167.3,38.714,0,261483,668706
100,313.51824961092285,4756.373834315779,10,57,2.9116,3.2935,167.3,38.714,0,261483,668806
99,366.95187194001926,4844.301506998932,9,44,2.9116,3.2935,167.3,38.714,0,261483,668906
98,429.0310465517808,4932.689137748341,6,27,2.9116,3.2935,167.3,38.714,0,261483,669006
89,498.41805125249385,5021.512438360461,7,14,2.9116,3.2935,167.3,38.714,0,261483,669106
90,464.4970618623741,5110.748693445723,12,14,2.9116,3.2935,167.3,38.714,0,261483,669206
89,386.154051956946,5199.068029175631,49,19,2.9116,3.2935,167.3,38.714,0,261483,669306
90,320.1130787811666,5287.400448103844,86,26,2.9116,3.2935,167.3,38.714,0,261483,669406
88,275.3721383341949,5375.544890122444,139,37,2.9116,3.2935,167.3,38.714,0,261483,669506
88,262.94669676990975,5463.5892666110785,169,32,2.9116,3.2935,167.3,38.714,0,261483,669606
82,286.0102431561378,5552.012335556224,173,19,2.9116,3.2935,167.3,38.714,0,261483,669706
77,338.3234444112013,5639.822773983086,193,23,2.9116,3.2935,167.3,38.714,0,261483,669806
72,408.2434960847938,5727.923388810037,240,16,2.9116,3.2935,167.3,38.714,0,261483,669906
34,1025.011973242664,2160.907610781727,0,0,2.6335,3.04,156.0,37.096,1,261583,660106
34,993.2491520431296,2064.2746144638427,21,10,2.6335,3.04,156.0,37.096,1,261583,660206
34,970.7925683574074,1967.9780653008563,55,18,2.6335,3.04,156.0,37.096,1,261583,660306
34,958.2966886729532,1872.0121988303788,106,20,2.6335,3.04,156.0,37.096,1,261583,660406
33,955.4152717529752,1776.0931880724104,145,24,2.6335,3.04,156.0,37.096,1,261583,660506
33,955.6955335021028,1680.2139882518118,183,28,2.6335,3.04,156.0,37.096,1,261583,660606
33,863.2603384215937,1584.7560886569,164,22,2.6335,3.04,156.0,37.096,1,261583,660706
29,772.7113762768477,1489.8941824012784,141,23,2.6335,3.04,156.0,37.096,1,261583,660806
26,684.7972912939681,1395.7497945445778,103,24,2.6335,3.04,156.0,37.096,1,261583,660906
25,600.6761101454355,1302.4785231201658,90,27,2.6335,3.04,156.0,37.096,1,261583,661006
24,522.1841135417152,1210.2822470016429,95,31,2.6335,3.04,156.0,37.096,1,261583,661106
27,452.2617688587468,1119.426608414059,128,31,2.6335,3.04,156.0,37.096,1,261583,661206
33,395.4809309020323,1030.2663470401528,155,46,2.6335,3.04,156.0,37.096,1,261583,661306
40,358.14749174471916,943.2823331651653,173,48,2.6335,3.04,156.0,37.096,0,261583,661406
32,346.31998723787046,859.1358299358578,186,88,2.6335,3.04,156.0,37.096,1,261583,661506
27,361.90737354943354,777.7599295869829,169,91,2.6335,3.04,156.0,37.096,1,261583,661606
25,401.8196158135381,698.1514425383892,134,92,2.6335,3.04,156.0,37.096,1,261583,661706
22,459.94373603225546,624.3228624314386,87,70,2.6335,3.04,156.0,37.096,1,261583,661806
15,530.3295248295932,558.6196136441744,51,50,2.6335,3.04,156.0,37.096,2,261583,661906
14,491.8368844158916,491.8368844158916,23,47,2.6335,3.04,156.0,37.096,2,261583,662006
11,422.389934849359,422.389934849359,24,54,2.6335,3.04,156.0,37.096,2,261583,662106
9,345.3359254982763,345.3359254982763,26,80,2.6335,3.04,156.0,37.096,2,261583,662206
7,268.7733791440005,268.7733791440005,25,145,2.6335,3.04,156.0,37.096,2,261583,662306
8,186.4593931126963,186.4593931126963,20,176,2.6335,3.04,156.0,37.096,2,261583,662406
8,92.99273538821572,92.99273538821572,27,186,2.6335,3.04,156.0,37.096,2,261583,662506
7,0.0,0.0,36,169,2.6335,3.04,156.0,37.096,0,261583,662606
5,43.812568463157234,43.812568463157234,73,124,2.6335,3.04,156.0,37.096,2,261583,662706
6,141.87473535307325,141.87473535307325,87,64,2.6335,3.04,156.0,37.096,2,261583,662806
11,240.52929578516049,240.52929578516049,131,65,2.6335,3.04,156.0,37.096,2,261583,662906
9,307.482277952933,339.20629200243735,131,64,2.6335,3.04,156.0,37.096,2,261583,663006
10,275.2693252246473,356.3968004864384,112,55,2.6335,3.04,156.0,37.096,2,261583,663106
12,277.49063329082037,336.4675236953489,123,45,2.6335,3.04,156.0,37.096,2,261583,663206
12,190.8543424106523,335.9936920834112,134,53,2.6335,3.04,156.0,37.096,2,261583,663306
12,92.8557731123243,353.27983438567844,160,63,2.6335,3.04,156.0,37.096,2,261583,663406
16,0.0,386.78800200570345,149,74,2.6335,3.04,156.0,37.096,1,261583,663506
13,61.662170436467925,427.61353610796465,103,73,2.6335,3.04,156.0,37.096,2,261583,663606
12,160.7574088483665,480.18216715453656,32,92,2.6335,3.04,156.0,37.096,2,261583,663706
12,260.4961875702276,541.7147107258266,40,81,2.6335,3.04,156.0,37.096,2,261583,663806
13,360.3709283263914,612.3471097385378,63,84,2.6335,3.04,156.0,37.096,2,261583,663906
16,460.300063248993,689.723420981869,114,84,2.6335,3.04,156.0,37.096,1,261583,664006
17,560.2544872388163,771.6693212884849,208,69,2.6335,3.04,156.0,37.096,1,261583,664106
15,660.222714480069,857.4176466913204,252,56,2.6335,3.04,156.0,37.096,2,261583,664206
18,760.1992994995672,945.733404084071,247,94,2.6335,3.04,156.0,37.096,1,261583,664306
15,860.1813280953236,1036.1748512404688,207,220,2.6335,3.04,156.0,37.096,2,261583,664406
19,960.1670997529736,1128.230904153033,138,233,2.6335,3.04,156.0,37.096,1,261583,664506
20,1012.611634992981,1221.5365830906303,52,238,2.6335,3.04,156.0,37.096,1,261583,664606
21,986.8566517017556,1315.7115715915568,36,220,2.6335,3.04,156.0,37.096,1,261583,664706
23,893.7371039628098,1410.6747867609863,62,127,2.6335,3.04,156.0,37.096,1,261583,664806
31,801.9510527835921,1506.2900678111057,103,89,2.6335,3.04,156.0,37.096,1,261583,664906
30,712.3049716913425,1602.440695554633,132,79,2.9116,3.2935,167.3,38.714,1,261583,665006
31,625.8044857075547,1699.0357845415872,146,64,2.9116,3.2935,167.3,38.714,1,261583,665106
34,543.9523287634586,1796.0036223616248,147,71,2.9116,3.2935,167.3,38.714,1,261583,665206
38,469.1876145026447,1893.2869370275887,161,52,2.9116,3.2935,167.3,38.714,0,261583,665306
40,405.19723947926514,1990.839481299921,171,83,2.9116,3.2935,167.3,38.714,0,261583,665406
42,356.91096397055117,2088.62353110506,194,94,2.9116,3.2935,167.3,38.714,0,261583,665506
43,332.54483836493273,2186.608028218364,209,121,2.9116,3.2935,167.3,38.714,0,261583,665606
42,335.83671606322434,2284.767183643058,186,137,2.9116,3.2935,167.3,38.714,0,261583,665706
43,310.9761538367089,2383.0794149241988,155,128,2.9116,3.2935,167.3,38.714,0,261583,665806
43,310.34816751204994,2468.697560952391,98,112,2.9116,3.2935,167.3,38.714,0,261583,665906
51,340.2795880844515,2542.8955945416647,51,87,2.9116,3.2935,167.3,38.714,0,261583,666006
56,393.9557988692434,2618.4575636662767,18,41,2.9116,3.2935,167.3,38.714,0,261583,666106
58,463.2625010277472,2694.4368420589003,7,14,2.9116,3.2935,167.3,38.714,0,261583,666206
58,542.1431599932049,2771.213429459125,17,20,2.9116,3.2935,167.3,38.714,0,261583,666306
63,627.054352765822,2847.5687115609676,20,36,2.9116,3.2935,167.3,38.714,0,261583,666406
69,715.8736737146507,2924.315904018448,31,35,2.9116,3.2935,167.3,38.714,0,261583,666506
70,697.309215130322,2997.5876825610985,66,33,2.9116,3.2935,167.3,38.714,0,261583,666606
64,682.588557963749,3070.7722636903763,95,33,2.9116,3.2935,167.3,38.714,0,261583,666706
65,682.3592436689013,3145.433622929948,88,30,2.9116,3.2935,167.3,38.714,0,261583,666806
64,696.6355829110078,3221.4690836738323,95,21,2.9116,3.2935,167.3,38.714,0,261583,666906
57,697.2112758336403,3298.3611311812333,62,22,2.9116,3.2935,167.3,38.714,0,261583,667006
57,624.9864197955199,3375.3504785439923,44,30,2.9116,3.2935,167.3,38.714,0,261583,667106
57,559.9526547528748,3453.519299834181,88,33,2.9116,3.2935,167.3,38.714,0,261583,667206
57,505.4319369303398,3532.789302470101,127,38,2.9116,3.2935,167.3,38.714,0,261583,667306
61,466.2358954150978,3613.088008472419,164,33,2.9116,3.2935,167.3,38.714,0,261583,667406
72,446.4195083975171,3694.3483401389217,180,26,2.9116,3.2935,167.3,38.714,0,261583,667506
82,447.81355733383737,3776.508223161604,157,25,2.9116,3.2935,167.3,38.714,0,261583,667606
87,470.6890523704864,3859.510209978363,111,22,2.9116,3.2935,167.3,38.714,0,261583,667706
87,512.4054897352944,3943.3011249773,75,19,2.9116,3.2935,167.3,38.714,0,261583,667806
79,568.8326535988483,4027.831732280689,52,27,2.9116,3.2935,167.3,38.714,0,261583,667906
78,636.0674411489301,4113.056426173517,55,33,2.9116,3.2935,167.3,38.714,0,261583,668006
78,638.3140584929527,4198.932943761698,60,39,2.9116,3.2935,167.3,38.714,0,261583,668106
81,561.300459794243,4285.422099108475,81,44,2.9116,3.2935,167.3,38.714,0,261583,668206
90,491.25667369135823,4372.487537872155,99,30,2.9116,3.2935,167.3,38.714,0,261583,668306
95,433.10884838014294,4460.095511327904,108,41,2.9116,3.2935,167.3,38.714,0,261583,668406
98,392.216049702265,4547.291845306901,99,36,2.9116,3.2935,167.3,38.714,0,261583,668506
98,374.2774168219686,4632.712830010402,78,38,2.9116,3.2935,167.3,38.714,0,261583,668606
97,380.3395441327124,4718.706730057646,43,41,2.9116,3.2935,167.3,38.714,0,261583,668706
96,406.4325830394198,4805.242787127376,18,35,2.9116,3.2935,167.3,38.714,0,261583,668806
93,448.94033906219903,4892.292231887627,7,28,2.9116,3.2935,167.3,38.714,0,261583,668906
88,507.8458540920361,4979.828141727017,3,21,2.9116,3.2935,167.3,38.714,0,261583,669006
87,508.5780440372381,5067.825308757663,3,12,2.9116,3.2935,167.3,38.714,0,261583,669106
92,415.46230933174434,5156.260117472067,13,15,2.9116,3.2935,167.3,38.714,0,261583,669206
87,326.4448407829248,5245.110431438159,46,23,2.9116,3.2935,167.3,38.714,0,261583,669306
89,244.89322736128665,5334.298977374709,81,30,2.9116,3.2935,167.3,38.714,0,261583,669406
88,182.56539697165076,5422.606180795274,142,35,2.9116,3.2935,167.3,38.714,0,261583,669506
84,163.1532608836533,5510.956778110808,158,37,2.9116,3.2935,167.3,38.714,0,261583,669606
79,198.19152450343483,5599.022127997009,198,27,2.9116,3.2935,167.3,38.714,0,261583,669706
76,267.488500251406,5687.123490685464,264,26,2.9116,3.2935,167.3,38.714,0,261583,669806
70,351.62024138214485,5775.543185190737,298,27,2.9116,3.2935,167.3,38.714,0,261583,669906
39,1118.8338154462429,2123.814333853782,0,0,2.6335,3.04,156.0,37.096,0,261683,660106
39,1089.8089003717914,2034.9518008148912,28,3,2.6335,3.04,156.0,37.096,0,261683,660206
39,1069.381957989356,1947.1698278775664,78,18,2.6335,3.04,156.0,37.096,0,261683,660306
38,1058.0510879994051,1860.6213600713431,142,23,2.6335,3.04,156.0,37.096,0,261683,660406
38,1020.7265415678802,1775.4867931107565,192,22,2.6335,3.04,156.0,37.096,0,261683,660506
38,924.1020335461268,1691.9795682772594,216,12,2.6335,3.04,156.0,37.096,0,261683,660606
38,828.204540737046,1609.4397693974292,220,19,2.6335,3.04,156.0,37.096,0,261683,660706
35,733.3397714793307,1525.4577719229242,168,24,2.6335,3.04,156.0,37.096,1,261683,660806
27,640.0403733900328,1433.650664610493,128,26,2.6335,3.04,156.0,37.096,1,261683,660906
24,549.1048521959609,1343.0141631256786,89,28,2.6335,3.04,156.0,37.096,1,261683,661006
25,461.9313778485326,1253.8021600612371,96,32,2.6335,3.04,156.0,37.096,1,261683,661106
26,381.11029502880046,1166.341575522489,136,32,2.6335,3.04,156.0,37.096,1,261683,661206
30,311.6239979732545,1081.0575771023202,193,47,2.6335,3.04,156.0,37.096,1,261683,661306
37,262.62896879196427,998.501827966046,221,53,2.6335,3.04,156.0,37.096,0,261683,661406
35,246.34241505567903,917.405127443346,195,76,2.6335,3.04,156.0,37.096,1,261683,661506
26,267.5729906082958,839.0445564423221,186,71,2.6335,3.04,156.0,37.096,1,261683,661606
24,319.0742110930846,765.7410577549333,142,70,2.6335,3.04,156.0,37.096,1,261683,661706
20,389.3031589182337,699.0872387390541,100,62,2.6335,3.04,156.0,37.096,1,261683,661806
16,470.32134408749744,633.236123690072,61,53,2.6335,3.04,156.0,37.096,1,261683,661906
15,557.5368901380649,563.7060932362768,29,52,2.6335,3.04,156.0,37.096,2,261683,662006
12,486.36327610474007,486.36327610474007,45,58,2.6335,3.04,156.0,37.096,2,261683,662106
7,407.7015129200674,407.7015129200674,47,101,2.6335,3.04,156.0,37.096,2,261683,662206
8,308.52643027061566,308.52643027061566,40,177,2.6335,3.04,156.0,37.096,2,261683,662306
8,209.3513476211639,209.3513476211639,30,189,2.6335,3.04,156.0,37.096,2,261683,662406
5,110.17626497171224,110.17626497171224,16,177,2.6335,3.04,156.0,37.096,2,261683,662506
7,11.001182322260512,11.001182322260512,22,168,2.6335,3.04,156.0,37.096,2,261683,662606
9,27.675008770785578,27.675008770785578,62,123,2.6335,3.04,156.0,37.096,2,261683,662706
8,126.72610517508276,126.72610517508276,148,66,2.6335,3.04,156.0,37.096,2,261683,662806
9,184.89327082914795,225.60824373739763,229,68,2.6335,3.04,156.0,37.096,2,261683,662906
10,221.0483022986353,301.2173529172696,223,71,2.6335,3.04,156.0,37.096,2,261683,663006
11,177.26448023291312,261.29857639741186,204,70,2.6335,3.04,156.0,37.096,2,261683,663106
13,180.6946211339805,237.2858245493995,216,59,2.6335,3.04,156.0,37.096,2,261683,663206
13,214.93490275765225,236.4070474765257,214,74,2.6335,3.04,156.0,37.096,2,261683,663306
11,121.48523462401916,258.36180505424153,214,85,2.6335,3.04,156.0,37.096,2,261683,663406
17,55.177508801708086,293.62533925122966,190,114,2.6335,3.04,156.0,37.096,1,261683,663506
15,101.49635649167922,341.794195770571,128,122,2.6335,3.04,156.0,37.096,2,261683,663606
15,180.52143387065135,400.6238875112567,51,128,2.6335,3.04,156.0,37.096,2,261683,663706
13,273.2865891763432,471.1651094140216,32,127,2.6335,3.04,156.0,37.096,2,261683,663806
13,369.8420359566538,549.9105689837571,52,96,2.6335,3.04,156.0,37.096,2,261683,663906
15,467.7714491368395,634.1583223824613,93,89,2.6335,3.04,156.0,37.096,2,261683,664006
15,566.4089254873909,722.126703119392,169,80,2.6335,3.04,156.0,37.096,2,261683,664106
17,665.453238865048,812.8429283083203,234,47,2.6335,3.04,156.0,37.096,1,261683,664206
20,764.7463339959104,905.516580104201,220,134,2.6335,3.04,156.0,37.096,1,261683,664306
20,864.2024633177034,999.4995133958256,194,230,2.6335,3.04,156.0,37.096,1,261683,664406
23,936.5254282158336,1094.488780966586,136,265,2.6335,3.04,156.0,37.096,1,261683,664506
21,913.98005535909,1190.299166615248,62,271,2.6335,3.04,156.0,37.096,1,261683,664606
22,902.0195150292258,1286.747263617912,43,202,2.6335,3.04,156.0,37.096,1,261683,664706
24,860.4135941186503,1383.6997271125754,56,132,2.6335,3.04,156.0,37.096,1,261683,664806
32,764.9781127169613,1481.057510427818,76,85,2.6335,3.04,156.0,37.096,1,261683,664906
31,670.8736639098558,1578.7456297890033,92,76,2.9116,3.2935,167.3,38.714,1,261683,665006
33,578.5132326936932,1676.7063481603172,97,68,2.9116,3.2935,167.3,38.714,1,261683,665106
32,488.8051166233838,1774.8945299212396,113,68,2.9116,3.2935,167.3,38.714,1,261683,665206
37,403.9595569765524,1873.274407749054,152,76,2.9116,3.2935,167.3,38.714,0,261683,665306
42,327.77462578452463,1971.817288977556,181,92,2.9116,3.2935,167.3,38.714,0,261683,665406
42,266.8800085668427,2070.499899901961,185,93,2.9116,3.2935,167.3,38.714,0,261683,665506
42,233.29288950460793,2169.303171499378,200,117,2.9116,3.2935,167.3,38.714,0,261683,665606
41,238.0255964414491,2268.2113358901306,177,138,2.9116,3.2935,167.3,38.714,0,261683,665706
43,213.03745686541552,2367.2112450399777,134,124,2.9116,3.2935,167.3,38.714,0,261683,665806
48,212.1197182034211,2466.291850740085,99,119,2.9116,3.2935,167.3,38.714,0,261683,665906
51,253.80611659260003,2565.4438032064127,52,95,2.9116,3.2935,167.3,38.714,0,261683,666006
53,322.2243290249763,2664.655918603997,29,51,2.9116,3.2935,167.3,38.714,0,261683,666106
59,403.86758210299945,2759.593206397002,8,22,2.9116,3.2935,167.3,38.714,0,261683,666206
62,492.3281215499164,2835.3173628212576,19,22,2.9116,3.2935,167.3,38.714,0,261683,666306
68,584.5211156699264,2912.2876613946128,15,16,2.9116,3.2935,167.3,38.714,0,261683,666406
73,632.7918524615213,2988.3857091003356,20,25,2.9116,3.2935,167.3,38.714,0,261683,666506
73,600.0937647560157,3065.3014094040623,59,26,2.9116,3.2935,167.3,38.714,0,261683,666606
70,582.9232577761957,3138.9690699652474,99,31,2.9116,3.2935,167.3,38.714,0,261683,666706
71,582.6547197215326,3212.0456414887058,96,25,2.9116,3.2935,167.3,38.714,0,261683,666806
66,599.3108712272308,3286.540366983904,88,16,2.9116,3.2935,167.3,38.714,0,261683,666906
59,628.557080894002,3362.358988065194,60,13,2.9116,3.2935,167.3,38.714,0,261683,667006
62,555.9324059555507,3439.308201891533,32,23,2.9116,3.2935,167.3,38.714,0,261683,667106
63,483.6287834797872,3516.0554046997586,59,30,2.9116,3.2935,167.3,38.714,0,261683,667206
62,420.17187797711176,3593.946342147917,94,33,2.9116,3.2935,167.3,38.714,0,261683,667306
65,372.1006239542952,3672.9082498149073,118,27,2.9116,3.2935,167.3,38.714,0,261683,667406
72,346.9486152898419,3752.8735274291375,135,29,2.9116,3.2935,167.3,38.714,0,261683,667506
82,348.78894596324284,3833.7793903925185,118,23,2.9116,3.2935,167.3,38.714,0,261683,667606
84,377.7101146588351,3915.5675342813897,92,19,2.9116,3.2935,167.3,38.714,0,261683,667706
82,428.5745356469873,3998.183814788717,68,18,2.9116,3.2935,167.3,38.714,0,261683,667806
79,494.6588061426494,4081.577944638381,58,19,2.9116,3.2935,167.3,38.714,0,261683,667906
77,570.7000406377343,4165.7032082805035,67,28,2.9116,3.2935,167.3,38.714,0,261683,668006
77,653.2302337410234,4250.516194628423,85,25,2.9116,3.2935,167.3,38.714,0,261683,668106
79,632.3325592510231,4335.976547690094,100,22,2.9116,3.2935,167.3,38.714,0,261683,668206
88,571.0469512989494,4422.046734651107,100,24,2.9116,3.2935,167.3,38.714,0,261683,668306
91,521.8666263392406,4508.69183075962,118,30,2.9116,3.2935,167.3,38.714,0,261683,668406
94,488.46180074349377,4595.879320225732,117,30,2.9116,3.2935,167.3,38.714,0,261683,668506
94,474.17832709272216,4683.578912263415,89,26,2.9116,3.2935,167.3,38.714,0,261683,668606
94,479.03147739544096,4770.058636512471,55,34,2.9116,3.2935,167.3,38.714,0,261683,668706
89,501.5835711382238,4855.679605854937,29,24,2.9116,3.2935,167.3,38.714,0,261683,668806
86,537.0672022701444,4941.840696912832,8,21,2.9116,3.2935,167.3,38.714,0,261683,668906
87,584.065089969948,5028.514145611231,3,16,2.9116,3.2935,167.3,38.714,0,261683,669006
91,484.9302687319026,5115.673909814873,3,6,2.9116,3.2935,167.3,38.714,0,261683,669106
98,386.15368589580805,5203.295550947392,14,14,2.9116,3.2935,167.3,38.714,0,261683,669206
89,288.2220892461949,5291.356123854949,48,29,2.9116,3.2935,167.3,38.714,0,261683,669306
89,192.42992575991053,5379.834074430699,93,30,2.9116,3.2935,167.3,38.714,0,261683,669406
85,104.06936999946647,5468.709144519752,150,37,2.9116,3.2935,167.3,38.714,0,261683,669506
80,64.00787241997648,5557.837128994352,180,38,2.9116,3.2935,167.3,38.714,0,261683,669606
76,128.20859346376815,5646.144332414916,201,30,2.9116,3.2935,167.3,38.714,0,261683,669706
70,220.28195527743335,5734.517043466014,300,33,2.9116,3.2935,167.3,38.714,0,261683,669806
66,316.82387939689085,5822.50931419425,301,25,2.9116,3.2935,167.3,38.714,0,261683,669906
42,1213.6427266214614,2080.842948097114,0,0,2.6335,3.04,156.0,37.096,0,261783,660106
42,1186.9384990911497,1990.06253208347,26,6,2.6335,3.04,156.0,37.096,0,261783,660206
41,1168.211168140558,1900.207985605643,91,10,2.6335,3.04,156.0,37.096,0,261783,660306
41,1099.89248642313,1811.4170959545563,160,11,2.6335,3.04,156.0,37.096,0,261783,660406
41,1000.9222634315896,1723.8542288933313,218,11,2.6335,3.04,156.0,37.096,0,261783,660506
41,902.1791801942549,1637.7163702639127,246,11,2.6335,3.04,156.0,37.096,0,261783,660606
41,803.7469557758454,1553.2406176724162,229,17,2.6335,3.04,156.0,37.096,0,261783,660706
37,705.7556692382287,1470.4441590961242,189,23,2.6335,3.04,156.0,37.096,0,261783,660806
30,608.418408995702,1387.9058371136157,160,23,2.6335,3.04,156.0,37.096,1,261783,660906
26,512.0746899729032,1305.3684458536388,132,29,2.6335,3.04,156.0,37.096,1,261783,661006
23,417.23488258622456,1224.2046816676193,134,33,2.6335,3.04,156.0,37.096,1,261783,661106
21,325.49870411821337,1146.0220659337142,183,33,2.6335,3.04,156.0,37.096,1,261783,661206
28,240.4451403512489,1069.4734158469066,218,43,2.6335,3.04,156.0,37.096,1,261783,661306
38,172.27398136232696,991.388570095242,234,56,2.6335,3.04,156.0,37.096,0,261783,661406
32,146.39548268471293,914.3488913144638,234,72,2.6335,3.04,156.0,37.096,1,261783,661506
22,179.0766988026067,842.1499232206161,199,75,2.6335,3.04,156.0,37.096,1,261783,661606
22,248.7257408903407,776.0361460430177,154,57,2.6335,3.04,156.0,37.096,1,261783,661706
17,333.9306984121159,712.773955354854,101,44,2.6335,3.04,156.0,37.096,1,261783,661806
13,425.6229886913513,656.5296457737271,52,38,2.6335,3.04,156.0,37.096,2,261783,661906
11,520.3846132074935,611.568181094592,47,49,2.6335,3.04,156.0,37.096,2,261783,662006
11,519.6466730205153,519.6466730205153,62,65,2.6335,3.04,156.0,37.096,2,261783,662106
11,420.5715559953333,420.5715559953333,64,85,2.6335,3.04,156.0,37.096,2,261783,662206
11,321.8555661852241,321.8555661852241,49,140,2.6335,3.04,156.0,37.096,2,261783,662306
6,222.77561241308553,222.77561241308553,34,172,2.6335,3.04,156.0,37.096,2,261783,662406
6,123.67611693941453,123.67611693941453,20,163,2.6335,3.04,156.0,37.096,2,261783,662506
6,24.576621465743543,24.576621465743543,31,137,2.6335,3.04,156.0,37.096,2,261783,662606
7,16.729279531715143,16.729279531715143,102,113,2.6335,3.04,156.0,37.096,2,261783,662706
10,64.72487612735152,116.38239073040604,216,70,2.6335,3.04,156.0,37.096,2,261783,662806
10,107.32644321707228,216.0208640035179,299,87,2.6335,3.04,156.0,37.096,2,261783,662906
10,134.94981596687558,214.80523335149883,294,88,2.6335,3.04,156.0,37.096,2,261783,663006
16,84.08675814118261,167.47658512958338,256,76,2.6335,3.04,156.0,37.096,1,261783,663106
10,91.10455888354318,138.2049642945511,257,72,2.6335,3.04,156.0,37.096,2,261783,663206
14,136.83775954819814,136.83775954819814,261,84,2.6335,3.04,156.0,37.096,2,261783,663306
13,164.33102719230985,164.33102719230985,232,119,2.6335,3.04,156.0,37.096,2,261783,663406
13,154.49394183872295,204.37146305296673,236,148,2.6335,3.04,156.0,37.096,2,261783,663506
16,177.48806692612777,259.8187476781454,169,148,2.6335,3.04,156.0,37.096,1,261783,663606
16,242.45963972350475,330.1880340852967,62,190,2.6335,3.04,156.0,37.096,1,261783,663706
17,318.1450946481561,411.1993072819388,20,163,2.6335,3.04,156.0,37.096,1,261783,663806
15,404.1211117791393,498.5200889790904,30,141,2.6335,3.04,156.0,37.096,2,261783,663906
18,495.39019441499954,589.7193653412469,66,94,2.6335,3.04,156.0,37.096,1,261783,664006
16,589.4989537390669,683.3019939507426,110,84,2.6335,3.04,156.0,37.096,1,261783,664106
22,685.2784749256158,778.3367069079368,173,63,2.6335,3.04,156.0,37.096,1,261783,664206
22,779.9838805913049,874.4795273209786,183,127,2.6335,3.04,156.0,37.096,1,261783,664306
24,870.197038836445,971.4014917050276,153,235,2.6335,3.04,156.0,37.096,1,261783,664406
25,840.849494857627,1068.89067376883,113,269,2.6335,3.04,156.0,37.096,1,261783,664506
24,815.6817761022077,1166.804905223326,50,259,2.6335,3.04,156.0,37.096,1,261783,664606
20,802.2570808441684,1265.0454937418042,35,199,2.6335,3.04,156.0,37.096,1,261783,664706
25,801.1087801726223,1363.5419009402226,54,97,2.6335,3.04,156.0,37.096,1,261783,664806
29,739.4166990813414,1462.2424320210744,56,71,2.6335,3.04,156.0,37.096,1,261783,664906
29,641.5738576907396,1561.1083704810942,68,61,2.9116,3.2935,167.3,38.714,1,261783,665006
32,544.5153577852583,1660.1101646485297,88,58,2.9116,3.2935,167.3,38.714,1,261783,665106
31,448.750414880965,1759.2248785054735,107,52,2.9116,3.2935,167.3,38.714,1,261783,665206
33,355.28005546830354,1858.4305469400372,159,80,2.9116,3.2935,167.3,38.714,1,261783,665306
37,265.4854259242781,1957.6935692068384,189,84,2.9116,3.2935,167.3,38.714,0,261783,665406
41,186.37433571628907,2057.0168428043444,198,92,2.9116,3.2935,167.3,38.714,0,261783,665506
43,135.148344657488,2156.402669319368,175,132,2.9116,3.2935,167.3,38.714,0,261783,665606
44,143.26921953610412,2255.842781071997,145,135,2.9116,3.2935,167.3,38.714,0,261783,665706
49,118.51913089436688,2355.3303024377674,106,122,2.9116,3.2935,167.3,38.714,0,261783,665806
50,116.76437032301092,2454.8594693482005,75,123,2.9116,3.2935,167.3,38.714,0,261783,665906
52,181.71650014481895,2554.425413848577,55,98,2.9116,3.2935,167.3,38.714,0,261783,666006
53,268.8844395275194,2654.023996798525,31,58,2.9116,3.2935,167.3,38.714,0,261783,666106
58,362.7351612611804,2753.6516766376535,10,28,2.9116,3.2935,167.3,38.714,0,261783,666206
65,459.18923398781993,2853.305405475605,12,17,2.9116,3.2935,167.3,38.714,0,261783,666306
71,556.8955988382985,2952.9825461020337,17,16,2.9116,3.2935,167.3,38.714,0,261783,666406
81,542.4923165677708,3052.6808051694816,17,18,2.9116,3.2935,167.3,38.714,0,261783,666506
80,503.96915728289474,3129.2562530818423,52,17,2.9116,3.2935,167.3,38.714,0,261783,666606
73,483.3962240748222,3206.1971139422512,84,20,2.9116,3.2935,167.3,38.714,0,261783,666706
77,483.07236249568285,3280.35390312615,96,19,2.9116,3.2935,167.3,38.714,0,261783,666806
74,502.7219110130384,3353.3314942849097,88,21,2.9116,3.2935,167.3,38.714,0,261783,666906
69,536.3345056461441,3427.67304324248,61,12,2.9116,3.2935,167.3,38.714,0,261783,667006
68,492.12820262911595,3503.2917195373934,16,18,2.9116,3.2935,167.3,38.714,0,261783,667106
67,414.6561573822405,3580.106597992212,30,21,2.9116,3.2935,167.3,38.714,0,261783,667206
67,342.3237875045437,3656.815604433673,53,25,2.9116,3.2935,167.3,38.714,0,261783,667306
68,282.0316268095364,3734.448428637035,74,26,2.9116,3.2935,167.3,38.714,0,261783,667406
73,247.90382374057185,3813.1233611659654,91,25,2.9116,3.2935,167.3,38.714,0,261783,667506
79,250.54036704753557,3892.7772179755734,80,20,2.9116,3.2935,167.3,38.714,0,261783,667606
81,289.45064762365666,3973.351125952709,66,17,2.9116,3.2935,167.3,38.714,0,261783,667706
81,353.2603562518651,4054.7902376608417,58,15,2.9116,3.2935,167.3,38.714,0,261783,667806
80,431.0499752797059,4137.043457923747,64,17,2.9116,3.2935,167.3,38.714,0,261783,667906
81,516.5416566726013,4220.0631836584735,83,15,2.9116,3.2935,167.3,38.714,0,261783,668006
81,606.4870031315725,4303.805057781974,112,25,2.9116,3.2935,167.3,38.714,0,261783,668106
83,699.169283404925,4388.227737562137,126,27,2.9116,3.2935,167.3,38.714,0,261783,668206
86,656.3963145305979,4473.292677439039,125,24,2.9116,3.2935,167.3,38.714,0,261783,668306
90,614.0897954112473,4558.96392608559,129,25,2.9116,3.2935,167.3,38.714,0,261783,668406
93,585.9662378730566,4645.207937290833,124,23,2.9116,3.2935,167.3,38.714,0,261783,668506
94,574.1137404957136,4731.993394119413,96,23,2.9116,3.2935,167.3,38.714,0,261783,668606
90,578.1731088871552,4819.291045715104,67,12,2.9116,3.2935,167.3,38.714,0,261783,668706
84,597.668620410616,4907.073556064734,33,8,2.9116,3.2935,167.3,38.714,0,261783,668806
87,628.756655210327,4992.900526261242,1,3,2.9116,3.2935,167.3,38.714,0,261783,668906
89,578.6992544904489,5078.702659546839,6,0,2.9116,3.2935,167.3,38.714,0,261783,669006
96,478.7619650561152,5165.015560773895,15,1,2.9116,3.2935,167.3,38.714,0,261783,669106
104,378.8577717574028,5251.81404678277,33,12,2.9116,3.2935,167.3,38.714,0,261783,669206
92,279.0222271747822,5339.074434856023,67,25,2.9116,3.2935,167.3,38.714,0,261783,669306
87,179.3699955236863,5426.774443431522,116,33,2.9116,3.2935,167.3,38.714,0,261783,669406
83,80.04495452042309,5514.893099492487,150,39,2.9116,3.2935,167.3,38.714,0,261783,669506
78,7.034230957629718,5603.410652252625,174,38,2.9116,3.2935,167.3,38.714,0,261783,669606
75,106.1263638640177,5692.308492758148,180,30,2.9116,3.2935,167.3,38.714,0,261783,669706
69,206.09737943222495,5781.375280613994,241,27,2.9116,3.2935,167.3,38.714,0,261783,669806
66,306.0873315095924,5869.682484034558,241,26,2.9116,3.2935,167.3,38.714,0,261783,669906
41,1309.2242852835998,2041.8686110051729,0,0,2.6335,3.04,156.0,37.096,0,261883,660106
41,1284.5086850309451,1949.273949850348,26,5,2.6335,3.04,156.0,37.096,0,261883,660206
41,1190.64868484326,1857.4472909135695,102,7,2.6335,3.04,156.0,37.096,0,261883,660306
41,1090.745702013969,1766.5084051538342,174,8,2.6335,3.04,156.0,37.096,0,261883,660406
41,990.8622922510008,1676.6017572566618,214,12,2.6335,3.04,156.0,37.096,0,261883,660506
41,891.0050381158732,1587.902692041647,251,18,2.6335,3.04,156.0,37.096,0,261883,660606
41,791.1838431684698,1500.6253584256442,223,14,2.6335,3.04,156.0,37.096,0,261883,660706
39,691.4143254473333,1415.0328523773137,182,19,2.6335,3.04,156.0,37.096,0,261883,660806
34,591.7226252026808,1331.4485487948186,179,22,2.6335,3.04,156.0,37.096,1,261883,660906
30,492.1560331030328,1248.91022681231,177,30,2.6335,3.04,156.0,37.096,1,261883,661006
22,392.8096952248947,1166.3719048298012,191,26,2.6335,3.04,156.0,37.096,1,261883,661106
19,293.9070472200963,1084.3039625938868,224,28,2.6335,3.04,156.0,37.096,1,261883,661206
23,196.1204939535822,1005.1892391402616,251,45,2.6335,3.04,156.0,37.096,1,261883,661306
31,101.89540745354635,928.5818365045676,285,42,2.6335,3.04,156.0,37.096,1,261883,661406
29,46.67643137082933,851.2489375674702,298,49,2.6335,3.04,156.0,37.096,1,261883,661506
22,110.32696324644428,773.2275110817154,232,49,2.6335,3.04,156.0,37.096,1,261883,661606
19,204.49267952603307,700.7591469443155,146,41,2.6335,3.04,156.0,37.096,1,261883,661706
14,302.4276328980066,635.2561048502414,95,30,2.6335,3.04,156.0,37.096,2,261883,661806
13,401.3822246946744,572.8128378349669,60,39,2.6335,3.04,156.0,37.096,2,261883,661906
12,500.7523414437527,520.6716926587427,63,46,2.6335,3.04,156.0,37.096,2,261883,662006
10,483.8217397799445,483.8217397799445,85,51,2.6335,3.04,156.0,37.096,2,261883,662106
9,434.3645248263608,434.3645248263608,107,65,2.6335,3.04,156.0,37.096,2,261883,662206
8,335.26502935268985,335.26502935268985,96,98,2.6335,3.04,156.0,37.096,2,261883,662306
7,236.16553387901885,236.16553387901885,55,133,2.6335,3.04,156.0,37.096,2,261883,662406
6,137.06603840534785,137.06603840534785,22,111,2.6335,3.04,156.0,37.096,2,261883,662506
8,37.966542931676855,37.966542931676855,57,104,2.6335,3.04,156.0,37.096,2,261883,662606
8,5.736153428199445,5.736153428199445,143,63,2.6335,3.04,156.0,37.096,2,261883,662706
13,15.323579395941932,104.42516116099696,256,69,2.6335,3.04,156.0,37.096,2,261883,662806
11,81.9771993108793,203.4088615185868,351,90,2.6335,3.04,156.0,37.096,2,261883,662906
12,48.82179845085036,137.16379016705454,318,89,2.6335,3.04,156.0,37.096,2,261883,663006
12,0.0,77.71579441739333,269,79,2.6335,3.04,156.0,37.096,2,261883,663106
9,40.32324935256962,40.32324935256962,246,78,2.6335,3.04,156.0,37.096,2,261883,663206
12,37.739965703508496,37.739965703508496,228,85,2.6335,3.04,156.0,37.096,2,261883,663306
13,71.96204429843691,71.96204429843691,223,140,2.6335,3.04,156.0,37.096,2,261883,663406
11,119.62759911451704,119.62759911451704,232,168,2.6335,3.04,156.0,37.096,2,261883,663506
14,189.75228482412436,189.75228482412436,197,194,2.6335,3.04,156.0,37.096,2,261883,663606
16,269.9764847234922,274.91377352427793,115,213,2.6335,3.04,156.0,37.096,1,261883,663706
20,320.17437846342364,367.1563433082306,24,209,2.6335,3.04,156.0,37.096,1,261883,663806
20,389.4773558382832,462.2881860688846,17,149,2.6335,3.04,156.0,37.096,1,261883,663906
26,469.7900966016371,559.1214370439488,34,113,2.6335,3.04,156.0,37.096,1,261883,664006
27,556.3908404012614,656.904251581097,59,64,2.6335,3.04,156.0,37.096,1,261883,664106
24,646.8684562566552,755.2679061952467,97,60,2.6335,3.04,156.0,37.096,1,261883,664206
28,739.8018870733669,854.0117238725607,106,121,2.6335,3.04,156.0,37.096,1,261883,664306
25,786.3645113061988,953.0175438547884,91,187,2.6335,3.04,156.0,37.096,1,261883,664406
27,746.2714101496288,1052.2057931072138,61,242,2.6335,3.04,156.0,37.096,1,261883,664506
23,717.8537303213649,1151.4850774227818,29,245,2.6335,3.04,156.0,37.096,1,261883,664606
20,702.5621979836757,1250.8685239441809,28,145,2.6335,3.04,156.0,37.096,1,261883,664706
25,701.2493552450917,1350.3430100760463,41,61,2.6335,3.04,156.0,37.096,1,261883,664806
27,713.9301371170571,1449.889797718496,59,43,2.6335,3.04,156.0,37.096,1,261883,664906
28,623.7634659944209,1549.4949519747154,75,38,2.9116,3.2935,167.3,38.714,1,261883,665006
29,525.8969906791596,1649.1478972069394,113,41,2.9116,3.2935,167.3,38.714,1,261883,665106
33,427.04813073233606,1748.8404637156054,130,48,2.9116,3.2935,167.3,38.714,1,261883,665206
37,328.2137447253749,1848.5662412247923,196,54,2.9116,3.2935,167.3,38.714,0,261883,665306
39,229.52646205577727,1948.320129974256,220,79,2.9116,3.2935,167.3,38.714,0,261883,665406
42,132.52304243290132,2048.098022441759,183,87,2.9116,3.2935,167.3,38.714,0,261883,665506
45,45.10632681998024,2147.896573440348,138,99,2.9116,3.2935,167.3,38.714,0,261883,665606
45,66.27431802079907,2247.7130312528184,89,133,2.9116,3.2935,167.3,38.714,0,261883,665706
52,51.04945080411533,2347.545111713655,68,133,2.9116,3.2935,167.3,38.714,0,261883,665806
55,47.0181281123277,2447.390903022568,57,116,2.9116,3.2935,167.3,38.714,0,261883,665906
55,146.5802411013305,2547.248792887056,51,73,2.9116,3.2935,167.3,38.714,0,261883,666006
56,246.47565002538963,2647.117412116718,23,47,2.9116,3.2935,167.3,38.714,0,261883,666106
58,346.43141461125106,2746.995590494905,8,25,2.9116,3.2935,167.3,38.714,0,261883,666206
65,446.4069936769211,2846.8823219208407,8,13,2.9116,3.2935,167.3,38.714,0,261883,666306
74,518.1537422146872,2946.776736628064,7,12,2.9116,3.2935,167.3,38.714,0,261883,666406
81,456.25683395259864,3046.678078858888,10,12,2.9116,3.2935,167.3,38.714,0,261883,666506
82,409.70391319319106,3146.5856887849454,29,14,2.9116,3.2935,167.3,38.714,0,261883,666606
76,384.1149495179516,3246.4989877609964,73,16,2.9116,3.2935,167.3,38.714,0,261883,666706
83,383.7073004264359,3346.417466216688,90,23,2.9116,3.2935,167.3,38.714,0,261883,666806
90,406.633640184336,3421.7417549124657,90,20,2.9116,3.2935,167.3,38.714,0,261883,666906
73,447.4655293443269,3494.628309007918,59,11,2.9116,3.2935,167.3,38.714,0,261883,667006
67,436.0080005941397,3568.828575166877,17,12,2.9116,3.2935,167.3,38.714,0,261883,667106
68,351.83745656660557,3644.2623094030623,7,9,2.9116,3.2935,167.3,38.714,0,261883,667206
75,273.48652292472445,3720.854493331316,24,14,2.9116,3.2935,167.3,38.714,0,261883,667306
67,201.1783749306356,3797.6249315514074,37,15,2.9116,3.2935,167.3,38.714,0,261883,667406
72,150.13084292994006,3875.017396355898,56,24,2.9116,3.2935,167.3,38.714,0,261883,667506
74,154.55491650050388,3953.4244046624767,57,24,2.9116,3.2935,167.3,38.714,0,261883,667606
79,211.8924824148279,4032.786781457813,58,18,2.9116,3.2935,167.3,38.714,0,261883,667706
78,293.10343906777786,4113.049224847775,62,16,2.9116,3.2935,167.3,38.714,0,261883,667806
84,383.30252788469704,4194.160062198496,83,16,2.9116,3.2935,167.3,38.714,0,261883,667906
85,477.4222761583705,4276.0710153902855,121,14,2.9116,3.2935,167.3,38.714,0,261883,668006
83,573.5357283218542,4358.736976462438,153,25,2.9116,3.2935,167.3,38.714,0,261883,668106
82,670.7864291643953,4442.115794449862,159,33,2.9116,3.2935,167.3,38.714,0,261883,668206
85,745.3976273579616,4526.168073836956,142,34,2.9116,3.2935,167.3,38.714,0,261883,668306
86,708.4262685486433,4610.856984763348,139,32,2.9116,3.2935,167.3,38.714,0,261883,668406
88,684.1914447496625,4696.148084894786,130,20,2.9116,3.2935,167.3,38.714,0,261883,668506
89,674.0683112025862,4782.009152707779,105,18,2.9116,3.2935,167.3,38.714,0,261883,668606
83,677.5670677835645,4868.4100318174715,73,11,2.9116,3.2935,167.3,38.714,0,261883,668706
79,694.8130541539706,4955.322485895444,36,7,2.9116,3.2935,167.3,38.714,0,261883,668806
85,687.9208841715316,5042.720063670104,26,5,2.9116,3.2935,167.3,38.714,0,261883,668906
93,589.1723473964837,5130.349588046024,36,1,2.9116,3.2935,167.3,38.714,0,261883,669006
100,490.93071506478793,5215.807888957602,44,4,2.9116,3.2935,167.3,38.714,0,261883,669106
102,393.5757602436475,5301.774888983943,60,11,2.9116,3.2935,167.3,38.714,0,261883,669206
98,297.97783660652703,5388.226239905767,98,22,2.9116,3.2935,167.3,38.714,0,261883,669306
90,206.13676749853192,5475.138998359529,127,33,2.9116,3.2935,167.3,38.714,0,261883,669406
84,126.21716501126356,5562.491536200818,143,37,2.9116,3.2935,167.3,38.714,0,261883,669506
79,96.11854525795232,5650.263456623423,160,30,2.9116,3.2935,167.3,38.714,0,261883,669606
75,146.4676698696696,5738.435515730957,188,29,2.9116,3.2935,167.3,38.714,0,261883,669706
73,230.6256942009356,5826.9895492570395,207,21,2.9116,3.2935,167.3,38.714,0,261883,669806
67,323.11226458848023,5915.908404133646,207,20,2.9116,3.2935,167.3,38.714,0,261883,669906
42,1290.5522460357483,1912.8483948101796,24,7,2.6335,3.04,156.0,37.096,0,261983,660206
42,1190.6330230137564,1819.1840172134496,103,12,2.6335,3.04,156.0,37.096,0,261983,660306
42,1090.7286056732155,1726.2305742402568,168,18,2.6335,3.04,156.0,37.096,0,261983,660406
42,990.843472490382,1634.1093911971836,197,30,2.6335,3.04,156.0,37.096,0,261983,660506
42,890.9841091286419,1542.969542588516,229,28,2.6335,3.04,156.0,37.096,0,261983,660606
42,791.160273562014,1452.9957041618522,223,20,2.6335,3.04,156.0,37.096,0,261983,660706
39,691.387354675859,1364.418566008899,200,24,2.6335,3.04,156.0,37.096,0,261983,660806
40,591.6911102498019,1277.5286807844134,183,26,2.6335,3.04,156.0,37.096,0,261983,660906
36,492.11814200616953,1192.6948634012588,194,24,2.6335,3.04,156.0,37.096,0,261983,661006
27,392.7622199684762,1109.9146165110049,248,21,2.6335,3.04,156.0,37.096,1,261983,661106
18,293.8435930516895,1027.376294528496,295,18,2.6335,3.04,156.0,37.096,1,261983,661206
20,196.02538845896487,944.856107551141,315,25,2.6335,3.04,156.0,37.096,1,261983,661306
27,102.5077980616562,864.5480826207795,313,34,2.6335,3.04,156.0,37.096,1,261983,661406
25,46.39460727011105,787.6895495963586,310,31,2.6335,3.04,156.0,37.096,1,261983,661506
23,109.60269691359868,711.1237127641597,233,37,2.6335,3.04,156.0,37.096,1,261983,661606
19,204.37714592885587,632.2402017740246,149,34,2.6335,3.04,156.0,37.096,1,261983,661706
16,302.3495244556859,559.3838314357681,95,26,2.6335,3.04,156.0,37.096,1,261983,661806
16,401.3233759689735,494.4760636574652,60,30,2.6335,3.04,156.0,37.096,1,261983,661906
12,433.7999342379997,433.7999342379997,66,39,2.6335,3.04,156.0,37.096,2,261983,662006
8,388.8018097854805,388.8018097854805,108,43,2.6335,3.04,156.0,37.096,2,261983,662106
10,360.0099605043005,360.0099605043005,120,48,2.6335,3.04,156.0,37.096,2,261983,662206
8,342.4327831750296,342.4327831750296,116,46,2.6335,3.04,156.0,37.096,2,261983,662306
8,252.3289417993438,252.3289417993438,87,41,2.6335,3.04,156.0,37.096,2,261983,662406
4,158.202813371444,158.202813371444,35,36,2.6335,3.04,156.0,37.096,2,261983,662506
6,65.29660407060385,65.29660407060385,57,34,2.6335,3.04,156.0,37.096,2,261983,662606
10,0.0,0.0,140,38,2.6335,3.04,156.0,37.096,2,261983,662706
11,81.1837783343036,83.51770815244107,219,63,2.6335,3.04,156.0,37.096,2,261983,662806
10,0.0,162.1503454938587,297,76,2.6335,3.04,156.0,37.096,2,261983,662906
11,34.30818349645649,76.97826683102231,335,92,2.6335,3.04,156.0,37.096,2,261983,663006
8,0.0,0.0,237,82,2.6335,3.04,156.0,37.096,2,261983,663106
9,17.022475158545713,17.022475158545713,162,65,2.6335,3.04,156.0,37.096,2,261983,663206
9,18.789344025132745,18.789344025132745,157,88,2.6335,3.04,156.0,37.096,2,261983,663306
6,0.0,0.0,188,117,2.6335,3.04,156.0,37.096,2,261983,663406
11,51.31166174463382,51.31166174463382,232,158,2.6335,3.04,156.0,37.096,2,261983,663506
13,147.01260026755534,147.01260026755534,220,177,2.6335,3.04,156.0,37.096,2,261983,663606
16,180.59542500408915,245.9824220765948,171,225,2.6335,3.04,156.0,37.096,1,261983,663706
18,248.6781934964017,345.3572876614734,98,203,2.6335,3.04,156.0,37.096,1,261983,663806
26,332.81628653443767,445.0009402325277,28,166,2.6335,3.04,156.0,37.096,1,261983,663906
37,423.8333552235115,544.775199026881,22,125,2.6335,3.04,156.0,37.096,0,261983,664006
47,518.1725054626747,644.6194211639312,20,56,2.6335,3.04,156.0,37.096,0,261983,664106
20,614.3051178648213,744.5054592201899,24,27,2.6335,3.04,156.0,37.096,1,261983,664206
30,711.5046101413246,844.4184741439577,42,111,2.6335,3.04,156.0,37.096,1,261983,664306
30,698.7576756259826,944.3499034481624,36,183,2.6335,3.04,156.0,37.096,1,261983,664406
27,653.3101577437048,1044.2944607769869,32,219,2.6335,3.04,156.0,37.096,1,261983,664506
26,620.7182906982407,1144.2487061283668,30,212,2.6335,3.04,156.0,37.096,1,261983,664606
19,602.9683742176702,1244.1612108079532,23,118,2.6335,3.04,156.0,37.096,1,261983,664706
20,601.4366457023104,1344.012410346587,47,48,2.6335,3.04,156.0,37.096,1,261983,664806
26,616.1749923893129,1443.8758373665946,62,43,2.6335,3.04,156.0,37.096,1,261983,664906
28,607.4857743759425,1543.7569459913457,76,44,2.9116,3.2935,167.3,38.714,1,261983,665006
29,508.43455341524106,1643.6525128085823,133,38,2.9116,3.2935,167.3,38.714,1,261983,665106
37,409.8202028828511,1743.5600527161114,188,28,2.9116,3.2935,167.3,38.714,0,261983,665206
43,311.5321937387283,1843.4770553940136,243,34,2.9116,3.2935,167.3,38.714,0,261983,665306
42,212.80104230069108,1943.377184082153,250,54,2.9116,3.2935,167.3,38.714,0,261983,665406
40,113.86176152830372,2043.2870834657504,183,72,2.9116,3.2935,167.3,38.714,0,261983,665506
43,16.02785941748228,2143.205387102428,106,76,2.9116,3.2935,167.3,38.714,0,261983,665606
47,41.301091107854155,2243.130971912198,47,71,2.9116,3.2935,167.3,38.714,0,261983,665706
63,103.79746557333485,2343.062906325534,33,78,2.9116,3.2935,167.3,38.714,0,261983,665806
64,101.863330719576,2443.0004111431404,30,79,2.9116,3.2935,167.3,38.714,0,261983,665906
57,172.47515185690102,2542.942829615414,9,56,2.9116,3.2935,167.3,38.714,0,261983,666006
57,262.7016501321894,2642.8860318632846,9,32,2.9116,3.2935,167.3,38.714,0,261983,666106
68,358.15727824000646,2742.8196341624734,8,13,2.9116,3.2935,167.3,38.714,0,261983,666206
67,455.5668062210016,2842.7579062727573,9,7,2.9116,3.2935,167.3,38.714,0,261983,666306
69,448.566555866514,2942.7003724139795,4,5,2.9116,3.2935,167.3,38.714,0,261983,666406
73,376.8855045260191,3042.6466192994676,2,6,2.9116,3.2935,167.3,38.714,0,261983,666506
78,318.95090763187454,3142.5962862040656,23,9,2.9116,3.2935,167.3,38.714,0,261983,666606
75,285.33608155394796,3242.549056867558,59,12,2.9116,3.2935,167.3,38.714,0,261983,666706
85,284.78707378307377,3342.504652849686,74,20,2.9116,3.2935,167.3,38.714,0,261983,666806
85,312.92429649081095,3442.462828041997,78,19,2.9116,3.2935,167.3,38.714,0,261983,666906
77,364.41198931443455,3542.4233641082496,65,18,2.9116,3.2935,167.3,38.714,0,261983,667006
70,393.94118601497195,3635.9348076768392,29,14,2.9116,3.2935,167.3,38.714,0,261983,667106
70,300.741924206034,3710.0043539710455,4,17,2.9116,3.2935,167.3,38.714,0,261983,667206
84,212.98653884059812,3785.2665279068815,15,20,2.9116,3.2935,167.3,38.714,0,261983,667306
91,132.76832234017616,3861.651598487403,32,33,2.9116,3.2935,167.3,38.714,0,261983,667406
79,60.16316107212951,3938.478116817721,42,36,2.9116,3.2935,167.3,38.714,0,261983,667506
76,70.7387369737516,4015.646221714765,42,39,2.9116,3.2935,167.3,38.714,0,261983,667606
79,161.29219075355766,4093.80254522517,63,41,2.9116,3.2935,167.3,38.714,0,261983,667706
83,258.8945203891393,4172.891561089516,82,22,2.9116,3.2935,167.3,38.714,0,261983,667806
87,357.8233846144811,4252.861234737398,117,16,2.9116,3.2935,167.3,38.714,0,261983,667906
85,457.218521569723,4333.662813746833,152,22,2.9116,3.2935,167.3,38.714,0,261983,668006
82,556.830295831543,4415.250625340777,177,25,2.9116,3.2935,167.3,38.714,0,261983,668106
82,656.5601116769767,4497.581882066423,173,34,2.9116,3.2935,167.3,38.714,0,261983,668206
84,756.3612775220084,4580.616496413136,145,32,2.9116,3.2935,167.3,38.714,0,261983,668306
84,804.1326253245055,4664.316904813841,132,32,2.9116,3.2935,167.3,38.714,0,261983,668406
84,782.8661662188229,4748.647901229589,115,31,2.9116,3.2935,167.3,38.714,0,261983,668506
84,774.0346176425403,4833.57648032719,84,20,2.9116,3.2935,167.3,38.714,0,261983,668606
83,777.1165413561836,4919.071690115138,72,16,2.9116,3.2935,167.3,38.714,0,261983,668706
78,792.256485507595,5005.10449379553,51,13,2.9116,3.2935,167.3,38.714,0,261983,668806
85,709.4465604296321,5091.647640512079,47,8,2.9116,3.2935,167.3,38.714,0,261983,668906
92,614.1688156873294,5178.675544620674,64,7,2.9116,3.2935,167.3,38.714,0,261983,669006
101,520.6651958985907,5266.164173074388,74,10,2.9116,3.2935,167.3,38.714,0,261983,669106
100,429.7285862076076,5353.137693440791,88,16,2.9116,3.2935,167.3,38.714,0,261983,669206
99,343.6641727511409,5438.772674407796,128,22,2.9116,3.2935,167.3,38.714,0,261983,669306
97,267.4761100761388,5524.890337629632,166,32,2.9116,3.2935,167.3,38.714,0,261983,669406
92,212.0893097027746,5611.468460374844,175,32,2.9116,3.2935,167.3,38.714,0,261983,669506
90,195.7921455908591,5698.486055149206,181,23,2.9116,3.2935,167.3,38.714,0,261983,669606
85,224.83008662013555,5785.923293622056,205,24,2.9116,3.2935,167.3,38.714,0,261983,669706
72,287.68484740104606,5873.761435283752,199,28,2.9116,3.2935,167.3,38.714,0,261983,669806
44,1298.263380258338,1879.4162548950023,26,7,2.6335,3.04,156.0,37.096,0,262083,660206
44,1198.9869474947452,1784.8885889380963,98,15,2.6335,3.04,156.0,37.096,0,262083,660306
44,1099.8416231465912,1690.7875279088944,153,25,2.6335,3.04,156.0,37.096,0,262083,660406
44,1000.8663705753578,1596.7571989383778,180,34,2.6335,3.04,156.0,37.096,0,262083,660506
44,902.1171694916636,1503.3546019880066,221,31,2.6335,3.04,156.0,37.096,0,262083,660606
44,803.677350206295,1410.8566781482452,201,30,2.6335,3.04,156.0,37.096,0,262083,660706
43,705.6763982007426,1319.453702572578,180,26,2.6335,3.04,156.0,37.096,0,262083,660806
44,608.326454069305,1229.3899219488778,187,23,2.6335,3.04,156.0,37.096,0,262083,660906
40,511.99899459227015,1140.982509570787,208,17,2.6335,3.04,156.0,37.096,0,262083,661006
28,417.4025229996301,1054.648090171994,263,22,2.6335,3.04,156.0,37.096,1,262083,661106
17,326.0471774903409,970.9190062096995,315,21,2.6335,3.04,156.0,37.096,1,262083,661206
20,241.63745093089167,888.3806842271908,357,16,2.6335,3.04,156.0,37.096,1,262083,661306
23,174.37030088876844,805.8423622446821,342,23,2.6335,3.04,156.0,37.096,1,262083,661406
23,146.38145679769048,724.2108586890661,298,33,2.6335,3.04,156.0,37.096,1,262083,661506
22,176.90448949842707,646.7964976525709,214,33,2.6335,3.04,156.0,37.096,1,262083,661606
17,247.2920356405008,570.233964217939,159,24,2.6335,3.04,156.0,37.096,1,262083,661706
15,333.18388823252894,491.5023515558136,86,30,2.6335,3.04,156.0,37.096,2,262083,661806
13,418.0396628519775,418.0396628519775,39,30,2.6335,3.04,156.0,37.096,2,262083,661906
11,353.6960224646892,353.6960224646892,62,37,2.6335,3.04,156.0,37.096,2,262083,662006
10,297.0693836483955,297.0693836483955,103,36,2.6335,3.04,156.0,37.096,2,262083,662106
10,263.93265292166456,263.93265292166456,113,36,2.6335,3.04,156.0,37.096,2,262083,662206
9,242.52870180740777,242.52870180740777,101,32,2.6335,3.04,156.0,37.096,2,262083,662306
10,254.1850441758099,254.1850441758099,81,32,2.6335,3.04,156.0,37.096,2,262083,662406
7,182.48887085326388,182.48887085326388,40,29,2.6335,3.04,156.0,37.096,2,262083,662506
6,88.71642069877834,88.71642069877834,52,37,2.6335,3.04,156.0,37.096,2,262083,662606
8,0.0338668249986218,0.0338668249986218,110,42,2.6335,3.04,156.0,37.096,2,262083,662706
7,30.37058144988312,30.37058144988312,161,65,2.6335,3.04,156.0,37.096,2,262083,662806
10,63.777134385456115,63.777134385456115,206,67,2.6335,3.04,156.0,37.096,2,262083,662906
11,27.61346116496382,27.61346116496382,208,65,2.6335,3.04,156.0,37.096,2,262083,663006
9,11.993325874663205,11.993325874663205,131,60,2.6335,3.04,156.0,37.096,2,262083,663106
11,101.84192892217835,101.84192892217835,46,50,2.6335,3.04,156.0,37.096,2,262083,663206
11,92.75319520035258,92.75319520035258,75,54,2.6335,3.04,156.0,37.096,2,262083,663306
7,14.323179285799286,14.323179285799286,160,83,2.6335,3.04,156.0,37.096,2,262083,663406
11,41.08454077691831,41.08454077691831,201,106,2.6335,3.04,156.0,37.096,2,262083,663506
15,50.89208248437867,141.07748861825863,200,168,2.6335,3.04,156.0,37.096,2,262083,663606
19,109.37364345546835,241.0723492489797,204,214,2.6335,3.04,156.0,37.096,1,262083,663706
19,202.06589593538612,341.0701477724603,158,220,2.6335,3.04,156.0,37.096,1,262083,663806
32,299.4973434233043,441.06894453206945,74,253,2.6335,3.04,156.0,37.096,1,262083,663906
40,398.2040798744516,541.0681860539756,39,248,2.6335,3.04,156.0,37.096,0,262083,664006
47,497.3852724462072,641.0676642046809,34,171,2.6335,3.04,156.0,37.096,0,262083,664106
20,596.8387563501698,741.067283192256,37,141,2.6335,3.04,156.0,37.096,1,262083,664206
29,677.7708629184173,841.0669927818219,31,102,2.6335,3.04,156.0,37.096,1,262083,664306
31,614.9434395540902,941.0667640907116,27,170,2.6335,3.04,156.0,37.096,1,262083,664406
28,562.7675424324804,1041.066579333555,26,194,2.6335,3.04,156.0,37.096,1,262083,664506
27,524.6514841114739,1141.0664269596116,29,169,2.6335,3.04,156.0,37.096,1,262083,664606
21,503.53557826408576,1241.0662991409768,13,122,2.6335,3.04,156.0,37.096,1,262083,664706
23,501.69853433674314,1341.066190384571,39,57,2.6335,3.04,156.0,37.096,1,262083,664806
24,519.2419932428863,1441.0660967220388,54,49,2.6335,3.04,156.0,37.096,1,262083,664906
28,553.9681293592512,1541.066015215052,79,53,2.9116,3.2935,167.3,38.714,1,262083,665006
31,484.2006694146816,1641.065943641481,130,42,2.9116,3.2935,167.3,38.714,1,262083,665106
45,388.3056898683017,1741.0658802897178,228,19,2.9116,3.2935,167.3,38.714,0,262083,665206
46,295.0008330870627,1841.0658238200272,262,28,2.9116,3.2935,167.3,38.714,0,262083,665306
44,202.78339737738617,1941.0657731687563,246,44,2.9116,3.2935,167.3,38.714,0,262083,665406
41,103.052219193177,2041.0657274807024,183,41,2.9116,3.2935,167.3,38.714,0,262083,665506
45,7.245840741174271,2141.065686060433,93,47,2.9116,3.2935,167.3,38.714,0,262083,665606
53,77.48355673381636,2241.0656483366433,18,44,2.9116,3.2935,167.3,38.714,0,262083,665706
68,173.3657090067484,2341.0656138356408,5,50,2.9116,3.2935,167.3,38.714,0,262083,665806
65,195.9818327573578,2441.065582161354,2,46,2.9116,3.2935,167.3,38.714,0,262083,665906
59,240.49623349729103,2541.0655529800597,2,33,2.9116,3.2935,167.3,38.714,0,262083,666006
60,311.79028469408894,2641.0655260085773,6,18,2.9116,3.2935,167.3,38.714,0,262083,666106
69,395.64952531631616,2741.0655010050505,5,9,2.9116,3.2935,167.3,38.714,0,262083,666206
71,481.4713582984068,2841.065477761675,6,3,2.9116,3.2935,167.3,38.714,0,262083,666306
65,391.7260659241776,2941.0654560989083,4,3,2.9116,3.2935,167.3,38.714,0,262083,666406
68,307.9052263270311,3041.0654358608244,2,1,2.9116,3.2935,167.3,38.714,0,262083,666506
74,235.80090430823057,3141.0654169113527,14,4,2.9116,3.2935,167.3,38.714,0,262083,666606
73,187.8538379430773,3241.0653991312174,47,9,2.9116,3.2935,167.3,38.714,0,262083,666706
79,187.0188824351932,3341.065382415421,66,17,2.9116,3.2935,167.3,38.714,0,262083,666806
85,224.7049472952784,3441.0653666711723,63,19,2.9116,3.2935,167.3,38.714,0,262083,666906
80,287.1285210986201,3541.065351816161,51,21,2.9116,3.2935,167.3,38.714,0,262083,667006
71,360.80065960934064,3641.065337777121,31,21,2.9116,3.2935,167.3,38.714,0,262083,667106
71,274.82227353735806,3741.0653244886175,24,16,2.9116,3.2935,167.3,38.714,0,262083,667206
127,175.45178531011774,3841.065311892032,36,19,2.9116,3.2935,167.3,38.714,0,262083,667306
86,77.71342165142931,3926.300751960895,46,34,2.9116,3.2935,167.3,38.714,0,262083,667406
77,0.0,4002.492720250318,60,37,2.9116,3.2935,167.3,38.714,0,262083,667506
83,74.8973759962906,4079.370617210856,63,34,2.9116,3.2935,167.3,38.714,0,262083,667606
82,164.69393736296962,4156.328828892547,77,42,2.9116,3.2935,167.3,38.714,0,262083,667706
83,261.0423708551666,4234.250114861345,113,39,2.9116,3.2935,167.3,38.714,0,262083,667806
89,359.38046868343685,4313.082277968196,131,28,2.9116,3.2935,167.3,38.714,0,262083,667906
86,458.43813449643034,4392.776279056712,141,33,2.9116,3.2935,167.3,38.714,0,262083,668006
84,557.8321656645551,4473.286056040161,161,38,2.9116,3.2935,167.3,38.714,0,262083,668106
84,657.4100143285376,4554.568348425936,178,31,2.9116,3.2935,167.3,38.714,0,262083,668206
81,702.9742324473992,4636.582528307176,157,28,2.9116,3.2935,167.3,38.714,0,262083,668306
80,739.1161519457406,4719.290438521811,131,45,2.9116,3.2935,167.3,38.714,0,262083,668406
82,786.1029621679746,4802.656238420921,109,44,2.9116,3.2935,167.3,38.714,0,262083,668506
82,842.0566648190008,4886.646257482058,72,36,2.9116,3.2935,167.3,38.714,0,262083,668606
79,876.7685591728164,4971.228856840471,73,29,2.9116,3.2935,167.3,38.714,0,262083,668706
78,836.3640291608602,5056.374298685118,72,17,2.9116,3.2935,167.3,38.714,0,262083,668806
84,743.9016239301002,5142.054623370258,70,14,2.9116,3.2935,167.3,38.714,0,262083,668906
89,653.3306580080524,5228.243534022057,93,13,2.9116,3.2935,167.3,38.714,0,262083,669006
95,565.9322879302536,5314.916288368375,106,17,2.9116,3.2935,167.3,38.714,0,262083,669106
96,483.4436475440629,5402.049597484595,126,18,2.9116,3.2935,167.3,38.714,0,262083,669206
98,408.8473629356619,5489.62153112612,160,27,2.9116,3.2935,167.3,38.714,0,262083,669306
101,347.26729187785827,5575.991340946393,187,35,2.9116,3.2935,167.3,38.714,0,262083,669406
100,306.64797054100706,5661.788098583123,204,37,2.9116,3.2935,167.3,38.714,0,262083,669506
94,295.68624216834866,5748.043972709834,224,32,2.9116,3.2935,167.3,38.714,0,262083,669606
87,315.6649448104506,5834.738601784504,216,39,2.9116,3.2935,167.3,38.714,0,262083,669706
71,363.12306585609554,5921.852716008946,231,28,2.9116,3.2935,167.3,38.714,0,262083,669806
47,1313.5640484162532,1838.1563796939988,27,7,2.6335,3.04,156.0,37.096,0,262183,660206
47,1215.537907691347,1753.9431495321032,90,20,2.6335,3.04,156.0,37.096,0,262183,660306
47,1117.8614855059725,1658.2938182205428,147,24,2.6335,3.04,156.0,37.096,0,262183,660406
47,1020.6351926719852,1563.189113097433,187,30,2.6335,3.04,156.0,37.096,0,262183,660506
47,924.0011321765476,1468.734836198901,217,34,2.6335,3.04,156.0,37.096,0,262183,660606
47,828.1666426550292,1374.6502938463875,164,32,2.6335,3.04,156.0,37.096,0,262183,660706
44,733.4452152338743,1280.7334317472894,167,24,2.6335,3.04,156.0,37.096,0,262183,660806
45,640.3309921379921,1187.737189007809,186,23,2.6335,3.04,156.0,37.096,0,262183,660906
42,549.6414060415996,1095.9749710231322,235,18,2.6335,3.04,156.0,37.096,0,262183,661006
31,462.80403085792983,1005.7845912849026,277,18,2.6335,3.04,156.0,37.096,1,262183,661106
19,382.4519142602229,917.6296371756536,325,19,2.6335,3.04,156.0,37.096,1,262183,661206
16,313.61020784449937,832.1572315254523,354,16,2.6335,3.04,156.0,37.096,1,262183,661306
22,264.50002415703557,749.3850739258855,349,20,2.6335,3.04,156.0,37.096,1,262183,661406
23,246.3741959617819,666.846751943377,291,25,2.6335,3.04,156.0,37.096,1,262183,661506
22,265.66453590696676,584.3965678570012,235,18,2.6335,3.04,156.0,37.096,1,262183,661606
21,316.91607426129025,505.90062511207896,169,39,2.6335,3.04,156.0,37.096,1,262183,661706
16,387.6776374924291,429.3442156717184,75,38,2.6335,3.04,156.0,37.096,1,262183,661806
11,351.2530674092456,351.2530674092456,23,39,2.6335,3.04,156.0,37.096,2,262183,661906
12,276.77436399173627,276.77436399173627,38,37,2.6335,3.04,156.0,37.096,2,262183,662006
13,212.9168619673187,212.9168619673187,86,41,2.6335,3.04,156.0,37.096,2,262183,662106
10,167.85534533902856,167.85534533902856,86,36,2.6335,3.04,156.0,37.096,2,262183,662206
9,142.75899764209672,142.75899764209672,80,33,2.6335,3.04,156.0,37.096,2,262183,662306
10,157.14547837786148,157.14547837786148,66,29,2.6335,3.04,156.0,37.096,2,262183,662406
7,174.1583905317221,174.1583905317221,32,30,2.6335,3.04,156.0,37.096,2,262183,662506
7,138.9169238667353,138.9169238667353,24,28,2.6335,3.04,156.0,37.096,2,262183,662606
6,58.59028407158777,58.59028407158777,65,36,2.6335,3.04,156.0,37.096,2,262183,662706
6,9.13079538372112,9.13079538372112,81,47,2.6335,3.04,156.0,37.096,2,262183,662806
6,0.0,0.0,95,57,2.6335,3.04,156.0,37.096,2,262183,662906
6,0.0,0.0,79,56,2.6335,3.04,156.0,37.096,2,262183,663006
11,61.48287150279421,61.48287150279421,41,49,2.6335,3.04,156.0,37.096,2,262183,663106
14,80.2559849177382,80.2559849177382,14,33,2.6335,3.04,156.0,37.096,2,262183,663206
9,17.781570364365432,17.781570364365432,31,52,2.6335,3.04,156.0,37.096,2,262183,663306
11,0.0,0.0,144,67,2.6335,3.04,156.0,37.096,2,262183,663406
12,70.40638017535552,70.40638017535552,219,103,2.6335,3.04,156.0,37.096,2,262183,663506
18,41.200264829468686,162.8242786381394,231,155,2.6335,3.04,156.0,37.096,1,262183,663606
20,103.5281470973606,256.6476534903451,205,192,2.6335,3.04,156.0,37.096,1,262183,663706
20,198.8528829980652,352.7428772851743,166,251,2.6335,3.04,156.0,37.096,1,262183,663806
25,297.2656403149743,450.51870580318536,121,266,2.6335,3.04,156.0,37.096,1,262183,663906
25,396.47352086501456,548.9471225461193,64,294,2.6335,3.04,156.0,37.096,1,262183,664006
23,495.99964171592967,647.7657699744856,42,250,2.6335,3.04,156.0,37.096,1,262183,664106
21,595.6845108088343,746.8914225242106,39,202,2.6335,3.04,156.0,37.096,1,262183,664206
30,607.4540859857213,846.2228437768858,35,175,2.6335,3.04,156.0,37.096,1,262183,664306
30,536.5584090784849,945.6951969950152,30,182,2.6335,3.04,156.0,37.096,1,262183,664406
27,476.0256835716774,1045.2682478239935,24,164,2.6335,3.04,156.0,37.096,1,262183,664506
25,430.2933004181698,1144.915723622766,20,165,2.6335,3.04,156.0,37.096,1,262183,664606
22,404.3826119515948,1244.6197485530442,14,140,2.6335,3.04,156.0,37.096,1,262183,664706
25,402.09053696602456,1344.3677409019615,22,85,2.6335,3.04,156.0,37.096,1,262183,664806
28,423.6982998492482,1444.1505901627588,44,45,2.6335,3.04,156.0,37.096,1,262183,664906
31,465.0476916663975,1543.9615381728408,73,43,2.9116,3.2935,167.3,38.714,1,262183,665006
30,462.32991734105616,1643.795466488044,142,39,2.9116,3.2935,167.3,38.714,1,262183,665106
48,363.66269516958823,1743.6484278478408,235,21,2.9116,3.2935,167.3,38.714,0,262183,665206
52,265.43391583252543,1843.517329516012,237,33,2.9116,3.2935,167.3,38.714,0,262183,665306
47,169.28888609948288,1943.3997140360625,223,31,2.9116,3.2935,167.3,38.714,0,262183,665406
42,72.08704993084899,2043.293604160951,146,34,2.9116,3.2935,167.3,38.714,0,262183,665506
44,24.959806864297875,2143.1973910712586,73,29,2.9116,3.2935,167.3,38.714,0,262183,665606
53,114.78233281785026,2243.1097524161073,4,24,2.9116,3.2935,167.3,38.714,0,262183,665706
66,208.25670910937535,2343.0295912928314,0,31,2.9116,3.2935,167.3,38.714,0,262183,665806
68,293.9725915383573,2442.955990181455,1,32,2.9116,3.2935,167.3,38.714,0,262183,665906
68,325.46274011665895,2542.8881757271697,2,22,2.9116,3.2935,167.3,38.714,0,262183,666006
63,381.18333975592554,2642.8254915038665,2,13,2.9116,3.2935,167.3,38.714,0,262183,666106
65,452.41074457921405,2742.76737672597,5,12,2.9116,3.2935,167.3,38.714,0,262183,666206
67,449.5046302793958,2842.713349446591,6,10,2.9116,3.2935,167.3,38.714,0,262183,666306
61,352.63582504426023,2942.662993176666,6,8,2.9116,3.2935,167.3,38.714,0,262183,666406
60,258.1659109306957,3042.615946139286,6,6,2.9116,3.2935,167.3,38.714,0,262183,666506
66,168.52092379599048,3142.571892573129,4,4,2.9116,3.2935,167.3,38.714,0,262183,666606
69,95.71546073298026,3242.530555643271,25,4,2.9116,3.2935,167.3,38.714,0,262183,666706
74,90.49048967623136,3342.491691623161,44,11,2.9116,3.2935,167.3,38.714,0,262183,666806
77,145.81897780957516,3442.4550850896317,46,18,2.9116,3.2935,167.3,38.714,0,262183,666906
78,221.64553041461383,3542.4205449309743,35,25,2.9116,3.2935,167.3,38.714,0,262183,667006
79,311.0878887541588,3642.387901012008,36,30,2.9116,3.2935,167.3,38.714,0,262183,667106
79,283.62282221870805,3742.357001373367,58,29,2.9116,3.2935,167.3,38.714,0,262183,667206
86,188.37125511809504,3842.3277098677913,61,21,2.9116,3.2935,167.3,38.714,0,262183,667306
83,102.59412374121644,3942.2998222659626,77,36,2.9116,3.2935,167.3,38.714,0,262183,667406
91,72.09372989761681,4042.272245203638,93,39,2.9116,3.2935,167.3,38.714,0,262183,667506
82,135.0415686154153,4142.24494117854,99,39,2.9116,3.2935,167.3,38.714,0,262183,667606
85,215.98145687752137,4220.298495186627,103,45,2.9116,3.2935,167.3,38.714,0,262183,667706
86,297.058806887628,4297.059935559954,114,46,2.9116,3.2935,167.3,38.714,0,262183,667806
89,387.025442145368,4374.760426710763,118,34,2.9116,3.2935,167.3,38.714,0,262183,667906
88,480.91696947768617,4453.350816232037,121,34,2.9116,3.2935,167.3,38.714,0,262183,668006
86,570.7850830179839,4532.784816617104,157,38,2.9116,3.2935,167.3,38.714,0,262183,668106
84,581.3050193985217,4613.0188483328975,167,41,2.9116,3.2935,167.3,38.714,0,262183,668206
82,608.305383964325,4694.011887116881,143,38,2.9116,3.2935,167.3,38.714,0,262183,668306
83,649.7324134639229,4775.725316401122,137,46,2.9116,3.2935,167.3,38.714,0,262183,668406
78,702.331750703037,4858.122785504151,118,41,2.9116,3.2935,167.3,38.714,0,262183,668506
79,764.44191910336,4941.170074016337,83,50,2.9116,3.2935,167.3,38.714,0,262183,668606
78,833.9502427119156,5024.834962630576,75,48,2.9116,3.2935,167.3,38.714,0,262183,668706
76,876.9351398948957,5109.0871105310625,82,39,2.9116,3.2935,167.3,38.714,0,262183,668806
80,788.9573153290468,5193.897939343307,92,27,2.9116,3.2935,167.3,38.714,0,262183,668906
84,704.1960318263328,5279.240523563467,108,18,2.9116,3.2935,167.3,38.714,0,262183,669006
90,623.9635061994334,5365.089487320289,132,19,2.9116,3.2935,167.3,38.714,0,262183,669106
94,550.2443665294785,5451.420907274973,145,26,2.9116,3.2935,167.3,38.714,0,262183,669206
98,486.0115932014007,5538.212221429827,163,31,2.9116,3.2935,167.3,38.714,0,262183,669306
100,435.4832655279655,5625.442143593223,186,36,2.9116,3.2935,167.3,38.714,0,262183,669406
101,403.83670014454754,5713.0905832338,197,41,2.9116,3.2935,167.3,38.714,0,262183,669506
94,395.6195690873679,5798.902974156555,239,37,2.9116,3.2935,167.3,38.714,0,262183,669606
82,410.7799251603612,5884.848404388177,268,37,2.9116,3.2935,167.3,38.714,0,262183,669706
73,448.2790988762441,5971.231512977739,318,31,2.9116,3.2935,167.3,38.714,0,262183,669806
51,1336.193554116913,1750.819842634135,27,10,2.6335,3.04,156.0,37.096,0,262283,660206
51,1239.9577048458343,1703.123980598861,93,14,2.6335,3.04,156.0,37.096,0,262283,660306
51,1144.367513323194,1631.0817528308114,152,22,2.6335,3.04,156.0,37.096,0,262283,660406
51,1049.5994003868673,1534.2912044900422,199,35,2.6335,3.04,156.0,37.096,0,262283,660506
50,955.8979009472888,1437.9399556078054,228,34,2.6335,3.04,156.0,37.096,0,262283,660606
50,863.6102667166446,1342.1226217046078,165,31,2.6335,3.04,156.0,37.096,0,262283,660706
48,773.2429039579704,1246.9622879017322,145,25,2.6335,3.04,156.0,37.096,0,262283,660806
45,685.5556026058837,1152.597597731923,176,24,2.6335,3.04,156.0,37.096,0,262283,660906
43,601.7211812852174,1058.5130597838809,229,21,2.6335,3.04,156.0,37.096,0,262283,661006
29,523.5936169876775,964.8433520674964,296,19,2.6335,3.04,156.0,37.096,1,262283,661106
21,454.12792415045334,872.5618608361392,353,15,2.6335,3.04,156.0,37.096,1,262283,661206
17,397.55940358635064,782.1800994290313,394,12,2.6335,3.04,156.0,37.096,1,262283,661306
21,359.6502353282459,694.4402169372053,394,13,2.6335,3.04,156.0,37.096,1,262283,661406
25,346.3711275170246,610.3894636245806,310,15,2.6335,3.04,156.0,37.096,1,262283,661506
24,360.3610590402755,527.8511416420718,227,37,2.6335,3.04,156.0,37.096,1,262283,661606
18,399.6476515121196,445.31281965956305,135,54,2.6335,3.04,156.0,37.096,1,262283,661706
16,365.00475257158706,365.00475257158706,64,58,2.6335,3.04,156.0,37.096,1,262283,661806
13,288.4544671254977,288.4544671254977,6,49,2.6335,3.04,156.0,37.096,2,262283,661906
10,211.17293588422436,211.17293588422436,11,50,2.6335,3.04,156.0,37.096,2,262283,662006
12,135.79952027661682,135.79952027661682,41,38,2.6335,3.04,156.0,37.096,2,262283,662106
11,73.4943934348395,73.4943934348395,57,26,2.6335,3.04,156.0,37.096,2,262283,662206
11,44.04446662551295,44.04446662551295,55,22,2.6335,3.04,156.0,37.096,2,262283,662306
10,58.55558461235099,58.55558461235099,38,22,2.6335,3.04,156.0,37.096,2,262283,662406
9,85.90855527749355,85.90855527749355,10,20,2.6335,3.04,156.0,37.096,2,262283,662506
8,138.53135454641983,138.53135454641983,6,19,2.6335,3.04,156.0,37.096,2,262283,662606
11,142.05966424597494,142.05966424597494,18,26,2.6335,3.04,156.0,37.096,2,262283,662706
11,102.48144578169745,102.48144578169745,33,39,2.6335,3.04,156.0,37.096,2,262283,662806
11,82.37347775120045,82.37347775120045,33,46,2.6335,3.04,156.0,37.096,2,262283,662906
11,92.76475112878506,92.76475112878506,18,42,2.6335,3.04,156.0,37.096,2,262283,663006
12,59.50749176027406,59.50749176027406,6,39,2.6335,3.04,156.0,37.096,2,262283,663106
7,0.0390280531046117,0.0390280531046117,31,25,2.6335,3.04,156.0,37.096,2,262283,663206
10,10.662047118136684,10.662047118136684,73,33,2.6335,3.04,156.0,37.096,2,262283,663306
15,69.64377754805736,69.64377754805736,131,69,2.6335,3.04,156.0,37.096,2,262283,663406
19,134.1688589688171,134.1688589688171,213,79,2.6335,3.04,156.0,37.096,1,262283,663506
20,141.05703059442786,209.0823220360216,232,171,2.6335,3.04,156.0,37.096,1,262283,663606
21,170.76428686721832,294.0030132224481,210,187,2.6335,3.04,156.0,37.096,1,262283,663706
21,241.06871390485503,385.53068181502806,178,241,2.6335,3.04,156.0,37.096,1,262283,663806
23,327.09386458295813,478.8670948316956,123,284,2.6335,3.04,156.0,37.096,1,262283,663906
25,419.3027403714934,572.8705715172093,86,310,2.6335,3.04,156.0,37.096,1,262283,664006
25,514.4309282287306,668.3862739043773,70,283,2.6335,3.04,156.0,37.096,1,262283,664106
28,611.1166596923234,765.0488419552706,45,247,2.6335,3.04,156.0,37.096,1,262283,664206
28,546.1277851310743,862.4727531988614,49,219,2.6335,3.04,156.0,37.096,1,262283,664306
30,466.3855052123301,960.419817763862,37,204,2.6335,3.04,156.0,37.096,1,262283,664406
27,395.4952718863951,1058.6744026272763,28,206,2.6335,3.04,156.0,37.096,1,262283,664506
22,339.1835328979731,1157.2233735983812,19,182,2.6335,3.04,156.0,37.096,1,262283,664606
24,305.78180966146596,1255.95911340541,11,143,2.6335,3.04,156.0,37.096,1,262283,664706
24,302.74111131396694,1354.872539700951,10,90,2.6335,3.04,156.0,37.096,1,262283,664806
27,330.5480897971759,1453.9346282158997,21,45,2.6335,3.04,156.0,37.096,1,262283,664906
31,380.0166535536363,1553.1169329496431,71,45,2.9116,3.2935,167.3,38.714,1,262283,665006
36,437.909740407088,1652.3978067355654,135,42,2.9116,3.2935,167.3,38.714,0,262283,665106
51,350.7658966170631,1751.760490476397,207,36,2.9116,3.2935,167.3,38.714,0,262283,665206
52,250.8711219819101,1851.1918107758872,231,51,2.9116,3.2935,167.3,38.714,0,262283,665306
50,150.97993476668248,1950.6812719081784,219,52,2.9116,3.2935,167.3,38.714,0,262283,665406
41,51.390573385969006,2050.2204098249804,126,53,2.9116,3.2935,167.3,38.714,0,262283,665506
41,19.601942831312392,2149.802324203905,38,47,2.9116,3.2935,167.3,38.714,0,262283,665606
55,119.04270129227676,2249.4213339083703,1,15,2.9116,3.2935,167.3,38.714,0,262283,665706
59,217.3200845252157,2349.072719549506,0,24,2.9116,3.2935,167.3,38.714,0,262283,665806
62,315.0384106748459,2448.752528538013,0,20,2.9116,3.2935,167.3,38.714,0,262283,665906
73,412.7567368244762,2548.457425642209,2,15,2.9116,3.2935,167.3,38.714,0,262283,666006
66,461.93970968660153,2648.1845771396893,2,16,2.9116,3.2935,167.3,38.714,0,262283,666106
64,522.2672100453743,2747.931560081167,5,19,2.9116,3.2935,167.3,38.714,0,262283,666206
61,438.51357609944057,2847.696290544291,7,19,2.9116,3.2935,167.3,38.714,0,262283,666306
61,338.51406010024107,2947.476966401827,8,13,2.9116,3.2935,167.3,38.714,0,262283,666406
61,238.51494994565735,3047.2720212936224,8,9,2.9116,3.2935,167.3,38.714,0,262283,666506
62,138.5171246077871,3147.0800873267463,7,6,2.9116,3.2935,167.3,38.714,0,262283,666606
61,38.530588778774415,3246.8999646336692,8,7,2.9116,3.2935,167.3,38.714,0,262283,666706
66,5.314067821931762,3346.730596362325,24,11,2.9116,3.2935,167.3,38.714,0,262283,666806
74,89.86860592562766,3446.5710480007983,26,14,2.9116,3.2935,167.3,38.714,0,262283,666906
77,189.01137454597844,3546.42049018541,23,23,2.9116,3.2935,167.3,38.714,0,262283,667006
77,288.7345702320954,3646.27818432666,36,34,2.9116,3.2935,167.3,38.714,0,262283,667106
76,323.2450659526486,3746.1434705288752,69,38,2.9116,3.2935,167.3,38.714,0,262283,667206
75,243.98605930297273,3846.0157573878614,78,29,2.9116,3.2935,167.3,38.714,0,262283,667306
77,185.93284165433317,3945.894513334755,93,30,2.9116,3.2935,167.3,38.714,0,262283,667406
85,170.20342835652266,4045.779259259571,117,35,2.9116,3.2935,167.3,38.714,0,262283,667506
86,206.57342856308745,4145.669562199154,116,40,2.9116,3.2935,167.3,38.714,0,262283,667606
87,275.14334406918096,4245.565029914644,116,49,2.9116,3.2935,167.3,38.714,0,262283,667706
89,356.9048954818553,4345.465306215633,125,38,2.9116,3.2935,167.3,38.714,0,262283,667806
89,435.1246883935177,4437.834927721596,122,38,2.9116,3.2935,167.3,38.714,0,262283,667906
87,478.8716988866636,4515.327623442817,117,38,2.9116,3.2935,167.3,38.714,0,262283,668006
83,470.805989416895,4593.690047047773,130,35,2.9116,3.2935,167.3,38.714,0,262283,668106
84,483.5061470683599,4672.878443707452,138,41,2.9116,3.2935,167.3,38.714,0,262283,668206
84,515.6530896202984,4752.85152839701,121,35,2.9116,3.2935,167.3,38.714,0,262283,668306
82,563.4539460551206,4833.570352472984,124,42,2.9116,3.2935,167.3,38.714,0,262283,668406
79,623.3633843609373,4914.998174325787,118,46,2.9116,3.2935,167.3,38.714,0,262283,668506
78,692.59184849286,4997.100334688691,85,54,2.9116,3.2935,167.3,38.714,0,262283,668606
78,768.6254147734069,5079.844137005174,74,49,2.9116,3.2935,167.3,38.714,0,262283,668706
79,849.2346716339069,5163.198733109723,84,41,2.9116,3.2935,167.3,38.714,0,262283,668806
78,843.5074083598412,5247.135014358394,97,37,2.9116,3.2935,167.3,38.714,0,262283,668906
83,764.8157646039159,5331.625508250357,109,25,2.9116,3.2935,167.3,38.714,0,262283,669006
87,691.6513280659622,5416.644280506695,120,24,2.9116,3.2935,167.3,38.714,0,262283,669106
97,625.9552423649361,5502.166842514493,142,31,2.9116,3.2935,167.3,38.714,0,262283,669206
99,570.3142741268911,5588.170064000014,157,38,2.9116,3.2935,167.3,38.714,0,262283,669306
99,527.9173960967942,5674.632090762002,172,42,2.9116,3.2935,167.3,38.714,0,262283,669406
95,502.1306432895289,5761.532267272825,205,44,2.9116,3.2935,167.3,38.714,0,262283,669506
88,495.5538202446762,5848.851063939476,267,36,2.9116,3.2935,167.3,38.714,0,262283,669606
78,507.77547838323096,5936.219919621068,301,36,2.9116,3.2935,167.3,38.714,0,262283,669706
73,538.5628468636363,6021.866153698063,364,36,2.9116,3.2935,167.3,38.714,0,262283,669806
53,1365.7876551043646,1664.9088162758603,37,6,2.6335,3.04,156.0,37.096,0,262383,660206
53,1271.793149289003,1614.6772242286008,108,12,2.6335,3.04,156.0,37.096,0,262383,660306
53,1178.7873897872344,1569.2175471782332,182,17,2.6335,3.04,156.0,37.096,0,262383,660406
52,1087.0241975523647,1511.4690857059134,247,27,2.6335,3.04,156.0,37.096,0,262383,660506
52,996.8467795039134,1413.5630911998735,248,22,2.6335,3.04,156.0,37.096,0,262383,660606
52,908.727350501945,1315.972047028513,188,19,2.6335,3.04,156.0,37.096,0,262383,660706
47,823.3269662128444,1218.771612862019,183,17,2.6335,3.04,156.0,37.096,0,262383,660806
47,741.585591173539,1122.06330484343,201,24,2.6335,3.04,156.0,37.096,0,262383,660906
43,664.8541830951871,1025.9862941745532,224,24,2.6335,3.04,156.0,37.096,0,262383,661006
32,595.0739286190664,930.7361020138336,324,19,2.6335,3.04,156.0,37.096,1,262383,661106
21,534.8652344547039,836.4603636694166,392,17,2.6335,3.04,156.0,37.096,1,262383,661206
15,487.51883787139894,742.3784465523722,405,15,2.6335,3.04,156.0,37.096,2,262383,661306
15,456.876701927613,649.2821150027904,361,29,2.6335,3.04,156.0,37.096,2,262383,661406
20,446.3694338986657,558.5774537335714,285,39,2.6335,3.04,156.0,37.096,1,262383,661506
21,457.32104708464254,471.64634926654895,193,60,2.6335,3.04,156.0,37.096,1,262383,661606
16,388.85553134076656,388.85553134076656,114,54,2.6335,3.04,156.0,37.096,1,262383,661706
12,306.31720935825774,306.31720935825774,45,58,2.6335,3.04,156.0,37.096,2,262383,661806
10,224.24458314392305,224.24458314392305,6,60,2.6335,3.04,156.0,37.096,2,262383,661906
10,147.56354067566664,147.56354067566664,5,45,2.6335,3.04,156.0,37.096,2,262383,662006
12,70.99451258897153,70.99451258897153,6,28,2.6335,3.04,156.0,37.096,2,262383,662106
10,0.0,0.0,10,26,2.6335,3.04,156.0,37.096,2,262383,662206
7,14.968846979954233,14.968846979954233,15,19,2.6335,3.04,156.0,37.096,2,262383,662306
7,3.736994533156743,3.736994533156743,4,13,2.6335,3.04,156.0,37.096,2,262383,662406
8,0.7875124781408306,0.7875124781408306,4,11,2.6335,3.04,156.0,37.096,2,262383,662506
10,71.09076171564283,71.09076171564283,2,14,2.6335,3.04,156.0,37.096,2,262383,662606
13,154.0135172625959,154.0135172625959,1,27,2.6335,3.04,156.0,37.096,2,262383,662706
11,178.5798298545391,178.5798298545391,1,36,2.6335,3.04,156.0,37.096,2,262383,662806
9,115.36292653573892,115.36292653573892,1,32,2.6335,3.04,156.0,37.096,2,262383,662906
11,50.836290248523866,50.836290248523866,0,35,2.6335,3.04,156.0,37.096,2,262383,663006
4,0.0,0.0,9,32,2.6335,3.04,156.0,37.096,2,262383,663106
12,26.400579973795885,26.400579973795885,48,25,2.6335,3.04,156.0,37.096,2,262383,663206
16,91.2841708991708,91.2841708991708,89,41,2.6335,3.04,156.0,37.096,1,262383,663306
20,150.4686677187094,150.4686677187094,112,54,2.6335,3.04,156.0,37.096,1,262383,663406
17,209.8569544195983,209.8569544195983,146,133,2.6335,3.04,156.0,37.096,1,262383,663506
15,241.01076875065215,275.59017492967877,197,149,2.6335,3.04,156.0,37.096,2,262383,663606
20,259.76547751678333,349.64410705026273,197,185,2.6335,3.04,156.0,37.096,1,262383,663706
22,310.68466346085455,430.5238327044616,146,231,2.6335,3.04,156.0,37.096,1,262383,663806
23,381.4166268849008,517.6084284460227,122,256,2.6335,3.04,156.0,37.096,1,262383,663906
25,463.0683820114767,608.4554259550011,101,308,2.6335,3.04,156.0,37.096,1,262383,664006
25,550.6929409881848,701.3407588587187,91,305,2.6335,3.04,156.0,37.096,1,262383,664106
27,589.7799692073555,794.826860810173,72,254,2.6335,3.04,156.0,37.096,1,262383,664206
29,497.3356965545377,889.0969381225018,62,235,2.6335,3.04,156.0,37.096,1,262383,664306
27,408.3098679441656,984.404837865058,42,237,2.6335,3.04,156.0,37.096,1,262383,664406
27,325.54091113445367,1080.561152478403,26,220,2.6335,3.04,156.0,37.096,1,262383,664506
20,254.82771339655417,1177.3580269734343,12,161,2.6335,3.04,156.0,37.096,1,262383,664606
21,208.5179450092674,1274.6495373678606,7,107,2.6335,3.04,156.0,37.096,1,262383,664706
23,204.02833391861392,1372.3304859054267,6,76,2.6335,3.04,156.0,37.096,1,262383,664806
28,242.1546920779719,1470.3209297245387,9,57,2.6335,3.04,156.0,37.096,1,262383,664906
30,298.118134933194,1568.5125258647329,47,49,2.9116,3.2935,167.3,38.714,1,262383,665006
35,363.5955248413338,1666.918077062754,98,43,2.9116,3.2935,167.3,38.714,1,262383,665106
44,357.1389405371702,1765.49962601332,152,48,2.9116,3.2935,167.3,38.714,0,262383,665206
50,258.09385234083135,1864.206559462113,179,54,2.9116,3.2935,167.3,38.714,0,262383,665306
48,159.2686090696598,1963.0365255468807,159,74,2.9116,3.2935,167.3,38.714,0,262383,665406
39,60.8696336641237,2061.9793172873415,94,82,2.9116,3.2935,167.3,38.714,0,262383,665506
45,7.853005242693748,2161.0194374901794,27,70,2.9116,3.2935,167.3,38.714,0,262383,665606
48,103.48793895391036,2260.144091313643,7,39,2.9116,3.2935,167.3,38.714,0,262383,665706
54,203.2232813541789,2359.342624077642,14,17,2.9116,3.2935,167.3,38.714,0,262383,665806
60,303.13305768225155,2458.6060933136837,23,21,2.9116,3.2935,167.3,38.714,0,262383,665906
66,403.0875825862448,2557.9269392163596,24,20,2.9116,3.2935,167.3,38.714,0,262383,666006
64,503.0601830901092,2657.2987281557894,19,26,2.9116,3.2935,167.3,38.714,0,262383,666106
63,547.9382152600725,2756.715951081645,16,28,2.9116,3.2935,167.3,38.714,0,262383,666206
63,450.037665317497,2856.173863622027,13,28,2.9116,3.2935,167.3,38.714,0,262383,666306
65,353.3150331735874,2955.668358176739,8,32,2.9116,3.2935,167.3,38.714,0,262383,666406
62,259.04427883198684,3055.195860794653,8,25,2.9116,3.2935,167.3,38.714,0,262383,666506
60,169.50489542006173,3154.753247419896,6,19,2.9116,3.2935,167.3,38.714,0,262383,666606
59,101.3673608350076,3254.3377754000862,4,6,2.9116,3.2935,167.3,38.714,0,262383,666706
64,62.68548496988985,3353.9470271138125,3,10,2.9116,3.2935,167.3,38.714,0,262383,666806
67,110.98171195003697,3453.5788632916992,8,17,2.9116,3.2935,167.3,38.714,0,262383,666906
72,201.1998416515968,3553.231384143845,10,26,2.9116,3.2935,167.3,38.714,0,262383,667006
77,296.6349498161676,3652.902896814311,31,33,2.9116,3.2935,167.3,38.714,0,262383,667106
76,385.39958490138446,3752.591887994747,64,36,2.9116,3.2935,167.3,38.714,0,262383,667206
73,321.8301796190361,3852.297000768968,81,31,2.9116,3.2935,167.3,38.714,0,262383,667306
76,280.12500825922194,3952.017014946063,102,13,2.9116,3.2935,167.3,38.714,0,262383,667406
89,269.70522456577913,4051.750830284704,127,14,2.9116,3.2935,167.3,38.714,0,262383,667506
91,294.4961880620431,4151.497452125243,115,25,2.9116,3.2935,167.3,38.714,0,262383,667606
90,346.5816566403776,4251.255979036312,123,30,2.9116,3.2935,167.3,38.714,0,262383,667706
91,416.1387921319418,4351.02559215429,118,30,2.9116,3.2935,167.3,38.714,0,262383,667806
90,414.02521804207504,4450.805545951338,88,35,2.9116,3.2935,167.3,38.714,0,262383,667906
87,380.7453528510439,4550.595160213748,81,28,2.9116,3.2935,167.3,38.714,0,262383,668006
85,370.8381700227151,4650.393813049643,93,30,2.9116,3.2935,167.3,38.714,0,262383,668106
84,386.83441280199617,4734.093683510815,106,30,2.9116,3.2935,167.3,38.714,0,262383,668206
83,426.25205055762535,4813.049730220643,114,30,2.9116,3.2935,167.3,38.714,0,262383,668306
81,482.4856166160971,4892.7755320367005,120,32,2.9116,3.2935,167.3,38.714,0,262383,668406
81,551.2657524989653,4973.234069317171,92,38,2.9116,3.2935,167.3,38.714,0,262383,668506
82,628.486666139454,5054.390349937076,63,46,2.9116,3.2935,167.3,38.714,0,262383,668606
78,710.1820936098983,5136.211299280537,73,40,2.9116,3.2935,167.3,38.714,0,262383,668706
77,795.087463856656,5218.665654377282,68,33,2.9116,3.2935,167.3,38.714,0,262383,668806
77,883.1314434628777,5301.723862433528,85,32,2.9116,3.2935,167.3,38.714,0,262383,668906
80,833.0631766759298,5385.357983905721,98,26,2.9116,3.2935,167.3,38.714,0,262383,669006
86,766.4415582170164,5469.541600183429,118,27,2.9116,3.2935,167.3,38.714,0,262383,669106
94,707.7224512412085,5554.249725881716,123,37,2.9116,3.2935,167.3,38.714,0,262383,669206
99,659.0216034543948,5639.458725691423,137,40,2.9116,3.2935,167.3,38.714,0,262383,669306
97,622.694049793587,5725.146235695393,165,47,2.9116,3.2935,167.3,38.714,0,262383,669406
96,600.9877581757178,5811.291089028078,181,44,2.9116,3.2935,167.3,38.714,0,262383,669506
92,595.5037290444214,5897.8732457333435,237,36,2.9116,3.2935,167.3,38.714,0,262383,669606
81,605.7488968045144,5984.873726659333,295,34,2.9116,3.2935,167.3,38.714,0,262383,669706
75,631.7798109740701,6072.274551218611,337,33,2.9116,3.2935,167.3,38.714,0,262383,669806
50,1310.5039180980464,1527.6563041450945,141,10,2.6335,3.04,156.0,37.096,0,262483,660306
51,1220.4517258348617,1479.5252466665584,230,9,2.6335,3.04,156.0,37.096,0,262483,660406
51,1132.070806458789,1436.4402063871044,303,16,2.6335,3.04,156.0,37.096,0,262483,660506
51,1045.7849714827685,1395.9405107925293,287,16,2.6335,3.04,156.0,37.096,0,262483,660606
51,962.1580443576698,1297.0241807420475,242,19,2.6335,3.04,156.0,37.096,0,262483,660706
48,881.9467093113603,1198.2877539170015,230,22,2.6335,3.04,156.0,37.096,0,262483,660806
44,806.1711318374644,1099.7796856395037,221,24,2.6335,3.04,156.0,37.096,0,262483,660906
41,736.2022748885387,1001.5673580459768,250,22,2.6335,3.04,156.0,37.096,0,262483,661006
35,673.8513822008683,903.7471927818478,320,24,2.6335,3.04,156.0,37.096,1,262483,661106
24,621.0490777127279,806.4619050016827,366,20,2.6335,3.04,156.0,37.096,1,262483,661206
20,580.58401239038,709.9314192066832,370,40,2.6335,3.04,156.0,37.096,1,262483,661306
14,555.0321591978288,614.5115423933777,343,45,2.6335,3.04,156.0,37.096,2,262483,661406
17,520.3231296069102,520.3231296069102,254,66,2.6335,3.04,156.0,37.096,1,262483,661506
16,426.3453163096407,426.3453163096407,165,72,2.6335,3.04,156.0,37.096,1,262483,661606
11,334.98035120906854,334.98035120906854,87,58,2.6335,3.04,156.0,37.096,2,262483,661706
10,249.85992103946128,249.85992103946128,26,43,2.6335,3.04,156.0,37.096,2,262483,661806
12,167.32159905695258,167.32159905695258,3,55,2.6335,3.04,156.0,37.096,2,262483,661906
10,84.78327707444383,84.78327707444383,3,33,2.6335,3.04,156.0,37.096,2,262483,662006
10,6.671253767457594,6.671253767457594,2,19,2.6335,3.04,156.0,37.096,2,262483,662106
8,29.98446220753629,29.98446220753629,2,17,2.6335,3.04,156.0,37.096,2,262483,662206
6,97.89044813941211,97.89044813941211,5,10,2.6335,3.04,156.0,37.096,2,262483,662306
5,97.57988945342716,97.57988945342716,6,8,2.6335,3.04,156.0,37.096,2,262483,662406
7,37.9747185071851,37.9747185071851,3,4,2.6335,3.04,156.0,37.096,2,262483,662506
8,15.199647819959342,15.199647819959342,1,9,2.6335,3.04,156.0,37.096,2,262483,662606
13,98.12240336691242,98.12240336691242,0,16,2.6335,3.04,156.0,37.096,2,262483,662706
13,101.10316714917415,101.10316714917415,0,28,2.6335,3.04,156.0,37.096,2,262483,662806
9,37.87987590670475,37.87987590670475,0,32,2.6335,3.04,156.0,37.096,2,262483,662906
8,0.0,0.0,1,29,2.6335,3.04,156.0,37.096,2,262483,663006
8,41.18945459377117,41.18945459377117,10,21,2.6335,3.04,156.0,37.096,2,262483,663106
16,104.5030267122032,104.5030267122032,53,16,2.6335,3.04,156.0,37.096,1,262483,663206
17,166.42183948142153,166.42183948142153,80,27,2.6335,3.04,156.0,37.096,1,262483,663306
20,231.02689280335133,231.02689280335133,110,92,2.6335,3.04,156.0,37.096,1,262483,663406
18,290.2752883192822,290.2752883192822,140,125,2.6335,3.04,156.0,37.096,1,262483,663506
19,340.99163542152075,350.2208723349424,169,130,2.6335,3.04,156.0,37.096,1,262483,663606
20,354.6669696150368,417.01151820848736,150,139,2.6335,3.04,156.0,37.096,1,262483,663706
21,393.57240808407414,490.5535324403692,127,144,2.6335,3.04,156.0,37.096,1,262483,663806
25,451.5412257483244,569.2600543743947,109,159,2.6335,3.04,156.0,37.096,1,262483,663906
29,522.3439113311942,653.3985071132063,102,228,2.6335,3.04,156.0,37.096,1,262483,664006
29,601.495506931882,741.2146778180014,107,267,2.6335,3.04,156.0,37.096,1,262483,664106
29,562.3507721432471,831.7464181632544,96,234,2.6335,3.04,156.0,37.096,1,262483,664206
27,464.6185982992053,924.0217249691408,76,206,2.6335,3.04,156.0,37.096,1,262483,664306
27,368.1066324326828,1017.1926114728916,48,203,2.6335,3.04,156.0,37.096,1,262483,664406
25,273.9878114017114,1110.9201564629825,29,169,2.6335,3.04,156.0,37.096,1,262483,664506
19,185.575524761913,1205.324039023184,44,137,2.6335,3.04,156.0,37.096,1,262483,664606
21,115.6876448148511,1300.5251087466495,49,93,2.6335,3.04,156.0,37.096,1,262483,664706
22,107.54567409067442,1396.397177709053,45,73,2.6335,3.04,156.0,37.096,1,262483,664806
24,158.62695254079702,1492.810971739936,44,43,2.6335,3.04,156.0,37.096,1,262483,664906
31,222.28057141894905,1589.6679265747468,52,44,2.9116,3.2935,167.3,38.714,1,262483,665006
34,303.51792243329487,1686.8917085022908,81,46,2.9116,3.2935,167.3,38.714,1,262483,665106
39,375.889121911074,1784.422359097504,121,55,2.9116,3.2935,167.3,38.714,0,262483,665206
48,281.2336601145249,1882.2121758931496,143,70,2.9116,3.2935,167.3,38.714,0,262483,665306
47,192.07319227769935,1980.2220416852156,115,85,2.9116,3.2935,167.3,38.714,0,262483,665406
45,111.9569972826011,2078.381966052176,58,77,2.9116,3.2935,167.3,38.714,0,262483,665506
46,83.7397372054521,2176.7075891480995,33,79,2.9116,3.2935,167.3,38.714,0,262483,665606
50,140.34533374814205,2275.179171076194,43,55,2.9116,3.2935,167.3,38.714,0,262483,665706
51,226.0495461951007,2373.7758787433845,60,43,2.9116,3.2935,167.3,38.714,0,262483,665806
56,320.156183705929,2472.4681793982777,63,26,2.9116,3.2935,167.3,38.714,0,262483,665906
59,417.0150675878249,2571.2536246793384,64,24,2.9116,3.2935,167.3,38.714,0,262483,666006
58,514.9540416235166,2670.1294924996123,77,33,2.9116,3.2935,167.3,38.714,0,262483,666106
57,574.8704475995414,2769.086096712386,72,30,2.9116,3.2935,167.3,38.714,0,262483,666206
65,482.1093077779853,2868.115080552982,51,35,2.9116,3.2935,167.3,38.714,0,262483,666306
65,392.4789119173108,2967.2091971387927,35,40,2.9116,3.2935,167.3,38.714,0,262483,666406
62,309.273354742086,3066.362131887661,20,30,2.9116,3.2935,167.3,38.714,0,262483,666506
59,239.29128610764784,3165.568357841012,30,20,2.9116,3.2935,167.3,38.714,0,262483,666606
59,189.75804765983065,3264.8230170185097,42,18,2.9116,3.2935,167.3,38.714,0,262483,666706
62,162.36512011920115,3364.1218225182397,35,9,2.9116,3.2935,167.3,38.714,0,262483,666806
64,186.41325755635864,3463.460977264366,16,11,2.9116,3.2935,167.3,38.714,0,262483,666906
66,251.2715124207756,3562.83710620099,3,30,2.9116,3.2935,167.3,38.714,0,262483,667006
77,316.04845084297995,3662.2471994135303,21,31,2.9116,3.2935,167.3,38.714,0,262483,667106
76,334.4351609068326,3761.6885641825593,50,31,2.9116,3.2935,167.3,38.714,0,262483,667206
75,374.7553834994322,3861.158784379561,64,29,2.9116,3.2935,167.3,38.714,0,262483,667306
78,377.1494682297624,3960.6556859289153,87,10,2.9116,3.2935,167.3,38.714,0,262483,667406
90,369.476128175882,4060.177307306991,115,6,2.9116,3.2935,167.3,38.714,0,262483,667506
98,388.3015825229935,4159.721874243547,113,13,2.9116,3.2935,167.3,38.714,0,262483,667606
92,429.1552960343771,4259.287777944788,117,21,2.9116,3.2935,167.3,38.714,0,262483,667706
88,391.8107430316021,4358.873556280275,107,23,2.9116,3.2935,167.3,38.714,0,262483,667806
89,327.2091088246998,4458.477877474447,71,26,2.9116,3.2935,167.3,38.714,0,262483,667906
86,283.92946913050855,4558.099525922909,52,29,2.9116,3.2935,167.3,38.714,0,262483,668006
84,270.8941066556651,4657.737389817963,54,24,2.9116,3.2935,167.3,38.714,0,262483,668106
83,292.4098691953469,4757.390450320202,69,19,2.9116,3.2935,167.3,38.714,0,262483,668206
82,342.0567665182333,4857.057772055779,83,17,2.9116,3.2935,167.3,38.714,0,262483,668306
80,410.0053550354486,4953.29208319964,76,14,2.9116,3.2935,167.3,38.714,0,262483,668406
81,488.960738113255,5032.783242184015,53,17,2.9116,3.2935,167.3,38.714,0,262483,668506
80,572.0290570700757,5112.994412683066,46,28,2.9116,3.2935,167.3,38.714,0,262483,668606
80,659.5258246523002,5193.892236603323,52,28,2.9116,3.2935,167.3,38.714,0,262483,668706
78,750.1542405626416,5275.445124988818,47,28,2.9116,3.2935,167.3,38.714,0,262483,668806
77,842.9047727263919,5357.623164061493,68,32,2.9116,3.2935,167.3,38.714,0,262483,668906
80,907.2184736214924,5440.398024906662,92,26,2.9116,3.2935,167.3,38.714,0,262483,669006
84,846.4536400233902,5523.742876956559,114,29,2.9116,3.2935,167.3,38.714,0,262483,669106
95,793.6763638521584,5607.632305353867,135,46,2.9116,3.2935,167.3,38.714,0,262483,669206
98,750.5734983106721,5692.0422322193235,152,44,2.9116,3.2935,167.3,38.714,0,262483,669306
93,718.8873223218345,5776.9498418013245,159,45,2.9116,3.2935,167.3,38.714,0,262483,669406
94,700.1695423422772,5862.333509448978,161,41,2.9116,3.2935,167.3,38.714,0,262483,669506
91,695.4680394184413,5948.172734321724,211,34,2.9116,3.2935,167.3,38.714,0,262483,669606
82,704.292208896601,6034.448075727257,279,30,2.9116,3.2935,167.3,38.714,0,262483,669706
48,1355.5010970568123,1442.3193227388722,169,10,2.6335,3.04,156.0,37.096,0,262583,660306
48,1268.646964235986,1391.2390882502584,262,10,2.6335,3.04,156.0,37.096,0,262583,660406
48,1183.8695095356347,1345.6624289192673,322,15,2.6335,3.04,156.0,37.096,0,262583,660506
48,1101.6482702528542,1303.8648943065702,333,18,2.6335,3.04,156.0,37.096,0,262583,660606
48,1022.6000230266312,1267.1940172154596,299,17,2.6335,3.04,156.0,37.096,0,262583,660706
45,947.5192361303426,1185.9101306830205,263,24,2.6335,3.04,156.0,37.096,0,262583,660806
43,877.4249817391737,1086.2801912096577,227,23,2.6335,3.04,156.0,37.096,0,262583,660906
39,813.6070884173456,986.7251236146584,251,22,2.6335,3.04,156.0,37.096,0,262583,661006
37,757.4492039577179,887.2701309805462,302,16,2.6335,3.04,156.0,37.096,0,262583,661106
25,710.8608125557172,787.95310843229,346,20,2.6335,3.04,156.0,37.096,1,262583,661206
19,675.6225458315488,688.8337367217002,309,54,2.6335,3.04,156.0,37.096,1,262583,661306
15,590.0116376850996,590.0116376850996,279,54,2.6335,3.04,156.0,37.096,2,262583,661406
12,491.66609437882306,491.66609437882306,211,58,2.6335,3.04,156.0,37.096,2,262583,661506
11,394.1539852895037,394.1539852895037,130,67,2.6335,3.04,156.0,37.096,2,262583,661606
10,298.29378115788944,298.29378115788944,53,54,2.6335,3.04,156.0,37.096,2,262583,661706
16,204.1858955444036,204.1858955444036,11,37,2.6335,3.04,156.0,37.096,1,262583,661806
13,111.4221682288659,111.4221682288659,5,33,2.6335,3.04,156.0,37.096,2,262583,661906
12,28.32598875564736,28.32598875564736,1,5,2.6335,3.04,156.0,37.096,2,262583,662006
7,10.629583851428928,10.629583851428928,1,10,2.6335,3.04,156.0,37.096,2,262583,662106
6,91.71710494526852,91.71710494526852,3,11,2.6335,3.04,156.0,37.096,2,262583,662206
4,170.2643496696444,170.2643496696444,6,10,2.6335,3.04,156.0,37.096,2,262583,662306
7,175.97371131970053,175.97371131970053,9,8,2.6335,3.04,156.0,37.096,2,262583,662406
6,91.5123425920572,91.5123425920572,7,5,2.6335,3.04,156.0,37.096,2,262583,662506
6,9.896634009361534,9.896634009361534,5,8,2.6335,3.04,156.0,37.096,2,262583,662606
8,15.952841159960832,15.952841159960832,3,12,2.6335,3.04,156.0,37.096,2,262583,662706
9,18.99281845553407,18.99281845553407,1,17,2.6335,3.04,156.0,37.096,2,262583,662806
9,0.0,0.0,3,33,2.6335,3.04,156.0,37.096,2,262583,662906
11,54.41790965904092,54.41790965904092,3,27,2.6335,3.04,156.0,37.096,2,262583,663006
16,117.2470538833542,117.2470538833542,6,11,2.6335,3.04,156.0,37.096,1,262583,663106
17,181.1653609334092,181.1653609334092,34,13,2.6335,3.04,156.0,37.096,1,262583,663206
18,245.57471086171523,245.57471086171523,66,30,2.6335,3.04,156.0,37.096,1,262583,663306
22,307.36123541293273,307.36123541293273,92,79,2.6335,3.04,156.0,37.096,1,262583,663406
22,370.833513403924,370.833513403924,115,108,2.6335,3.04,156.0,37.096,1,262583,663506
22,430.18692345909005,430.18692345909005,120,128,2.6335,3.04,156.0,37.096,1,262583,663606
20,451.7734115265134,490.7102604864099,103,114,2.6335,3.04,156.0,37.096,1,262583,663706
25,482.9180017678861,558.4328680506943,104,103,2.6335,3.04,156.0,37.096,1,262583,663806
26,531.3194084882866,631.6504674638003,109,84,2.6335,3.04,156.0,37.096,1,262583,663906
28,592.6668516045199,709.0580007912882,103,109,2.6335,3.04,156.0,37.096,1,262583,664006
30,651.8915557387364,791.0052030461776,95,118,2.6335,3.04,156.0,37.096,1,262583,664106
30,551.9009434662004,876.5901679304012,92,151,2.6335,3.04,156.0,37.096,1,262583,664206
29,451.9144856654787,964.8211813736916,83,171,2.6335,3.04,156.0,37.096,1,262583,664306
23,351.9357232644992,1055.1537809923266,63,170,2.6335,3.04,156.0,37.096,1,262583,664406
21,251.97381662608936,1146.9089968119824,52,164,2.6335,3.04,156.0,37.096,1,262583,664506
22,152.0620111024778,1239.8572395074427,95,136,2.6335,3.04,156.0,37.096,1,262583,664606
23,52.487200115285866,1333.2226961890349,111,80,2.6335,3.04,156.0,37.096,1,262583,664706
28,20.17115538341456,1427.0722883198532,129,67,2.6335,3.04,156.0,37.096,1,262583,664806
27,81.33633367704735,1521.551416389047,109,39,2.6335,3.04,156.0,37.096,1,262583,664906
28,170.80393002469478,1616.6874256172214,90,44,2.9116,3.2935,167.3,38.714,1,262583,665006
35,267.5315027729984,1712.377806321421,104,47,2.9116,3.2935,167.3,38.714,1,262583,665106
41,366.022167962648,1808.5345645067127,111,55,2.9116,3.2935,167.3,38.714,0,262583,665206
41,329.55206621154576,1905.0870821169328,117,74,2.9116,3.2935,167.3,38.714,0,262583,665306
46,253.17536720439497,2001.9780992513708,98,83,2.9116,3.2935,167.3,38.714,0,262583,665406
45,197.88277899254464,2099.160744039259,73,80,2.9116,3.2935,167.3,38.714,0,262583,665506
49,182.8346296104823,2196.5963099187748,68,73,2.9116,3.2935,167.3,38.714,0,262583,665606
50,216.1750348744503,2294.2525728834003,87,57,2.9116,3.2935,167.3,38.714,0,262583,665706
51,281.3703404366252,2392.102503576179,109,48,2.9116,3.2935,167.3,38.714,0,262583,665806
58,361.471449275088,2490.1231536458927,123,33,2.9116,3.2935,167.3,38.714,0,262583,665906
59,449.51439717896255,2588.264215613864,143,21,2.9116,3.2935,167.3,38.714,0,262583,666006
56,541.7238945268149,2686.5397785387945,150,33,2.9116,3.2935,167.3,38.714,0,262583,666106
56,615.9119117440628,2784.938116640171,132,26,2.9116,3.2935,167.3,38.714,0,262583,666206
61,530.054520480539,2883.4466607446248,115,34,2.9116,3.2935,167.3,38.714,0,262583,666306
66,450.0756673443725,2982.0521315957376,94,33,2.9116,3.2935,167.3,38.714,0,262583,666406
63,379.70833278861585,3080.7350458761125,73,24,2.9116,3.2935,167.3,38.714,0,262583,666506
62,324.78309167547116,3179.493356530581,66,21,2.9116,3.2935,167.3,38.714,0,262583,666606
64,282.62159336683294,3278.3264493505985,87,27,2.9116,3.2935,167.3,38.714,0,262583,666706
62,262.28876155248236,3377.228244108074,89,16,2.9116,3.2935,167.3,38.714,0,262583,666806
63,267.67786778253736,3476.1928768540597,65,15,2.9116,3.2935,167.3,38.714,0,262583,666906
68,227.2664701923311,3575.2151293845945,31,61,2.9116,3.2935,167.3,38.714,0,262583,667006
71,216.11880073787088,3674.29034313704,13,81,2.9116,3.2935,167.3,38.714,0,262583,667106
72,240.011566807802,3773.4143464453655,28,69,2.9116,3.2935,167.3,38.714,0,262583,667206
73,291.8893185488041,3872.583392807611,37,30,2.9116,3.2935,167.3,38.714,0,262583,667306
77,360.7580257308187,3971.7941082763728,65,13,2.9116,3.2935,167.3,38.714,0,262583,667406
93,441.41978263689504,4071.043446443247,94,7,2.9116,3.2935,167.3,38.714,0,262583,667506
99,484.3089905540185,4170.328649773074,107,18,2.9116,3.2935,167.3,38.714,0,262583,667606
96,415.8712695869452,4269.64721627065,114,20,2.9116,3.2935,167.3,38.714,0,262583,667706
88,329.43570079851736,4368.996870644029,94,20,2.9116,3.2935,167.3,38.714,0,262583,667806
88,250.42907303450363,4468.375539274526,59,20,2.9116,3.2935,167.3,38.714,0,262583,667906
88,190.43335622678845,4567.781328421547,41,14,2.9116,3.2935,167.3,38.714,0,262583,668006
85,171.0154545523461,4667.212505186165,33,12,2.9116,3.2935,167.3,38.714,0,262583,668106
88,203.01057312466003,4766.667480835612,27,9,2.9116,3.2935,167.3,38.714,0,262583,668206
83,268.9142101809385,4866.14479615489,31,8,2.9116,3.2935,167.3,38.714,0,262583,668306
81,349.6299929350555,4965.643108544443,30,6,2.9116,3.2935,167.3,38.714,0,262583,668406
81,435.92141531905435,5065.161180626389,24,2,2.9116,3.2935,167.3,38.714,0,262583,668506
81,527.052702852935,5164.697870157956,28,5,2.9116,3.2935,167.3,38.714,0,262583,668606
82,620.902043862939,5252.843669864875,23,24,2.9116,3.2935,167.3,38.714,0,262583,668706
82,716.0511158988855,5333.495225587016,32,24,2.9116,3.2935,167.3,38.714,0,262583,668806
81,812.3567466765583,5414.792334215552,63,31,2.9116,3.2935,167.3,38.714,0,262583,668906
80,909.4601514974718,5496.706352353154,88,31,2.9116,3.2935,167.3,38.714,0,262583,669006
82,930.3412638680312,5579.210107651398,139,34,2.9116,3.2935,167.3,38.714,0,262583,669106
90,882.5946255695775,5662.277821393043,174,44,2.9116,3.2935,167.3,38.714,0,262583,669206
90,844.0448322885695,5745.885034349326,184,53,2.9116,3.2935,167.3,38.714,0,262583,669306
90,815.9963754464699,5830.008535952547,200,49,2.9116,3.2935,167.3,38.714,0,262583,669406
92,799.5551829426865,5914.62629678322,195,42,2.9116,3.2935,167.3,38.714,0,262583,669506
85,795.4413217826,5999.717404338274,214,38,2.9116,3.2935,167.3,38.714,0,262583,669606
82,803.1956829098501,6085.262002020916,281,28,2.9116,3.2935,167.3,38.714,0,262583,669706
44,1358.9835443807217,1358.9835443807217,181,10,2.6335,3.04,156.0,37.096,0,262683,660306
44,1301.8309320758576,1304.6445668560768,266,17,2.6335,3.04,156.0,37.096,0,262683,660406
44,1230.0099269766,1255.929384064475,340,17,2.6335,3.04,156.0,37.096,0,262683,660506
44,1162.3618477963155,1212.8684364032106,340,19,2.6335,3.04,156.0,37.096,0,262683,660606
44,1088.8863631554757,1173.3570891611555,295,22,2.6335,3.04,156.0,37.096,0,262683,660706
44,1018.7028063222948,1139.6000812757038,253,21,2.6335,3.04,156.0,37.096,0,262683,660806
37,953.8539213904194,1081.8936873296082,217,22,2.6335,3.04,156.0,37.096,0,262683,660906
33,895.4086420314086,981.8939690422426,219,20,2.6335,3.04,156.0,37.096,1,262683,661006
31,844.6007544844636,881.8943146428606,239,16,2.6335,3.04,156.0,37.096,1,262683,661106
22,781.894748644134,781.894748644134,236,37,2.6335,3.04,156.0,37.096,1,262683,661206
18,681.8953099377836,681.8953099377836,225,56,2.6335,3.04,156.0,37.096,1,262683,661306
15,581.8960641497916,581.8960641497916,194,60,2.6335,3.04,156.0,37.096,2,262683,661406
12,481.89713137856614,481.89713137856614,140,61,2.6335,3.04,156.0,37.096,2,262683,661506
11,381.8987575114163,381.8987575114163,66,58,2.6335,3.04,156.0,37.096,2,262683,661606
9,281.9015373257764,281.9015373257764,26,40,2.6335,3.04,156.0,37.096,2,262683,661706
16,181.9073734198497,181.9073734198497,9,22,2.6335,3.04,156.0,37.096,1,262683,661806
16,81.92745731670904,81.92745731670904,2,7,2.6335,3.04,156.0,37.096,1,262683,661906
13,0.0,0.0,1,1,2.6335,3.04,156.0,37.096,2,262683,662006
8,76.32198593148797,76.32198593148797,0,2,2.6335,3.04,156.0,37.096,2,262683,662106
9,152.0489075098473,152.0489075098473,4,5,2.6335,3.04,156.0,37.096,2,262683,662206
5,157.74174033260152,157.74174033260152,8,10,2.6335,3.04,156.0,37.096,2,262683,662306
7,176.9123819578892,176.9123819578892,11,10,2.6335,3.04,156.0,37.096,2,262683,662406
10,149.7479312915049,149.7479312915049,11,11,2.6335,3.04,156.0,37.096,2,262683,662506
8,72.22899650944198,72.22899650944198,11,8,2.6335,3.04,156.0,37.096,2,262683,662606
11,27.58579055902729,27.58579055902729,9,14,2.6335,3.04,156.0,37.096,2,262683,662706
11,25.736288780320024,25.736288780320024,7,23,2.6335,3.04,156.0,37.096,2,262683,662806
16,72.5789342086796,72.5789342086796,7,26,2.6335,3.04,156.0,37.096,1,262683,662906
17,131.11820206990993,131.11820206990993,6,18,2.6335,3.04,156.0,37.096,1,262683,663006
20,195.3526417749225,195.3526417749225,9,13,2.6335,3.04,156.0,37.096,1,262683,663106
21,258.2295450889444,258.2295450889444,11,19,2.6335,3.04,156.0,37.096,1,262683,663206
20,321.5090523677324,321.5090523677324,33,25,2.6335,3.04,156.0,37.096,1,262683,663306
21,386.3134315272257,386.3134315272257,73,59,2.6335,3.04,156.0,37.096,1,262683,663406
22,448.60408983060825,448.60408983060825,97,90,2.6335,3.04,156.0,37.096,1,262683,663506
23,510.6401340044968,510.6401340044968,105,107,2.6335,3.04,156.0,37.096,1,262683,663606
21,549.9179678722049,569.439855002126,99,98,2.6335,3.04,156.0,37.096,1,262683,663706
21,575.778040965335,631.6157535038469,95,84,2.6335,3.04,156.0,37.096,1,262683,663806
23,616.9529427169161,699.8542204774511,87,67,2.6335,3.04,156.0,37.096,1,262683,663906
31,655.4841260303807,772.7759998830737,93,78,2.6335,3.04,156.0,37.096,1,262683,664006
30,589.6894430448656,849.3278376199111,94,86,2.6335,3.04,156.0,37.096,1,262683,664106
28,534.6093636306111,929.7287078637104,96,107,2.6335,3.04,156.0,37.096,1,262683,664206
25,460.7192822897633,1013.5686720621896,82,161,2.6335,3.04,156.0,37.096,1,262683,664306
22,363.15412354933625,1099.9504697606758,68,136,2.6335,3.04,156.0,37.096,1,262683,664406
24,267.394049724706,1188.4277956366589,82,130,2.6335,3.04,156.0,37.096,1,262683,664506
20,176.36194903857353,1278.6047923251676,128,119,2.6335,3.04,156.0,37.096,1,262683,664606
28,100.63097030482298,1370.0307827642375,170,61,2.6335,3.04,156.0,37.096,1,262683,664706
29,50.81370863147615,1462.5315004502063,185,32,2.6335,3.04,156.0,37.096,1,262683,664806
29,75.5522867890364,1555.6503216203614,162,40,2.6335,3.04,156.0,37.096,1,262683,664906
30,167.987913115127,1649.2259070069397,120,37,2.9116,3.2935,167.3,38.714,1,262683,665006
29,265.78022277840296,1743.2360330576423,132,44,2.9116,3.2935,167.3,38.714,1,262683,665106
31,364.77159248973805,1837.778927505664,125,42,2.9116,3.2935,167.3,38.714,1,262683,665206
32,394.5391791414689,1932.8711560311497,107,46,2.9116,3.2935,167.3,38.714,1,262683,665306
39,333.22622082392513,2028.4354624317027,100,78,2.9116,3.2935,167.3,38.714,0,262683,665406
40,292.56948916230624,2124.4081398553903,109,77,2.9116,3.2935,167.3,38.714,0,262683,665506
46,282.56797409183923,2220.73624370774,102,57,2.9116,3.2935,167.3,38.714,0,262683,665606
52,305.2241985806191,2317.3754515724218,130,59,2.9116,3.2935,167.3,38.714,0,262683,665706
51,355.14591326471253,2414.288405096584,151,43,2.9116,3.2935,167.3,38.714,0,262683,665806
58,422.56855509116696,2511.443414138,178,32,2.9116,3.2935,167.3,38.714,0,262683,665906
61,500.22476942575935,2608.8134356159803,196,31,2.9116,3.2935,167.3,38.714,0,262683,666006
59,584.4881560623685,2706.3752624652366,230,23,2.9116,3.2935,167.3,38.714,0,262683,666106
61,669.2353047052377,2804.108874619012,229,20,2.9116,3.2935,167.3,38.714,0,262683,666206
68,591.1735825606048,2901.996915944334,197,22,2.9116,3.2935,167.3,38.714,0,262683,666306
72,520.669296551245,3000.024269832454,153,23,2.9116,3.2935,167.3,38.714,0,262683,666406
68,461.2015047945923,3098.1529502017156,130,17,2.9116,3.2935,167.3,38.714,0,262683,666506
66,413.35086962114127,3196.394223916634,110,20,2.9116,3.2935,167.3,38.714,0,262683,666606
66,363.02477581448966,3294.7413201238796,122,22,2.9116,3.2935,167.3,38.714,0,262683,666706
68,272.56677221832643,3393.1850374501637,139,21,2.9116,3.2935,167.3,38.714,0,262683,666806
67,191.39212642189247,3491.7172036434586,119,43,2.9116,3.2935,167.3,38.714,0,262683,666906
68,131.57029343230226,3590.328384508224,73,79,2.9116,3.2935,167.3,38.714,0,262683,667006
70,116.3101405059058,3689.0041225160007,39,87,2.9116,3.2935,167.3,38.714,0,262683,667106
75,151.8678458051306,3787.744817964585,24,80,2.9116,3.2935,167.3,38.714,0,262683,667206
75,219.99209843566317,3886.548225650515,22,66,2.9116,3.2935,167.3,38.714,0,262683,667306
76,305.1255393246068,3985.411323138023,50,16,2.9116,3.2935,167.3,38.714,0,262683,667406
91,397.2488717694963,4084.3297759713737,86,10,2.9116,3.2935,167.3,38.714,0,262683,667506
95,478.9255538118021,4183.299657348965,108,15,2.9116,3.2935,167.3,38.714,0,262683,667606
93,381.8478003835678,4282.317401532209,109,16,2.9116,3.2935,167.3,38.714,0,262683,667706
90,285.2835620054574,4381.3797634712255,80,14,2.9116,3.2935,167.3,38.714,0,262683,667806
91,192.26460631971312,4480.483783705145,41,11,2.9116,3.2935,167.3,38.714,0,262683,667906
88,109.150276622945,4579.626757753777,14,6,2.9116,3.2935,167.3,38.714,0,262683,668006
88,71.47694992597447,4678.806209346993,9,4,2.9116,3.2935,167.3,38.714,0,262683,668106
92,128.5508215326985,4778.019866944211,7,3,2.9116,3.2935,167.3,38.714,0,262683,668206
83,212.32203673721253,4877.265643083548,6,2,2.9116,3.2935,167.3,38.714,0,262683,668306
80,304.68702444884724,4976.541616172096,5,0,2.9116,3.2935,167.3,38.714,0,262683,668406
81,400.0931181942402,5075.846014388378,25,2,2.9116,3.2935,167.3,38.714,0,262683,668506
82,497.2612859626947,5175.177201417549,40,11,2.9116,3.2935,167.3,38.714,0,262683,668606
81,595.3680120800541,5274.5336637812425,41,20,2.9116,3.2935,167.3,38.714,0,262683,668706
82,694.0153839066091,5373.913999558532,69,27,2.9116,3.2935,167.3,38.714,0,262683,668806
84,793.0016622869845,5473.1915805378785,104,37,2.9116,3.2935,167.3,38.714,0,262683,668906
82,892.2140548550012,5554.244393127721,141,42,2.9116,3.2935,167.3,38.714,0,262683,669006
81,991.5846927881076,5635.905914749708,200,41,2.9116,3.2935,167.3,38.714,0,262683,669106
85,973.6654331088382,5718.150066344076,227,53,2.9116,3.2935,167.3,38.714,0,262683,669206
87,938.8624933715045,5800.952066906842,212,62,2.9116,3.2935,167.3,38.714,0,262683,669306
91,913.7292746150224,5884.288366818096,246,56,2.9116,3.2935,167.3,38.714,0,262683,669406
89,899.0770785184282,5968.136583992594,254,60,2.9116,3.2935,167.3,38.714,0,262683,669506
84,895.4205709865998,6052.475442867225,261,44,2.9116,3.2935,167.3,38.714,0,262683,669606
82,902.3408970990884,6137.284716210485,262,34,2.9116,3.2935,167.3,38.714,0,262683,669706
42,1220.1019182751702,1220.1019182751702,245,15,2.6335,3.04,156.0,37.096,0,262783,660406
42,1160.5557842723142,1167.8655157629416,320,13,2.6335,3.04,156.0,37.096,0,262783,660506
42,1088.6001897663857,1122.1279048476306,297,19,2.6335,3.04,156.0,37.096,0,262783,660606
42,1021.3770204537084,1080.626225899976,268,21,2.6335,3.04,156.0,37.096,0,262783,660706
42,959.8810669360968,1045.1892665364924,227,17,2.6335,3.04,156.0,37.096,0,262783,660806
35,904.1151464799628,1013.961649031056,200,23,2.6335,3.04,156.0,37.096,1,262783,660906
31,856.2810025055269,985.7321089035016,157,22,2.6335,3.04,156.0,37.096,1,262783,661006
28,817.9303835958508,886.0417587510907,153,18,2.6335,3.04,156.0,37.096,1,262783,661106
18,786.4300388325124,786.4300388325124,156,29,2.6335,3.04,156.0,37.096,1,262783,661206
14,686.9311564527322,686.9311564527322,137,46,2.6335,3.04,156.0,37.096,2,262783,661306
13,587.6024348425295,587.6024348425295,122,51,2.6335,3.04,156.0,37.096,2,262783,661406
13,488.54767337512743,488.54767337512743,71,52,2.6335,3.04,156.0,37.096,2,262783,661506
14,389.9756875596621,389.9756875596621,30,42,2.6335,3.04,156.0,37.096,2,262783,661606
13,290.4879849020509,290.4879849020509,21,10,2.6335,3.04,156.0,37.096,2,262783,661706
11,191.01675030620208,191.01675030620208,4,3,2.6335,3.04,156.0,37.096,2,262783,661806
14,92.69049801694742,92.69049801694742,0,4,2.6335,3.04,156.0,37.096,2,262783,661906
11,5.7823366292938685,5.7823366292938685,0,2,2.6335,3.04,156.0,37.096,2,262783,662006
9,40.23656968094706,40.23656968094706,0,3,2.6335,3.04,156.0,37.096,2,262783,662106
10,71.34204001999967,71.34204001999967,3,4,2.6335,3.04,156.0,37.096,2,262783,662206
8,58.67923981794526,58.67923981794526,6,10,2.6335,3.04,156.0,37.096,2,262783,662306
10,83.69130363383412,83.69130363383412,11,12,2.6335,3.04,156.0,37.096,2,262783,662406
7,138.43094446119375,138.43094446119375,12,11,2.6335,3.04,156.0,37.096,2,262783,662506
13,150.1319479241751,150.1319479241751,11,10,2.6335,3.04,156.0,37.096,2,262783,662606
16,125.56273336422244,125.56273336422244,9,12,2.6335,3.04,156.0,37.096,1,262783,662706
21,125.08266774858107,125.08266774858107,8,19,2.6335,3.04,156.0,37.096,1,262783,662806
21,158.5026996416213,158.5026996416213,10,23,2.6335,3.04,156.0,37.096,1,262783,662906
20,211.7763596060344,211.7763596060344,9,22,2.6335,3.04,156.0,37.096,1,262783,663006
21,271.98285486944945,271.98285486944945,10,28,2.6335,3.04,156.0,37.096,1,262783,663106
23,336.6164809532879,336.6164809532879,16,26,2.6335,3.04,156.0,37.096,1,262783,663206
19,399.2120362945347,399.2120362945347,54,31,2.6335,3.04,156.0,37.096,1,262783,663306
21,462.330307314061,462.330307314061,82,56,2.6335,3.04,156.0,37.096,1,262783,663406
20,526.3976304495942,526.3976304495942,105,58,2.6335,3.04,156.0,37.096,1,262783,663506
23,589.9324790100411,589.9324790100411,113,65,2.6335,3.04,156.0,37.096,1,262783,663606
22,648.6295764263964,650.4467546050695,105,64,2.6335,3.04,156.0,37.096,1,262783,663706
24,670.6943480336404,709.5389784808527,93,41,2.6335,3.04,156.0,37.096,1,262783,663806
26,669.4165633798444,772.7097517191203,90,60,2.6335,3.04,156.0,37.096,1,262783,663906
27,588.3814537254153,841.2755741853423,79,69,2.6335,3.04,156.0,37.096,1,262783,664006
27,514.0689981401182,913.9019405142212,91,75,2.6335,3.04,156.0,37.096,1,262783,664106
26,449.8234482655797,989.8917789405152,88,91,2.6335,3.04,156.0,37.096,1,262783,664206
24,395.3256860958084,1069.1593469664492,64,96,2.6335,3.04,156.0,37.096,1,262783,664306
20,335.62406761655245,1151.5327576607233,60,106,2.6335,3.04,156.0,37.096,1,262783,664406
21,298.33644001334915,1236.4878324618228,103,91,2.6335,3.04,156.0,37.096,1,262783,664506
21,241.1403706190227,1323.394026486901,159,79,2.6335,3.04,156.0,37.096,1,262783,664606
30,187.84908453694425,1412.0344680128353,196,40,2.6335,3.04,156.0,37.096,1,262783,664706
32,144.12265531182345,1502.102169751235,224,36,2.6335,3.04,156.0,37.096,1,262783,664806
35,154.50411115471076,1593.288562839422,211,39,2.6335,3.04,156.0,37.096,1,262783,664906
31,215.8724213338828,1685.4027674601862,163,35,2.9116,3.2935,167.3,38.714,1,262783,665006
29,298.816699205234,1778.3690653657911,163,41,2.9116,3.2935,167.3,38.714,1,262783,665106
32,389.7157874229747,1871.590198723014,151,45,2.9116,3.2935,167.3,38.714,1,262783,665206
31,471.92982890568504,1965.2836812310952,139,43,2.9116,3.2935,167.3,38.714,1,262783,665306
38,421.282596378578,2059.4136400002067,135,40,2.9116,3.2935,167.3,38.714,0,262783,665406
45,389.91821931729913,2154.0065134655983,129,53,2.9116,3.2935,167.3,38.714,0,262783,665506
51,382.4406073888211,2249.067268777336,136,38,2.9116,3.2935,167.3,38.714,0,262783,665606
52,399.4721136659545,2344.5389949665732,166,34,2.9116,3.2935,167.3,38.714,0,262783,665706
54,439.198270731523,2440.373458787034,185,34,2.9116,3.2935,167.3,38.714,0,262783,665806
59,495.5033148053007,2536.5295460107527,209,27,2.9116,3.2935,167.3,38.714,0,262783,665906
62,563.8786208274355,2632.972019832121,225,23,2.9116,3.2935,167.3,38.714,0,262783,666006
62,640.1468825613975,2729.67052529278,268,22,2.9116,3.2935,167.3,38.714,0,262783,666106
71,721.9346340792976,2826.598785835281,305,13,2.9116,3.2935,167.3,38.714,0,262783,666206
79,661.8267256262975,2923.7339508783643,274,7,2.9116,3.2935,167.3,38.714,0,262783,666306
82,599.6873572177876,3021.0560628614844,231,14,2.9116,3.2935,167.3,38.714,0,262783,666406
74,537.9983152111697,3118.5476193871814,196,21,2.9116,3.2935,167.3,38.714,0,262783,666506
73,438.2653354975878,3216.1932115186705,163,23,2.9116,3.2935,167.3,38.714,0,262783,666606
76,338.689860237311,3313.979223418895,162,18,2.9116,3.2935,167.3,38.714,0,262783,666706
77,239.46845002280645,3411.8935816765193,192,24,2.9116,3.2935,167.3,38.714,0,262783,666806
68,141.34870245276903,3509.9255450961846,161,71,2.9116,3.2935,167.3,38.714,0,262783,666906
67,50.16706019503086,3608.045420426403,113,85,2.9116,3.2935,167.3,38.714,0,262783,667006
69,18.53317833239099,3706.2617403124623,67,88,2.9116,3.2935,167.3,38.714,0,262783,667106
76,81.52725690868645,3804.570990210064,40,81,2.9116,3.2935,167.3,38.714,0,262783,667206
79,177.06429621202747,3902.966147866519,21,67,2.9116,3.2935,167.3,38.714,0,262783,667306
78,275.78403936244433,4001.440875889089,51,22,2.9116,3.2935,167.3,38.714,0,262783,667406
86,375.1824992467957,4099.989440849825,81,13,2.9116,3.2935,167.3,38.714,0,262783,667506
95,467.1257446383829,4198.604637454709,108,20,2.9116,3.2935,167.3,38.714,0,262783,667606
98,367.1356074256647,4297.2752307701685,115,23,2.9116,3.2935,167.3,38.714,0,262783,667706
95,267.15285357948136,4396.003140105002,80,19,2.9116,3.2935,167.3,38.714,0,262783,667806
91,167.19072974153764,4494.784745914161,29,17,2.9116,3.2935,167.3,38.714,0,262783,667906
91,67.34116903763943,4593.619076108971,0,3,2.9116,3.2935,167.3,38.714,0,262783,668006
93,0.0,4692.502799219393,0,2,2.9116,3.2935,167.3,38.714,0,262783,668106
95,86.09515245009342,4791.432857191201,0,2,2.9116,3.2935,167.3,38.714,0,262783,668206
86,185.6545414968148,4890.40643804388,6,1,2.9116,3.2935,167.3,38.714,0,262783,668306
80,285.30645189605565,4989.420951728831,39,3,2.9116,3.2935,167.3,38.714,0,262783,668406
82,385.0819549041523,5088.474008761393,84,8,2.9116,3.2935,167.3,38.714,0,262783,668506
81,484.85776464510406,5187.5634012636265,106,19,2.9116,3.2935,167.3,38.714,0,262783,668606
84,584.6357171812795,5286.687086107843,126,27,2.9116,3.2935,167.3,38.714,0,262783,668706
85,684.4594106217698,5385.84316989541,142,37,2.9116,3.2935,167.3,38.714,0,262783,668806
86,784.3280230702791,5485.029895542835,156,47,2.9116,3.2935,167.3,38.714,0,262783,668906
83,884.2263345761445,5584.245630278833,203,52,2.9116,3.2935,167.3,38.714,0,262783,669006
77,984.1453011332196,5683.488854882874,269,46,2.9116,3.2935,167.3,38.714,0,262783,669106
80,1066.337412912883,5775.213436386743,286,58,2.9116,3.2935,167.3,38.714,0,262783,669206
85,1034.656408672211,5857.208800883061,282,61,2.9116,3.2935,167.3,38.714,0,262783,669306
86,1011.9052771061204,5939.755856806069,299,59,2.9116,3.2935,167.3,38.714,0,262783,669406
83,998.694495661186,6022.831920266579,300,55,2.9116,3.2935,167.3,38.714,0,262783,669506
82,995.403989088193,6106.415400306632,291,54,2.9116,3.2935,167.3,38.714,0,262783,669606
41,1138.0685111760274,1138.0685111760274,214,18,2.6335,3.04,156.0,37.096,0,262883,660406
41,1081.87850891859,1081.87850891859,268,14,2.6335,3.04,156.0,37.096,0,262883,660506
41,1019.3211864306344,1032.3382585128786,242,19,2.6335,3.04,156.0,37.096,0,262883,660606
41,947.193921991606,989.312499426198,210,24,2.6335,3.04,156.0,37.096,0,262883,660706
40,880.5322087290874,951.0290406619988,183,19,2.6335,3.04,156.0,37.096,0,262883,660806
32,820.4147869835575,918.6200134968911,144,22,2.6335,3.04,156.0,37.096,1,262883,660906
28,767.3808571098589,891.1826645582352,102,20,2.6335,3.04,156.0,37.096,1,262883,661006
25,724.3385513805317,874.024240519607,99,17,2.6335,3.04,156.0,37.096,1,262883,661106
22,693.15171079168,799.1870047570019,102,44,2.6335,3.04,156.0,37.096,1,262883,661206
16,675.4644708130978,700.5740489752358,98,47,2.6335,3.04,156.0,37.096,1,262883,661306
12,602.4185651377651,602.4185651377651,79,56,2.6335,3.04,156.0,37.096,2,262883,661406
14,504.98738315697705,504.98738315697705,45,49,2.6335,3.04,156.0,37.096,2,262883,661506
17,408.7987116819466,408.7987116819466,15,15,2.6335,3.04,156.0,37.096,1,262883,661606
16,314.9928827734161,314.9928827734161,3,3,2.6335,3.04,156.0,37.096,1,262883,661706
16,226.54943328773712,226.54943328773712,1,4,2.6335,3.04,156.0,37.096,1,262883,661806
12,145.5596717561796,145.5596717561796,0,2,2.6335,3.04,156.0,37.096,2,262883,661906
12,63.23922423248842,63.23922423248842,0,2,2.6335,3.04,156.0,37.096,2,262883,662006
8,0.7440569680104814,0.7440569680104814,0,3,2.6335,3.04,156.0,37.096,2,262883,662106
10,0.0,0.0,1,3,2.6335,3.04,156.0,37.096,2,262883,662206
6,0.0,0.0,4,6,2.6335,3.04,156.0,37.096,2,262883,662306
10,0.0,0.0,6,7,2.6335,3.04,156.0,37.096,2,262883,662406
7,72.86100393790242,72.86100393790242,8,7,2.6335,3.04,156.0,37.096,2,262883,662506
13,147.51050101369734,147.51050101369734,8,7,2.6335,3.04,156.0,37.096,2,262883,662606
19,223.70862655533196,223.70862655533196,9,13,2.6335,3.04,156.0,37.096,1,262883,662706
21,224.8169375047578,224.8169375047578,8,20,2.6335,3.04,156.0,37.096,1,262883,662806
21,248.80175765547023,248.80175765547023,7,22,2.6335,3.04,156.0,37.096,1,262883,662906
22,294.0805325999999,294.0805325999999,7,25,2.6335,3.04,156.0,37.096,1,262883,663006
20,350.9737850033893,350.9737850033893,24,29,2.6335,3.04,156.0,37.096,1,262883,663106
19,412.847507668989,412.847507668989,71,30,2.6335,3.04,156.0,37.096,1,262883,663206
22,476.3348737136975,476.3348737136975,108,32,2.6335,3.04,156.0,37.096,1,262883,663306
23,540.1945275001249,540.1945275001249,119,51,2.6335,3.04,156.0,37.096,1,262883,663406
24,602.7329815611097,602.7329815611097,118,46,2.6335,3.04,156.0,37.096,1,262883,663506
23,666.3671535980083,666.3671535980083,132,44,2.6335,3.04,156.0,37.096,1,262883,663606
24,731.0049796897115,731.0049796897115,121,37,2.6335,3.04,156.0,37.096,1,262883,663706
24,711.6954089018409,790.2533752056423,92,45,2.6335,3.04,156.0,37.096,1,262883,663806
24,620.203056214255,850.0760998301632,84,47,2.6335,3.04,156.0,37.096,1,262883,663906
23,531.7198799163467,913.9049516932364,81,62,2.6335,3.04,156.0,37.096,1,262883,664006
24,448.1073871953083,982.6969286212582,92,66,2.6335,3.04,156.0,37.096,1,262883,664106
25,372.6585974048603,1055.0745148043572,90,70,2.6335,3.04,156.0,37.096,1,262883,664206
25,311.36574953021017,1130.66901674004,63,70,2.6335,3.04,156.0,37.096,1,262883,664306
22,254.0786136539041,1209.0525001775247,50,68,2.6335,3.04,156.0,37.096,1,262883,664406
19,202.27965442092383,1290.2456862727772,105,62,2.6335,3.04,156.0,37.096,1,262883,664506
25,192.33749627582412,1373.9213637270132,152,62,2.6335,3.04,156.0,37.096,1,262883,664606
32,228.84560236858377,1459.583116249506,193,35,2.6335,3.04,156.0,37.096,1,262883,664706
32,242.56257728328472,1546.8847606579152,233,33,2.6335,3.04,156.0,37.096,1,262883,664806
39,248.84135906601708,1635.6411746684455,218,27,2.6335,3.04,156.0,37.096,0,262883,664906
36,291.2097854034032,1725.627897834829,183,26,2.9116,3.2935,167.3,38.714,0,262883,665006
32,357.06253870443203,1816.6321981150263,166,29,2.9116,3.2935,167.3,38.714,1,262883,665106
30,436.10110522379085,1908.446118525691,169,42,2.9116,3.2935,167.3,38.714,1,262883,665206
32,522.3740914409614,2001.0448849047136,167,44,2.9116,3.2935,167.3,38.714,1,262883,665306
37,513.729829558647,2094.138256534183,170,33,2.9116,3.2935,167.3,38.714,0,262883,665406
46,488.3395637488877,2187.6132703827175,147,24,2.9116,3.2935,167.3,38.714,0,262883,665506
55,482.36601909493425,2281.3885690700804,151,26,2.9116,3.2935,167.3,38.714,0,262883,665606
55,495.977950915471,2375.6045997360866,175,19,2.9116,3.2935,167.3,38.714,0,262883,665706
59,528.4990815612873,2470.234145525597,180,23,2.9116,3.2935,167.3,38.714,0,262883,665806
60,576.6132900083428,2565.271185109656,200,24,2.9116,3.2935,167.3,38.714,0,262883,665906
63,636.3320283134075,2660.6720528068136,226,25,2.9116,3.2935,167.3,38.714,0,262883,666006
67,705.2333048719871,2756.3989718508724,270,22,2.9116,3.2935,167.3,38.714,0,262883,666106
74,780.6095327108792,2852.419115672497,335,19,2.9116,3.2935,167.3,38.714,0,262883,666206
81,739.2854826039211,2948.7038391278284,337,15,2.9116,3.2935,167.3,38.714,0,262883,666306
83,640.0904529437361,3045.228045700439,280,8,2.9116,3.2935,167.3,38.714,0,262883,666406
77,540.6940956571223,3141.969664040988,250,11,2.9116,3.2935,167.3,38.714,0,262883,666506
83,441.570404587116,3238.9092128658317,208,13,2.9116,3.2935,167.3,38.714,0,262883,666606
87,342.95588540800026,3336.0294376129964,197,22,2.9116,3.2935,167.3,38.714,0,262883,666706
84,245.4649801188379,3433.315005654711,211,33,2.9116,3.2935,167.3,38.714,0,262883,666806
74,151.28573493061916,3530.7522495195176,177,55,2.9116,3.2935,167.3,38.714,0,262883,666906
70,73.11149404209402,3628.328949657191,139,86,2.9116,3.2935,167.3,38.714,0,262883,667006
77,68.4068274889455,3726.034149917816,95,89,2.9116,3.2935,167.3,38.714,0,262883,667106
77,97.43523122955357,3823.8580002122335,61,80,2.9116,3.2935,167.3,38.714,0,262883,667206
83,184.95637674398597,3921.7916218509654,48,72,2.9116,3.2935,167.3,38.714,0,262883,667306
81,280.9343309596924,4019.8269918808382,70,32,2.9116,3.2935,167.3,38.714,0,262883,667406
85,378.9978038528412,4117.940238623708,99,16,2.9116,3.2935,167.3,38.714,0,262883,667506
95,471.9608275328913,4216.137585601341,114,25,2.9116,3.2935,167.3,38.714,0,262883,667606
102,373.1673177273162,4314.4177443270755,111,26,2.9116,3.2935,167.3,38.714,0,262883,667706
97,275.00878168063093,4412.775181720496,82,17,2.9116,3.2935,167.3,38.714,0,262883,667806
99,177.47162030749746,4511.204843082653,34,12,2.9116,3.2935,167.3,38.714,0,262883,667906
95,85.68882974663019,4609.702101882117,3,7,2.9116,3.2935,167.3,38.714,0,262883,668006
91,21.013369015915757,4708.262715688285,0,4,2.9116,3.2935,167.3,38.714,0,262883,668106
96,92.9775210625911,4806.880890422286,0,3,2.9116,3.2935,167.3,38.714,0,262883,668206
92,188.71902250043257,4905.547614899029,24,6,2.9116,3.2935,167.3,38.714,0,262883,668306
81,287.3759201535386,5004.265821237766,83,6,2.9116,3.2935,167.3,38.714,0,262883,668406
82,386.72337596099254,5103.03073809066,141,14,2.9116,3.2935,167.3,38.714,0,262883,668506
85,486.3383796753464,5201.842848278647,168,29,2.9116,3.2935,167.3,38.714,0,262883,668606
88,586.0845242589294,5300.699512562214,200,41,2.9116,3.2935,167.3,38.714,0,262883,668706
90,685.9021945470673,5399.598283832502,218,51,2.9116,3.2935,167.3,38.714,0,262883,668806
91,785.7334506221273,5498.536890033248,243,59,2.9116,3.2935,167.3,38.714,0,262883,668906
86,885.5647066971871,5597.513218863007,267,55,2.9116,3.2935,167.3,38.714,0,262883,669006
81,985.3959627722472,5696.525304045941,303,56,2.9116,3.2935,167.3,38.714,0,262883,669106
77,1085.2273663014644,5795.571312987642,315,62,2.9116,3.2935,167.3,38.714,0,262883,669206
80,1131.1785829625649,5894.649535656459,322,60,2.9116,3.2935,167.3,38.714,0,262883,669306
81,1110.4068589404214,5993.758374551356,308,58,2.9116,3.2935,167.3,38.714,0,262883,669406
77,1098.3814447680138,6078.680316842894,310,56,2.9116,3.2935,167.3,38.714,0,262883,669506
77,1095.390434520681,6161.506235953449,298,62,2.9116,3.2935,167.3,38.714,0,262883,669606
36,998.5050591817655,998.5050591817655,246,26,2.6335,3.04,156.0,37.096,0,262983,660506
36,944.6023105736472,944.6023105736472,224,22,2.6335,3.04,156.0,37.096,0,262983,660606
37,878.1467040334355,898.6293435396846,182,23,2.6335,3.04,156.0,37.096,0,262983,660706
38,805.7929501778176,857.5793943423358,125,24,2.6335,3.04,156.0,37.096,0,262983,660806
33,739.9073748164396,823.3723963345554,92,25,2.6335,3.04,156.0,37.096,1,262983,660906
28,681.5640868366329,794.0925803114477,81,16,2.6335,3.04,156.0,37.096,1,262983,661006
26,632.7104879981355,774.7869755697066,81,38,2.6335,3.04,156.0,37.096,1,262983,661106
20,596.7541527130115,749.9937771226502,72,44,2.6335,3.04,156.0,37.096,1,262983,661206
15,576.1149849965802,722.6585998682627,63,43,2.6335,3.04,156.0,37.096,2,262983,661306
14,572.2935783147977,630.6705752198185,53,42,2.6335,3.04,156.0,37.096,2,262983,661406
15,538.3767305272252,538.3767305272252,26,38,2.6335,3.04,156.0,37.096,2,262983,661506
12,449.3925160683834,449.3925160683834,13,5,2.6335,3.04,156.0,37.096,2,262983,661606
16,365.9991582114111,365.9991582114111,5,3,2.6335,3.04,156.0,37.096,1,262983,661706
19,285.80375122470053,285.80375122470053,2,2,2.6335,3.04,156.0,37.096,1,262983,661806
10,201.0995857780019,201.0995857780019,0,2,2.6335,3.04,156.0,37.096,2,262983,661906
12,128.9378552701341,128.9378552701341,0,2,2.6335,3.04,156.0,37.096,2,262983,662006
13,93.8433665414454,93.8433665414454,0,2,2.6335,3.04,156.0,37.096,2,262983,662106
17,87.4773213525027,87.4773213525027,0,2,2.6335,3.04,156.0,37.096,1,262983,662206
22,91.83761643612245,91.83761643612245,1,1,2.6335,3.04,156.0,37.096,1,262983,662306
8,20.366848628817547,20.366848628817547,2,1,2.6335,3.04,156.0,37.096,2,262983,662406
8,12.117491467196396,12.117491467196396,3,2,2.6335,3.04,156.0,37.096,2,262983,662506
10,88.89694097268918,88.89694097268918,5,7,2.6335,3.04,156.0,37.096,2,262983,662606
13,172.98782949122503,172.98782949122503,6,11,2.6335,3.04,156.0,37.096,2,262983,662706
18,257.9994774961254,257.9994774961254,3,14,2.6335,3.04,156.0,37.096,1,262983,662806
22,341.89715200377685,341.89715200377685,4,15,2.6335,3.04,156.0,37.096,1,262983,662906
21,382.0669459439454,382.0669459439454,21,26,2.6335,3.04,156.0,37.096,1,262983,663006
21,433.0632619175565,433.0632619175565,71,29,2.6335,3.04,156.0,37.096,1,262983,663106
19,490.393219087652,490.393219087652,111,30,2.6335,3.04,156.0,37.096,1,262983,663206
24,553.7121604685285,553.7121604685285,141,38,2.6335,3.04,156.0,37.096,1,262983,663306
23,616.5998788363607,616.5998788363607,145,38,2.6335,3.04,156.0,37.096,1,262983,663406
24,681.162685869663,681.162685869663,132,36,2.6335,3.04,156.0,37.096,1,262983,663506
24,743.5065053601045,743.5065053601045,134,39,2.6335,3.04,156.0,37.096,1,262983,663606
24,777.5364726420868,806.7340849204871,134,38,2.6335,3.04,156.0,37.096,1,262983,663706
25,680.2660574174396,870.8116002902841,118,34,2.6335,3.04,156.0,37.096,1,262983,663806
28,583.9185315263047,929.7760782099178,104,36,2.6335,3.04,156.0,37.096,1,262983,663906
31,489.0396651043809,990.460232646572,95,40,2.6335,3.04,156.0,37.096,1,262983,664006
27,396.6529037700683,1055.1429755229094,101,51,2.6335,3.04,156.0,37.096,1,262983,664106
26,308.8814106254678,1124.1182835104278,78,54,2.6335,3.04,156.0,37.096,1,262983,664206
23,231.26159558113116,1196.3058583421052,55,61,2.6335,3.04,156.0,37.096,1,262983,664306
21,177.32649356698607,1271.5373322457965,54,67,2.6335,3.04,156.0,37.096,1,262983,664406
20,113.26731984759796,1349.2451651293425,78,61,2.6335,3.04,156.0,37.096,1,262983,664506
24,94.35999999753815,1429.4894787739115,121,49,2.6335,3.04,156.0,37.096,1,262983,664606
25,155.82171494795807,1512.073461404999,152,41,2.6335,3.04,156.0,37.096,1,262983,664706
32,244.24783335601975,1596.6502858939657,179,32,2.6335,3.04,156.0,37.096,1,262983,664806
37,338.7595172699184,1682.81418660977,168,28,2.6335,3.04,156.0,37.096,0,262983,664906
43,378.0676776892125,1770.404805735168,160,23,2.9116,3.2935,167.3,38.714,0,262983,665006
32,430.92446364554047,1859.2479032354065,167,26,2.9116,3.2935,167.3,38.714,1,262983,665106
32,498.3837986928895,1949.1722230732544,171,34,2.9116,3.2935,167.3,38.714,1,262983,665206
35,575.3928468715201,2040.0321901141513,175,33,2.9116,3.2935,167.3,38.714,1,262983,665306
39,608.5701681361296,2131.6075356568563,161,30,2.9116,3.2935,167.3,38.714,0,262983,665406
46,587.2945098409609,2223.9075363325337,158,27,2.9116,3.2935,167.3,38.714,0,262983,665506
54,582.317039571279,2316.846730848673,163,24,2.9116,3.2935,167.3,38.714,0,262983,665606
59,593.6415467197974,2410.0242708899314,169,16,2.9116,3.2935,167.3,38.714,0,262983,665706
61,621.0695914377778,2503.62585983217,161,24,2.9116,3.2935,167.3,38.714,0,262983,665806
61,662.6043984350716,2597.523370145881,185,25,2.9116,3.2935,167.3,38.714,0,262983,665906
63,715.4563588987518,2691.8042068389013,198,29,2.9116,3.2935,167.3,38.714,0,262983,666006
69,777.3759486451002,2786.4618079903644,241,29,2.9116,3.2935,167.3,38.714,0,262983,666106
74,846.6102583686778,2881.480336011726,317,23,2.9116,3.2935,167.3,38.714,0,262983,666206
75,754.9764160087235,2976.825229377025,335,15,2.9116,3.2935,167.3,38.714,0,262983,666306
76,657.7413669962787,3072.466104888531,313,19,2.9116,3.2935,167.3,38.714,0,262983,666406
79,561.4784261099346,3168.3761590319773,289,13,2.9116,3.2935,167.3,38.714,0,262983,666506
80,466.7893958903152,3264.531666955545,224,16,2.9116,3.2935,167.3,38.714,0,262983,666606
87,374.84819988188787,3360.9115614649654,197,19,2.9116,3.2935,167.3,38.714,0,262983,666706
88,288.03449236863094,3457.4970778617,180,24,2.9116,3.2935,167.3,38.714,0,262983,666806
77,213.1116248199945,3554.271453175111,175,32,2.9116,3.2935,167.3,38.714,0,262983,666906
79,166.32142612734447,3651.219670505849,142,64,2.9116,3.2935,167.3,38.714,0,262983,667006
78,165.5253134399225,3748.328240925835,107,85,2.9116,3.2935,167.3,38.714,0,262983,667106
80,179.6353663159836,3845.5850167634426,88,59,2.9116,3.2935,167.3,38.714,0,262983,667206
85,238.7134303825076,3942.9790312134314,82,33,2.9116,3.2935,167.3,38.714,0,262983,667306
85,318.90333779766405,4040.5003601066705,87,28,2.9116,3.2935,167.3,38.714,0,262983,667406
83,407.93942671921,4138.14000239908,107,21,2.9116,3.2935,167.3,38.714,0,262983,667506
95,493.5895275775196,4235.889776527333,99,24,2.9116,3.2935,167.3,38.714,0,262983,667606
99,399.3707146841173,4333.74223025806,84,21,2.9116,3.2935,167.3,38.714,0,262983,667706
101,308.80951047596676,4431.690562049141,70,12,2.9116,3.2935,167.3,38.714,0,262983,667806
101,224.73617426076856,4529.728552263231,29,10,2.9116,3.2935,167.3,38.714,0,262983,667906
95,156.48943325685414,4627.836628695164,5,12,2.9116,3.2935,167.3,38.714,0,262983,668006
90,120.93546640111906,4726.019064047103,1,14,2.9116,3.2935,167.3,38.714,0,262983,668106
92,154.97142484984232,4824.2761659735725,1,20,2.9116,3.2935,167.3,38.714,0,262983,668206
93,228.9058004407475,4922.60346335399,44,18,2.9116,3.2935,167.3,38.714,0,262983,668306
82,316.5252280772645,5020.9968322305,120,20,2.9116,3.2935,167.3,38.714,0,262983,668406
82,408.8499358443615,5119.452463019141,203,19,2.9116,3.2935,167.3,38.714,0,262983,668506
89,504.1114163263045,5217.966831339269,230,42,2.9116,3.2935,167.3,38.714,0,262983,668606
91,600.9146113226794,5316.536672007521,260,63,2.9116,3.2935,167.3,38.714,0,262983,668706
95,698.618937713301,5415.157143403845,262,67,2.9116,3.2935,167.3,38.714,0,262983,668806
94,796.893010486499,5513.820852647673,273,58,2.9116,3.2935,167.3,38.714,0,262983,668906
90,895.5492840669405,5612.531444134987,275,58,2.9116,3.2935,167.3,38.714,0,262983,669006
83,994.4740168668982,5711.283175932845,288,54,2.9116,3.2935,167.3,38.714,0,262983,669106
77,1093.5943581849524,5810.07760877453,276,56,2.9116,3.2935,167.3,38.714,0,262983,669206
76,1192.861546988808,5908.912600832133,280,58,2.9116,3.2935,167.3,38.714,0,262983,669306
77,1209.1544545378194,6007.786150368734,243,51,2.9116,3.2935,167.3,38.714,0,262983,669406
75,1198.12057020877,6106.696384531653,230,53,2.9116,3.2935,167.3,38.714,0,262983,669506
35,918.4571837398032,918.4571837398032,236,29,2.6335,3.04,156.0,37.096,1,263083,660506
34,859.5491668850261,859.5491668850261,234,26,2.6335,3.04,156.0,37.096,1,263083,660606
34,808.755798880128,808.755798880128,192,20,2.6335,3.04,156.0,37.096,1,263083,660706
33,737.0668806175029,765.7862619678242,123,29,2.6335,3.04,156.0,37.096,1,263083,660806
31,664.4006556699811,729.1600377730589,77,24,2.6335,3.04,156.0,37.096,1,263083,660906
27,599.6572988017283,697.8248423510518,75,24,2.6335,3.04,156.0,37.096,1,263083,661006
27,544.0393241573905,675.7746236793967,73,42,2.6335,3.04,156.0,37.096,1,263083,661106
16,501.76861538663,656.4339454497089,70,38,2.6335,3.04,156.0,37.096,1,263083,661206
15,477.03742048648695,625.4754177261051,60,36,2.6335,3.04,156.0,37.096,2,263083,661306
15,472.4329990736596,601.5314021136419,45,33,2.6335,3.04,156.0,37.096,2,263083,661406
15,488.55134740382493,580.2638424646241,22,31,2.6335,3.04,156.0,37.096,2,263083,661506
14,505.7452760077741,505.7452760077741,12,7,2.6335,3.04,156.0,37.096,2,263083,661606
16,423.6036320823531,423.6036320823531,6,10,2.6335,3.04,156.0,37.096,1,263083,661706
18,341.0242719445251,341.0242719445251,4,2,2.6335,3.04,156.0,37.096,1,263083,661806
14,269.92915051440633,269.92915051440633,1,3,2.6335,3.04,156.0,37.096,2,263083,661906
15,212.89980860413684,212.89980860413684,0,2,2.6335,3.04,156.0,37.096,2,263083,662006
14,193.5309652313059,193.5309652313059,0,1,2.6335,3.04,156.0,37.096,2,263083,662106
16,186.7181687516888,186.7181687516888,0,1,2.6335,3.04,156.0,37.096,1,263083,662206
23,161.45643329615558,161.45643329615558,0,1,2.6335,3.04,156.0,37.096,1,263083,662306
27,86.07095148685276,86.07095148685276,0,1,2.6335,3.04,156.0,37.096,1,263083,662406
12,7.060307976472437,7.060307976472437,0,3,2.6335,3.04,156.0,37.096,2,263083,662506
11,34.4246091195952,34.4246091195952,0,4,2.6335,3.04,156.0,37.096,2,263083,662606
10,127.47543628613344,127.47543628613344,0,5,2.6335,3.04,156.0,37.096,2,263083,662706
12,223.47537665371132,223.47537665371132,3,15,2.6335,3.04,156.0,37.096,2,263083,662806
15,321.25460683526,321.25460683526,4,18,2.6335,3.04,156.0,37.096,2,263083,662906
18,419.6941018752284,419.6941018752284,41,21,2.6335,3.04,156.0,37.096,1,263083,663006
19,516.9744429436479,516.9744429436479,99,32,2.6335,3.04,156.0,37.096,1,263083,663106
19,572.2606873149113,572.2606873149113,118,30,2.6335,3.04,156.0,37.096,1,263083,663206
23,630.6217787072616,630.6217787072616,138,33,2.6335,3.04,156.0,37.096,1,263083,663306
24,694.5768132680681,694.5768132680681,155,31,2.6335,3.04,156.0,37.096,1,263083,663406
24,757.2951269130058,757.2951269130058,153,23,2.6335,3.04,156.0,37.096,1,263083,663506
24,811.5395196635502,821.4033515007187,137,32,2.6335,3.04,156.0,37.096,1,263083,663606
26,762.1118816230379,884.4867438034588,141,30,2.6335,3.04,156.0,37.096,1,263083,663706
28,662.5809103019616,947.4146843651306,158,31,2.6335,3.04,156.0,37.096,1,263083,663806
34,563.216126617611,1010.6182208908568,157,31,2.6335,3.04,156.0,37.096,1,263083,663906
36,464.1242806271977,1069.42384914973,153,32,2.6335,3.04,156.0,37.096,0,263083,664006
31,365.5274140926815,1130.99662810368,116,41,2.6335,3.04,156.0,37.096,1,263083,664106
20,267.972448283124,1196.3817899297876,93,56,2.6335,3.04,156.0,37.096,1,263083,664206
21,173.22868014396585,1265.539638700901,60,61,2.6335,3.04,156.0,37.096,1,263083,664306
19,89.94120836248291,1337.5773553771132,48,63,2.6335,3.04,156.0,37.096,1,263083,664406
19,65.3683892105463,1412.5068600965392,69,54,2.6335,3.04,156.0,37.096,1,263083,664506
21,24.418121873388827,1489.6276292694124,93,42,2.6335,3.04,156.0,37.096,1,263083,664606
25,123.60988989612876,1569.1228151120322,128,42,2.6335,3.04,156.0,37.096,1,263083,664706
29,222.92541235095152,1650.7793285794123,151,41,2.6335,3.04,156.0,37.096,1,263083,664806
33,322.62112913789895,1734.3582024556176,118,25,2.6335,3.04,156.0,37.096,1,263083,664906
40,422.46070404309086,1819.58091618771,135,16,2.9116,3.2935,167.3,38.714,0,263083,665006
34,513.7101616576603,1906.133337431981,167,20,2.9116,3.2935,167.3,38.714,1,263083,665106
35,571.4793501271042,1993.9443045342716,165,23,2.9116,3.2935,167.3,38.714,1,263083,665206
37,639.7492985952039,2082.8546466567796,163,35,2.9116,3.2935,167.3,38.714,0,263083,665306
38,704.8382518791936,2172.729405290685,157,28,2.9116,3.2935,167.3,38.714,0,263083,665406
49,686.5523673079972,2263.45370134445,160,27,2.9116,3.2935,167.3,38.714,0,263083,665506
52,682.2824142337413,2354.853452939783,165,29,2.9116,3.2935,167.3,38.714,0,263083,665606
60,691.9728637666635,2446.905970590198,169,16,2.9116,3.2935,167.3,38.714,0,263083,665706
60,715.642086245808,2539.5595824862044,155,20,2.9116,3.2935,167.3,38.714,0,263083,665806
65,751.9712408217931,2632.637869476643,162,26,2.9116,3.2935,167.3,38.714,0,263083,665906
63,799.2358215444814,2725.9895331928665,154,34,2.9116,3.2935,167.3,38.714,0,263083,666006
68,855.1448513340146,2819.66953762152,202,34,2.9116,3.2935,167.3,38.714,0,263083,666106
71,877.6462781263516,2913.6783476946107,256,33,2.9116,3.2935,167.3,38.714,0,263083,666206
71,782.8775808757033,3008.009734296743,291,23,2.9116,3.2935,167.3,38.714,0,263083,666306
70,689.5880101673386,3102.689491563293,294,23,2.9116,3.2935,167.3,38.714,0,263083,666406
73,598.4394298403804,3197.6931685967943,271,20,2.9116,3.2935,167.3,38.714,0,263083,666506
75,510.4727681542305,3292.992730013829,239,18,2.9116,3.2935,167.3,38.714,0,263083,666606
82,427.8260661371697,3388.5632116514003,210,22,2.9116,3.2935,167.3,38.714,0,263083,666706
87,354.2426268897759,3484.3823209846787,153,25,2.9116,3.2935,167.3,38.714,0,263083,666806
81,296.45378015405674,3580.4300968213165,145,27,2.9116,3.2935,167.3,38.714,0,263083,666906
78,264.52284049975503,3676.688618533969,126,32,2.9116,3.2935,167.3,38.714,0,263083,667006
77,264.7975920050385,3773.141756824218,111,30,2.9116,3.2935,167.3,38.714,0,263083,667106
83,273.9417919525946,3869.774959416099,111,28,2.9116,3.2935,167.3,38.714,0,263083,667206
88,315.8470237182952,3966.5750662198734,96,22,2.9116,3.2935,167.3,38.714,0,263083,667306
89,380.0981181290063,4063.530149437865,83,24,2.9116,3.2935,167.3,38.714,0,263083,667406
85,457.3727324827298,4160.62937484509,88,19,2.9116,3.2935,167.3,38.714,0,263083,667506
91,532.3195520485231,4257.862881100936,87,18,2.9116,3.2935,167.3,38.714,0,263083,667606
95,446.04250882055686,4355.221674460496,65,17,2.9116,3.2935,167.3,38.714,0,263083,667706
97,365.5425384788128,4452.69753667637,46,11,2.9116,3.2935,167.3,38.714,0,263083,667806
95,296.1018502172132,4550.282944230736,19,13,2.9116,3.2935,167.3,38.714,0,263083,667906
94,243.32446587791205,4647.970997326732,6,14,2.9116,3.2935,167.3,38.714,0,263083,668006
90,220.92807062461156,4745.7553573086525,1,31,2.9116,3.2935,167.3,38.714,0,263083,668106
90,241.684979022395,4843.630191380955,3,34,2.9116,3.2935,167.3,38.714,0,263083,668206
89,295.55538301482886,4941.59012366368,57,40,2.9116,3.2935,167.3,38.714,0,263083,668306
85,368.4219149079913,5039.630191762462,127,41,2.9116,3.2935,167.3,38.714,0,263083,668406
88,451.7924637927244,5137.734122637037,197,40,2.9116,3.2935,167.3,38.714,0,263083,668506
91,540.1218571727902,5235.904529950197,240,62,2.9116,3.2935,167.3,38.714,0,263083,668606
95,631.4282782916507,5334.14290946512,269,64,2.9116,3.2935,167.3,38.714,0,263083,668706
98,725.0322204267425,5432.445573628975,244,68,2.9116,3.2935,167.3,38.714,0,263083,668806
96,820.1474079014739,5530.809094724303,251,53,2.9116,3.2935,167.3,38.714,0,263083,668906
92,916.3033453600838,5629.230282563424,268,53,2.9116,3.2935,167.3,38.714,0,263083,669006
87,1013.2037656605186,5727.706164423339,260,43,2.9116,3.2935,167.3,38.714,0,263083,669106
78,1110.6538258067765,5826.233966965036,240,39,2.9116,3.2935,167.3,38.714,0,263083,669206
78,1122.3917104098937,5924.811099913749,209,46,2.9116,3.2935,167.3,38.714,0,263083,669306
76,1133.9106577138857,6023.433396395153,178,41,2.9116,3.2935,167.3,38.714,0,263083,669406
75,1153.6528345850152,6122.0946895766865,160,39,2.9116,3.2935,167.3,38.714,0,263083,669506
34,778.0591336424321,778.0591336424321,217,26,2.6335,3.04,156.0,37.096,1,263183,660606
34,721.5519297832303,721.5519297832303,191,21,2.6335,3.04,156.0,37.096,1,263183,660706
30,675.2024580104811,675.2024580104811,112,28,2.6335,3.04,156.0,37.096,1,263183,660806
28,596.1489236773361,634.9266060721582,84,30,2.6335,3.04,156.0,37.096,1,263183,660906
25,523.0240758828706,602.427352253597,65,38,2.6335,3.04,156.0,37.096,1,263183,661006
19,460.0380536829772,577.1029600561822,56,42,2.6335,3.04,156.0,37.096,1,263183,661106
16,409.1796280288247,560.6868543368063,63,43,2.6335,3.04,156.0,37.096,1,263183,661206
15,378.4454057736636,528.9516451044829,59,33,2.6335,3.04,156.0,37.096,2,263183,661306
13,372.64720238733753,503.75731958358017,39,34,2.6335,3.04,156.0,37.096,2,263183,661406
14,392.8809207424939,484.9975201603344,17,31,2.6335,3.04,156.0,37.096,2,263183,661506
10,435.7119442014761,455.3947321147381,7,10,2.6335,3.04,156.0,37.096,2,263183,661606
13,427.0795081354072,427.0795081354072,6,10,2.6335,3.04,156.0,37.096,2,263183,661706
16,410.9204457586786,410.9204457586786,6,5,2.6335,3.04,156.0,37.096,1,263183,661806
16,349.06457792724274,349.06457792724274,0,2,2.6335,3.04,156.0,37.096,1,263183,661906
16,306.5517665308862,306.5517665308862,0,3,2.6335,3.04,156.0,37.096,1,263183,662006
18,293.4312382192629,293.4312382192629,0,0,2.6335,3.04,156.0,37.096,1,263183,662106
11,286.4197762358698,286.4197762358698,0,0,2.6335,3.04,156.0,37.096,2,263183,662206
14,217.9861642932977,217.9861642932977,0,1,2.6335,3.04,156.0,37.096,2,263183,662306
27,123.928428103282,123.928428103282,0,1,2.6335,3.04,156.0,37.096,1,263183,662406
14,27.28617939344301,27.28617939344301,0,4,2.6335,3.04,156.0,37.096,2,263183,662506
9,18.27686437693132,18.27686437693132,0,2,2.6335,3.04,156.0,37.096,2,263183,662606
10,115.27525912832098,115.27525912832098,2,9,2.6335,3.04,156.0,37.096,2,263183,662706
19,214.71606870113789,214.71606870113789,4,14,2.6335,3.04,156.0,37.096,1,263183,662806
13,314.5116769689831,314.5116769689831,15,22,2.6335,3.04,156.0,37.096,2,263183,662906
14,414.4058394149535,414.4058394149535,62,25,2.6335,3.04,156.0,37.096,2,263183,663006
16,514.3411363410304,514.3411363410304,113,33,2.6335,3.04,156.0,37.096,1,263183,663106
18,614.2974925261805,614.2974925261805,113,28,2.6335,3.04,156.0,37.096,1,263183,663206
24,711.458112712266,711.458112712266,120,28,2.6335,3.04,156.0,37.096,1,263183,663306
27,771.2860339930129,771.2860339930129,147,24,2.6335,3.04,156.0,37.096,1,263183,663406
27,744.5267170004159,835.4414660676077,124,21,2.6335,3.04,156.0,37.096,1,263183,663506
27,714.1269905801946,898.2171092008884,110,24,2.6335,3.04,156.0,37.096,1,263183,663606
31,696.8286171905468,961.8214751694182,135,28,2.6335,3.04,156.0,37.096,1,263183,663706
33,659.7461758274047,1025.5884537256138,146,29,2.6335,3.04,156.0,37.096,1,263183,663806
42,559.8785217388265,1088.287317085366,149,23,2.6335,3.04,156.0,37.096,0,263183,663906
45,460.0683663218137,1150.4248414914296,154,24,2.6335,3.04,156.0,37.096,0,263183,664006
32,360.36348909898106,1209.4838496850773,140,37,2.6335,3.04,156.0,37.096,1,263183,664106
21,260.8659384230197,1271.7292452049242,117,62,2.6335,3.04,156.0,37.096,1,263183,664206
19,161.90177216146958,1337.6431394506644,83,61,2.6335,3.04,156.0,37.096,1,263183,664306
19,66.13115626333855,1406.9609941018207,58,67,2.6335,3.04,156.0,37.096,1,263183,664406
19,33.95218453846402,1478.8774988252485,58,68,2.6335,3.04,156.0,37.096,1,263183,664506
22,15.98138264815801,1553.5585191246616,81,41,2.6335,3.04,156.0,37.096,1,263183,664606
26,115.95768334988828,1630.189692072893,112,42,2.6335,3.04,156.0,37.096,1,263183,664706
24,215.95590327597097,1709.0502180699398,129,38,2.6335,3.04,156.0,37.096,1,263183,664806
30,315.9552499826646,1789.9102297726818,112,21,2.6335,3.04,156.0,37.096,1,263183,664906
35,415.9549108058176,1872.6197193784112,132,14,2.9116,3.2935,167.3,38.714,1,263183,665006
33,515.9547031042,1956.9441985311864,154,13,2.9116,3.2935,167.3,38.714,1,263183,665106
38,615.9545628430808,2042.6344322881143,160,19,2.9116,3.2935,167.3,38.714,0,263183,665206
39,712.3772889945313,2129.512858257509,150,24,2.9116,3.2935,167.3,38.714,0,263183,665306
40,781.135019895124,2217.497373842671,159,28,2.9116,3.2935,167.3,38.714,0,263183,665406
44,785.9983872903911,2306.4614006122497,162,23,2.9116,3.2935,167.3,38.714,0,263183,665506
52,782.2566400933817,2396.2958460985774,163,26,2.9116,3.2935,167.3,38.714,0,263183,665606
59,790.7228353772272,2486.9063857621127,161,16,2.9116,3.2935,167.3,38.714,0,263183,665706
57,811.5169460977487,2578.1619195806416,147,22,2.9116,3.2935,167.3,38.714,0,263183,665806
63,843.7279805841639,2670.0061662219587,136,32,2.9116,3.2935,167.3,38.714,0,263183,665906
65,886.1117630623386,2762.416871464339,112,39,2.9116,3.2935,167.3,38.714,0,263183,666006
64,937.1403672845804,2855.3390369338576,140,35,2.9116,3.2935,167.3,38.714,0,263183,666106
66,912.7819605017692,2948.488443355516,171,44,2.9116,3.2935,167.3,38.714,0,263183,666206
69,822.0391288866166,3042.009349735069,214,40,2.9116,3.2935,167.3,38.714,0,263183,666306
67,733.6218544045907,3135.7503339330347,267,34,2.9116,3.2935,167.3,38.714,0,263183,666406
69,648.5782305160988,3229.841437808647,233,34,2.9116,3.2935,167.3,38.714,0,263183,666506
74,568.4245041681057,3324.219492646705,200,37,2.9116,3.2935,167.3,38.714,0,263183,666606
82,495.5392141678799,3418.917190387278,187,30,2.9116,3.2935,167.3,38.714,0,263183,666706
85,433.60328483244115,3513.9086889330183,134,20,2.9116,3.2935,167.3,38.714,0,263183,666806
82,387.54917123463827,3609.1707903052034,99,25,2.9116,3.2935,167.3,38.714,0,263183,666906
79,363.7057182710824,3704.6826197429664,99,22,2.9116,3.2935,167.3,38.714,0,263183,667006
76,364.4679685156833,3800.425348886481,89,26,2.9116,3.2935,167.3,38.714,0,263183,667106
85,371.2098135412742,3896.381956622355,103,23,2.9116,3.2935,167.3,38.714,0,263183,667206
91,403.15577998886033,3992.537021910451,104,21,2.9116,3.2935,167.3,38.714,0,263183,667306
91,455.24698785596934,4088.876543839261,96,22,2.9116,3.2935,167.3,38.714,0,263183,667406
85,521.5026912350883,4185.3877849241435,92,18,2.9116,3.2935,167.3,38.714,0,263183,667506
89,584.8665822998476,4282.0591342980715,72,9,2.9116,3.2935,167.3,38.714,0,263183,667606
94,506.6915697480097,4378.879987971682,35,12,2.9116,3.2935,167.3,38.714,0,263183,667706
93,436.8794669964046,4475.840643777679,25,6,2.9116,3.2935,167.3,38.714,0,263183,667806
93,379.01494108363346,4572.932208979871,11,8,2.9116,3.2935,167.3,38.714,0,263183,667906
90,336.73523880198275,4670.146518832021,2,20,2.9116,3.2935,167.3,38.714,0,263183,668006
92,320.9252837440056,4767.476064627086,2,40,2.9116,3.2935,167.3,38.714,0,263183,668106
89,335.5524615336813,4864.913929991515,8,49,2.9116,3.2935,167.3,38.714,0,263183,668206
89,377.09132996723065,4962.453734359527,46,53,2.9116,3.2935,167.3,38.714,0,263183,668306
88,436.6804625101678,5060.089582714138,91,63,2.9116,3.2935,167.3,38.714,0,263183,668406
88,508.9907163136898,5157.816020810112,147,59,2.9116,3.2935,167.3,38.714,0,263183,668506
93,589.4516708339642,5255.627995202741,187,66,2.9116,3.2935,167.3,38.714,0,263183,668606
97,675.1555340840961,5353.520817498715,189,65,2.9116,3.2935,167.3,38.714,0,263183,668706
100,763.7244406081318,5451.490132323953,196,65,2.9116,3.2935,167.3,38.714,0,263183,668806
94,854.5437795764345,5549.53188857031,222,60,2.9116,3.2935,167.3,38.714,0,263183,668906
90,947.2144008846952,5647.632421459926,243,56,2.9116,3.2935,167.3,38.714,0,263183,669006
87,1026.0807925857143,5745.792921761916,232,39,2.9116,3.2935,167.3,38.714,0,263183,669106
82,1019.4939317265628,5844.015796660149,189,38,2.9116,3.2935,167.3,38.714,0,263183,669206
77,1022.6895720311434,5942.297953103444,142,37,2.9116,3.2935,167.3,38.714,0,263183,669306
73,1035.2360306902185,6040.63649753082,113,34,2.9116,3.2935,167.3,38.714,0,263183,669406
34,701.3752637469345,701.3752637469345,208,27,2.6335,3.04,156.0,37.096,1,263283,660606
34,638.1131815952194,638.1131815952194,180,25,2.6335,3.04,156.0,37.096,1,263283,660706
26,585.1919381323236,585.1919381323236,116,31,2.6335,3.04,156.0,37.096,1,263283,660806
24,537.9208558408866,542.326448291428,73,43,2.6335,3.04,156.0,37.096,1,263283,660906
21,455.5430735946672,507.1448125021353,68,37,2.6335,3.04,156.0,37.096,1,263283,661006
17,381.6806736678724,478.9825790174258,76,36,2.6335,3.04,156.0,37.096,1,263283,661106
17,321.0672711451587,463.7511926132427,71,32,2.6335,3.04,156.0,37.096,1,263283,661206
13,280.8507606505355,433.8256583867656,51,37,2.6335,3.04,156.0,37.096,2,263283,661306
12,273.01819770939494,406.8504980476373,20,28,2.6335,3.04,156.0,37.096,2,263283,661406
11,300.0473574568633,390.6497118743389,6,15,2.6335,3.04,156.0,37.096,2,263283,661506
10,354.2850507052297,360.0032552116174,7,16,2.6335,3.04,156.0,37.096,2,263283,661606
10,330.80709184331334,330.80709184331334,6,10,2.6335,3.04,156.0,37.096,2,263283,661706
11,312.93379720624444,312.93379720624444,4,8,2.6335,3.04,156.0,37.096,2,263283,661806
14,309.6599512890149,309.6599512890149,2,4,2.6335,3.04,156.0,37.096,2,263283,661906
15,313.3733361209035,313.3733361209035,1,3,2.6335,3.04,156.0,37.096,2,263283,662006
20,319.5948246102379,319.5948246102379,1,1,2.6335,3.04,156.0,37.096,1,263283,662106
11,274.7806424938708,274.7806424938708,0,1,2.6335,3.04,156.0,37.096,2,263283,662206
13,180.81906624027584,180.81906624027584,0,1,2.6335,3.04,156.0,37.096,2,263283,662306
17,87.15229275037525,87.15229275037525,0,5,2.6335,3.04,156.0,37.096,1,263283,662406
13,0.0,0.0,1,8,2.6335,3.04,156.0,37.096,2,263283,662506
10,56.848567499121934,56.848567499121934,3,10,2.6335,3.04,156.0,37.096,2,263283,662606
14,145.63340485507848,146.46361236154007,5,20,2.6335,3.04,156.0,37.096,2,263283,662706
22,236.3924921971813,238.67942472507568,19,32,2.6335,3.04,156.0,37.096,1,263283,662806
21,332.4962136998039,334.3797338688343,57,34,2.6335,3.04,156.0,37.096,1,263283,662906
18,430.178134180568,430.178134180568,95,37,2.6335,3.04,156.0,37.096,1,263283,663006
17,527.1317026307989,527.1317026307989,123,33,2.6335,3.04,156.0,37.096,1,263283,663106
17,625.0459476789008,625.0459476789008,120,30,2.6335,3.04,156.0,37.096,1,263283,663206
23,723.5309540725852,723.5309540725852,110,30,2.6335,3.04,156.0,37.096,1,263283,663306
29,699.808569134504,822.3816913651201,94,22,2.6335,3.04,156.0,37.096,1,263283,663406
31,652.4039605008729,912.1417584784766,68,22,2.6335,3.04,156.0,37.096,1,263283,663506
26,617.5421648555707,976.3133109590576,84,29,2.6335,3.04,156.0,37.096,1,263283,663606
34,597.4538379114064,1039.1996004064788,112,31,2.6335,3.04,156.0,37.096,1,263283,663706
39,593.7540328247322,1102.4889080638377,125,28,2.6335,3.04,156.0,37.096,0,263283,663806
46,573.990078323735,1166.359352057608,127,22,2.6335,3.04,156.0,37.096,0,263283,663906
43,477.10141061810873,1229.2859654722529,154,14,2.6335,3.04,156.0,37.096,0,263283,664006
26,381.8205102053724,1290.2314620920024,171,38,2.6335,3.04,156.0,37.096,1,263283,664106
24,289.7378953695781,1349.82776537151,153,71,2.6335,3.04,156.0,37.096,1,263283,664206
21,202.9551481204011,1412.5994384244525,128,67,2.6335,3.04,156.0,37.096,1,263283,664306
21,103.73346412898208,1478.935072869413,83,63,2.6335,3.04,156.0,37.096,1,263283,664406
20,14.131062219353,1548.3823496555235,57,66,2.6335,3.04,156.0,37.096,1,263283,664506
25,60.7142306159023,1620.198793804518,73,48,2.6335,3.04,156.0,37.096,1,263283,664606
25,134.27248421478714,1694.6633346486326,92,44,2.6335,3.04,156.0,37.096,1,263283,664706
27,228.22850743199456,1770.8885877995313,123,32,2.6335,3.04,156.0,37.096,1,263283,664806
32,325.17736658741086,1849.2042578788296,125,17,2.6335,3.04,156.0,37.096,1,263283,664906
33,423.3492748081684,1929.3742171037463,132,11,2.9116,3.2935,167.3,38.714,1,263283,665006
37,522.2153743624184,2011.320673683011,158,12,2.9116,3.2935,167.3,38.714,0,263283,665106
42,621.4444351350807,2094.8357537393395,160,18,2.9116,3.2935,167.3,38.714,0,263283,665206
43,720.8865893469223,2179.7391628139026,155,25,2.9116,3.2935,167.3,38.714,0,263283,665306
43,820.464358421569,2265.797020340408,166,30,2.9116,3.2935,167.3,38.714,0,263283,665406
46,885.5691822720437,2352.935555194521,169,33,2.9116,3.2935,167.3,38.714,0,263283,665506
52,882.2367081275584,2441.0602852886745,160,36,2.9116,3.2935,167.3,38.714,0,263283,665606
59,889.7520781569243,2530.0681623088144,162,34,2.9116,3.2935,167.3,38.714,0,263283,665706
57,908.2818461256288,2619.869175253562,144,35,2.9116,3.2935,167.3,38.714,0,263283,665806
62,937.172910096208,2710.3844902446695,118,48,2.9116,3.2935,167.3,38.714,0,263283,665906
67,975.5051075391714,2801.517978226994,88,41,2.9116,3.2935,167.3,38.714,0,263283,666006
64,1022.2168880681952,2893.1845821545166,92,40,2.9116,3.2935,167.3,38.714,0,263283,666106
65,956.98464120017,2985.3862514763728,100,52,2.9116,3.2935,167.3,38.714,0,263283,666206
67,870.788320622401,3078.0749039930283,136,50,2.9116,3.2935,167.3,38.714,0,263283,666306
68,787.8610252904662,3171.143211229195,188,50,2.9116,3.2935,167.3,38.714,0,263283,666406
70,709.3501892655755,3264.4120526366696,172,48,2.9116,3.2935,167.3,38.714,0,263283,666506
72,636.8911891763545,3358.026027251409,150,57,2.9116,3.2935,167.3,38.714,0,263283,666606
78,572.7853722729257,3451.8580521411254,140,62,2.9116,3.2935,167.3,38.714,0,263283,666706
84,520.0157565913278,3546.0102071944666,95,51,2.9116,3.2935,167.3,38.714,0,263283,666806
80,482.1865577571403,3640.432379396803,69,20,2.9116,3.2935,167.3,38.714,0,263283,666906
76,463.2400736768237,3735.14490058873,59,14,2.9116,3.2935,167.3,38.714,0,263283,667006
76,464.28012601901384,3830.12623131762,58,17,2.9116,3.2935,167.3,38.714,0,263283,667106
84,469.591163685636,3925.3568585875905,72,14,2.9116,3.2935,167.3,38.714,0,263283,667206
92,495.287616930958,4020.819069131806,94,12,2.9116,3.2935,167.3,38.714,0,263283,667306
93,538.5397482996535,4116.496751623556,101,11,2.9116,3.2935,167.3,38.714,0,263283,667406
94,595.6007870311798,4212.375223737863,87,10,2.9116,3.2935,167.3,38.714,0,263283,667506
84,647.9593708481035,4308.441080599099,64,9,2.9116,3.2935,167.3,38.714,0,263283,667606
90,577.9714799746334,4404.68206167338,28,2,2.9116,3.2935,167.3,38.714,0,263283,667706
90,517.0146821133017,4501.086933603991,5,2,2.9116,3.2935,167.3,38.714,0,263283,667806
91,466.87474734894727,4597.645386857702,1,4,2.9116,3.2935,167.3,38.714,0,263283,667906
90,433.09865666760675,4694.347944361094,2,24,2.9116,3.2935,167.3,38.714,0,263283,668006
90,420.92382102041654,4791.185880568667,5,51,2.9116,3.2935,167.3,38.714,0,263283,668106
90,432.1796846192216,4888.1511496263975,8,55,2.9116,3.2935,167.3,38.714,0,263283,668206
91,465.168460337448,4985.236321482383,28,69,2.9116,3.2935,167.3,38.714,0,263283,668306
89,515.4075526141589,5082.434524955586,61,77,2.9116,3.2935,167.3,38.714,0,263283,668406
90,577.9504029301701,5179.739396909254,99,71,2.9116,3.2935,167.3,38.714,0,263283,668506
96,649.9295278740418,5277.145036790932,133,89,2.9116,3.2935,167.3,38.714,0,263283,668606
96,728.5534394661821,5374.645965899567,137,81,2.9116,3.2935,167.3,38.714,0,263283,668706
98,811.8939814491994,5472.2370908243565,181,55,2.9116,3.2935,167.3,38.714,0,263283,668806
93,898.6398389059223,5569.913670572205,216,55,2.9116,3.2935,167.3,38.714,0,263283,668906
88,944.693875360567,5667.671286962614,229,41,2.9116,3.2935,167.3,38.714,0,263283,669006
87,926.8077481644854,5765.505817922117,217,39,2.9116,3.2935,167.3,38.714,0,263283,669106
81,919.5100249435466,5863.413413356345,163,42,2.9116,3.2935,167.3,38.714,0,263283,669206
78,923.051878220092,5961.390473317481,91,30,2.9116,3.2935,167.3,38.714,0,263283,669306
74,936.8425154749012,6059.433628219204,49,24,2.9116,3.2935,167.3,38.714,0,263283,669406
32,560.1246983281877,560.1246983281877,190,29,2.6335,3.04,156.0,37.096,1,263383,660706
26,498.99984930532287,498.99984930532287,129,38,2.6335,3.04,156.0,37.096,1,263383,660806
22,451.953561260697,451.953561260697,101,35,2.6335,3.04,156.0,37.096,1,263383,660906
19,401.851713753994,413.0798051262938,121,35,2.6335,3.04,156.0,37.096,1,263383,661006
20,315.66666691069304,381.8387035107386,134,34,2.6335,3.04,156.0,37.096,1,263383,661106
25,240.42896944834024,366.22784226693136,123,27,2.6335,3.04,156.0,37.096,1,263383,661206
16,185.83157526312877,341.19815237403174,73,19,2.6335,3.04,156.0,37.096,1,263383,661306
12,173.8158080091197,310.6234991821355,3,13,2.6335,3.04,156.0,37.096,2,263383,661406
10,213.7788940710089,290.75523502205994,2,15,2.6335,3.04,156.0,37.096,2,263383,661506
10,264.0896405490955,264.0896405490955,4,17,2.6335,3.04,156.0,37.096,2,263383,661606
8,234.54266438457623,234.54266438457623,3,13,2.6335,3.04,156.0,37.096,2,263383,661706
10,213.53780119831652,213.53780119831652,3,9,2.6335,3.04,156.0,37.096,2,263383,661806
13,209.97255525263012,209.97255525263012,2,5,2.6335,3.04,156.0,37.096,2,263383,661906
14,213.4121062768284,213.4121062768284,0,2,2.6335,3.04,156.0,37.096,2,263383,662006
14,219.6201653077507,219.6201653077507,0,0,2.6335,3.04,156.0,37.096,2,263383,662106
14,211.37161139353427,211.37161139353427,0,1,2.6335,3.04,156.0,37.096,2,263383,662206
13,146.2895035754259,146.2895035754259,0,5,2.6335,3.04,156.0,37.096,2,263383,662306
13,52.5217254052843,52.5217254052843,0,9,2.6335,3.04,156.0,37.096,2,263383,662406
9,4.356088520180855,4.356088520180855,3,11,2.6335,3.04,156.0,37.096,2,263383,662506
15,28.393779797105893,97.1067948890856,5,25,2.6335,3.04,156.0,37.096,2,263383,662606
19,125.33087350633322,182.1891695749907,8,43,2.6335,3.04,156.0,37.096,1,263383,662706
24,224.50188773463512,274.3839807756538,52,58,2.6335,3.04,156.0,37.096,1,263383,662806
23,324.15030364620355,369.9690672534815,80,60,2.6335,3.04,156.0,37.096,1,263383,662906
20,423.96431584679056,460.8585341104684,105,59,2.6335,3.04,156.0,37.096,1,263383,663006
19,523.8492749531572,554.8910399353088,131,42,2.6335,3.04,156.0,37.096,1,263383,663106
18,623.7710995441033,650.4826033607372,114,36,2.6335,3.04,156.0,37.096,1,263383,663206
19,681.8280286514581,746.2021480608956,87,33,2.6335,3.04,156.0,37.096,1,263383,663306
22,617.1840140736874,842.3969810477826,53,25,2.6335,3.04,156.0,37.096,1,263383,663406
27,562.9757803152594,939.3866501445442,40,38,2.6335,3.04,156.0,37.096,1,263383,663506
32,522.2425396550946,1036.948351298732,48,40,2.6335,3.04,156.0,37.096,1,263383,663606
34,498.3292637749147,1116.479670384564,95,41,2.6335,3.04,156.0,37.096,1,263383,663706
35,493.887454988495,1180.182091612069,93,37,2.6335,3.04,156.0,37.096,1,263383,663806
39,509.2221242101661,1243.0425679258942,102,23,2.6335,3.04,156.0,37.096,0,263383,663906
35,513.3446855648348,1306.5867129702594,124,17,2.6335,3.04,156.0,37.096,1,263383,664006
28,419.11973117634466,1370.3717325183093,175,38,2.6335,3.04,156.0,37.096,1,263383,664106
26,324.39357036315664,1429.646521443954,162,65,2.6335,3.04,156.0,37.096,1,263383,664206
24,234.09619374219037,1490.3753922038077,148,73,2.6335,3.04,156.0,37.096,1,263383,664306
22,155.48929914543095,1553.569784002209,108,53,2.6335,3.04,156.0,37.096,1,263383,664406
21,97.93956606476124,1620.2495891087528,72,41,2.6335,3.04,156.0,37.096,1,263383,664506
27,119.351677971961,1689.80370532365,89,35,2.6335,3.04,156.0,37.096,1,263383,664606
26,197.224459610089,1761.5361496034095,120,30,2.6335,3.04,156.0,37.096,1,263383,664706
27,272.0626721999008,1835.7887100257717,151,40,2.6335,3.04,156.0,37.096,1,263383,664806
31,357.8788191441014,1911.693926429817,148,18,2.6335,3.04,156.0,37.096,1,263383,664906
31,449.59581935267386,1989.4962210950796,146,15,2.9116,3.2935,167.3,38.714,1,263383,665006
40,544.2385068761929,2069.1039385696636,158,15,2.9116,3.2935,167.3,38.714,0,263383,665106
45,640.5112832372695,2150.3760348749424,159,22,2.9116,3.2935,167.3,38.714,0,263383,665206
48,737.4258535256594,2233.168841383129,156,45,2.9116,3.2935,167.3,38.714,0,263383,665306
48,835.0336389558962,2317.319368771696,157,48,2.9116,3.2935,167.3,38.714,0,263383,665406
50,933.1481484350728,2402.6750219875507,165,44,2.9116,3.2935,167.3,38.714,0,263383,665506
55,982.220834316456,2489.0393429590367,171,53,2.9116,3.2935,167.3,38.714,0,263383,665606
59,988.9767028510478,2576.3901956638924,160,43,2.9116,3.2935,167.3,38.714,0,263383,665706
60,1005.679904442236,2664.6305616028853,134,40,2.9116,3.2935,167.3,38.714,0,263383,665806
61,1031.847479822362,2753.6749298606733,111,46,2.9116,3.2935,167.3,38.714,0,263383,665906
69,1066.783189327885,2843.4477679145543,83,44,2.9116,3.2935,167.3,38.714,0,263383,666006
74,1093.5679574518308,2933.882205947154,70,38,2.9116,3.2935,167.3,38.714,0,263383,666106
74,1009.1301072729584,3024.911086475499,60,39,2.9116,3.2935,167.3,38.714,0,263383,666206
70,927.791069823425,3116.424413517826,54,44,2.9116,3.2935,167.3,38.714,0,263383,666306
70,850.4404535788844,3208.444353461264,80,56,2.9116,3.2935,167.3,38.714,0,263383,666406
72,778.2683733281353,3300.9285380548627,94,65,2.9116,3.2935,167.3,38.714,0,263383,666506
77,712.8494629037641,3393.839014660618,95,62,2.9116,3.2935,167.3,38.714,0,263383,666606
81,656.206562449316,3486.968771716135,86,56,2.9116,3.2935,167.3,38.714,0,263383,666706
83,610.5128200621804,3580.3893640494007,52,57,2.9116,3.2935,167.3,38.714,0,263383,666806
83,563.2891785864359,3674.062146326361,33,35,2.9116,3.2935,167.3,38.714,0,263383,666906
84,524.4915800857267,3767.985916574252,29,13,2.9116,3.2935,167.3,38.714,0,263383,667006
77,500.1793323402065,3862.1886364075617,34,8,2.9116,3.2935,167.3,38.714,0,263383,667106
84,489.62787808855927,3956.647644487568,46,13,2.9116,3.2935,167.3,38.714,0,263383,667206
90,496.9906794517517,4051.3726195034624,76,13,2.9116,3.2935,167.3,38.714,0,263383,667306
96,522.81517288544,4146.345333121166,89,12,2.9116,3.2935,167.3,38.714,0,263383,667406
96,564.1915464902212,4241.549143995504,85,10,2.9116,3.2935,167.3,38.714,0,263383,667506
88,618.4865052754435,4336.968833224689,67,8,2.9116,3.2935,167.3,38.714,0,263383,667606
88,656.118544549477,4432.590459290779,46,2,2.9116,3.2935,167.3,38.714,0,263383,667706
91,602.1205302764139,4528.401229929716,5,1,2.9116,3.2935,167.3,38.714,0,263383,667806
91,558.7090969980715,4624.389388736883,1,3,2.9116,3.2935,167.3,38.714,0,263383,667906
93,530.8090727969358,4720.544114622339,0,12,2.9116,3.2935,167.3,38.714,0,263383,668006
90,520.9229198822843,4816.855432492129,3,36,2.9116,3.2935,167.3,38.714,0,263383,668106
89,530.0595298207805,4913.314133755571,6,48,2.9116,3.2935,167.3,38.714,0,263383,668206
90,557.2840584916897,5009.911705449067,10,80,2.9116,3.2935,167.3,38.714,0,263383,668306
88,600.1399324691795,5106.640266929804,26,91,2.9116,3.2935,167.3,38.714,0,263383,668406
92,654.9670122996797,5203.492513232072,64,88,2.9116,3.2935,167.3,38.714,0,263383,668506
95,719.2798552414754,5300.461664298266,100,92,2.9116,3.2935,167.3,38.714,0,263383,668606
99,791.040601430563,5397.541419399102,119,86,2.9116,3.2935,167.3,38.714,0,263383,668706
102,868.4048342029515,5494.725916145609,159,61,2.9116,3.2935,167.3,38.714,0,263383,668806
94,878.5395458297089,5592.009693571312,216,46,2.9116,3.2935,167.3,38.714,0,263383,668906
84,847.6894049639659,5689.387658828395,237,33,2.9116,3.2935,167.3,38.714,0,263383,669006
84,827.7097384966063,5786.855057098127,241,30,2.9116,3.2935,167.3,38.714,0,263383,669106
81,819.5300452796579,5884.407444364767,204,30,2.9116,3.2935,167.3,38.714,0,263383,669206
78,823.502021266515,5982.040662744514,126,27,2.9116,3.2935,167.3,38.714,0,263383,669306
33,489.64658658719947,489.64658658719947,162,38,2.6335,3.04,156.0,37.096,1,263483,660706
26,418.9893730852904,418.9893730852904,137,32,2.6335,3.04,156.0,37.096,1,263483,660806
21,361.68116717337705,361.68116717337705,153,39,2.6335,3.04,156.0,37.096,1,263483,660906
19,319.07264692251033,319.07264692251033,192,39,2.6335,3.04,156.0,37.096,1,263483,661006
26,271.31301580545664,286.23469101030287,196,30,2.6335,3.04,156.0,37.096,1,263483,661106
27,178.2453289624625,267.0742996842937,160,21,2.6335,3.04,156.0,37.096,1,263483,661206
23,99.65963098677908,244.80559508319175,111,17,2.6335,3.04,156.0,37.096,1,263483,661306
11,76.71332314037822,213.19999517312095,36,12,2.6335,3.04,156.0,37.096,2,263483,661406
10,146.19991239258852,190.97124390327104,1,15,2.6335,3.04,156.0,37.096,2,263483,661506
7,168.7981949278997,168.7981949278997,2,18,2.6335,3.04,156.0,37.096,2,263483,661606
9,139.229754169506,139.229754169506,3,17,2.6335,3.04,156.0,37.096,2,263483,661706
10,114.3795809111494,114.3795809111494,3,11,2.6335,3.04,156.0,37.096,2,263483,661806
15,110.28515921624532,110.28515921624532,3,8,2.6335,3.04,156.0,37.096,2,263483,661906
12,113.49821936827188,113.49821936827188,0,1,2.6335,3.04,156.0,37.096,2,263483,662006
12,119.64550600526351,119.64550600526351,0,0,2.6335,3.04,156.0,37.096,2,263483,662106
15,111.9706644849356,111.9706644849356,0,0,2.6335,3.04,156.0,37.096,2,263483,662206
13,90.84694739985927,90.84694739985927,0,7,2.6335,3.04,156.0,37.096,2,263483,662306
14,17.420431528638378,17.420431528638378,1,11,2.6335,3.04,156.0,37.096,2,263483,662406
11,23.14071888084363,41.06156804243403,6,20,2.6335,3.04,156.0,37.096,2,263483,662506
19,78.37595844707117,132.5523209441148,10,31,2.6335,3.04,156.0,37.096,1,263483,662606
22,166.11041644121946,226.98632912605925,16,52,2.6335,3.04,156.0,37.096,1,263483,662706
21,251.9549303275106,319.98877033091566,65,64,2.6335,3.04,156.0,37.096,1,263483,662806
22,344.09029369362077,405.7518571208937,100,81,2.6335,3.04,156.0,37.096,1,263483,662906
20,439.67598696310864,496.71746994939065,129,70,2.6335,3.04,156.0,37.096,1,263483,663006
23,536.8722537157281,590.6114800347124,130,62,2.6335,3.04,156.0,37.096,1,263483,663106
20,634.9398870031923,683.9687925174703,127,51,2.6335,3.04,156.0,37.096,1,263483,663206
19,613.2483464704666,776.7411324732617,77,44,2.6335,3.04,156.0,37.096,1,263483,663306
20,540.4629321444139,871.1143809017756,40,43,2.6335,3.04,156.0,37.096,1,263483,663406
24,477.6262425741631,966.5854728526402,29,36,2.6335,3.04,156.0,37.096,1,263483,663506
32,429.00835140497,1062.3050175527983,32,48,2.6335,3.04,156.0,37.096,1,263483,663606
34,399.6411162953932,1158.1871677058036,31,45,2.6335,3.04,156.0,37.096,1,263483,663706
34,394.08835481732734,1254.6761017209826,23,40,2.6335,3.04,156.0,37.096,1,263483,663806
32,413.1249657138068,1321.1645828176593,48,28,2.6335,3.04,156.0,37.096,1,263483,663906
34,453.7757846657431,1383.7159036908738,90,26,2.6335,3.04,156.0,37.096,1,263483,664006
32,457.4621130075567,1447.0464881573816,152,34,2.6335,3.04,156.0,37.096,1,263483,664106
30,372.6143103384027,1510.5963077772171,164,48,2.6335,3.04,156.0,37.096,1,263483,664206
26,296.9076579982864,1569.4180417580294,151,54,2.6335,3.04,156.0,37.096,1,263483,664306
27,231.91245828487777,1630.7569670216203,118,50,2.6335,3.04,156.0,37.096,1,263483,664406
21,196.0511482789737,1694.6152879318252,88,47,2.6335,3.04,156.0,37.096,1,263483,664506
25,207.57821941444888,1761.581253377462,86,50,2.6335,3.04,156.0,37.096,1,263483,664606
28,260.2717456986871,1831.2250610796896,114,62,2.6335,3.04,156.0,37.096,1,263483,664706
25,335.2522125845122,1902.8859874605196,144,61,2.6335,3.04,156.0,37.096,1,263483,664806
28,412.3191666559912,1976.914242445045,172,30,2.6335,3.04,156.0,37.096,1,263483,664906
33,494.0306132005554,2052.552461302704,152,31,2.9116,3.2935,167.3,38.714,1,263483,665006
39,581.4855100230293,2129.9350159123414,163,18,2.9116,3.2935,167.3,38.714,0,263483,665106
47,672.4466893027047,2209.048969032668,169,28,2.9116,3.2935,167.3,38.714,0,263483,665206
52,765.6655285054917,2289.7212341995432,171,39,2.9116,3.2935,167.3,38.714,0,263483,665306
53,860.4085385030879,2371.8662089384948,164,46,2.9116,3.2935,167.3,38.714,0,263483,665406
54,956.2227798564754,2455.3360861324572,161,44,2.9116,3.2935,167.3,38.714,0,263483,665506
55,1052.7911333286827,2540.0002516976724,164,44,2.9116,3.2935,167.3,38.714,0,263483,665606
55,1088.3432716655595,2625.705233779557,158,44,2.9116,3.2935,167.3,38.714,0,263483,665706
58,1103.5434873155243,2712.341712287085,131,48,2.9116,3.2935,167.3,38.714,0,263483,665806
61,1127.4419629467957,2799.869131535885,105,44,2.9116,3.2935,167.3,38.714,0,263483,665906
69,1146.5236926006326,2888.2064924867454,83,40,2.9116,3.2935,167.3,38.714,0,263483,666006
78,1060.1863572166694,2977.281701948552,61,30,2.9116,3.2935,167.3,38.714,0,263483,666106
78,973.6623286245316,3067.030472993828,45,31,2.9116,3.2935,167.3,38.714,0,263483,666206
74,889.6203500765721,3157.3953683040427,31,27,2.9116,3.2935,167.3,38.714,0,263483,666306
73,807.8319867956511,3248.324968549621,28,53,2.9116,3.2935,167.3,38.714,0,263483,666406
77,730.4249113375204,3339.71334457364,41,64,2.9116,3.2935,167.3,38.714,0,263483,666506
78,657.1620955761297,3431.573876228048,43,56,2.9116,3.2935,167.3,38.714,0,263483,666606
83,591.1154247789609,3523.8775960720222,35,51,2.9116,3.2935,167.3,38.714,0,263483,666706
85,532.4061815168536,3616.5905707151696,19,41,2.9116,3.2935,167.3,38.714,0,263483,666806
87,476.9295665063527,3709.651786953528,32,32,2.9116,3.2935,167.3,38.714,0,263483,666906
83,430.4166937703256,3802.861181232106,39,21,2.9116,3.2935,167.3,38.714,0,263483,667006
80,401.908453509209,3896.407312768595,53,17,2.9116,3.2935,167.3,38.714,0,263483,667106
86,389.66422531115415,3990.128633319814,70,18,2.9116,3.2935,167.3,38.714,0,263483,667206
90,398.7054395520167,4084.1292490410106,108,20,2.9116,3.2935,167.3,38.714,0,263483,667306
99,429.8790146780683,4178.3745328613195,133,23,2.9116,3.2935,167.3,38.714,0,263483,667406
95,479.0562658702273,4272.864759888543,118,17,2.9116,3.2935,167.3,38.714,0,263483,667506
88,541.4252426805183,4367.60034523887,98,12,2.9116,3.2935,167.3,38.714,0,263483,667606
86,612.1211944770321,4462.565662840607,68,0,2.9116,3.2935,167.3,38.714,0,263483,667706
90,670.5323914860819,4557.746352595474,12,1,2.9116,3.2935,167.3,38.714,0,263483,667806
93,652.9469200667521,4653.12919808065,1,1,2.9116,3.2935,167.3,38.714,0,263483,667906
91,629.2393003617938,4748.702017758536,0,7,2.9116,3.2935,167.3,38.714,0,263483,668006
92,620.9223090008459,4844.453568040189,2,18,2.9116,3.2935,167.3,38.714,0,263483,668106
89,628.6071352681928,4940.3734567672755,4,33,2.9116,3.2935,167.3,38.714,0,263483,668206
89,651.7279702492646,5036.4520658658075,5,55,2.9116,3.2935,167.3,38.714,0,263483,668306
89,661.4332288808472,5132.680482087044,6,82,2.9116,3.2935,167.3,38.714,0,263483,668406
93,677.9522854393207,5229.050434890699,22,77,2.9116,3.2935,167.3,38.714,0,263483,668506
94,708.3393864504875,5325.554240646125,73,88,2.9116,3.2935,167.3,38.714,0,263483,668606
103,750.9128254742411,5422.184752431187,129,85,2.9116,3.2935,167.3,38.714,0,263483,668706
107,803.4502290809431,5518.935314798551,184,44,2.9116,3.2935,167.3,38.714,0,263483,668806
97,785.058707551299,5615.799722956998,237,38,2.9116,3.2935,167.3,38.714,0,263483,668906
88,751.4706490825566,5712.7721858828945,251,30,2.9116,3.2935,167.3,38.714,0,263483,669006
82,728.8581620222941,5809.847292935551,245,27,2.9116,3.2935,167.3,38.714,0,263483,669106
80,719.5556297191166,5907.019983601196,202,34,2.9116,3.2935,167.3,38.714,0,263483,669206
78,724.0762309138673,6004.285520034603,151,31,2.9116,3.2935,167.3,38.714,0,263483,669306
30,348.54248374258066,348.54248374258066,133,31,2.6335,3.04,156.0,37.096,1,263583,660806
23,278.1447677731257,278.1447677731257,198,27,2.6335,3.04,156.0,37.096,1,263583,660906
26,228.84983944773924,228.84983944773924,236,31,2.6335,3.04,156.0,37.096,1,263583,661006
29,190.91783219475232,190.91783219475232,220,29,2.6335,3.04,156.0,37.096,1,263583,661106
31,158.0186724130838,167.51373591998237,177,19,2.6335,3.04,156.0,37.096,1,263583,661206
18,58.32579985612915,149.06336281534152,125,13,2.6335,3.04,156.0,37.096,1,263583,661306
8,31.422814542181236,117.9777013961618,50,11,2.6335,3.04,156.0,37.096,2,263583,661406
8,91.6592892356904,91.6592892356904,7,11,2.6335,3.04,156.0,37.096,2,263583,661506
6,78.7171653393724,78.7171653393724,4,16,2.6335,3.04,156.0,37.096,2,263583,661606
10,45.010393477446115,45.010393477446115,4,17,2.6335,3.04,156.0,37.096,2,263583,661706
7,14.904256866859123,14.904256866859123,3,12,2.6335,3.04,156.0,37.096,2,263583,661806
10,10.513746579868933,10.513746579868933,3,8,2.6335,3.04,156.0,37.096,2,263583,661906
10,14.05622583220615,14.05622583220615,2,6,2.6335,3.04,156.0,37.096,2,263583,662006
10,19.67084670277634,19.67084670277634,3,4,2.6335,3.04,156.0,37.096,2,263583,662106
15,12.56971757633696,12.56971757633696,4,4,2.6335,3.04,156.0,37.096,2,263583,662206
11,0.0,0.0,4,10,2.6335,3.04,156.0,37.096,2,263583,662306
11,6.212910957747184,6.212910957747184,5,12,2.6335,3.04,156.0,37.096,2,263583,662406
16,80.01389431733254,80.01389431733254,7,22,2.6335,3.04,156.0,37.096,1,263583,662506
18,145.11425733648886,171.0783432372181,12,39,2.6335,3.04,156.0,37.096,1,263583,662606
17,218.2665028185067,264.08045349304035,20,81,2.6335,3.04,156.0,37.096,1,263583,662706
23,301.58077752593323,355.67694884664013,73,93,2.6335,3.04,156.0,37.096,1,263583,662806
22,388.1920001042944,448.7240255608907,119,93,2.6335,3.04,156.0,37.096,1,263583,662906
23,475.5589911340864,542.2015955415604,151,85,2.6335,3.04,156.0,37.096,1,263583,663006
23,566.6332123572457,629.3458870952313,171,75,2.6335,3.04,156.0,37.096,1,263583,663106
22,641.2368130228501,719.8402051841458,143,55,2.6335,3.04,156.0,37.096,1,263583,663206
22,554.3082249460035,812.5660566350423,90,53,2.6335,3.04,156.0,37.096,1,263583,663306
20,472.5296337968288,906.8391653382052,62,51,2.6335,3.04,156.0,37.096,1,263583,663406
23,399.137697279449,999.37455818687,28,59,2.6335,3.04,156.0,37.096,1,263583,663506
32,339.6138218078248,1092.8234007785709,21,54,2.6335,3.04,156.0,37.096,1,263583,663606
28,301.8178068524246,1187.340078927381,3,45,2.6335,3.04,156.0,37.096,1,263583,663706
31,294.3998153642037,1282.6885595363035,3,41,2.6335,3.04,156.0,37.096,1,263583,663806
32,319.42766157552575,1378.4078870447015,19,18,2.6335,3.04,156.0,37.096,1,263583,663906
39,370.3874455257687,1461.660626524857,78,27,2.6335,3.04,156.0,37.096,0,263583,664006
37,438.56548955270057,1524.5276575314406,135,37,2.6335,3.04,156.0,37.096,0,263583,664106
32,438.327950976569,1587.6769946266763,148,37,2.6335,3.04,156.0,37.096,1,263583,664206
26,371.44934784505494,1650.4029283777895,134,43,2.6335,3.04,156.0,37.096,1,263583,664306
26,320.3549319868286,1709.4609686431618,134,46,2.6335,3.04,156.0,37.096,1,263583,664406
21,295.43179734425087,1771.3018336289124,89,49,2.6335,3.04,156.0,37.096,1,263583,664506
24,303.20391045602213,1835.7186261570305,94,64,2.6335,3.04,156.0,37.096,1,263583,664606
28,341.4458606420532,1902.9262448909408,115,64,2.6335,3.04,156.0,37.096,1,263583,664706
28,401.5444435966726,1972.6464169047351,139,56,2.6335,3.04,156.0,37.096,1,263583,664806
28,475.2795015747369,2044.2457181531745,163,32,2.6335,3.04,156.0,37.096,1,263583,664906
33,553.1691357796741,2118.054927387225,167,26,2.9116,3.2935,167.3,38.714,1,263583,665006
41,632.4992050324311,2193.476703529084,165,17,2.9116,3.2935,167.3,38.714,0,263583,665106
47,717.0177096516396,2270.495789528668,175,26,2.9116,3.2935,167.3,38.714,0,263583,665206
51,805.0922602668024,2349.170829583088,166,37,2.9116,3.2935,167.3,38.714,0,263583,665306
53,895.6744381352715,2429.306396756918,160,43,2.9116,3.2935,167.3,38.714,0,263583,665406
53,988.0748204039814,2510.867489949254,159,44,2.9116,3.2935,167.3,38.714,0,263583,665506
57,1081.8276213444478,2593.7196330451857,173,36,2.9116,3.2935,167.3,38.714,0,263583,665606
60,1176.6096013084425,2677.7429894603474,158,49,2.9116,3.2935,167.3,38.714,0,263583,665706
58,1201.758872067967,2762.8307042531624,149,45,2.9116,3.2935,167.3,38.714,0,263583,665806
64,1185.2665886660077,2848.825843766488,117,37,2.9116,3.2935,167.3,38.714,0,263583,665906
68,1098.3844506453136,2935.690426054307,95,33,2.9116,3.2935,167.3,38.714,0,263583,666006
78,1011.072157812881,3023.366975268136,67,23,2.9116,3.2935,167.3,38.714,0,263583,666106
79,923.2216635923776,3111.7868591304696,40,20,2.9116,3.2935,167.3,38.714,0,263583,666206
75,836.9140144137931,3200.888477621823,21,21,2.9116,3.2935,167.3,38.714,0,263583,666306
77,751.0094995128287,3290.616452230072,16,30,2.9116,3.2935,167.3,38.714,0,263583,666406
80,668.0865574234714,3380.920913775166,2,48,2.9116,3.2935,167.3,38.714,0,263583,666506
83,589.2942222881205,3471.7568772477975,5,56,2.9116,3.2935,167.3,38.714,0,263583,666606
87,515.743253023035,3563.0421443868117,8,48,2.9116,3.2935,167.3,38.714,0,263583,666706
84,451.11810009415575,3654.761738713498,19,35,2.9116,3.2935,167.3,38.714,0,263583,666806
86,394.0042081175879,3746.905044280099,35,29,2.9116,3.2935,167.3,38.714,0,263583,666906
85,339.7434958487566,3839.441555088344,40,15,2.9116,3.2935,167.3,38.714,0,263583,667006
81,304.73967259947153,3932.3435123379977,63,22,2.9116,3.2935,167.3,38.714,0,263583,667106
87,289.72565984596315,4025.4587725184847,90,27,2.9116,3.2935,167.3,38.714,0,263583,667206
91,301.54986253490455,4118.8050588150645,127,31,2.9116,3.2935,167.3,38.714,0,263583,667306
99,340.96367771647056,4212.426278687307,177,28,2.9116,3.2935,167.3,38.714,0,263583,667406
97,400.13827869044576,4306.218801432299,172,23,2.9116,3.2935,167.3,38.714,0,263583,667506
88,473.0296286867083,4400.284715588603,132,13,2.9116,3.2935,167.3,38.714,0,263583,667606
87,529.999719616144,4494.566320628989,83,8,2.9116,3.2935,167.3,38.714,0,263583,667706
87,595.8911654908292,4589.083343105214,23,1,2.9116,3.2935,167.3,38.714,0,263583,667806
92,669.100086783808,4683.828076413464,1,1,2.9116,3.2935,167.3,38.714,0,263583,667906
93,646.4058750251445,4778.786976716202,0,2,2.9116,3.2935,167.3,38.714,0,263583,668006
93,602.2096162853,4873.947526211757,1,14,2.9116,3.2935,167.3,38.714,0,263583,668106
91,572.2519450608739,4969.298140351314,2,15,2.9116,3.2935,167.3,38.714,0,263583,668206
87,558.8274825967483,5064.828084657202,4,33,2.9116,3.2935,167.3,38.714,0,263583,668306
88,561.9289533453463,5160.5274000402005,5,69,2.9116,3.2935,167.3,38.714,0,263583,668406
92,581.2826624564433,5256.386835650416,27,89,2.9116,3.2935,167.3,38.714,0,263583,668506
95,616.4535008718065,5352.397788415236,87,100,2.9116,3.2935,167.3,38.714,0,263583,668606
104,664.9361808792804,5448.55224852122,149,92,2.9116,3.2935,167.3,38.714,0,263583,668706
104,723.0698127047202,5544.842750186786,198,41,2.9116,3.2935,167.3,38.714,0,263583,668806
105,693.3176857537612,5641.2623271509265,236,34,2.9116,3.2935,167.3,38.714,0,263583,668906
99,656.3832307249747,5737.804472371432,231,31,2.9116,3.2935,167.3,38.714,0,263583,669006
87,630.3689629819294,5834.463101485769,220,21,2.9116,3.2935,167.3,38.714,0,263583,669106
80,619.5894716704528,5931.232519639763,217,23,2.9116,3.2935,167.3,38.714,0,263583,669206
30,278.9956108150098,278.9956108150098,154,56,2.6335,3.04,156.0,37.096,1,263683,660806
26,207.2994952042059,207.2994952042059,181,38,2.6335,3.04,156.0,37.096,1,263683,660906
27,138.48078899517947,138.48078899517947,212,25,2.6335,3.04,156.0,37.096,1,263683,661006
26,96.86612703680684,96.86612703680684,223,13,2.6335,3.04,156.0,37.096,1,263683,661106
13,67.95317215567104,67.95317215567104,187,11,2.6335,3.04,156.0,37.096,2,263683,661206
10,51.5400124690302,51.5400124690302,104,5,2.6335,3.04,156.0,37.096,2,263683,661306
10,26.59386730137087,26.59386730137087,40,7,2.6335,3.04,156.0,37.096,2,263683,661406
8,0.0,0.0,12,11,2.6335,3.04,156.0,37.096,2,263683,661506
8,0.0,0.0,9,20,2.6335,3.04,156.0,37.096,2,263683,661606
9,7.239414765302171,7.239414765302171,9,22,2.6335,3.04,156.0,37.096,2,263683,661706
9,28.37017962224644,28.37017962224644,7,20,2.6335,3.04,156.0,37.096,2,263683,661806
14,47.71121415215871,47.71121415215871,2,18,2.6335,3.04,156.0,37.096,2,263683,661906
11,46.62292476915981,46.62292476915981,5,23,2.6335,3.04,156.0,37.096,2,263683,662006
12,40.12410070577354,40.12410070577354,7,18,2.6335,3.04,156.0,37.096,2,263683,662106
16,44.87478260182649,44.87478260182649,9,14,2.6335,3.04,156.0,37.096,1,263683,662206
13,52.11422827610715,52.11422827610715,8,12,2.6335,3.04,156.0,37.096,2,263683,662306
14,88.72858170956762,88.72858170956762,10,13,2.6335,3.04,156.0,37.096,2,263683,662406
17,146.56942198032013,146.56942198032013,8,15,2.6335,3.04,156.0,37.096,1,263683,662506
17,220.4793226384203,220.4793226384203,10,32,2.6335,3.04,156.0,37.096,1,263683,662606
16,285.5555010877946,303.0982586935389,21,79,2.6335,3.04,156.0,37.096,1,263683,662706
22,358.3339709687319,393.8332567170842,60,98,2.6335,3.04,156.0,37.096,1,263683,662806
24,438.9296722982523,486.83528608072896,101,95,2.6335,3.04,156.0,37.096,1,263683,662906
25,525.1277367305938,579.0970133909972,154,79,2.6335,3.04,156.0,37.096,1,263683,663006
25,611.367144093189,671.036858055784,180,72,2.6335,3.04,156.0,37.096,1,263683,663106
25,601.8120148415019,764.927048327852,166,52,2.6335,3.04,156.0,37.096,1,263683,663206
22,508.2439596979167,852.9466112543697,126,63,2.6335,3.04,156.0,37.096,1,263683,663306
25,417.6658628519035,943.19223758796,93,67,2.6335,3.04,156.0,37.096,1,263683,663406
31,332.4078446480601,1035.2319896728716,54,78,2.6335,3.04,156.0,37.096,1,263683,663506
27,257.91785854598123,1128.6270189207426,26,60,2.6335,3.04,156.0,37.096,1,263683,663606
24,206.07135529518848,1222.3633781435692,17,50,2.6335,3.04,156.0,37.096,1,263683,663706
27,195.0290152705424,1315.175161704553,30,43,2.6335,3.04,156.0,37.096,1,263683,663806
40,230.8861798239601,1408.9709662383525,51,31,2.6335,3.04,156.0,37.096,0,263683,663906
40,297.4083284846292,1503.566646823703,80,24,2.6335,3.04,156.0,37.096,0,263683,664006
40,378.75883738585503,1598.820233540567,131,40,2.6335,3.04,156.0,37.096,0,263683,664106
33,467.4021822197112,1665.442720428881,145,44,2.6335,3.04,156.0,37.096,1,263683,664206
27,454.7730336718164,1728.436559334759,131,45,2.6335,3.04,156.0,37.096,1,263683,664306
24,414.0907830281133,1790.0030679927258,110,32,2.6335,3.04,156.0,37.096,1,263683,664406
23,395.12509540980176,1849.7136580652768,97,42,2.6335,3.04,156.0,37.096,1,263683,664506
25,400.9694570118451,1911.9759637989016,108,60,2.6335,3.04,156.0,37.096,1,263683,664606
23,430.61487420912766,1976.867414559572,117,60,2.6335,3.04,156.0,37.096,1,263683,664706
24,479.6684629240407,2044.2817992484704,130,51,2.6335,3.04,156.0,37.096,1,263683,664806
28,542.8945558372093,2114.0677727849375,148,41,2.6335,3.04,156.0,37.096,1,263683,664906
32,615.9441234328401,2185.6134221544253,169,27,2.9116,3.2935,167.3,38.714,1,263683,665006
39,694.251460471328,2259.230433210232,181,16,2.9116,3.2935,167.3,38.714,0,263683,665106
48,772.0390158236808,2334.461070879068,176,26,2.9116,3.2935,167.3,38.714,0,263683,665206
54,854.46087888295,2411.1572094173607,159,51,2.9116,3.2935,167.3,38.714,0,263683,665306
53,940.2991785218412,2489.4175932575868,150,56,2.9116,3.2935,167.3,38.714,0,263683,665406
53,1028.699031163282,2569.092409451999,161,51,2.9116,3.2935,167.3,38.714,0,263683,665506
57,1119.053550239532,2650.124863296797,161,45,2.9116,3.2935,167.3,38.714,0,263683,665606
60,1210.9252660222787,2732.414275658772,159,33,2.9116,3.2935,167.3,38.714,0,263683,665706
65,1225.4879079284033,2815.8504499677956,159,38,2.9116,3.2935,167.3,38.714,0,263683,665806
64,1137.6550644699005,2900.3344185358737,131,26,2.9116,3.2935,167.3,38.714,0,263683,665906
68,1049.5294525752863,2985.769551055682,104,25,2.9116,3.2935,167.3,38.714,0,263683,666006
80,961.9897476238737,3072.017155148442,75,18,2.9116,3.2935,167.3,38.714,0,263683,666106
77,875.10760960318,3159.0756545295653,40,10,2.9116,3.2935,167.3,38.714,0,263683,666206
77,787.5126839057327,3246.8798223150297,16,13,2.9116,3.2935,167.3,38.714,0,263683,666306
80,700.1142067962661,3335.370769505477,9,12,2.9116,3.2935,167.3,38.714,0,263683,666406
84,613.6419933921742,3424.495256178147,0,13,2.9116,3.2935,167.3,38.714,0,263683,666506
90,529.0743820404446,3514.2050806834977,0,28,2.9116,3.2935,167.3,38.714,0,263683,666606
96,448.34675167987666,3604.45653859452,1,32,2.9116,3.2935,167.3,38.714,0,263683,666706
92,374.3263098094421,3695.2099437152233,11,19,2.9116,3.2935,167.3,38.714,0,263683,666806
86,311.3130619403845,3786.40375837415,30,17,2.9116,3.2935,167.3,38.714,0,263683,666906
86,254.65029550034032,3877.9978681682423,43,28,2.9116,3.2935,167.3,38.714,0,263683,667006
84,208.30140310408552,3969.997671234201,74,30,2.9116,3.2935,167.3,38.714,0,263683,667106
84,189.85180393932413,4062.3756047037946,116,33,2.9116,3.2935,167.3,38.714,0,263683,667206
90,206.73677866190303,4155.106448429458,148,42,2.9116,3.2935,167.3,38.714,0,263683,667306
99,258.9980516047322,4248.162366808736,202,34,2.9116,3.2935,167.3,38.714,0,263683,667406
98,332.7557336503457,4341.327018095336,208,24,2.9116,3.2935,167.3,38.714,0,263683,667506
92,390.10987882177295,4434.7894043933,154,16,2.9116,3.2935,167.3,38.714,0,263683,667606
89,454.5052246910092,4528.457685431738,96,9,2.9116,3.2935,167.3,38.714,0,263683,667706
85,528.3783155046254,4622.327792485017,28,1,2.9116,3.2935,167.3,38.714,0,263683,667806
88,608.7967467048512,4716.447495536033,0,1,2.9116,3.2935,167.3,38.714,0,263683,667906
92,562.3125056090006,4810.762838074723,0,1,2.9116,3.2935,167.3,38.714,0,263683,668006
95,510.8925725078979,4905.303110270973,0,0,2.9116,3.2935,167.3,38.714,0,263683,668106
88,475.2126758864952,5000.055811995243,0,1,2.9116,3.2935,167.3,38.714,0,263683,668206
91,458.958553687224,5095.009091503246,1,18,2.9116,3.2935,167.3,38.714,0,263683,668306
87,462.6384992062912,5190.15194015879,4,63,2.9116,3.2935,167.3,38.714,0,263683,668406
90,485.962720805315,5285.474120773592,40,75,2.9116,3.2935,167.3,38.714,0,263683,668506
95,527.5273936746408,5380.966102922476,98,75,2.9116,3.2935,167.3,38.714,0,263683,668606
102,582.6756724153843,5476.61900448023,159,68,2.9116,3.2935,167.3,38.714,0,263683,668706
103,648.1725368136622,5572.424538714486,198,47,2.9116,3.2935,167.3,38.714,0,263683,668806
106,604.2033204607422,5668.374966346234,207,34,2.9116,3.2935,167.3,38.714,0,263683,668906
105,562.4630922439712,5764.46305205732,203,29,2.9116,3.2935,167.3,38.714,0,263683,669006
90,532.4432726923211,5860.682024983723,232,19,2.9116,3.2935,167.3,38.714,0,263683,669106
82,519.6363368253486,5957.025542785648,271,22,2.9116,3.2935,167.3,38.714,0,263683,669206
24,139.08303627675792,139.08303627675792,136,60,2.6335,3.04,156.0,37.096,1,263783,660906
19,66.66553667992895,66.66553667992895,157,15,2.6335,3.04,156.0,37.096,1,263783,661006
16,5.244527044234948,5.244527044234948,175,9,2.6335,3.04,156.0,37.096,1,263783,661106
10,0.0,0.0,132,15,2.6335,3.04,156.0,37.096,2,263783,661206
8,2.408271999063155,2.408271999063155,68,14,2.6335,3.04,156.0,37.096,2,263783,661306
9,22.632644947195217,22.632644947195217,25,13,2.6335,3.04,156.0,37.096,2,263783,661406
12,34.54296038388268,34.54296038388268,11,22,2.6335,3.04,156.0,37.096,2,263783,661506
9,64.66242960683613,64.66242960683613,11,34,2.6335,3.04,156.0,37.096,2,263783,661606
12,94.5053134613399,94.5053134613399,11,31,2.6335,3.04,156.0,37.096,2,263783,661706
12,128.1230448466311,128.1230448466311,10,30,2.6335,3.04,156.0,37.096,2,263783,661806
15,147.28175550977858,147.28175550977858,8,29,2.6335,3.04,156.0,37.096,2,263783,661906
13,146.4113638208926,146.4113638208926,4,30,2.6335,3.04,156.0,37.096,2,263783,662006
15,140.07458609428593,140.07458609428593,12,25,2.6335,3.04,156.0,37.096,2,263783,662106
13,144.67926692843804,144.67926692843804,16,24,2.6335,3.04,156.0,37.096,2,263783,662206
16,151.45528179530768,151.45528179530768,14,19,2.6335,3.04,156.0,37.096,1,263783,662306
17,177.49709541564437,177.49709541564437,12,15,2.6335,3.04,156.0,37.096,1,263783,662406
16,227.69070678060737,227.69070678060737,10,19,2.6335,3.04,156.0,37.096,1,263783,662506
17,287.9019579011927,287.9019579011927,11,21,2.6335,3.04,156.0,37.096,1,263783,662606
20,361.340822818171,361.340822818171,19,48,2.6335,3.04,156.0,37.096,1,263783,662706
22,426.6447476773648,440.5664602406273,46,60,2.6335,3.04,156.0,37.096,1,263783,662806
22,498.88578980504224,526.6259446346007,85,68,2.6335,3.04,156.0,37.096,1,263783,662906
26,578.2452326431718,616.9043404253329,142,67,2.6335,3.04,156.0,37.096,1,263783,663006
26,661.4132080133421,709.5901186684175,168,65,2.6335,3.04,156.0,37.096,1,263783,663106
27,577.0011981603806,802.5170779353542,172,55,2.6335,3.04,156.0,37.096,1,263783,663206
26,478.6925651425363,893.9947001836741,139,62,2.6335,3.04,156.0,37.096,1,263783,663306
27,381.2646864934751,986.9522546019977,103,68,2.6335,3.04,156.0,37.096,1,263783,663406
30,285.60820223785765,1076.549858435243,72,63,2.6335,3.04,156.0,37.096,1,263783,663506
31,194.17740560160507,1166.6418786812053,52,60,2.6335,3.04,156.0,37.096,1,263783,663606
27,117.18507637215788,1258.2316752048018,54,53,2.6335,3.04,156.0,37.096,1,263783,663706
26,96.96072559710814,1351.014664570504,91,49,2.6335,3.04,156.0,37.096,1,263783,663806
33,156.6989458694617,1444.760983443428,120,31,2.6335,3.04,156.0,37.096,1,263783,663906
38,244.05143450195905,1537.890902060336,124,31,2.6335,3.04,156.0,37.096,0,263783,664006
36,338.4784272717059,1631.1412889072462,133,34,2.6335,3.04,156.0,37.096,0,263783,664106
33,435.4011814111108,1725.147930502202,149,41,2.6335,3.04,156.0,37.096,1,263783,664206
28,533.4610874469239,1806.4369159981209,145,43,2.6335,3.04,156.0,37.096,1,263783,664306
24,510.21081008675856,1869.2960279268675,128,33,2.6335,3.04,156.0,37.096,1,263783,664406
21,494.94215335042475,1929.5840994738169,128,42,2.6335,3.04,156.0,37.096,1,263783,664506
23,499.62025539095623,1990.1317620579891,114,39,2.6335,3.04,156.0,37.096,1,263783,664606
24,523.7108591872936,2052.75278260007,119,51,2.6335,3.04,156.0,37.096,1,263783,664706
24,564.7350958320743,2118.052566645842,105,47,2.6335,3.04,156.0,37.096,1,263783,664806
26,619.3370591997794,2185.6458670110283,116,28,2.6335,3.04,156.0,37.096,1,263783,664906
29,684.2741097922675,2255.489128709922,162,26,2.9116,3.2935,167.3,38.714,1,263783,665006
36,756.8908255262241,2326.9876462962948,176,14,2.9116,3.2935,167.3,38.714,0,263783,665106
45,835.1864379882721,2400.4348825280144,182,23,2.9116,3.2935,167.3,38.714,0,263783,665206
53,912.1585605262596,2475.495290638799,168,32,2.9116,3.2935,167.3,38.714,0,263783,665306
57,993.0218482635536,2551.902632700397,154,36,2.9116,3.2935,167.3,38.714,0,263783,665406
53,1077.1033110691794,2629.777160118001,149,36,2.9116,3.2935,167.3,38.714,0,263783,665506
55,1163.7055874677303,2709.0481810561582,148,28,2.9116,3.2935,167.3,38.714,0,263783,665606
62,1252.3058116494713,2789.5999767069948,156,24,2.9116,3.2935,167.3,38.714,0,263783,665706
65,1182.772141184118,2871.3749342089845,164,26,2.9116,3.2935,167.3,38.714,0,263783,665806
65,1091.507384856622,2954.271483050202,137,30,2.9116,3.2935,167.3,38.714,0,263783,665906
69,1001.9115751561212,3038.1978175101804,105,29,2.9116,3.2935,167.3,38.714,0,263783,666006
76,914.4753893173388,3123.0709183564195,68,24,2.9116,3.2935,167.3,38.714,0,263783,666106
78,825.9735695003768,3208.7848985910114,39,10,2.9116,3.2935,167.3,38.714,0,263783,666206
79,738.7129065817398,3295.2648019454837,17,11,2.9116,3.2935,167.3,38.714,0,263783,666306
82,651.814932253666,3382.4901632459896,12,14,2.9116,3.2935,167.3,38.714,0,263783,666406
92,563.9532099985846,3470.4047737938236,1,14,2.9116,3.2935,167.3,38.714,0,263783,666506
98,477.2051913837296,3558.9575557297726,0,13,2.9116,3.2935,167.3,38.714,0,263783,666606
103,390.5808933246547,3648.102037087383,0,11,2.9116,3.2935,167.3,38.714,0,263783,666706
97,307.834272071245,3737.795882939061,7,7,2.9116,3.2935,167.3,38.714,0,263783,666806
88,232.9147255806865,3828.0004770155488,27,27,2.9116,3.2935,167.3,38.714,0,263783,666906
87,171.8721596311335,3918.680548545178,42,32,2.9116,3.2935,167.3,38.714,0,263783,667006
85,116.43275840796107,4009.792702894155,73,38,2.9116,3.2935,167.3,38.714,0,263783,667106
85,90.25772512562236,4101.2743829535175,119,46,2.9116,3.2935,167.3,38.714,0,263783,667206
92,118.5299092918838,4193.145073612204,149,46,2.9116,3.2935,167.3,38.714,0,263783,667306
95,194.15387438543297,4285.379755919636,210,44,2.9116,3.2935,167.3,38.714,0,263783,667406
98,251.93596868149945,4377.955424228688,213,32,2.9116,3.2935,167.3,38.714,0,263783,667506
93,313.15126924991176,4470.85089671093,163,20,2.9116,3.2935,167.3,38.714,0,263783,667606
90,388.0280857559338,4563.955022079919,99,8,2.9116,3.2935,167.3,38.714,0,263783,667706
86,470.839652888885,4657.244059188122,33,0,2.9116,3.2935,167.3,38.714,0,263783,667806
87,556.5377668964222,4750.806143184292,0,0,2.9116,3.2935,167.3,38.714,0,263783,667906
89,484.3037813826378,4844.514719155693,0,0,2.9116,3.2935,167.3,38.714,0,263783,668006
92,423.51625628892594,4938.4519919251825,0,0,2.9116,3.2935,167.3,38.714,0,263783,668106
87,379.7128994654416,5032.61286395405,0,1,2.9116,3.2935,167.3,38.714,0,263783,668206
87,359.16257140731966,5126.96321011465,1,22,2.9116,3.2935,167.3,38.714,0,263783,668306
91,363.73701116040246,5221.52384628304,15,49,2.9116,3.2935,167.3,38.714,0,263783,668406
90,392.97582413242384,5316.28355119775,51,56,2.9116,3.2935,167.3,38.714,0,263783,668506
97,442.93557590760463,5411.231866790507,92,56,2.9116,3.2935,167.3,38.714,0,263783,668606
100,506.76288603185947,5506.35903620554,151,57,2.9116,3.2935,167.3,38.714,0,263783,668706
102,580.5754169632876,5601.655947577978,184,51,2.9116,3.2935,167.3,38.714,0,263783,668806
106,519.0702183063689,5697.114082978245,194,39,2.9116,3.2935,167.3,38.714,0,263783,668906
106,469.8273148628237,5792.725471995232,191,35,2.9116,3.2935,167.3,38.714,0,263783,669006
96,435.4614193929305,5888.48264948923,237,31,2.9116,3.2935,167.3,38.714,0,263783,669106
15,1.1438611621880022,1.1438611621880022,98,30,2.6335,3.04,156.0,37.096,2,263883,661006
11,37.23875982274823,37.23875982274823,82,19,2.6335,3.04,156.0,37.096,2,263883,661106
11,84.70356321957836,84.70356321957836,51,19,2.6335,3.04,156.0,37.096,2,263883,661206
12,101.1836127127316,101.1836127127316,17,22,2.6335,3.04,156.0,37.096,2,263883,661306
9,119.79282852614264,119.79282852614264,15,26,2.6335,3.04,156.0,37.096,2,263883,661406
10,133.61052351796351,133.61052351796351,20,32,2.6335,3.04,156.0,37.096,2,263883,661506
9,155.93521410054274,155.93521410054274,20,40,2.6335,3.04,156.0,37.096,2,263883,661606
11,190.10105919212364,190.10105919212364,16,38,2.6335,3.04,156.0,37.096,2,263883,661706
12,226.0880266660568,226.0880266660568,13,29,2.6335,3.04,156.0,37.096,2,263883,661806
13,246.8522968673984,246.8522968673984,9,44,2.6335,3.04,156.0,37.096,2,263883,661906
12,245.91095734482073,245.91095734482073,7,36,2.6335,3.04,156.0,37.096,2,263883,662006
16,240.02881813774263,240.02881813774263,13,28,2.6335,3.04,156.0,37.096,1,263883,662106
15,244.4837512550496,244.4837512550496,17,34,2.6335,3.04,156.0,37.096,2,263883,662206
19,250.7963353145082,250.7963353145082,16,37,2.6335,3.04,156.0,37.096,1,263883,662306
17,268.96210917082254,268.96210917082254,12,31,2.6335,3.04,156.0,37.096,1,263883,662406
18,312.04678114235486,312.04678114235486,11,28,2.6335,3.04,156.0,37.096,1,263883,662506
21,366.7339611071014,366.7339611071014,15,32,2.6335,3.04,156.0,37.096,1,263883,662606
22,429.2929993221822,429.2929993221822,26,47,2.6335,3.04,156.0,37.096,1,263883,662706
21,502.2023229979218,502.2023229979218,59,53,2.6335,3.04,156.0,37.096,1,263883,662806
22,567.8992315894282,579.9388393226109,92,56,2.6335,3.04,156.0,37.096,1,263883,662906
27,639.8209341593798,662.9970867418547,132,45,2.6335,3.04,156.0,37.096,1,263883,663006
27,668.9296400271417,750.2007842581316,157,39,2.6335,3.04,156.0,37.096,1,263883,663106
27,568.9315007547639,840.2602551441103,163,47,2.6335,3.04,156.0,37.096,1,263883,663206
25,468.93415507434986,932.3483126215089,145,63,2.6335,3.04,156.0,37.096,1,263883,663306
30,368.9382482740451,1025.3470615119284,122,56,2.6335,3.04,156.0,37.096,1,263883,663406
30,268.94538531781416,1117.211968716598,102,54,2.6335,3.04,156.0,37.096,1,263883,663506
32,168.96097042800764,1209.549838556099,88,57,2.6335,3.04,156.0,37.096,1,263883,663606
30,69.02172681265387,1300.154326894916,93,49,2.6335,3.04,156.0,37.096,1,263883,663706
26,25.08116774865745,1390.1420607763228,153,41,2.6335,3.04,156.0,37.096,1,263883,663806
28,124.8559304501804,1481.4144000026836,178,33,2.6335,3.04,156.0,37.096,1,263883,663906
33,224.82637463530816,1573.7478514460888,179,31,2.6335,3.04,156.0,37.096,1,263883,664006
34,324.81501519285035,1666.9660990335258,172,36,2.6335,3.04,156.0,37.096,1,263883,664106
30,424.8090035037007,1760.832515407218,164,39,2.6335,3.04,156.0,37.096,1,263883,664206
29,524.8052827676975,1853.6570947867756,158,43,2.6335,3.04,156.0,37.096,1,263883,664306
25,607.5845331062475,1946.8673538858632,173,37,2.6335,3.04,156.0,37.096,1,263883,664406
22,594.820669869252,2010.2343993677323,141,26,2.6335,3.04,156.0,37.096,1,263883,664506
24,598.7188770512206,2069.4150406482,119,35,2.6335,3.04,156.0,37.096,1,263883,664606
23,618.9644239948235,2130.629765632034,99,35,2.6335,3.04,156.0,37.096,1,263883,664706
28,654.0409945905627,2193.6125197490837,94,16,2.6335,3.04,156.0,37.096,1,263883,664806
25,701.7280720042355,2259.267265155371,108,10,2.6335,3.04,156.0,37.096,1,263883,664906
29,759.6544948017819,2327.016896635307,147,7,2.9116,3.2935,167.3,38.714,1,263883,665006
37,825.6679816405135,2396.910484671762,179,13,2.9116,3.2935,167.3,38.714,0,263883,665106
46,897.986792965291,2468.367270267851,193,15,2.9116,3.2935,167.3,38.714,0,263883,665206
53,975.209180009016,2541.66345139778,176,26,2.9116,3.2935,167.3,38.714,0,263883,665306
56,1052.6263520968296,2616.5713016273603,166,32,2.9116,3.2935,167.3,38.714,0,263883,665406
56,1132.2903288097557,2692.7188361195945,151,41,2.9116,3.2935,167.3,38.714,0,263883,665506
57,1214.9652424261074,2770.244731090775,156,32,2.9116,3.2935,167.3,38.714,0,263883,665606
62,1242.4334308962043,2849.1486950075946,171,25,2.9116,3.2935,167.3,38.714,0,263883,665706
66,1147.204978826274,2929.261727641193,159,25,2.9116,3.2935,167.3,38.714,0,263883,665806
71,1052.861670248789,3010.564772892862,133,32,2.9116,3.2935,167.3,38.714,0,263883,665906
72,959.6645924042152,3092.9639885623365,94,32,2.9116,3.2935,167.3,38.714,0,263883,666006
73,867.9830431233246,3176.374067597112,63,26,2.9116,3.2935,167.3,38.714,0,263883,666106
75,778.3527454727101,3260.7174364031316,34,27,2.9116,3.2935,167.3,38.714,0,263883,666206
82,691.5717096731067,3345.923517180779,20,16,2.9116,3.2935,167.3,38.714,0,263883,666306
91,602.4554781918808,3431.877217914448,11,18,2.9116,3.2935,167.3,38.714,0,263883,666406
101,515.4360655396063,3518.5580609612352,5,17,2.9116,3.2935,167.3,38.714,0,263883,666506
103,428.5063141402519,3605.9285098113583,0,13,2.9116,3.2935,167.3,38.714,0,263883,666606
108,340.399453555694,3693.939632341796,0,2,2.9116,3.2935,167.3,38.714,0,263883,666706
97,253.9608387570964,3782.5467078280103,6,10,2.9116,3.2935,167.3,38.714,0,263883,666806
91,168.52841400431703,3871.708819941861,11,20,2.9116,3.2935,167.3,38.714,0,263883,666906
89,91.53334129757644,3961.3884909120784,23,30,2.9116,3.2935,167.3,38.714,0,263883,667006
86,33.508464279514556,4051.551352932078,43,32,2.9116,3.2935,167.3,38.714,0,263883,667106
85,0.0,4142.165853145046,78,35,2.9116,3.2935,167.3,38.714,0,263883,667206
88,59.34358849937178,4233.202717877591,111,38,2.9116,3.2935,167.3,38.714,0,263883,667306
90,112.59722260072049,4324.585027840715,176,40,2.9116,3.2935,167.3,38.714,0,263883,667406
97,171.8666307899166,4416.33894839511,172,38,2.9116,3.2935,167.3,38.714,0,263883,667506
91,248.24506817304024,4508.44360630131,137,30,2.9116,3.2935,167.3,38.714,0,263883,667606
90,335.7774242956794,4600.877937447016,84,12,2.9116,3.2935,167.3,38.714,0,263883,667706
89,428.30061726305195,4693.622464512272,30,1,2.9116,3.2935,167.3,38.714,0,263883,667806
88,498.0854190591267,4786.659156808827,0,0,2.9116,3.2935,167.3,38.714,0,263883,667906
87,415.8184115197057,4879.804032168407,0,0,2.9116,3.2935,167.3,38.714,0,263883,668006
87,343.104675045731,4973.200596762771,2,7,2.9116,3.2935,167.3,38.714,0,263883,668106
87,287.29198512611185,5066.826571637606,2,13,2.9116,3.2935,167.3,38.714,0,263883,668206
87,259.5237010316543,5160.592671339847,26,19,2.9116,3.2935,167.3,38.714,0,263883,668306
87,265.65926603067305,5254.588654873013,53,34,2.9116,3.2935,167.3,38.714,0,263883,668406
93,304.46712579950383,5348.785367922716,95,42,2.9116,3.2935,167.3,38.714,0,263883,668506
97,365.3622966853866,5443.166764994204,127,45,2.9116,3.2935,167.3,38.714,0,263883,668606
99,440.0630129189991,5537.745385169924,146,47,2.9116,3.2935,167.3,38.714,0,263883,668706
103,512.3497988199733,5632.511293411148,163,40,2.9116,3.2935,167.3,38.714,0,263883,668806
103,440.2341770120268,5727.455193175887,174,39,2.9116,3.2935,167.3,38.714,0,263883,668906
96,380.9329926221224,5822.568377380446,190,50,2.9116,3.2935,167.3,38.714,0,263883,669006
12,0.0,0.0,50,49,2.6335,3.04,156.0,37.096,2,263983,661006
10,86.25202821951854,86.25202821951854,35,26,2.6335,3.04,156.0,37.096,2,263983,661106
11,176.21684091660336,176.21684091660336,12,25,2.6335,3.04,156.0,37.096,2,263983,661206
9,199.43422194786788,199.43422194786788,19,28,2.6335,3.04,156.0,37.096,2,263983,661306
11,217.43309956078835,217.43309956078835,20,35,2.6335,3.04,156.0,37.096,2,263983,661406
12,233.0254184478051,233.0254184478051,22,39,2.6335,3.04,156.0,37.096,2,263983,661506
8,250.16195373090315,250.16195373090315,23,40,2.6335,3.04,156.0,37.096,2,263983,661606
12,286.21566048472914,286.21566048472914,22,38,2.6335,3.04,156.0,37.096,2,263983,661706
13,318.06650947824835,318.06650947824835,16,29,2.6335,3.04,156.0,37.096,2,263983,661806
14,343.8459752910367,343.8459752910367,11,41,2.6335,3.04,156.0,37.096,2,263983,661906
15,345.4105508687488,345.4105508687488,6,29,2.6335,3.04,156.0,37.096,2,263983,662006
18,340.0051734799489,340.0051734799489,13,36,2.6335,3.04,156.0,37.096,1,263983,662106
19,344.2882355816612,344.2882355816612,14,44,2.6335,3.04,156.0,37.096,1,263983,662206
17,350.1733786049607,350.1733786049607,13,40,2.6335,3.04,156.0,37.096,1,263983,662306
24,364.7992254291861,364.7992254291861,10,45,2.6335,3.04,156.0,37.096,1,263983,662406
26,401.0978596391741,401.0978596391741,17,58,2.6335,3.04,156.0,37.096,1,263983,662506
26,449.25373160443195,449.25373160443195,16,58,2.6335,3.04,156.0,37.096,1,263983,662606
23,505.988460062918,505.988460062918,35,42,2.6335,3.04,156.0,37.096,1,263983,662706
22,570.6990635796857,570.6990635796857,60,34,2.6335,3.04,156.0,37.096,1,263983,662806
25,643.1331182151681,643.1331182151681,95,33,2.6335,3.04,156.0,37.096,1,263983,662906
25,704.7281834598858,720.1106226273556,106,20,2.6335,3.04,156.0,37.096,1,263983,663006
29,618.4985457265664,801.1213319429755,122,29,2.6335,3.04,156.0,37.096,1,263983,663106
29,537.0652563414285,886.0200156697458,140,48,2.6335,3.04,156.0,37.096,1,263983,663206
28,462.96622778804414,973.7902997261504,151,50,2.6335,3.04,156.0,37.096,1,263983,663306
26,381.2414528290107,1063.721593046825,119,57,2.6335,3.04,156.0,37.096,1,263983,663406
28,285.52146615458616,1155.3093556218632,123,52,2.6335,3.04,156.0,37.096,1,263983,663506
27,194.0104179016918,1248.101894099617,117,46,2.6335,3.04,156.0,37.096,1,263983,663606
30,117.10983575711116,1340.559078194891,160,43,2.6335,3.04,156.0,37.096,1,263983,663706
26,97.51026907298944,1432.4618218431528,209,36,2.6335,3.04,156.0,37.096,1,263983,663806
27,157.6937493765656,1523.7594789828877,231,27,2.6335,3.04,156.0,37.096,1,263983,663906
29,245.01892564267615,1613.6717835997724,240,30,2.6335,3.04,156.0,37.096,1,263983,664006
30,339.3031839603409,1704.7082743337469,216,32,2.6335,3.04,156.0,37.096,1,263983,664106
30,436.1200189348877,1796.6980759097537,179,40,2.6335,3.04,156.0,37.096,1,263983,664206
32,534.1111225072068,1889.5019585524856,149,39,2.6335,3.04,156.0,37.096,1,263983,664306
28,632.7188173496096,1983.0056295355164,158,34,2.6335,3.04,156.0,37.096,1,263983,664406
22,694.7341386777075,2076.407316912726,136,28,2.6335,3.04,156.0,37.096,1,263983,664506
26,698.0746291608262,2150.38101526415,126,23,2.6335,3.04,156.0,37.096,1,263983,664606
23,715.5143969982672,2209.4484433857697,83,21,2.6335,3.04,156.0,37.096,1,263983,664706
25,746.0653568860861,2271.0625483515,83,14,2.6335,3.04,156.0,37.096,1,263983,664806
25,788.2044031717484,2334.540166098565,85,12,2.6335,3.04,156.0,37.096,1,263983,664906
28,840.189767619852,2400.5033312251603,129,11,2.9116,3.2935,167.3,38.714,1,263983,665006
37,900.3174495959021,2468.393691952328,175,9,2.9116,3.2935,167.3,38.714,0,263983,665106
44,967.069891207786,2538.3318406642966,197,13,2.9116,3.2935,167.3,38.714,0,263983,665206
54,1039.1712269469397,2609.7514164846334,173,32,2.9116,3.2935,167.3,38.714,0,263983,665306
55,1115.584825707206,2682.9123308608623,163,38,2.9116,3.2935,167.3,38.714,0,263983,665406
57,1193.3194185615262,2757.677233193192,162,44,2.9116,3.2935,167.3,38.714,0,263983,665506
59,1272.0339564270462,2833.5730139710217,163,41,2.9116,3.2935,167.3,38.714,0,263983,665606
65,1216.8689969306647,2910.8046702577117,178,22,2.9116,3.2935,167.3,38.714,0,263983,665706
69,1119.4679937034025,2989.365265986943,159,30,2.9116,3.2935,167.3,38.714,0,263983,665806
70,1022.5688349258446,3069.084636826307,125,30,2.9116,3.2935,167.3,38.714,0,263983,665906
74,926.3290211349732,3149.953410887731,109,33,2.9116,3.2935,167.3,38.714,0,263983,666006
76,830.9776703571257,3231.893017029375,81,39,2.9116,3.2935,167.3,38.714,0,263983,666106
81,736.8597708298602,3314.8240460517995,52,32,2.9116,3.2935,167.3,38.714,0,263983,666206
90,644.5159075637407,3398.6739236124445,36,19,2.9116,3.2935,167.3,38.714,0,263983,666306
93,554.8325768535864,3483.3762963256204,21,13,2.9116,3.2935,167.3,38.714,0,263983,666406
100,468.62323770576455,3568.864295926593,10,14,2.9116,3.2935,167.3,38.714,0,263983,666506
103,379.0420410635499,3655.032414665387,0,2,2.9116,3.2935,167.3,38.714,0,263983,666606
104,292.1592244974726,3741.888766621714,0,3,2.9116,3.2935,167.3,38.714,0,263983,666706
91,205.19769602683783,3829.386521531203,4,9,2.9116,3.2935,167.3,38.714,0,263983,666806
90,117.01901731215584,3917.482702042209,4,13,2.9116,3.2935,167.3,38.714,0,263983,666906
87,30.688495954220176,4006.137829670243,4,16,2.9116,3.2935,167.3,38.714,0,263983,667006
84,0.0,4095.315604422946,4,23,2.9116,3.2935,167.3,38.714,0,263983,667106
84,0.0,4184.982615178366,27,26,2.9116,3.2935,167.3,38.714,0,263983,667206
85,0.0,4275.108078032675,66,24,2.9116,3.2935,167.3,38.714,0,263983,667306
89,30.593579144188737,4365.663600001185,113,30,2.9116,3.2935,167.3,38.714,0,263983,667406
95,112.58288031132471,4456.622965642302,120,31,2.9116,3.2935,167.3,38.714,0,263983,667506
89,206.2037525243833,4547.924775298883,97,27,2.9116,3.2935,167.3,38.714,0,263983,667606
89,291.46205415193094,4639.5725887052295,63,17,2.9116,3.2935,167.3,38.714,0,263983,667706
91,371.73208603943544,4731.558712512451,22,2,2.9116,3.2935,167.3,38.714,0,263983,667806
86,454.3609615455045,4823.8637930646455,1,1,2.9116,3.2935,167.3,38.714,0,263983,667906
85,362.2978747605632,4916.4698654753865,2,12,2.9116,3.2935,167.3,38.714,0,263983,668006
84,275.8180863095932,5009.360236818182,2,18,2.9116,3.2935,167.3,38.714,0,263983,668106
85,202.21642716394624,5102.455541980842,18,23,2.9116,3.2935,167.3,38.714,0,263983,668206
84,160.33511809462385,5195.699119576263,56,28,2.9116,3.2935,167.3,38.714,0,263983,668306
87,169.83838779265753,5289.189552704657,85,24,2.9116,3.2935,167.3,38.714,0,263983,668406
97,223.98793052104745,5382.8547595512255,116,32,2.9116,3.2935,167.3,38.714,0,263983,668506
96,300.40488660572584,5476.687920162781,166,39,2.9116,3.2935,167.3,38.714,0,263983,668606
103,387.3497053094994,5570.73565943409,148,28,2.9116,3.2935,167.3,38.714,0,263983,668706
105,454.8346462481747,5664.964040995538,123,26,2.9116,3.2935,167.3,38.714,0,263983,668806
100,371.72351242057806,5759.372978476548,133,39,2.9116,3.2935,167.3,38.714,0,263983,668906
92,299.13572829884606,5853.967596821762,182,54,2.9116,3.2935,167.3,38.714,0,263983,669006
13,44.0621017673819,44.0621017673819,17,53,2.6335,3.04,156.0,37.096,2,264083,661106
12,125.54534711134936,125.54534711134936,15,33,2.6335,3.04,156.0,37.096,2,264083,661206
12,200.8225129633025,200.8225129633025,19,37,2.6335,3.04,156.0,37.096,2,264083,661306
11,278.6865371931278,278.6865371931278,21,54,2.6335,3.04,156.0,37.096,2,264083,661406
8,332.78213113872346,332.78213113872346,20,56,2.6335,3.04,156.0,37.096,2,264083,661506
13,347.6257194442254,347.6257194442254,22,52,2.6335,3.04,156.0,37.096,2,264083,661606
11,379.50064715213983,379.50064715213983,20,40,2.6335,3.04,156.0,37.096,2,264083,661706
16,410.3333558038121,410.3333558038121,16,36,2.6335,3.04,156.0,37.096,1,264083,661806
14,440.3243225702608,440.3243225702608,12,22,2.6335,3.04,156.0,37.096,2,264083,661906
19,444.91014439267695,444.91014439267695,10,23,2.6335,3.04,156.0,37.096,1,264083,662006
20,439.99227544317046,439.99227544317046,9,35,2.6335,3.04,156.0,37.096,1,264083,662106
20,444.0082194423411,444.0082194423411,9,39,2.6335,3.04,156.0,37.096,1,264083,662206
19,449.780508928143,449.780508928143,11,57,2.6335,3.04,156.0,37.096,1,264083,662306
21,462.4027828396481,462.4027828396481,12,93,2.6335,3.04,156.0,37.096,1,264083,662406
27,491.61483169337856,491.61483169337856,27,91,2.6335,3.04,156.0,37.096,1,264083,662506
25,535.6058495110168,535.6058495110168,38,80,2.6335,3.04,156.0,37.096,1,264083,662606
23,588.2117569299616,588.2117569299616,65,48,2.6335,3.04,156.0,37.096,1,264083,662706
25,646.0876593934744,646.0876593934744,80,27,2.6335,3.04,156.0,37.096,1,264083,662806
27,712.1112013403701,712.1112013403701,116,27,2.6335,3.04,156.0,37.096,1,264083,662906
26,663.192818584821,784.2343027732755,127,27,2.6335,3.04,156.0,37.096,1,264083,663006
28,570.7217825926099,860.6913269498297,134,32,2.6335,3.04,156.0,37.096,1,264083,663106
26,481.2712246009449,940.226376975241,132,35,2.6335,3.04,156.0,37.096,1,264083,663206
28,396.8886873319773,1023.3580603255722,115,38,2.6335,3.04,156.0,37.096,1,264083,663306
25,321.58866372325207,1109.2780531979558,119,40,2.6335,3.04,156.0,37.096,1,264083,663406
28,263.2829412220127,1197.38626974756,157,36,2.6335,3.04,156.0,37.096,1,264083,663506
31,234.9820113151658,1287.2334514971656,189,32,2.6335,3.04,156.0,37.096,1,264083,663606
28,205.9810803180181,1378.479611139256,238,31,2.6335,3.04,156.0,37.096,1,264083,663706
23,195.42544683828365,1470.864411834063,264,29,2.6335,3.04,156.0,37.096,1,264083,663806
25,231.6815767820403,1563.8588369431282,261,26,2.6335,3.04,156.0,37.096,1,264083,663906
27,298.3581896885002,1655.5612130408597,267,29,2.6335,3.04,156.0,37.096,1,264083,664006
29,379.7857017560478,1747.3650522534867,227,32,2.6335,3.04,156.0,37.096,1,264083,664106
31,468.38448148360897,1837.2202647567055,167,46,2.6335,3.04,156.0,37.096,1,264083,664206
34,560.8221240770382,1928.074681289231,138,43,2.6335,3.04,156.0,37.096,1,264083,664306
30,655.4353325267281,2019.793467665553,132,35,2.6335,3.04,156.0,37.096,1,264083,664406
25,751.4449383651236,2112.2640288137063,106,30,2.6335,3.04,156.0,37.096,1,264083,664506
27,797.5914254921347,2205.39180256393,107,24,2.6335,3.04,156.0,37.096,1,264083,664606
24,812.8989767814599,2289.872617437213,76,22,2.6335,3.04,156.0,37.096,1,264083,664706
27,839.9151212391128,2349.6481092918166,71,24,2.6335,3.04,156.0,37.096,1,264083,664806
27,877.5591577323333,2411.610872187385,89,20,2.6335,3.04,156.0,37.096,1,264083,664906
29,924.5337958958836,2475.5241237877503,133,19,2.9116,3.2935,167.3,38.714,1,264083,665006
39,979.4975263814708,2541.741976535014,164,17,2.9116,3.2935,167.3,38.714,0,264083,665106
47,1041.1858953237838,2609.7753159446256,171,16,2.9116,3.2935,167.3,38.714,0,264083,665206
55,1108.476762523671,2679.7531966826673,186,24,2.9116,3.2935,167.3,38.714,0,264083,665306
54,1180.4123845032834,2751.1393877369323,182,40,2.9116,3.2935,167.3,38.714,0,264083,665406
57,1256.195073196236,2824.178473467861,181,41,2.9116,3.2935,167.3,38.714,0,264083,665506
64,1298.253075458823,2898.801420168469,186,35,2.9116,3.2935,167.3,38.714,0,264083,665606
70,1199.1244644212588,2974.475494609066,192,20,2.9116,3.2935,167.3,38.714,0,264083,665706
73,1100.153586736347,3051.4442132623053,168,22,2.9116,3.2935,167.3,38.714,0,264083,665806
71,1001.3872116439912,3129.669735251164,146,26,2.9116,3.2935,167.3,38.714,0,264083,665906
77,902.8924525542376,3209.0476386278633,127,29,2.9116,3.2935,167.3,38.714,0,264083,666006
82,804.769043959001,3289.515576759449,96,39,2.9116,3.2935,167.3,38.714,0,264083,666106
88,707.1715826798775,3371.0293253697805,79,46,2.9116,3.2935,167.3,38.714,0,264083,666206
90,610.3524232648225,3453.5148320606677,59,36,2.9116,3.2935,167.3,38.714,0,264083,666306
91,514.7509240598986,3536.904109249077,31,26,2.9116,3.2935,167.3,38.714,0,264083,666406
89,421.1970406541312,3621.134720054336,17,16,2.9116,3.2935,167.3,38.714,0,264083,666506
93,331.429299083645,3706.149301302226,0,5,2.9116,3.2935,167.3,38.714,0,264083,666606
93,245.61759832725247,3791.8693379590622,0,2,2.9116,3.2935,167.3,38.714,0,264083,666706
93,155.76452147603246,3878.239634894829,1,3,2.9116,3.2935,167.3,38.714,0,264083,666806
89,68.8823834553389,3965.2505917261087,4,11,2.9116,3.2935,167.3,38.714,0,264083,666906
85,0.0,4052.860945640663,4,12,2.9116,3.2935,167.3,38.714,0,264083,667006
84,0.0,4141.032653121007,4,11,2.9116,3.2935,167.3,38.714,0,264083,667106
84,0.0,4229.730608883914,0,11,2.9116,3.2935,167.3,38.714,0,264083,667206
84,0.0,4318.922390277991,27,16,2.9116,3.2935,167.3,38.714,0,264083,667306
87,0.0,4408.578025027984,55,25,2.9116,3.2935,167.3,38.714,0,264083,667406
90,70.63081995643161,4498.669780310032,65,29,2.9116,3.2935,167.3,38.714,0,264083,667506
89,151.6286311241583,4589.171971259063,58,22,2.9116,3.2935,167.3,38.714,0,264083,667606
88,232.55503044588625,4680.060787137798,37,18,2.9116,3.2935,167.3,38.714,0,264083,667706
91,321.6709092435284,4771.289538534705,12,2,2.9116,3.2935,167.3,38.714,0,264083,667806
85,415.7673694765253,4862.840518114723,2,10,2.9116,3.2935,167.3,38.714,0,264083,667906
84,331.0808794739894,4954.718150279166,4,20,2.9116,3.2935,167.3,38.714,0,264083,668006
83,233.3032692285637,5046.9045951744865,7,27,2.9116,3.2935,167.3,38.714,0,264083,668106
84,138.73097027052424,5139.383235066334,26,29,2.9116,3.2935,167.3,38.714,0,264083,668206
83,63.734988755521705,5232.1385762390155,71,39,2.9116,3.2935,167.3,38.714,0,264083,668306
88,82.77426048587007,5325.156159687336,104,27,2.9116,3.2935,167.3,38.714,0,264083,668406
99,163.8009049237851,5418.288891032807,106,23,2.9116,3.2935,167.3,38.714,0,264083,668506
99,258.1229063074564,5511.632361647869,139,26,2.9116,3.2935,167.3,38.714,0,264083,668606
100,355.56171485041097,5605.205444338201,133,27,2.9116,3.2935,167.3,38.714,0,264083,668706
103,413.8197608917889,5698.905089382843,83,33,2.9116,3.2935,167.3,38.714,0,264083,668806
97,320.23523972718357,5792.797634151163,93,45,2.9116,3.2935,167.3,38.714,0,264083,668906
12,59.98744591210606,59.98744591210606,29,45,2.6335,3.04,156.0,37.096,2,264183,661206
11,139.5468854160869,139.5468854160869,18,37,2.6335,3.04,156.0,37.096,2,264183,661306
12,225.99291882196616,225.99291882196616,22,45,2.6335,3.04,156.0,37.096,2,264183,661406
11,312.6237314473865,312.6237314473865,19,51,2.6335,3.04,156.0,37.096,2,264183,661506
12,327.2334855964456,399.3040774564895,18,48,2.6335,3.04,156.0,37.096,2,264183,661606
12,353.3333045749513,471.47779844495847,16,37,2.6335,3.04,156.0,37.096,2,264183,661706
16,403.03756960342014,505.5498208077608,13,22,2.6335,3.04,156.0,37.096,1,264183,661806
16,469.0779688940935,538.0901071103926,10,19,2.6335,3.04,156.0,37.096,1,264183,661906
17,544.4097379166051,544.4097379166051,11,23,2.6335,3.04,156.0,37.096,1,264183,662006
20,539.9841543102792,539.9841543102792,7,28,2.6335,3.04,156.0,37.096,1,264183,662106
19,543.4783864170405,543.4783864170405,7,46,2.6335,3.04,156.0,37.096,1,264183,662206
23,549.5303607078553,549.5303607078553,12,78,2.6335,3.04,156.0,37.096,1,264183,662306
21,560.8513103149243,560.8513103149243,22,104,2.6335,3.04,156.0,37.096,1,264183,662406
25,585.1692075331935,585.1692075331935,68,107,2.6335,3.04,156.0,37.096,1,264183,662506
24,624.6986238627038,624.6986238627038,103,95,2.6335,3.04,156.0,37.096,1,264183,662606
26,671.8104998953353,671.8104998953353,132,70,2.6335,3.04,156.0,37.096,1,264183,662706
28,727.2550112564556,727.2550112564556,148,38,2.6335,3.04,156.0,37.096,1,264183,662806
27,732.5284241801181,786.6601588514784,141,22,2.6335,3.04,156.0,37.096,1,264183,662906
28,634.5729098642098,853.5263938380114,149,29,2.6335,3.04,156.0,37.096,1,264183,663006
25,537.3710669874719,925.4332366775066,137,36,2.6335,3.04,156.0,37.096,1,264183,663106
26,441.36707363452246,1001.503227274644,101,36,2.6335,3.04,156.0,37.096,1,264183,663206
31,347.4241387582459,1079.9332810066967,85,28,2.6335,3.04,156.0,37.096,1,264183,663306
32,258.07396361337146,1161.6763624603964,144,31,2.6335,3.04,156.0,37.096,1,264183,663406
30,180.2798080715715,1246.085089699956,201,25,2.6335,3.04,156.0,37.096,1,264183,663506
32,135.64456384805678,1332.6530420352767,248,24,2.6335,3.04,156.0,37.096,1,264183,663606
23,154.90321626880802,1420.9856474008477,298,19,2.6335,3.04,156.0,37.096,1,264183,663706
21,221.74590652058032,1510.773407825454,315,23,2.6335,3.04,156.0,37.096,1,264183,663806
24,307.1603615488932,1601.771634617702,274,23,2.6335,3.04,156.0,37.096,1,264183,663906
26,371.23920778501537,1693.7852429216623,255,24,2.6335,3.04,156.0,37.096,1,264183,664006
29,439.5087031174229,1786.6136695308169,207,33,2.6335,3.04,156.0,37.096,1,264183,664106
31,518.0837251657332,1878.7812510274955,136,42,2.6335,3.04,156.0,37.096,1,264183,664206
33,602.981697756998,1970.9559148088297,131,47,2.6335,3.04,156.0,37.096,1,264183,664306
34,691.9058975512835,2060.781399682977,106,45,2.6335,3.04,156.0,37.096,1,264183,664406
27,783.5053377626618,2151.4910301172995,93,32,2.6335,3.04,156.0,37.096,1,264183,664506
27,876.9209082540332,2242.990710651979,84,24,2.6335,3.04,156.0,37.096,1,264183,664606
27,910.8505039757594,2335.1875735081626,61,26,2.6335,3.04,156.0,37.096,1,264183,664706
28,935.0408039367394,2428.002199105843,65,29,2.6335,3.04,156.0,37.096,1,264183,664806
29,968.9963722638144,2489.9859539799454,93,28,2.6335,3.04,156.0,37.096,1,264183,664906
37,1011.7344680765808,2552.25564926008,129,32,2.9116,3.2935,167.3,38.714,0,264183,665006
41,1062.195508523723,2616.5552904119377,137,23,2.9116,3.2935,167.3,38.714,0,264183,665106
50,1119.3355005366975,2682.986207066609,147,28,2.9116,3.2935,167.3,38.714,0,264183,665206
55,1182.1863758289169,2751.1610241782823,162,41,2.9116,3.2935,167.3,38.714,0,264183,665306
54,1249.8869115361108,2821.174552722988,175,44,2.9116,3.2935,167.3,38.714,0,264183,665406
56,1321.6920806538285,2892.530623117331,167,46,2.9116,3.2935,167.3,38.714,0,264183,665506
63,1288.4790650157572,2965.4594121169907,185,38,2.9116,3.2935,167.3,38.714,0,264183,665606
70,1188.6904142244546,3039.926952587743,201,21,2.9116,3.2935,167.3,38.714,0,264183,665706
76,1088.940540504545,3115.4249967789106,165,21,2.9116,3.2935,167.3,38.714,0,264183,665806
70,989.2411741529746,3192.1528385887027,161,22,2.9116,3.2935,167.3,38.714,0,264183,665906
76,889.6092965593273,3270.070428905927,134,32,2.9116,3.2935,167.3,38.714,0,264183,666006
85,790.0704401570828,3349.133169338428,113,38,2.9116,3.2935,167.3,38.714,0,264183,666106
87,690.6624632621706,3429.2300839580375,103,45,2.9116,3.2935,167.3,38.714,0,264183,666206
91,591.312542552631,3510.3482664093085,80,41,2.9116,3.2935,167.3,38.714,0,264183,666306
90,492.03438833383194,3592.4185355054083,36,31,2.9116,3.2935,167.3,38.714,0,264183,666406
87,393.1110180830938,3675.377112216216,13,16,2.9116,3.2935,167.3,38.714,0,264183,666506
88,294.91474322862337,3759.165186549109,2,8,2.9116,3.2935,167.3,38.714,0,264183,666606
92,198.5274263392421,3843.728513113638,0,3,2.9116,3.2935,167.3,38.714,0,264183,666706
94,108.86492660247173,3929.0170355042706,0,3,2.9116,3.2935,167.3,38.714,0,264183,666806
86,28.28694692654289,4014.941318321923,1,3,2.9116,3.2935,167.3,38.714,0,264183,666906
84,0.0,4101.49038510194,1,3,2.9116,3.2935,167.3,38.714,0,264183,667006
86,0.0,4188.638557884738,0,1,2.9116,3.2935,167.3,38.714,0,264183,667106
88,31.486813065655852,4276.349209093408,0,1,2.9116,3.2935,167.3,38.714,0,264183,667206
84,0.0,4364.588428205904,4,3,2.9116,3.2935,167.3,38.714,0,264183,667306
84,0.0,4453.324795828838,15,18,2.9116,3.2935,167.3,38.714,0,264183,667406
89,11.552674130614948,4542.529177304098,27,23,2.9116,3.2935,167.3,38.714,0,264183,667506
90,99.68835284731728,4632.174534295326,27,24,2.9116,3.2935,167.3,38.714,0,264183,667606
87,195.899918576518,4722.2357528705825,13,18,2.9116,3.2935,167.3,38.714,0,264183,667706
92,294.1039460526898,4812.689486680423,3,5,2.9116,3.2935,167.3,38.714,0,264183,667806
87,393.2142978952324,4903.514013920971,14,15,2.9116,3.2935,167.3,38.714,0,264183,667906
84,322.46361464355357,4994.675961389692,36,26,2.9116,3.2935,167.3,38.714,0,264183,668006
84,222.68053978688152,5086.138221025023,44,37,2.9116,3.2935,167.3,38.714,0,264183,668106
85,122.8974649302095,5177.916187759235,47,44,2.9116,3.2935,167.3,38.714,0,264183,668206
84,23.114390073537468,5269.9933673152445,71,53,2.9116,3.2935,167.3,38.714,0,264183,668306
88,45.86072745652596,5362.354346332795,105,29,2.9116,3.2935,167.3,38.714,0,264183,668406
96,145.63834751167713,5454.984709393946,106,26,2.9116,3.2935,167.3,38.714,0,264183,668506
97,245.41596756682824,5547.8709631541815,109,27,2.9116,3.2935,167.3,38.714,0,264183,668606
98,345.1935876219794,5640.959109248489,92,23,2.9116,3.2935,167.3,38.714,0,264183,668706
99,394.48578375065995,5734.1657157330255,51,27,2.9116,3.2935,167.3,38.714,0,264183,668806
11,89.27744406840608,89.27744406840608,21,38,2.6335,3.04,156.0,37.096,2,264283,661306
11,175.79655487023706,175.79655487023706,13,41,2.6335,3.04,156.0,37.096,2,264283,661406
13,222.6044558412756,263.8670873029803,13,42,2.6335,3.04,156.0,37.096,2,264283,661506
15,228.4588153596224,352.32711349100254,11,39,2.6335,3.04,156.0,37.096,2,264283,661606
15,264.1747313909838,434.06042712125486,14,33,2.6335,3.04,156.0,37.096,2,264283,661706
16,327.6936787542215,517.7610743323536,13,16,2.6335,3.04,156.0,37.096,1,264283,661806
18,406.1748459536254,606.178659000943,10,22,2.6335,3.04,156.0,37.096,1,264283,661906
17,492.5168665897928,643.9647572615904,7,20,2.6335,3.04,156.0,37.096,1,264283,662006
19,583.2389924082617,639.9785710183709,6,20,2.6335,3.04,156.0,37.096,1,264283,662106
20,642.9822150559128,642.9822150559128,7,39,2.6335,3.04,156.0,37.096,1,264283,662206
23,649.3571655627984,649.3571655627984,11,70,2.6335,3.04,156.0,37.096,1,264283,662306
26,659.7666640457701,659.7666640457701,58,92,2.6335,3.04,156.0,37.096,1,264283,662406
25,680.5592260407188,680.5592260407188,126,98,2.6335,3.04,156.0,37.096,1,264283,662506
25,714.8633920632672,714.8633920632672,172,93,2.6335,3.04,156.0,37.096,1,264283,662606
29,759.1930310794029,759.1930310794029,204,72,2.6335,3.04,156.0,37.096,1,264283,662706
32,809.8055751282665,809.8055751282665,212,26,2.6335,3.04,156.0,37.096,1,264283,662806
29,720.5336852093149,866.3521500948914,200,23,2.6335,3.04,156.0,37.096,1,264283,662906
28,620.6880675694027,927.4907802387733,196,28,2.6335,3.04,156.0,37.096,1,264283,663006
25,520.9016825896829,994.9433385282878,170,30,2.6335,3.04,156.0,37.096,1,264283,663106
28,421.2166290953934,1066.6911031074208,125,34,2.6335,3.04,156.0,37.096,1,264283,663206
33,321.72711158404036,1142.3647274543948,118,35,2.6335,3.04,156.0,37.096,1,264283,663306
34,222.69535251085276,1220.0353039530412,189,29,2.6335,3.04,156.0,37.096,1,264283,663406
36,125.21015515222692,1300.662224624487,234,17,2.6335,3.04,156.0,37.096,0,264283,663506
34,39.77876017849713,1383.8201842141373,289,22,2.6335,3.04,156.0,37.096,1,264283,663606
25,83.5827877013681,1469.0794334928858,349,25,2.6335,3.04,156.0,37.096,1,264283,663706
24,179.3385709995059,1556.0946184551592,338,22,2.6335,3.04,156.0,37.096,1,264283,663806
25,278.098118829232,1644.587042773485,294,23,2.6335,3.04,156.0,37.096,1,264283,663906
28,377.5113300876816,1734.3305973578872,261,29,2.6335,3.04,156.0,37.096,1,264283,664006
31,477.1698282506798,1825.1407344654535,183,39,2.6335,3.04,156.0,37.096,1,264283,664106
32,576.9465188741467,1916.865874358043,125,44,2.6335,3.04,156.0,37.096,1,264283,664206
34,657.693725865895,2009.3807155319655,109,47,2.6335,3.04,156.0,37.096,1,264283,664306
31,740.1282545377888,2102.0835017428685,91,40,2.6335,3.04,156.0,37.096,1,264283,664406
26,826.3998284132746,2193.9925426507334,77,34,2.6335,3.04,156.0,37.096,1,264283,664506
27,915.4690162085362,2284.3514732470485,57,34,2.6335,3.04,156.0,37.096,1,264283,664606
26,1006.5934446807016,2374.943226420756,61,37,2.6335,3.04,156.0,37.096,1,264283,664706
27,1031.0893264733245,2466.262152350739,64,36,2.6335,3.04,156.0,37.096,1,264283,664806
30,1061.978278309393,2558.2303804609874,86,39,2.6335,3.04,156.0,37.096,1,264283,664906
37,1101.1133129858852,2630.4398614179017,107,35,2.9116,3.2935,167.3,38.714,0,264283,665006
45,1147.6511632323304,2692.9817673923426,112,36,2.9116,3.2935,167.3,38.714,0,264283,665106
46,1200.7313841581265,2757.6264228699097,123,38,2.9116,3.2935,167.3,38.714,0,264283,665206
50,1259.5271022634086,2824.247646463301,124,41,2.9116,3.2935,167.3,38.714,0,264283,665306
54,1323.2766852664745,2892.5502177493,134,46,2.9116,3.2935,167.3,38.714,0,264283,665406
58,1386.1053178811462,2962.5959087821147,132,49,2.9116,3.2935,167.3,38.714,0,264283,665506
62,1286.116072578062,3033.924666267362,148,43,2.9116,3.2935,167.3,38.714,0,264283,665606
69,1186.1286405904057,3106.7531282397126,153,25,2.9116,3.2935,167.3,38.714,0,264283,665706
71,1086.1435227050194,3181.0581759956785,129,19,2.9116,3.2935,167.3,38.714,0,264283,665806
72,986.1614227900494,3256.4154146975634,136,14,2.9116,3.2935,167.3,38.714,0,264283,665906
79,886.183362337908,3332.921796737484,118,23,2.9116,3.2935,167.3,38.714,0,264283,666006
86,786.2108823780966,3410.555463302554,107,30,2.9116,3.2935,167.3,38.714,0,264283,666106
87,686.2464218157866,3489.326193721637,104,38,2.9116,3.2935,167.3,38.714,0,264283,666206
89,586.2940826412934,3569.0790419522305,80,35,2.9116,3.2935,167.3,38.714,0,264283,666306
91,486.3613381277556,3649.8289261912855,34,25,2.9116,3.2935,167.3,38.714,0,264283,666406
86,386.4633890948098,3731.511379216553,14,14,2.9116,3.2935,167.3,38.714,0,264283,666506
87,286.63661837921484,3814.066485522061,2,7,2.9116,3.2935,167.3,38.714,0,264283,666606
92,186.99505576644788,3897.4387921739826,0,5,2.9116,3.2935,167.3,38.714,0,264283,666706
89,88.16887640387762,3981.576964156611,0,6,2.9116,3.2935,167.3,38.714,0,264283,666806
86,11.759965897934356,4066.433462416736,0,5,2.9116,3.2935,167.3,38.714,0,264283,666906
85,4.641711606618956,4151.959165679256,0,5,2.9116,3.2935,167.3,38.714,0,264283,667006
87,0.0,4238.0696670752195,0,1,2.9116,3.2935,167.3,38.714,0,264283,667106
88,17.381385949006805,4324.777924067101,0,1,2.9116,3.2935,167.3,38.714,0,264283,667206
84,0.0,4412.048694429065,0,0,2.9116,3.2935,167.3,38.714,0,264283,667306
84,0.0,4499.849249866966,12,11,2.9116,3.2935,167.3,38.714,0,264283,667406
87,0.0,4588.149175979719,17,20,2.9116,3.2935,167.3,38.714,0,264283,667506
89,90.55480835095558,4676.920188602586,19,19,2.9116,3.2935,167.3,38.714,0,264283,667606
88,190.3674230911011,4766.135965336441,17,16,2.9116,3.2935,167.3,38.714,0,264283,667706
89,290.2386518187939,4855.771991103846,3,8,2.9116,3.2935,167.3,38.714,0,264283,667806
86,390.10988054648664,4945.805416623634,52,5,2.9116,3.2935,167.3,38.714,0,264283,667906
83,316.1118972397968,5036.214928755399,100,31,2.9116,3.2935,167.3,38.714,0,264283,668006
85,216.1676421563191,5126.98063172993,110,41,2.9116,3.2935,167.3,38.714,0,264283,668106
86,116.31430671034364,5218.081255199878,94,45,2.9116,3.2935,167.3,38.714,0,264283,668206
83,16.531231853671617,5309.46194092442,81,40,2.9116,3.2935,167.3,38.714,0,264283,668306
89,41.73368549741925,5401.14803964976,73,30,2.9116,3.2935,167.3,38.714,0,264283,668406
95,140.55038378924183,5493.124264960697,86,27,2.9116,3.2935,167.3,38.714,0,264283,668506
95,240.34791503445345,5585.3762840463605,68,28,2.9116,3.2935,167.3,38.714,0,264283,668606
97,340.2643533188784,5677.8906539731,46,25,2.9116,3.2935,167.3,38.714,0,264283,668706
14,128.74795825163525,128.74795825163525,8,31,2.6335,3.04,156.0,37.096,2,264383,661406
14,124.2249658204312,212.81418152464497,7,37,2.6335,3.04,156.0,37.096,2,264383,661506
15,130.90949124935588,295.0040171510439,10,34,2.6335,3.04,156.0,37.096,2,264383,661606
21,186.36564406870065,382.6269811051515,11,17,2.6335,3.04,156.0,37.096,1,264383,661706
16,268.93681726219273,471.6174999820652,12,14,2.6335,3.04,156.0,37.096,1,264383,661806
21,360.4467645424141,558.2741224894914,10,14,2.6335,3.04,156.0,37.096,1,264383,661906
19,455.0572527208608,644.8248906801076,10,17,2.6335,3.04,156.0,37.096,1,264383,662006
20,550.8879229475831,731.3665635643847,6,17,2.6335,3.04,156.0,37.096,1,264383,662106
20,647.9798639195103,742.6101285545531,8,29,2.6335,3.04,156.0,37.096,1,264383,662206
28,745.8406696076528,749.2297503560889,17,54,2.6335,3.04,156.0,37.096,1,264383,662306
28,758.9663429231897,758.9663429231897,102,63,2.6335,3.04,156.0,37.096,1,264383,662406
28,777.109206516857,777.109206516857,187,79,2.6335,3.04,156.0,37.096,1,264383,662506
28,807.32120498369,807.32120498369,219,79,2.6335,3.04,156.0,37.096,1,264383,662606
30,848.2993880862333,848.2993880862333,239,41,2.6335,3.04,156.0,37.096,1,264383,662706
30,821.9822413587178,894.890932001623,275,21,2.6335,3.04,156.0,37.096,1,264383,662806
28,722.3155064172614,948.732807079316,254,23,2.6335,3.04,156.0,37.096,1,264383,662906
26,622.7556314579164,1005.967688287122,232,32,2.6335,3.04,156.0,37.096,1,264383,663006
25,523.3636042124745,1068.4774631837693,211,35,2.6335,3.04,156.0,37.096,1,264383,663106
30,424.2574076147581,1136.361381245205,176,31,2.6335,3.04,156.0,37.096,1,264383,663206
31,325.698071252684,1207.9872281401183,154,28,2.6335,3.04,156.0,37.096,1,264383,663306
37,228.39465694153571,1283.2262276341455,208,20,2.6335,3.04,156.0,37.096,0,264383,663406
37,135.0888782289837,1360.4103771868586,271,17,2.6335,3.04,156.0,37.096,0,264383,663506
27,65.83229240189482,1440.1223816158888,321,25,2.6335,3.04,156.0,37.096,1,264383,663606
25,98.20700412472982,1522.231438942301,392,26,2.6335,3.04,156.0,37.096,1,264383,663706
24,186.8041642274177,1606.370017579287,372,25,2.6335,3.04,156.0,37.096,1,264383,663806
27,283.10241236388885,1692.2354189210814,312,24,2.6335,3.04,156.0,37.096,1,264383,663906
30,381.31110133302275,1779.577700670678,271,32,2.6335,3.04,156.0,37.096,1,264383,664006
33,480.2596548882199,1868.1897313703623,198,43,2.6335,3.04,156.0,37.096,1,264383,664106
34,579.532882268562,1957.8991169289077,138,50,2.6335,3.04,156.0,37.096,1,264383,664206
38,678.9952888486929,2048.561698300621,98,53,2.6335,3.04,156.0,37.096,0,264383,664306
34,778.5954295569251,2140.0563337019084,75,51,2.6335,3.04,156.0,37.096,1,264383,664406
25,878.2864473365996,2232.280715118729,69,41,2.6335,3.04,156.0,37.096,1,264383,664506
28,962.880876192238,2325.125444962016,66,39,2.6335,3.04,156.0,37.096,1,264383,664606
28,1049.898292680328,2417.1345300363714,67,34,2.6335,3.04,156.0,37.096,1,264383,664706
28,1127.824939122985,2507.928094936653,74,33,2.6335,3.04,156.0,37.096,1,264383,664806
34,1156.1322405942728,2598.4220220680972,81,36,2.6335,3.04,156.0,37.096,1,264383,664906
41,1192.180532543332,2689.5893144055153,75,38,2.9116,3.2935,167.3,38.714,0,264383,665006
51,1235.292308163971,2770.9095999747933,94,41,2.9116,3.2935,167.3,38.714,0,264383,665106
51,1284.756689432999,2833.777108354709,93,49,2.9116,3.2935,167.3,38.714,0,264383,665206
52,1339.8702980052246,2898.731686175505,87,47,2.9116,3.2935,167.3,38.714,0,264383,665306
52,1399.9660995575491,2965.5243296586395,86,46,2.9116,3.2935,167.3,38.714,0,264383,665406
58,1391.116171790887,3033.9424093817847,86,46,2.9116,3.2935,167.3,38.714,0,264383,665506
60,1291.5149256990248,3104.0172648574785,105,37,2.9116,3.2935,167.3,38.714,0,264383,665606
64,1191.980454197376,3175.321142105081,104,27,2.9116,3.2935,167.3,38.714,0,264383,665706
66,1092.5310078317266,3248.057954338443,84,28,2.9116,3.2935,167.3,38.714,0,264383,665806
68,993.1921279183769,3322.2126051748924,88,21,2.9116,3.2935,167.3,38.714,0,264383,665906
79,894.0006727314352,3397.441654481344,89,20,2.9116,3.2935,167.3,38.714,0,264383,666006
84,795.011825528076,3473.743745809371,81,23,2.9116,3.2935,167.3,38.714,0,264383,666106
85,696.3120009124568,3551.1148286870143,81,29,2.9116,3.2935,167.3,38.714,0,264383,666206
85,598.0443148295404,3629.591904280133,42,38,2.9116,3.2935,167.3,38.714,0,264383,666306
90,500.4633876570391,3709.047242444136,28,30,2.9116,3.2935,167.3,38.714,0,264383,666406
94,404.0670764494246,3789.4534473248823,13,25,2.9116,3.2935,167.3,38.714,0,264383,666506
91,309.96258186369914,3870.772973477316,9,16,2.9116,3.2935,167.3,38.714,0,264383,666606
95,221.09591140687272,3952.949455148954,11,11,2.9116,3.2935,167.3,38.714,0,264383,666706
94,144.45131455229892,4035.9305466921,10,13,2.9116,3.2935,167.3,38.714,0,264383,666806
87,110.11375977531604,4119.667627428502,9,11,2.9116,3.2935,167.3,38.714,0,264383,666906
90,93.53572273577652,4204.115524488161,0,7,2.9116,3.2935,167.3,38.714,0,264383,667006
87,0.0,4289.232253679247,0,4,2.9116,3.2935,167.3,38.714,0,264383,667106
88,0.0,4374.9566428574435,0,2,2.9116,3.2935,167.3,38.714,0,264383,667206
84,0.0,4461.245926464662,0,2,2.9116,3.2935,167.3,38.714,0,264383,667306
84,0.0,4548.096833392251,12,9,2.9116,3.2935,167.3,38.714,0,264383,667406
88,33.829285865306616,4635.47779580786,15,11,2.9116,3.2935,167.3,38.714,0,264383,667506
88,123.60695650806338,4723.359396122931,15,14,2.9116,3.2935,167.3,38.714,0,264383,667606
87,214.9799050760546,4811.7142033227465,18,13,2.9116,3.2935,167.3,38.714,0,264383,667706
86,308.9241444195337,4900.516622150458,43,11,2.9116,3.2935,167.3,38.714,0,264383,667806
86,404.84282406597765,4989.742754239742,125,9,2.9116,3.2935,167.3,38.714,0,264383,667906
86,328.9093119165675,5079.370270319254,182,26,2.9116,3.2935,167.3,38.714,0,264383,668006
92,234.48465494421697,5169.378292649722,191,34,2.9116,3.2935,167.3,38.714,0,264383,668106
89,144.46006703909285,5259.747286898225,166,35,2.9116,3.2935,167.3,38.714,0,264383,668206
84,74.89364715837735,5350.458962701079,101,29,2.9116,3.2935,167.3,38.714,0,264383,668306
86,92.93895779587092,5441.496182215274,40,23,2.9116,3.2935,167.3,38.714,0,264383,668406
91,172.9992644414274,5532.808527400729,31,23,2.9116,3.2935,167.3,38.714,0,264383,668506
95,264.67740447568184,5624.409679687796,31,25,2.9116,3.2935,167.3,38.714,0,264383,668606
15,29.559958944984658,159.23016897278748,6,19,2.6335,3.04,156.0,37.096,2,264483,661506
17,45.61972690414023,248.5320420073835,7,14,2.6335,3.04,156.0,37.096,1,264483,661606
19,138.83170493960807,334.8039206081467,7,10,2.6335,3.04,156.0,37.096,1,264483,661706
19,235.9547471276711,422.5661499348067,9,9,2.6335,3.04,156.0,37.096,1,264483,661806
20,334.77610889627124,507.86716589052224,12,12,2.6335,3.04,156.0,37.096,1,264483,661906
21,434.1375858911238,597.5066752614833,9,15,2.6335,3.04,156.0,37.096,1,264483,662006
21,533.7376170732373,688.583630602993,8,16,2.6335,3.04,156.0,37.096,1,264483,662106
21,633.4636882053007,781.1569447342464,6,17,2.6335,3.04,156.0,37.096,1,264483,662206
29,733.264375699725,849.1147018156358,22,28,2.6335,3.04,156.0,37.096,1,264483,662306
31,833.1128645423453,858.3036810652028,102,40,2.6335,3.04,156.0,37.096,1,264483,662406
33,874.435004764434,874.435004764434,188,47,2.6335,3.04,156.0,37.096,1,264483,662506
29,901.3908068759264,901.3908068759264,203,30,2.6335,3.04,156.0,37.096,1,264483,662606
29,933.8847994784404,938.2825778428864,235,14,2.6335,3.04,156.0,37.096,1,264483,662706
28,835.599009333191,982.7891385483688,270,15,2.6335,3.04,156.0,37.096,1,264483,662806
27,737.7740779536332,1032.1266888894677,226,20,2.6335,3.04,156.0,37.096,1,264483,662906
25,640.6211640291452,1087.77606140581,210,30,2.6335,3.04,156.0,37.096,1,264483,663006
25,544.5001023909733,1146.0261479483927,191,32,2.6335,3.04,156.0,37.096,1,264483,663106
31,450.07249105616734,1209.5656374233347,170,32,2.6335,3.04,156.0,37.096,1,264483,663206
37,358.6783139628422,1277.7801574172315,138,22,2.6335,3.04,156.0,37.096,0,264483,663306
37,273.3770630629984,1349.309592810622,192,16,2.6335,3.04,156.0,37.096,0,264483,663406
36,202.03936327031423,1424.111061017401,250,15,2.6335,3.04,156.0,37.096,0,264483,663506
28,163.6162401961194,1500.9818939026518,309,19,2.6335,3.04,156.0,37.096,1,264483,663606
25,178.9453943790216,1579.931240749711,353,21,2.6335,3.04,156.0,37.096,1,264483,663706
24,239.31701628386756,1661.1498442856532,321,19,2.6335,3.04,156.0,37.096,1,264483,663806
28,320.1934015506289,1744.3207517092662,259,29,2.6335,3.04,156.0,37.096,1,264483,663906
32,409.6034600807367,1829.1776743982275,234,30,2.6335,3.04,156.0,37.096,1,264483,664006
32,503.01707190080634,1915.4965529048177,180,38,2.6335,3.04,156.0,37.096,1,264483,664106
36,598.5627408527951,2003.0883964177835,124,45,2.6335,3.04,156.0,37.096,0,264483,664206
35,695.362160928217,2091.7932984730824,103,55,2.6335,3.04,156.0,37.096,1,264483,664306
33,792.9563134021375,2181.4754830642096,79,42,2.6335,3.04,156.0,37.096,1,264483,664406
25,891.0841122351236,2272.019225905352,75,40,2.6335,3.04,156.0,37.096,1,264483,664506
27,989.5868204414444,2363.325504994368,57,31,2.6335,3.04,156.0,37.096,1,264483,664606
28,1088.362648800921,2455.309251852038,49,23,2.6335,3.04,156.0,37.096,1,264483,664706
32,1185.955028788322,2547.8970940568897,59,22,2.6335,3.04,156.0,37.096,1,264483,664806
38,1251.193690793749,2640.355164628666,65,28,2.6335,3.04,156.0,37.096,0,264483,664906
45,1284.5770962911697,2731.5096568416557,72,33,2.9116,3.2935,167.3,38.714,0,264483,665006
56,1324.6852383678251,2821.9210975530636,90,44,2.9116,3.2935,167.3,38.714,0,264483,665106
57,1370.9280233416307,2911.371139439296,79,54,2.9116,3.2935,167.3,38.714,0,264483,665206
54,1422.7073872083324,2974.631842793789,57,44,2.9116,3.2935,167.3,38.714,0,264483,665306
55,1479.4421158162725,3039.866327450185,51,45,2.9116,3.2935,167.3,38.714,0,264483,665406
54,1403.2535246981818,3106.814177101867,58,40,2.9116,3.2935,167.3,38.714,0,264483,665506
58,1304.5792633884291,3175.337198580519,59,30,2.9116,3.2935,167.3,38.714,0,264483,665606
63,1206.1233993038695,3245.438620946956,56,29,2.9116,3.2935,167.3,38.714,0,264483,665706
71,1107.9441566403727,3316.719739503702,41,35,2.9116,3.2935,167.3,38.714,0,264483,665806
70,1010.1221976170864,3389.372500870216,45,34,2.9116,3.2935,167.3,38.714,0,264483,665906
78,912.7723998916692,3463.3888128387975,47,32,2.9116,3.2935,167.3,38.714,0,264483,666006
82,816.0637560198484,3538.4994331114367,50,29,2.9116,3.2935,167.3,38.714,0,264483,666106
86,720.2545756706082,3614.5954745461977,43,23,2.9116,3.2935,167.3,38.714,0,264483,666206
82,625.758143102967,3691.7400348316382,29,31,2.9116,3.2935,167.3,38.714,0,264483,666306
92,533.2727759270095,3769.942353653937,18,27,2.9116,3.2935,167.3,38.714,0,264483,666406
97,444.05681329096154,3849.121677170293,16,27,2.9116,3.2935,167.3,38.714,0,264483,666506
98,360.5454940993566,3929.2064934821424,28,28,2.9116,3.2935,167.3,38.714,0,264483,666606
100,285.6467534453242,4010.185737741111,53,19,2.9116,3.2935,167.3,38.714,0,264483,666706
96,229.897641505568,4092.0063091278594,53,13,2.9116,3.2935,167.3,38.714,0,264483,666806
93,210.02805380660809,4174.618739082911,48,16,2.9116,3.2935,167.3,38.714,0,264483,666906
95,130.18656141262562,4257.976937403745,31,12,2.9116,3.2935,167.3,38.714,0,264483,667006
86,39.17041788480962,4342.0379526464485,6,5,2.9116,3.2935,167.3,38.714,0,264483,667106
85,2.9654326819330468,4426.761747031587,0,3,2.9116,3.2935,167.3,38.714,0,264483,667206
84,8.427287291044484,4512.110985751806,1,3,2.9116,3.2935,167.3,38.714,0,264483,667306
84,0.0,4598.01330362331,12,7,2.9116,3.2935,167.3,38.714,0,264483,667406
87,42.58514136267083,4684.463248848477,13,12,2.9116,3.2935,167.3,38.714,0,264483,667506
88,137.53768742648484,4771.442708377321,19,14,2.9116,3.2935,167.3,38.714,0,264483,667606
83,236.29008911682777,4858.923245827431,46,24,2.9116,3.2935,167.3,38.714,0,264483,667706
85,335.7332305845881,4946.8782781019845,116,21,2.9116,3.2935,167.3,38.714,0,264483,667806
86,435.43150784330015,5035.282940200315,211,14,2.9116,3.2935,167.3,38.714,0,264483,667906
92,346.87097224639444,5124.113960226432,273,19,2.9116,3.2935,167.3,38.714,0,264483,668006
97,255.2465683843432,5213.3495439019325,293,29,2.9116,3.2935,167.3,38.714,0,264483,668106
92,169.27729559026656,5302.9692679118525,263,27,2.9116,3.2935,167.3,38.714,0,264483,668206
85,87.52796841689424,5392.953981440287,153,23,2.9116,3.2935,167.3,38.714,0,264483,668306
82,81.43993556565047,5483.285715284926,53,18,2.9116,3.2935,167.3,38.714,0,264483,668406
89,155.67192028818093,5573.947597974239,1,10,2.9116,3.2935,167.3,38.714,0,264483,668506
18,52.584749025021175,199.6364006539459,4,2,2.6335,3.04,156.0,37.096,1,264583,661606
23,141.11301595809766,284.53658126744494,5,3,2.6335,3.04,156.0,37.096,1,264583,661706
25,237.88898577383736,374.0552099353362,8,5,2.6335,3.04,156.0,37.096,1,264583,661806
24,336.555279014042,465.3777392085727,9,6,2.6335,3.04,156.0,37.096,1,264583,661906
21,435.73968375428115,559.1379043876614,7,11,2.6335,3.04,156.0,37.096,1,264583,662006
21,535.0459644820556,654.4511465068098,6,14,2.6335,3.04,156.0,37.096,1,264583,662106
24,634.5664539700929,748.856885006985,3,11,2.6335,3.04,156.0,37.096,1,264583,662206
28,734.2172600122002,844.3676629146406,16,6,2.6335,3.04,156.0,37.096,1,264583,662306
29,833.9516684409641,940.811812282084,77,8,2.6335,3.04,156.0,37.096,1,264583,662406
29,933.7428905705856,972.3036749192572,144,10,2.6335,3.04,156.0,37.096,1,264583,662506
27,996.615896634481,996.615896634481,168,9,2.6335,3.04,156.0,37.096,1,264583,662606
27,956.4056241921604,1030.1029339767986,184,11,2.6335,3.04,156.0,37.096,1,264583,662706
28,860.6954186517546,1071.900152309763,199,12,2.6335,3.04,156.0,37.096,1,264583,662806
26,766.0819077551971,1118.1816545570075,165,15,2.6335,3.04,156.0,37.096,1,264583,662906
26,673.0277669543552,1170.3594420762956,172,23,2.6335,3.04,156.0,37.096,1,264583,663006
26,582.281084007792,1226.8283393495765,152,28,2.6335,3.04,156.0,37.096,1,264583,663106
30,495.11225645808105,1286.382864346819,141,24,2.6335,3.04,156.0,37.096,1,264583,663206
34,413.78863227103767,1350.7234998840486,114,24,2.6335,3.04,156.0,37.096,1,264583,663306
38,342.4995151798896,1419.199447784877,156,16,2.6335,3.04,156.0,37.096,0,264583,663406
31,288.7746588608197,1490.6507341265044,189,15,2.6335,3.04,156.0,37.096,1,264583,663506
27,262.95838561685594,1565.086434678043,228,18,2.6335,3.04,156.0,37.096,1,264583,663606
26,272.7605042519398,1641.699393095305,235,16,2.6335,3.04,156.0,37.096,1,264583,663706
27,315.6730473026194,1720.0037723687765,230,17,2.6335,3.04,156.0,37.096,1,264583,663806
28,380.6581838170186,1800.45801301673,203,27,2.6335,3.04,156.0,37.096,1,264583,663906
30,458.4232029690693,1882.786534981988,177,28,2.6335,3.04,156.0,37.096,1,264583,664006
35,543.5099015969901,1966.7539795263692,133,33,2.6335,3.04,156.0,37.096,1,264583,664106
36,632.9725059175313,2052.1591789274385,97,40,2.6335,3.04,156.0,37.096,0,264583,664206
34,725.193335160403,2138.829907993964,81,44,2.6335,3.04,156.0,37.096,1,264583,664306
32,819.2414500466989,2226.6183900710957,67,34,2.6335,3.04,156.0,37.096,1,264583,664406
29,914.5532972922722,2315.3974895633205,56,35,2.6335,3.04,156.0,37.096,1,264583,664506
28,1010.7714448388996,2405.057507493211,40,26,2.6335,3.04,156.0,37.096,1,264583,664606
32,1107.6597373811444,2495.503495093282,33,14,2.6335,3.04,156.0,37.096,1,264583,664706
40,1205.0565438720355,2586.653006047799,37,22,2.6335,3.04,156.0,37.096,0,264583,664806
42,1302.8478245913311,2678.434216733621,53,25,2.6335,3.04,156.0,37.096,0,264583,664906
49,1378.0356346830815,2770.7843533993714,64,28,2.9116,3.2935,167.3,38.714,0,264583,665006
57,1415.498101337537,2863.636054820582,75,39,2.9116,3.2935,167.3,38.714,0,264583,665106
58,1458.865154606121,2955.095037636835,64,40,2.9116,3.2935,167.3,38.714,0,264583,665206
55,1507.6273424681945,3045.435987976388,47,39,2.9116,3.2935,167.3,38.714,0,264583,665306
58,1519.944112739802,3115.5379151103843,35,37,2.9116,3.2935,167.3,38.714,0,264583,665406
61,1422.3349485046094,3181.0264364027325,27,27,2.9116,3.2935,167.3,38.714,0,264583,665506
64,1325.0823769195763,3248.1154708976983,13,22,2.9116,3.2935,167.3,38.714,0,264583,665606
69,1228.271104238824,3316.7342531371132,18,37,2.9116,3.2935,167.3,38.714,0,264583,665706
68,1132.014357414819,3386.859977048779,19,32,2.9116,3.2935,167.3,38.714,0,264583,665806
87,1036.4666445566452,3458.120198218607,15,32,2.9116,3.2935,167.3,38.714,0,264583,665906
76,941.8437795960306,3530.6956006669866,18,31,2.9116,3.2935,167.3,38.714,0,264583,666006
79,848.4552463441789,3604.584240076923,21,26,2.9116,3.2935,167.3,38.714,0,264583,666106
83,756.7581548514603,3679.585123441906,15,19,2.9116,3.2935,167.3,38.714,0,264583,666206
82,667.4500017375175,3755.4851733344494,11,23,2.9116,3.2935,167.3,38.714,0,264583,666306
88,581.6322761888625,3832.4238339511207,14,25,2.9116,3.2935,167.3,38.714,0,264583,666406
98,501.0410114685346,3910.369970748509,26,25,2.9116,3.2935,167.3,38.714,0,264583,666506
100,426.9917484352835,3989.2911556618737,50,30,2.9116,3.2935,167.3,38.714,0,264583,666606
102,365.4870873885824,4069.074822045183,69,29,2.9116,3.2935,167.3,38.714,0,264583,666706
100,323.7895440926993,4149.734436100945,74,16,2.9116,3.2935,167.3,38.714,0,264583,666806
99,262.77702765453785,4231.219903635594,61,17,2.9116,3.2935,167.3,38.714,0,264583,666906
95,177.89314862141484,4313.484421634324,47,15,2.9116,3.2935,167.3,38.714,0,264583,667006
89,96.03383433646611,4396.484258864346,20,7,2.9116,3.2935,167.3,38.714,0,264583,667106
87,61.20774866484788,4480.17854791547,2,3,2.9116,3.2935,167.3,38.714,0,264583,667206
86,53.009391367936125,4564.529088959994,0,3,2.9116,3.2935,167.3,38.714,0,264583,667306
87,40.54371305475981,4649.500165256684,12,4,2.9116,3.2935,167.3,38.714,0,264583,667406
87,77.77079191315515,4735.054114178249,13,12,2.9116,3.2935,167.3,38.714,0,264583,667506
87,151.7027675665808,4821.120933321568,41,20,2.9116,3.2935,167.3,38.714,0,264583,667606
85,244.7397098782415,4907.716031233522,86,28,2.9116,3.2935,167.3,38.714,0,264583,667706
86,341.7328217997382,4994.811931668858,143,30,2.9116,3.2935,167.3,38.714,0,264583,667806
92,425.4012707646077,5082.3828881988675,248,32,2.9116,3.2935,167.3,38.714,0,264583,667906
98,325.7225118723155,5170.404762856748,347,26,2.9116,3.2935,167.3,38.714,0,264583,668006
101,226.32734769063669,5258.854913504157,367,23,2.9116,3.2935,167.3,38.714,0,264583,668106
95,127.25990651305084,5347.712089370733,309,21,2.9116,3.2935,167.3,38.714,0,264583,668206
82,32.037838418573834,5436.9563342293795,197,17,2.9116,3.2935,167.3,38.714,0,264583,668306
81,35.88231255495198,5526.568896687351,90,5,2.9116,3.2935,167.3,38.714,0,264583,668406
23,192.88572003258616,242.91040316825743,4,2,2.6335,3.04,156.0,37.096,1,264683,661706
31,274.70798620534214,338.22342331594785,5,4,2.6335,3.04,156.0,37.096,1,264683,661806
30,363.97431062970026,432.6299951170813,7,4,2.6335,3.04,156.0,37.096,1,264683,661906
25,457.3353092404742,528.5251447458041,4,5,2.6335,3.04,156.0,37.096,1,264683,662006
22,553.0224872080654,625.5589821452843,4,7,2.6335,3.04,156.0,37.096,1,264683,662106
26,650.0093519615772,721.9039076477433,2,4,2.6335,3.04,156.0,37.096,1,264683,662206
29,747.790374314369,819.1254260560581,3,4,2.6335,3.04,156.0,37.096,1,264683,662306
27,846.090261258773,916.5923045937552,31,3,2.6335,3.04,156.0,37.096,1,264683,662406
28,944.7470648150506,1013.2840561916412,83,2,2.6335,3.04,156.0,37.096,1,264683,662506
27,1043.6595722535046,1092.6944239487393,106,5,2.6335,3.04,156.0,37.096,1,264683,662606
27,988.576055382642,1123.3209306746337,92,5,2.6335,3.04,156.0,37.096,1,264683,662706
28,896.3077055217298,1161.7739549735068,82,5,2.6335,3.04,156.0,37.096,1,264683,662806
26,805.8860891461964,1206.389137168761,82,8,2.6335,3.04,156.0,37.096,1,264683,662906
28,718.009243938457,1254.9047510974883,104,13,2.6335,3.04,156.0,37.096,1,264683,663006
29,633.7366646193022,1309.2538572286703,103,19,2.6335,3.04,156.0,37.096,1,264683,663106
31,554.713480802947,1366.2037608405765,74,18,2.6335,3.04,156.0,37.096,1,264683,663206
36,483.5203527114912,1426.949829387432,73,18,2.6335,3.04,156.0,37.096,0,264683,663306
36,424.11887153010326,1491.931270214117,91,10,2.6335,3.04,156.0,37.096,0,264683,663406
32,382.04934614482937,1560.619112562894,116,9,2.6335,3.04,156.0,37.096,1,264683,663506
27,362.66230997517783,1632.0057735967134,119,14,2.6335,3.04,156.0,37.096,1,264683,663606
24,369.83121986939034,1706.1356282295812,134,13,2.6335,3.04,156.0,37.096,1,264683,663706
27,402.5249201026325,1782.527131910868,149,9,2.6335,3.04,156.0,37.096,1,264683,663806
32,455.27737854760585,1860.2804166116252,135,7,2.6335,3.04,156.0,37.096,1,264683,663906
33,522.0427870689618,1940.0719852887037,125,12,2.6335,3.04,156.0,37.096,1,264683,664006
34,598.1470150759584,2021.6615413504264,89,26,2.6335,3.04,156.0,37.096,1,264683,664106
36,680.4638357457566,2104.840009941067,45,32,2.6335,3.04,156.0,37.096,0,264683,664206
35,766.9955748707924,2189.426305478684,47,35,2.6335,3.04,156.0,37.096,1,264683,664306
33,856.4656396989471,2275.2634192100413,34,30,2.6335,3.04,156.0,37.096,1,264683,664406
33,948.0424948800955,2362.2150000515826,34,23,2.6335,3.04,156.0,37.096,1,264683,664506
28,1041.1703761690617,2450.162399952711,29,16,2.6335,3.04,156.0,37.096,1,264683,664606
32,1135.4677152282115,2539.0021397815635,26,10,2.6335,3.04,156.0,37.096,1,264683,664706
38,1230.665719210186,2628.6437464001633,24,10,2.6335,3.04,156.0,37.096,0,264683,664806
43,1326.5705004079782,2719.0079119344277,37,16,2.6335,3.04,156.0,37.096,0,264683,664906
49,1423.0391676500767,2810.02492957542,51,18,2.9116,3.2935,167.3,38.714,0,264683,665006
54,1507.4743012836811,2901.6333649358035,54,31,2.9116,3.2935,167.3,38.714,0,264683,665106
57,1548.2672358041077,2993.778927072272,50,28,2.9116,3.2935,167.3,38.714,0,264683,665206
59,1594.297368089862,3086.413508241456,41,29,2.9116,3.2935,167.3,38.714,0,264683,665306
63,1544.0681192914135,3178.683431471665,34,27,2.9116,3.2935,167.3,38.714,0,264683,665406
66,1448.0859632277873,3256.488661245108,18,21,2.9116,3.2935,167.3,38.714,0,264683,665506
73,1352.6860525571235,3322.20876668229,13,17,2.9116,3.2935,167.3,38.714,0,264683,665606
72,1258.000857180868,3389.4267794907155,9,27,2.9116,3.2935,167.3,38.714,0,264683,665706
74,1164.2047743215212,3458.1332951719533,10,31,2.9116,3.2935,167.3,38.714,0,264683,665806
89,1071.531313792672,3528.281333161463,9,32,2.9116,3.2935,167.3,38.714,0,264683,665906
78,980.29891172207,3599.5222988948813,5,28,2.9116,3.2935,167.3,38.714,0,264683,666006
75,890.9503668604106,3672.026266175558,4,22,2.9116,3.2935,167.3,38.714,0,264683,666106
81,804.113894976281,3745.796713480981,3,16,2.9116,3.2935,167.3,38.714,0,264683,666206
82,720.6981032160073,3820.6915116431073,4,18,2.9116,3.2935,167.3,38.714,0,264683,666306
87,641.7094209171456,3896.4133930654625,13,25,2.9116,3.2935,167.3,38.714,0,264683,666406
92,568.3747344048529,3973.160001975067,28,26,2.9116,3.2935,167.3,38.714,0,264683,666506
98,504.29028993800375,4050.866730267683,51,30,2.9116,3.2935,167.3,38.714,0,264683,666606
97,453.39558262264165,4129.53291928817,72,24,2.9116,3.2935,167.3,38.714,0,264683,666706
98,399.4376879779021,4209.046940387079,71,19,2.9116,3.2935,167.3,38.714,0,264683,666806
96,318.13686122714216,4289.405801406742,61,18,2.9116,3.2935,167.3,38.714,0,264683,666906
94,225.56955655871343,4370.575260981305,51,15,2.9116,3.2935,167.3,38.714,0,264683,667006
92,125.6475244320252,4452.510987595852,21,8,2.9116,3.2935,167.3,38.714,0,264683,667106
86,25.726153901149097,4535.171449617068,5,6,2.9116,3.2935,167.3,38.714,0,264683,667206
85,22.42575188444291,4618.517734098437,0,4,2.9116,3.2935,167.3,38.714,0,264683,667306
91,119.5583576758726,4702.513375094402,0,4,2.9116,3.2935,167.3,38.714,0,264683,667406
88,167.7971562649569,4787.1241915895325,14,13,2.9116,3.2935,167.3,38.714,0,264683,667506
86,216.97522684354425,4872.318134980691,50,18,2.9116,3.2935,167.3,38.714,0,264683,667606
86,289.7620488741292,4958.0458022905395,74,25,2.9116,3.2935,167.3,38.714,0,264683,667706
88,375.2943389816306,5044.272768905932,139,28,2.9116,3.2935,167.3,38.714,0,264683,667806
96,430.1209117161598,5130.9996449659775,219,34,2.9116,3.2935,167.3,38.714,0,264683,667906
98,331.8627913276934,5218.201504939807,322,23,2.9116,3.2935,167.3,38.714,0,264683,668006
99,235.0783397935161,5305.854929761192,331,22,2.9116,3.2935,167.3,38.714,0,264683,668106
94,142.7961463497648,5393.937905203046,261,15,2.9116,3.2935,167.3,38.714,0,264683,668206
84,70.33383021443413,5482.429727292571,167,11,2.9116,3.2935,167.3,38.714,0,264683,668306
31,309.61693035387475,309.61693035387475,3,0,2.6335,3.04,156.0,37.096,1,264783,661806
34,407.0428175219328,407.0428175219328,1,1,2.6335,3.04,156.0,37.096,1,264783,661906
30,498.11869746471814,504.5453555113238,3,1,2.6335,3.04,156.0,37.096,1,264783,662006
25,587.4025147409063,600.9734948063362,2,2,2.6335,3.04,156.0,37.096,1,264783,662106
24,679.4998164853728,698.4069495297384,1,3,2.6335,3.04,156.0,37.096,1,264783,662206
31,773.562076942355,796.4768627167571,0,1,2.6335,3.04,156.0,37.096,1,264783,662306
28,868.951421635919,894.9740323243022,4,0,2.6335,3.04,156.0,37.096,1,264783,662406
28,965.274499529952,993.7714245371088,19,0,2.6335,3.04,156.0,37.096,1,264783,662506
27,1062.2773393622374,1090.1746083524886,32,0,2.6335,3.04,156.0,37.096,1,264783,662606
28,1029.491872996292,1185.192594385487,27,1,2.6335,3.04,156.0,37.096,1,264783,662706
28,941.2430091464886,1253.1785910870406,9,1,2.6335,3.04,156.0,37.096,1,264783,662806
30,855.5835949624443,1295.5009165332926,25,1,2.6335,3.04,156.0,37.096,1,264783,662906
29,773.3745364767212,1341.5776701320576,29,5,2.6335,3.04,156.0,37.096,1,264783,663006
32,695.8398230715937,1392.5665715025086,36,6,2.6335,3.04,156.0,37.096,1,264783,663106
33,624.7222943628875,1448.2971115551643,24,5,2.6335,3.04,156.0,37.096,1,264783,663206
38,562.4614038098558,1505.9607093276468,25,2,2.6335,3.04,156.0,37.096,0,264783,663306
35,512.2965122636275,1567.670487536369,33,2,2.6335,3.04,156.0,37.096,1,264783,663406
32,478.0508363962984,1633.1760030524583,47,3,2.6335,3.04,156.0,37.096,1,264783,663506
26,462.4940968129657,1702.0390584238337,56,2,2.6335,3.04,156.0,37.096,1,264783,663606
27,468.1366998008063,1773.371387767979,48,5,2.6335,3.04,156.0,37.096,1,264783,663706
28,494.37146945787595,1847.241731830317,52,2,2.6335,3.04,156.0,37.096,1,264783,663806
33,538.1954384120038,1923.3886320906183,60,0,2.6335,3.04,156.0,37.096,1,264783,663906
33,595.7394649014268,2000.71824100612,45,3,2.6335,3.04,156.0,37.096,1,264783,664006
37,663.4430572058069,2079.930181416663,27,12,2.6335,3.04,156.0,37.096,0,264783,664106
36,738.5173459493941,2160.8668721698896,17,16,2.6335,3.04,156.0,37.096,0,264783,664206
37,818.9377573306083,2243.3416411493395,15,15,2.6335,3.04,156.0,37.096,0,264783,664306
34,903.277493628196,2327.190967365579,13,18,2.6335,3.04,156.0,37.096,1,264783,664406
35,990.5359209078614,2412.2715183538667,15,12,2.6335,3.04,156.0,37.096,1,264783,664506
32,1080.0058290223874,2498.4575157353784,19,10,2.6335,3.04,156.0,37.096,1,264783,664606
31,1171.180503097573,2585.638419734656,9,6,2.6335,3.04,156.0,37.096,1,264783,664706
41,1263.6910029550077,2673.7169104602785,11,5,2.6335,3.04,156.0,37.096,0,264783,664806
44,1357.2642082744917,2762.6071376427353,19,6,2.6335,3.04,156.0,37.096,0,264783,664906
47,1451.694634272832,2852.233208667888,34,9,2.9116,3.2935,167.3,38.714,0,264783,665006
51,1546.8252943658767,2942.5278853905947,36,12,2.9116,3.2935,167.3,38.714,0,264783,665106
53,1638.894544381987,3033.4314622180896,34,24,2.9116,3.2935,167.3,38.714,0,264783,665206
56,1668.9086279022697,3124.8908005957433,30,16,2.9116,3.2935,167.3,38.714,0,264783,665306
65,1574.186332100448,3216.8584978704353,20,16,2.9116,3.2935,167.3,38.714,0,264783,665406
71,1480.1585077474265,3309.2921712950283,9,14,2.9116,3.2935,167.3,38.714,0,264783,665506
78,1386.9664047634003,3397.4785210719942,12,8,2.9116,3.2935,167.3,38.714,0,264783,665606
80,1294.7904880047342,3463.4106008020844,8,11,2.9116,3.2935,167.3,38.714,0,264783,665706
77,1203.8641982020908,3530.7469004125214,8,19,2.9116,3.2935,167.3,38.714,0,264783,665806
76,1114.4934309353234,3599.534090465134,5,25,2.9116,3.2935,167.3,38.714,0,264783,665906
76,1027.0843234531494,3669.702689283753,3,20,2.9116,3.2935,167.3,38.714,0,264783,666006
76,942.1830009973852,3740.925855340557,3,11,2.9116,3.2935,167.3,38.714,0,264783,666106
83,860.5320489404588,3813.363656196088,2,9,2.9116,3.2935,167.3,38.714,0,264783,666206
84,782.6358453149107,3887.0243752308666,1,11,2.9116,3.2935,167.3,38.714,0,264783,666306
82,709.7730089174663,3961.814130311167,4,19,2.9116,3.2935,167.3,38.714,0,264783,666406
91,644.2333288519949,4037.3760999174865,17,20,2.9116,3.2935,167.3,38.714,0,264783,666506
95,588.4687245892438,4113.9431643561165,37,10,2.9116,3.2935,167.3,38.714,0,264783,666606
93,535.0225952262228,4191.425679246561,60,12,2.9116,3.2935,167.3,38.714,0,264783,666706
93,437.14050212622215,4269.844269963786,69,14,2.9116,3.2935,167.3,38.714,0,264783,666806
91,340.28461842676194,4349.112827389241,57,12,2.9116,3.2935,167.3,38.714,0,264783,666906
94,244.77922503177572,4429.188229023646,40,10,2.9116,3.2935,167.3,38.714,0,264783,667006
94,152.32935262757317,4510.059240285165,14,6,2.9116,3.2935,167.3,38.714,0,264783,667106
89,66.97360242281184,4591.683823352996,4,3,2.9116,3.2935,167.3,38.714,0,264783,667206
88,41.953587895909,4674.022498491164,0,2,2.9116,3.2935,167.3,38.714,0,264783,667306
93,119.22552610722242,4757.038185590018,0,1,2.9116,3.2935,167.3,38.714,0,264783,667406
90,215.0837850766966,4840.69605345363,2,10,2.9116,3.2935,167.3,38.714,0,264783,667506
86,300.858887518635,4924.963376988862,31,14,2.9116,3.2935,167.3,38.714,0,264783,667606
85,357.8079992736058,5009.809402306791,64,23,2.9116,3.2935,167.3,38.714,0,264783,667706
90,430.0120466313781,5095.205219635565,107,27,2.9116,3.2935,167.3,38.714,0,264783,667806
94,457.21084438466465,5181.090511757667,168,28,2.9116,3.2935,167.3,38.714,0,264783,667906
97,366.2931473495043,5267.463192139116,224,22,2.9116,3.2935,167.3,38.714,0,264783,668006
100,281.4211529263119,5354.310232892326,228,18,2.9116,3.2935,167.3,38.714,0,264783,668106
94,208.5755060206878,5441.608921961459,182,11,2.9116,3.2935,167.3,38.714,0,264783,668206
30,385.74597311013457,385.74597311013457,0,0,2.6335,3.04,156.0,37.096,1,264883,661906
29,485.18355440222615,485.18355440222615,0,0,2.6335,3.04,156.0,37.096,1,264883,662006
24,584.8129676692123,584.8129676692123,0,0,2.6335,3.04,156.0,37.096,1,264883,662106
24,680.3104309466263,680.3104309466263,0,0,2.6335,3.04,156.0,37.096,1,264883,662206
34,773.9658206564965,773.9658206564965,0,0,2.6335,3.04,156.0,37.096,1,264883,662306
26,869.0361906354556,869.0361906354556,0,0,2.6335,3.04,156.0,37.096,1,264883,662406
28,965.1034709935944,965.1034709935944,0,0,2.6335,3.04,156.0,37.096,1,264883,662506
26,1061.8971319358498,1061.8971319358498,0,0,2.6335,3.04,156.0,37.096,1,264883,662606
29,1078.1578807646504,1159.2352340673929,0,0,2.6335,3.04,156.0,37.096,1,264883,662706
28,994.2380507487356,1256.9913034675233,0,0,2.6335,3.04,156.0,37.096,1,264883,662806
30,913.5612662861582,1355.07488578406,0,0,2.6335,3.04,156.0,37.096,1,264883,662906
30,837.0657518738252,1429.989901392291,0,0,2.6335,3.04,156.0,37.096,1,264883,663006
32,766.00519493135,1477.9331401440872,0,0,2.6335,3.04,156.0,37.096,1,264883,663106
30,702.0319397032724,1530.9139028062466,0,0,2.6335,3.04,156.0,37.096,1,264883,663206
34,647.2509019424094,1587.3403658816585,0,0,2.6335,3.04,156.0,37.096,1,264883,663306
38,604.1677050016708,1646.0020048415263,0,0,2.6335,3.04,156.0,37.096,0,264883,663406
32,575.3489793017802,1708.506862554614,0,0,2.6335,3.04,156.0,37.096,1,264883,663506
25,562.3856577982317,1774.4488718613727,0,0,2.6335,3.04,156.0,37.096,1,264883,663606
28,567.035103155615,1843.459220678338,0,0,2.6335,3.04,156.0,37.096,1,264883,663706
32,588.8802835247997,1914.7452344516353,0,0,2.6335,3.04,156.0,37.096,1,264883,663806
37,626.1239241857779,1988.392629667639,0,0,2.6335,3.04,156.0,37.096,0,264883,663906
35,676.2265512025886,2064.2501322703692,0,0,2.6335,3.04,156.0,37.096,1,264883,664006
36,736.5687535219618,2141.2855324221764,1,1,2.6335,3.04,156.0,37.096,0,264883,664106
36,804.8507369558941,2219.986443885154,1,4,2.6335,3.04,156.0,37.096,0,264883,664206
36,879.2245952496979,2300.3425594261353,0,0,2.6335,3.04,156.0,37.096,0,264883,664306
39,958.2729616375204,2382.186384475512,2,2,2.6335,3.04,156.0,37.096,0,264883,664406
38,1040.931433437906,2465.3697592965323,1,2,2.6335,3.04,156.0,37.096,0,264883,664506
35,1126.4055349795842,2549.761582918523,0,1,2.6335,3.04,156.0,37.096,1,264883,664606
35,1214.1007410203622,2635.2457588241177,0,0,2.6335,3.04,156.0,37.096,1,264883,664706
40,1303.5688664047411,2721.7193626591684,0,0,2.6335,3.04,156.0,37.096,0,264883,664806
44,1394.4687051251065,2809.0910217981827,3,1,2.6335,3.04,156.0,37.096,0,264883,664906
45,1486.537638166905,2897.2794909053023,7,2,2.9116,3.2935,167.3,38.714,0,264883,665006
50,1579.571248725549,2986.2124050532334,11,2,2.9116,3.2935,167.3,38.714,0,264883,665106
51,1673.408650005712,3075.825191353882,13,1,2.9116,3.2935,167.3,38.714,0,264883,665206
58,1702.6955862532725,3166.0601206294987,8,5,2.9116,3.2935,167.3,38.714,0,264883,665306
70,1609.9623782348458,3256.865481888038,4,3,2.9116,3.2935,167.3,38.714,0,264883,665406
76,1518.151988180639,3348.1948639210254,3,3,2.9116,3.2935,167.3,38.714,0,264883,665506
82,1427.4424888947544,3440.0065300025904,3,5,2.9116,3.2935,167.3,38.714,0,264883,665606
83,1338.057793590126,3532.2628733056936,3,3,2.9116,3.2935,167.3,38.714,0,264883,665706
83,1250.282071723218,3604.629646728752,2,3,2.9116,3.2935,167.3,38.714,0,264883,665806
81,1164.4792221236612,3672.074816233522,1,8,2.9116,3.2935,167.3,38.714,0,264883,665906
80,1081.1190769951995,3740.936440206447,1,6,2.9116,3.2935,167.3,38.714,0,264883,666006
77,1000.8121994301316,3811.124045414579,1,6,2.9116,3.2935,167.3,38.714,0,264883,666106
82,923.7135659119398,3882.330708488069,0,1,2.9116,3.2935,167.3,38.714,0,264883,666206
85,851.1789527859112,3954.70704974606,0,0,2.9116,3.2935,167.3,38.714,0,264883,666306
84,784.7066123601159,4028.2656278543623,0,4,2.9116,3.2935,167.3,38.714,0,264883,666406
90,725.9637217503764,4102.93966273044,3,5,2.9116,3.2935,167.3,38.714,0,264883,666506
92,656.1340091596846,4178.36980348915,12,6,2.9116,3.2935,167.3,38.714,0,264883,666606
92,560.9234220865366,4254.768656203333,24,2,2.9116,3.2935,167.3,38.714,0,264883,666706
93,467.71608152230624,4332.040764224802,31,5,2.9116,3.2935,167.3,38.714,0,264883,666806
94,375.3212006439925,4410.226530236342,32,7,2.9116,3.2935,167.3,38.714,0,264883,666906
94,286.56808841610575,4489.263706259795,17,7,2.9116,3.2935,167.3,38.714,0,264883,667006
95,208.2703410091653,4569.071525715199,5,3,2.9116,3.2935,167.3,38.714,0,264883,667106
93,152.88638055310204,4649.6602660690605,0,0,2.9116,3.2935,167.3,38.714,0,264883,667206
92,136.90689842941902,4730.99002034684,0,0,2.9116,3.2935,167.3,38.714,0,264883,667306
92,181.3793446005832,4813.0232240642035,0,0,2.9116,3.2935,167.3,38.714,0,264883,667406
91,255.6300068847233,4895.724516161154,0,0,2.9116,3.2935,167.3,38.714,0,264883,667506
87,342.62663198773424,4979.060606269153,13,9,2.9116,3.2935,167.3,38.714,0,264883,667606
85,435.24627221221886,5063.0001484950935,37,16,2.9116,3.2935,167.3,38.714,0,264883,667706
86,498.973826592692,5147.513621781036,65,18,2.9116,3.2935,167.3,38.714,0,264883,667806
91,503.0700883081159,5232.573216800823,92,14,2.9116,3.2935,167.3,38.714,0,264883,667906
95,421.6097239788567,5318.149115521745,101,14,2.9116,3.2935,167.3,38.714,0,264883,668006
98,349.37177297391827,5404.181677593732,127,8,2.9116,3.2935,167.3,38.714,0,264883,668106
28,457.78325263433,457.78325263433,0,0,2.6335,3.04,156.0,37.096,1,264983,662006
26,552.9614050565975,552.9614050565975,0,0,2.6335,3.04,156.0,37.096,1,264983,662106
24,649.5899664956859,649.5899664956859,0,0,2.6335,3.04,156.0,37.096,1,264983,662206
31,747.1063737257005,747.1063737257005,0,0,2.6335,3.04,156.0,37.096,1,264983,662306
29,845.2033736038125,845.2033736038125,0,0,2.6335,3.04,156.0,37.096,1,264983,662406
26,943.6999267992796,943.6999267992796,0,0,2.6335,3.04,156.0,37.096,1,264983,662506
25,1042.2869378543303,1042.2869378543303,0,0,2.6335,3.04,156.0,37.096,1,264983,662606
27,1133.5763384723723,1141.0504998838178,0,0,2.6335,3.04,156.0,37.096,1,264983,662706
28,1054.0778912614353,1240.0122683862703,0,0,2.6335,3.04,156.0,37.096,1,264983,662806
31,978.3481417920092,1339.128301624537,0,0,2.6335,3.04,156.0,37.096,1,264983,662906
32,907.3312362360292,1438.366709387829,0,0,2.6335,3.04,156.0,37.096,1,264983,663006
32,842.2201956444196,1537.7037988957836,0,0,2.6335,3.04,156.0,37.096,1,264983,663106
31,784.4869301989982,1615.1600813774976,0,0,2.6335,3.04,156.0,37.096,1,264983,663206
36,735.8699812839027,1669.7749073780244,0,0,2.6335,3.04,156.0,37.096,0,264983,663306
39,698.2761023094623,1726.57303419002,0,0,2.6335,3.04,156.0,37.096,0,264983,663406
34,673.3522751828416,1786.2607709531158,0,0,2.6335,3.04,156.0,37.096,1,264983,663506
27,662.3099475377511,1849.432518720244,0,0,2.6335,3.04,156.0,37.096,1,264983,663606
30,666.2624458282246,1915.7436521502016,0,0,2.6335,3.04,156.0,37.096,1,264983,663706
31,684.9502367577934,1984.879553073103,0,0,2.6335,3.04,156.0,37.096,1,264983,663806
37,717.2224250175859,2056.125615509998,0,0,2.6335,3.04,156.0,37.096,0,264983,663906
38,761.3535230506627,2129.579414724351,0,0,2.6335,3.04,156.0,37.096,0,264983,664006
36,815.4203622520138,2205.1223141764835,0,0,2.6335,3.04,156.0,37.096,0,264983,664106
37,877.5884840224116,2281.958365708372,0,0,2.6335,3.04,156.0,37.096,0,264983,664206
37,946.2625044892692,2360.205512767851,0,0,2.6335,3.04,156.0,37.096,0,264983,664306
38,1020.1293582266188,2440.0422418829316,0,0,2.6335,3.04,156.0,37.096,0,264983,664406
37,1098.14165189624,2521.3175567243434,0,0,2.6335,3.04,156.0,37.096,0,264983,664506
37,1179.4771162438683,2603.896753237298,0,0,2.6335,3.04,156.0,37.096,0,264983,664606
37,1263.4941423910525,2687.659647573158,0,0,2.6335,3.04,156.0,37.096,0,264983,664706
38,1349.6920493097862,2772.498955972103,0,0,2.6335,3.04,156.0,37.096,0,264983,664806
40,1437.678617801489,2858.3188311557774,0,0,2.6335,3.04,156.0,37.096,0,264983,664906
43,1527.1447175029448,2945.0335516277332,0,0,2.9116,3.2935,167.3,38.714,0,264983,665006
48,1617.8449147896404,3032.56635539709,0,0,2.9116,3.2935,167.3,38.714,0,264983,665106
52,1709.58279952281,3120.8484070136633,0,0,2.9116,3.2935,167.3,38.714,0,264983,665206
59,1741.5764440891228,3209.817885680284,0,0,2.9116,3.2935,167.3,38.714,0,264983,665306
67,1651.0285008113394,3299.4191820540746,0,0,2.9116,3.2935,167.3,38.714,0,264983,665406
77,1561.634307504982,3389.6021917888397,0,0,2.9116,3.2935,167.3,38.714,0,264983,665506
81,1473.603851196715,3480.321694650228,0,0,2.9116,3.2935,167.3,38.714,0,264983,665606
85,1387.1967813352996,3571.5368089838253,0,0,2.9116,3.2935,167.3,38.714,0,264983,665706
84,1302.7361628634712,3663.2105123238134,0,0,2.9116,3.2935,167.3,38.714,0,264983,665806
81,1220.626113892975,3745.863686927412,0,0,2.9116,3.2935,167.3,38.714,0,264983,665906
81,1141.3528894702729,3813.4096602988097,0,0,2.9116,3.2935,167.3,38.714,0,264983,666006
79,1064.8824523522387,3882.340174547861,0,0,2.9116,3.2935,167.3,38.714,0,264983,666106
83,992.5892882475042,3952.545401553025,0,0,2.9116,3.2935,167.3,38.714,0,264983,666206
87,925.4687206813938,4023.736721628723,0,0,2.9116,3.2935,167.3,38.714,0,264983,666306
90,864.726090028296,4096.055825330653,0,0,2.9116,3.2935,167.3,38.714,0,264983,666406
92,783.2474381398862,4169.519090190965,0,0,2.9116,3.2935,167.3,38.714,0,264983,666506
93,690.8297059692043,4244.067101579404,0,0,2.9116,3.2935,167.3,38.714,0,264983,666606
93,598.7502062879146,4319.391468394013,0,0,2.9116,3.2935,167.3,38.714,0,264983,666706
97,509.6636883038002,4395.618826026079,0,0,2.9116,3.2935,167.3,38.714,0,264983,666806
94,425.45545104164097,4472.706690714617,0,0,2.9116,3.2935,167.3,38.714,0,264983,666906
96,349.66785163446053,4550.673137708133,0,0,2.9116,3.2935,167.3,38.714,0,264983,667006
95,288.5355212246308,4629.486674713889,0,0,2.9116,3.2935,167.3,38.714,0,264983,667106
95,247.13439078665405,4709.046702473996,0,0,2.9116,3.2935,167.3,38.714,0,264983,667206
90,236.0654446076061,4789.368103293085,0,0,2.9116,3.2935,167.3,38.714,0,264983,667306
91,265.2892405773043,4870.418135191391,0,0,2.9116,3.2935,167.3,38.714,0,264983,667406
94,322.3371390389702,4952.161022660832,0,0,2.9116,3.2935,167.3,38.714,0,264983,667506
87,395.5738550058931,5034.563017494285,0,0,2.9116,3.2935,167.3,38.714,0,264983,667606
85,478.0428676296698,5117.592281520789,5,1,2.9116,3.2935,167.3,38.714,0,264983,667706
85,566.1901551766621,5201.218774733585,9,3,2.9116,3.2935,167.3,38.714,0,264983,667806
88,562.4159078410574,5285.414148900833,9,7,2.9116,3.2935,167.3,38.714,0,264983,667906
92,490.5278073566189,5370.151646663352,17,1,2.9116,3.2935,167.3,38.714,0,264983,668006
23,632.1659054915905,632.1659054915905,0,0,2.6335,3.04,156.0,37.096,1,265083,662206
29,731.620061595741,731.620061595741,0,0,2.6335,3.04,156.0,37.096,1,265083,662306
32,830.8313886089533,830.8313886089533,0,0,2.6335,3.04,156.0,37.096,1,265083,662406
23,929.9121255180028,929.9121255180028,0,0,2.6335,3.04,156.0,37.096,1,265083,662506
25,1029.1706982191722,1029.1706982191722,0,0,2.6335,3.04,156.0,37.096,1,265083,662606
25,1128.5601849083932,1128.5601849083932,0,0,2.6335,3.04,156.0,37.096,1,265083,662706
30,1119.6656197881862,1228.048800271388,0,0,2.6335,3.04,156.0,37.096,1,265083,662806
32,1048.6829768034695,1327.614259013334,0,0,2.6335,3.04,156.0,37.096,1,265083,662906
31,982.7618590172848,1427.240479254653,0,0,2.6335,3.04,156.0,37.096,1,265083,663006
29,922.9874090369996,1526.9155675775205,0,0,2.6335,3.04,156.0,37.096,1,265083,663106
31,870.6265806547354,1626.6305405340545,0,0,2.6335,3.04,156.0,37.096,1,265083,663206
39,827.0885857296546,1726.3784869737106,0,0,2.6335,3.04,156.0,37.096,0,265083,663306
42,793.8264384271939,1808.8181617045184,0,0,2.6335,3.04,156.0,37.096,0,265083,663406
36,771.8679453146232,1866.134878377184,0,0,2.6335,3.04,156.0,37.096,0,265083,663506
32,762.2540948514265,1926.68951410177,0,0,2.6335,3.04,156.0,37.096,1,265083,663606
31,765.6908548698468,1990.4284923612809,0,0,2.6335,3.04,156.0,37.096,1,265083,663706
33,782.0061798636033,2057.055828765346,0,0,2.6335,3.04,156.0,37.096,1,265083,663806
36,810.4226338512614,2126.3000216600135,0,0,2.6335,3.04,156.0,37.096,0,265083,663906
38,849.7270300349195,2197.5112697452746,0,0,2.6335,3.04,156.0,37.096,0,265083,664006
37,898.4916280553282,2270.7953931428583,0,0,2.6335,3.04,156.0,37.096,0,265083,664106
37,955.2687505613608,2346.053634165291,0,0,2.6335,3.04,156.0,37.096,0,265083,664206
38,1018.7195717726312,2422.7183563700355,0,0,2.6335,3.04,156.0,37.096,0,265083,664306
35,1087.6767654161608,2500.5600000731147,0,0,2.6335,3.04,156.0,37.096,1,265083,664406
37,1161.1597332579663,2579.929532688632,0,0,2.6335,3.04,156.0,37.096,0,265083,664506
40,1238.3630752946654,2660.6902249815394,0,0,2.6335,3.04,156.0,37.096,0,265083,664606
39,1318.6334920541076,2742.719189597368,0,0,2.6335,3.04,156.0,37.096,0,265083,664706
38,1401.4440646991086,2825.90598439845,0,0,2.6335,3.04,156.0,37.096,0,265083,664806
39,1486.3702925563027,2910.1513212086243,0,0,2.6335,3.04,156.0,37.096,0,265083,664906
42,1573.069555584704,2995.3658861657673,0,0,2.9116,3.2935,167.3,38.714,0,265083,665006
46,1661.2642796439727,3081.4692715779206,0,0,2.9116,3.2935,167.3,38.714,0,265083,665106
53,1750.7284732175224,3168.389015154593,0,0,2.9116,3.2935,167.3,38.714,0,265083,665206
57,1785.218407300869,3256.059740088566,0,0,2.9116,3.2935,167.3,38.714,0,265083,665306
68,1697.000695831053,3344.422388200831,0,0,2.9116,3.2935,167.3,38.714,0,265083,665406
75,1610.1608495850046,3433.4235378659996,0,0,2.9116,3.2935,167.3,38.714,0,265083,665506
77,1524.9342810172277,3523.0147984426076,0,0,2.9116,3.2935,167.3,38.714,0,265083,665606
86,1441.6071452745905,3613.152273253777,0,0,2.9116,3.2935,167.3,38.714,0,265083,665706
87,1360.5284859906387,3703.7960836677103,0,0,2.9116,3.2935,167.3,38.714,0,265083,665806
83,1281.9686677098298,3794.9099474250497,0,0,2.9116,3.2935,167.3,38.714,0,265083,665906
80,1206.1104936139493,3886.460804991982,0,0,2.9116,3.2935,167.3,38.714,0,265083,666006
81,1134.0023724056548,3954.750689803861,0,0,2.9116,3.2935,167.3,38.714,0,265083,666106
85,1066.4052880765466,4023.7451475152025,0,0,2.9116,3.2935,167.3,38.714,0,265083,666206
89,1004.2305991422444,4093.966757698301,0,0,2.9116,3.2935,167.3,38.714,0,265083,666306
86,913.7189665105892,4165.143776617736,0,0,2.9116,3.2935,167.3,38.714,0,265083,666406
91,822.275875486319,4237.409444358565,0,0,2.9116,3.2935,167.3,38.714,0,265083,666506
97,733.0708567747087,4310.783561996692,0,0,2.9116,3.2935,167.3,38.714,0,265083,666606
99,647.0302517641801,4385.21048954581,0,0,2.9116,3.2935,167.3,38.714,0,265083,666706
99,565.6000462726565,4460.438442547999,0,0,2.9116,3.2935,167.3,38.714,0,265083,666806
96,491.0790954512768,4536.5001164157275,0,0,2.9116,3.2935,167.3,38.714,0,265083,666906
95,427.0994540324972,4613.418808153147,0,0,2.9116,3.2935,167.3,38.714,0,265083,667006
96,376.3076408226633,4691.178313016495,0,0,2.9116,3.2935,167.3,38.714,0,265083,667106
95,343.5968603024686,4769.766747925036,0,0,2.9116,3.2935,167.3,38.714,0,265083,667206
89,335.72353125452827,4849.105802625987,0,0,2.9116,3.2935,167.3,38.714,0,265083,667306
92,356.8778172796767,4929.173669878249,0,0,2.9116,3.2935,167.3,38.714,0,265083,667406
92,402.5087123213639,5009.957988903799,0,0,2.9116,3.2935,167.3,38.714,0,265083,667506
89,463.577389181051,5091.4246565515405,0,0,2.9116,3.2935,167.3,38.714,0,265083,667606
84,536.293435638143,5173.541438521679,0,0,2.9116,3.2935,167.3,38.714,0,265083,667706
86,616.1630933737736,5256.2778654539325,0,0,2.9116,3.2935,167.3,38.714,0,265083,667806
24,722.5261853172799,722.5261853172799,0,0,2.6335,3.04,156.0,37.096,1,265183,662306
27,822.4961114538287,822.4961114538287,0,0,2.6335,3.04,156.0,37.096,1,265183,662406
24,922.4725569057312,922.4725569057312,0,0,2.6335,3.04,156.0,37.096,1,265183,662506
23,1022.4536092809911,1022.4536092809911,0,0,2.6335,3.04,156.0,37.096,1,265183,662606
25,1122.4380374966158,1122.4380374966158,0,0,2.6335,3.04,156.0,37.096,1,265183,662706
30,1190.051259158685,1222.425013203993,0,0,2.6335,3.04,156.0,37.096,1,265183,662806
35,1123.524314435115,1322.413958559993,0,0,2.6335,3.04,156.0,37.096,1,265183,662906
30,1062.2578645642586,1422.404458191073,0,0,2.6335,3.04,156.0,37.096,1,265183,663006
32,1007.2123194889656,1522.3962058443817,0,0,2.6335,3.04,156.0,37.096,1,265183,663106
32,959.4589841322376,1622.3889707640694,0,0,2.6335,3.04,156.0,37.096,1,265183,663206
39,920.13391847806,1722.3825757782226,0,0,2.6335,3.04,156.0,37.096,0,265183,663306
46,890.354599940671,1819.853308435636,0,0,2.6335,3.04,156.0,37.096,0,265183,663406
45,870.7220931586191,1909.483694564676,0,0,2.6335,3.04,156.0,37.096,0,265183,663506
31,862.2111943300646,2000.0974714729775,0,0,2.6335,3.04,156.0,37.096,1,265183,663606
32,865.251017763993,2067.253594906394,0,0,2.6335,3.04,156.0,37.096,1,265183,663706
33,879.7218332263757,2131.4808291672,0,0,2.6335,3.04,156.0,37.096,1,265183,663806
36,905.0755128544382,2198.3820469975603,0,0,2.6335,3.04,156.0,37.096,0,265183,663906
38,940.4322751172856,2267.7206009592696,0,0,2.6335,3.04,156.0,37.096,0,265183,664006
37,984.715209690509,2338.9012408732883,0,0,2.6335,3.04,156.0,37.096,0,265183,664106
39,1036.7811843920454,2412.035437430377,0,0,2.6335,3.04,156.0,37.096,0,265183,664206
37,1095.5210652574974,2487.0405883863837,0,0,2.6335,3.04,156.0,37.096,0,265183,664306
38,1159.9213699800823,2563.5510365470914,0,0,2.6335,3.04,156.0,37.096,0,265183,664406
37,1229.092659098581,2641.028315908702,0,0,2.6335,3.04,156.0,37.096,0,265183,664506
42,1302.2749113622554,2719.9754861220504,0,0,2.6335,3.04,156.0,37.096,0,265183,664606
40,1378.8296214098095,2800.268330852994,0,0,2.6335,3.04,156.0,37.096,0,265183,664706
38,1458.225738694345,2881.7943723401822,0,0,2.6335,3.04,156.0,37.096,0,265183,664806
41,1540.0238586152543,2964.4518690855607,0,0,2.6335,3.04,156.0,37.096,0,265183,664906
46,1623.8610363013725,3048.148776519644,0,0,2.9116,3.2935,167.3,38.714,0,265183,665006
47,1709.437289089985,3132.8017880918565,0,0,2.9116,3.2935,167.3,38.714,0,265183,665106
52,1796.5041122816465,3218.335458454395,0,0,2.9116,3.2935,167.3,38.714,0,265183,665206
57,1833.281487640562,3304.681407158365,0,0,2.9116,3.2935,167.3,38.714,0,265183,665306
70,1747.4918062213674,3391.7775992083443,0,0,2.9116,3.2935,167.3,38.714,0,265183,665406
75,1663.290176937278,3479.567697597626,0,0,2.9116,3.2935,167.3,38.714,0,265183,665506
76,1580.930362976582,3568.00048232034,0,0,2.9116,3.2935,167.3,38.714,0,265183,665606
84,1500.7156334450883,3657.029330140997,0,0,2.9116,3.2935,167.3,38.714,0,265183,665706
88,1422.7338298036225,3746.6117494590817,0,0,2.9116,3.2935,167.3,38.714,0,265183,665806
85,1347.379088558098,3836.7089648366823,0,0,2.9116,3.2935,167.3,38.714,0,265183,665906
83,1275.4172909677916,3927.2855460905175,0,0,2.9116,3.2935,167.3,38.714,0,265183,666006
82,1207.4552264641488,4018.3090772369446,0,0,2.9116,3.2935,167.3,38.714,0,265183,666106
84,1136.889684902696,4096.0972644394,0,0,2.9116,3.2935,167.3,38.714,0,265183,666206
89,1045.836230623019,4165.151232956129,0,0,2.9116,3.2935,167.3,38.714,0,265183,666306
91,956.5713182661171,4235.388113849724,0,0,2.9116,3.2935,167.3,38.714,0,265183,666406
94,869.645877685274,4306.5517708268,0,0,2.9116,3.2935,167.3,38.714,0,265183,666506
103,785.8366358350846,4378.767437767523,0,0,2.9116,3.2935,167.3,38.714,0,265183,666606
106,706.2538381249452,4452.057995275317,0,0,2.9116,3.2935,167.3,38.714,0,265183,666706
103,632.4948612532985,4526.371230084491,0,0,2.9116,3.2935,167.3,38.714,0,265183,666806
97,566.837732651455,4601.508398588994,0,0,2.9116,3.2935,167.3,38.714,0,265183,666906
93,511.5405261350871,4677.4140022842685,0,0,2.9116,3.2935,167.3,38.714,0,265183,667006
92,468.8009547382461,4754.173015118309,0,0,2.9116,3.2935,167.3,38.714,0,265183,667106
92,441.6358202296748,4831.736946769163,0,0,2.9116,3.2935,167.3,38.714,0,265183,667206
93,435.5383849194394,4910.112298906133,0,0,2.9116,3.2935,167.3,38.714,0,265183,667306
96,452.0455416952255,4989.241758427909,0,0,2.9116,3.2935,167.3,38.714,0,265183,667406
94,488.8728452213581,5069.068879666245,0,0,2.9116,3.2935,167.3,38.714,0,265183,667506
90,541.4527040648863,5149.60049805427,0,0,2.9116,3.2935,167.3,38.714,0,265183,667606
85,604.9022733599295,5230.804075122751,0,0,2.9116,3.2935,167.3,38.714,0,265183,667706
24,921.9649110393938,921.9649110393938,0,0,2.6335,3.04,156.0,37.096,1,265283,662506
25,1021.9562910759856,1021.9562910759856,0,0,2.6335,3.04,156.0,37.096,1,265283,662606
26,1121.9492076523306,1121.9492076523306,0,0,2.6335,3.04,156.0,37.096,1,265283,662706
30,1221.9432835584475,1221.9432835584475,0,0,2.6335,3.04,156.0,37.096,1,265283,662806
31,1202.030691961068,1321.9382557122356,0,0,2.6335,3.04,156.0,37.096,1,265283,662906
26,1144.972781387456,1421.092536175145,0,0,2.6335,3.04,156.0,37.096,1,265283,663006
30,1094.096684859181,1507.9011612028623,0,0,2.6335,3.04,156.0,37.096,1,265283,663106
36,1050.301119451738,1596.254311675046,0,0,2.6335,3.04,156.0,37.096,0,265283,663206
39,1014.5034880291432,1685.9091740439071,0,0,2.6335,3.04,156.0,37.096,0,265283,663306
44,987.5639837049986,1776.6682322619529,0,0,2.6335,3.04,156.0,37.096,0,265283,663406
49,969.8112197870448,1867.894225070926,0,0,2.6335,3.04,156.0,37.096,0,265283,663506
34,962.1772093218513,1959.055362773644,0,0,2.6335,3.04,156.0,37.096,1,265283,663606
37,964.9021516464428,2050.3520160723415,0,0,2.6335,3.04,156.0,37.096,0,265283,663706
33,977.8994541186144,2138.1744827993475,0,0,2.6335,3.04,156.0,37.096,1,265283,663806
37,1000.7689655854808,2223.800758133168,0,0,2.6335,3.04,156.0,37.096,0,265283,663906
39,1032.8551217826162,2309.599000743614,0,0,2.6335,3.04,156.0,37.096,0,265283,664006
37,1073.3316741371848,2396.3836127685877,0,0,2.6335,3.04,156.0,37.096,0,265283,664106
37,1121.2903561610085,2480.294790636736,0,0,2.6335,3.04,156.0,37.096,0,265283,664206
37,1175.8159902523994,2553.295553852133,0,0,2.6335,3.04,156.0,37.096,0,265283,664306
40,1236.0398145071138,2628.074223111366,0,0,2.6335,3.04,156.0,37.096,0,265283,664406
42,1301.1708585579104,2704.412536726842,0,0,2.6335,3.04,156.0,37.096,0,265283,664506
43,1370.5096801095126,2781.5932155686346,0,0,2.6335,3.04,156.0,37.096,0,265283,664606
41,1443.4500210909375,2860.156795801724,0,0,2.6335,3.04,156.0,37.096,0,265283,664706
40,1519.4733112170734,2940.0226149205237,0,0,2.6335,3.04,156.0,37.096,0,265283,664806
42,1598.1396445913374,3021.087396272648,0,0,2.6335,3.04,156.0,37.096,0,265283,664906
46,1679.0775752561512,3103.2571816706995,0,0,2.9116,3.2935,167.3,38.714,0,265283,665006
47,1761.974087165196,3186.446487117602,0,0,2.9116,3.2935,167.3,38.714,0,265283,665106
49,1846.565423686682,3270.5775170353986,0,0,2.9116,3.2935,167.3,38.714,0,265283,665206
56,1885.427607755156,3355.5794394725276,0,0,2.9116,3.2935,167.3,38.714,0,265283,665306
70,1802.122044693576,3441.387722167337,0,0,2.9116,3.2935,167.3,38.714,0,265283,665406
74,1720.5959618271168,3527.943527603216,0,0,2.9116,3.2935,167.3,38.714,0,265283,665506
76,1641.114579711303,3615.193164082764,0,0,2.9116,3.2935,167.3,38.714,0,265283,665606
84,1563.617419941863,3703.0875892022977,0,0,2.9116,3.2935,167.3,38.714,0,265283,665706
89,1488.6766921536785,3791.5819617908046,0,0,2.9116,3.2935,167.3,38.714,0,265283,665806
88,1416.8334946554542,3880.6352382890536,0,0,2.9116,3.2935,167.3,38.714,0,265283,665906
85,1348.582963481875,3970.209809610075,0,0,2.9116,3.2935,167.3,38.714,0,265283,666006
80,1269.4129458772416,4060.2711746874,0,0,2.9116,3.2935,167.3,38.714,0,265283,666106
82,1180.1120679013284,4150.787647142494,0,0,2.9116,3.2935,167.3,38.714,0,265283,666206
90,1092.6663527591406,4237.448829306587,0,0,2.9116,3.2935,167.3,38.714,0,265283,666306
95,1007.558943237355,4306.558321286244,0,0,2.9116,3.2935,167.3,38.714,0,265283,666406
101,925.4351893802118,4376.809470006696,0,0,2.9116,3.2935,167.3,38.714,0,265283,666506
108,847.1632401071245,4447.960614677859,0,0,2.9116,3.2935,167.3,38.714,0,265283,666606
109,773.9126701601508,4520.129395157527,0,0,2.9116,3.2935,167.3,38.714,0,265283,666706
106,707.2454218162374,4593.341470891192,0,0,2.9116,3.2935,167.3,38.714,0,265283,666806
101,649.0079477746714,4667.547748813136,0,0,2.9116,3.2935,167.3,38.714,0,265283,666906
92,599.8671817364317,4742.59928570927,0,0,2.9116,3.2935,167.3,38.714,0,265283,667006
89,563.3596595265453,4818.357623847567,0,0,2.9116,3.2935,167.3,38.714,0,265283,667106
89,540.3939239204685,4894.965680772136,0,0,2.9116,3.2935,167.3,38.714,0,265283,667206
95,535.4223380084709,4972.344505465415,0,0,2.9116,3.2935,167.3,38.714,0,265283,667306
97,548.9340279730828,5050.517869102849,0,0,2.9116,3.2935,167.3,38.714,0,265283,667406
96,579.6378646146657,5129.4481295644455,0,0,2.9116,3.2935,167.3,38.714,0,265283,667506
28,1112.9116090827638,1112.9116090827638,0,0,2.6335,3.04,156.0,37.096,1,265383,662706
32,1198.1927055735862,1198.1927055735862,0,0,2.6335,3.04,156.0,37.096,1,265383,662806
29,1283.529775153624,1284.4951051965847,0,0,2.6335,3.04,156.0,37.096,1,265383,662906
29,1230.257521581411,1372.657856444285,0,0,2.6335,3.04,156.0,37.096,1,265383,663006
28,1183.0547134893466,1462.3445238528625,0,0,2.6335,3.04,156.0,37.096,1,265383,663106
32,1142.673768321949,1553.255067022111,0,0,2.6335,3.04,156.0,37.096,1,265383,663206
34,1109.8595526069082,1644.4810598310842,0,0,2.6335,3.04,156.0,37.096,1,265383,663306
44,1085.2001937069472,1735.6183469911157,0,0,2.6335,3.04,156.0,37.096,0,265383,663406
48,1069.069988604649,1827.087063164346,0,0,2.6335,3.04,156.0,37.096,0,265383,663506
37,1062.1496225338,1915.2678812503211,0,0,2.6335,3.04,156.0,37.096,0,265383,663606
32,1064.6187114466115,2000.8941565841417,0,0,2.6335,3.04,156.0,37.096,1,265383,663706
33,1076.4126443310636,2086.546860797042,0,0,2.6335,3.04,156.0,37.096,1,265383,663806
38,1097.2307692501802,2173.035820600277,0,0,2.6335,3.04,156.0,37.096,0,265383,663906
40,1126.5729186798746,2260.63963358202,0,0,2.6335,3.04,156.0,37.096,0,265383,664006
39,1163.7945356532832,2349.233583156809,0,0,2.6335,3.04,156.0,37.096,0,265383,664106
37,1208.1675799863156,2438.709762054868,0,0,2.6335,3.04,156.0,37.096,0,265383,664206
39,1258.9360910878438,2528.974531080066,0,0,2.6335,3.04,156.0,37.096,0,265383,664306
41,1315.3597460607837,2619.9463838333736,0,0,2.6335,3.04,156.0,37.096,0,265383,664406
47,1376.7434189676153,2711.5541538887805,0,0,2.6335,3.04,156.0,37.096,0,265383,664506
46,1442.4540276155035,2803.7355090631195,0,0,2.6335,3.04,156.0,37.096,0,265383,664606
42,1511.9275121174749,2896.435685474711,0,0,2.6335,3.04,156.0,37.096,0,265383,664706
41,1584.6690449463845,2989.5667800500364,0,0,2.6335,3.04,156.0,37.096,0,265383,664806
44,1660.249126524341,3079.929094591305,0,0,2.6335,3.04,156.0,37.096,0,265383,664906
44,1738.297541342789,3160.56945935117,0,0,2.9116,3.2935,167.3,38.714,0,265383,665006
45,1818.4965005058257,3242.288603295005,0,0,2.9116,3.2935,167.3,38.714,0,265383,665106
48,1900.57378243137,3325.0069874708543,0,0,2.9116,3.2935,167.3,38.714,0,265383,665206
55,1941.3277712032736,3408.6518664133673,0,0,2.9116,3.2935,167.3,38.714,0,265383,665306
69,1860.526838056977,3493.156685016672,0,0,2.9116,3.2935,167.3,38.714,0,265383,665406
74,1781.664767472011,3578.460521753732,0,0,2.9116,3.2935,167.3,38.714,0,265383,665506
78,1704.590074306317,3664.507577482044,0,0,2.9116,3.2935,167.3,38.714,0,265383,665606
86,1629.9957604974268,3751.246708108739,0,0,2.9116,3.2935,167.3,38.714,0,265383,665706
90,1558.250633580989,3838.630998776775,0,0,2.9116,3.2935,167.3,38.714,0,265383,665806
90,1489.766389361608,3926.617376883481,0,0,2.9116,3.2935,167.3,38.714,0,265383,665906
89,1403.673857661858,4015.166261080186,0,0,2.9116,3.2935,167.3,38.714,0,265383,666006
84,1315.8858477576748,4104.241243371297,0,0,2.9116,3.2935,167.3,38.714,0,265383,666106
82,1229.963751488046,4193.80880149099,0,0,2.9116,3.2935,167.3,38.714,0,265383,666206
88,1146.3272201340071,4283.838038854484,0,0,2.9116,3.2935,167.3,38.714,0,265383,666306
95,1065.5145992738785,4374.300449535898,0,0,2.9116,3.2935,167.3,38.714,0,265383,666406
113,988.2189164913748,4447.966316855785,0,0,2.9116,3.2935,167.3,38.714,0,265383,666506
106,915.3315751993916,4518.230826168698,0,0,2.9116,3.2935,167.3,38.714,0,265383,666606
106,847.9900696367927,4589.370229632757,0,0,2.9116,3.2935,167.3,38.714,0,265383,666706
106,787.6181967477805,4661.4949559,0,0,2.9116,3.2935,167.3,38.714,0,265383,666806
100,734.7835982691281,4734.633179362774,0,0,2.9116,3.2935,167.3,38.714,0,265383,666906
95,691.3808865931873,4808.738656068197,0,0,2.9116,3.2935,167.3,38.714,0,265383,667006
86,659.0580409054187,4883.705921921521,0,0,2.9116,3.2935,167.3,38.714,0,265383,667106
87,639.5381054404692,4959.3284458498,0,0,2.9116,3.2935,167.3,38.714,0,265383,667206
93,635.3428014376811,5035.793579386959,0,0,2.9116,3.2935,167.3,38.714,0,265383,667306
32,1238.7950878815668,1238.7950878815668,0,0,2.6335,3.04,156.0,37.096,1,265483,662906
28,1317.6131711155383,1329.8419017822694,0,0,2.6335,3.04,156.0,37.096,1,265483,663006
29,1273.6519753837265,1421.064113024656,0,0,2.6335,3.04,156.0,37.096,1,265483,663106
29,1236.2338937679197,1512.1850347495094,0,0,2.6335,3.04,156.0,37.096,1,265483,663206
34,1205.9681280209338,1603.917355399933,0,0,2.6335,3.04,156.0,37.096,1,265483,663306
40,1183.2312956188678,1692.4100357583677,0,0,2.6335,3.04,156.0,37.096,0,265483,663406
44,1168.4551677516145,1777.9875550351148,0,0,2.6335,3.04,156.0,37.096,0,265483,663506
35,1162.1267827388726,1863.6138303689352,0,0,2.6335,3.04,156.0,37.096,1,265483,663606
31,1164.3838882742034,1949.7474030443047,0,0,2.6335,3.04,156.0,37.096,1,265483,663706
35,1175.1770161920722,2037.135687917705,0,0,2.6335,3.04,156.0,37.096,1,265483,663806
38,1194.2747587970075,2125.636066286482,0,0,2.6335,3.04,156.0,37.096,0,265483,663906
42,1221.287590870062,2215.1152479290554,0,0,2.6335,3.04,156.0,37.096,0,265483,664006
43,1255.7048059662548,2305.4592681107447,0,0,2.6335,3.04,156.0,37.096,0,265483,664106
44,1296.9370608631318,2396.570322821273,0,0,2.6335,3.04,156.0,37.096,0,265483,664206
40,1344.3574375715143,2488.3641589481213,0,0,2.6335,3.04,156.0,37.096,0,265483,664306
43,1397.3360726995486,2580.767921152059,0,0,2.6335,3.04,156.0,37.096,0,265483,664406
52,1455.2660513393926,2673.718373007421,0,0,2.6335,3.04,156.0,37.096,0,265483,664506
51,1517.580462543748,2766.9244018237255,0,0,2.6335,3.04,156.0,37.096,0,265483,664606
44,1583.761863541374,2860.1304321336575,0,0,2.6335,3.04,156.0,37.096,0,265483,664706
42,1653.345947018226,2952.5311170663504,0,0,2.6335,3.04,156.0,37.096,0,265483,664806
42,1725.9212034838508,3044.874933028234,0,0,2.6335,3.04,156.0,37.096,0,265483,664906
44,1801.126086854747,3137.688116802292,0,0,2.9116,3.2935,167.3,38.714,0,265483,665006
49,1878.644820305915,3230.9302188163915,0,0,2.9116,3.2935,167.3,38.714,0,265483,665106
54,1958.2026302136849,3324.5651504218654,0,0,2.9116,3.2935,167.3,38.714,0,265483,665206
65,2000.66733026878,3418.560632771954,0,0,2.9116,3.2935,167.3,38.714,0,265483,665306
69,1922.2633402022768,3512.887723864343,0,0,2.9116,3.2935,167.3,38.714,0,265483,665406
74,1845.6313843510525,3607.520411725404,0,0,2.9116,3.2935,167.3,38.714,0,265483,665506
78,1771.331156141491,3702.435263654727,0,0,2.9116,3.2935,167.3,38.714,0,265483,665606
86,1699.6684743012445,3797.611123073645,0,0,2.9116,3.2935,167.3,38.714,0,265483,665706
92,1627.2480156879265,3887.6833868722583,0,0,2.9116,3.2935,167.3,38.714,0,265483,665806
91,1539.2177786804268,3974.584028075879,0,0,2.9116,3.2935,167.3,38.714,0,265483,665906
89,1452.7376348988555,4062.087428393093,0,0,2.9116,3.2935,167.3,38.714,0,265483,666006
82,1368.1015684141046,4150.155461616172,0,0,2.9116,3.2935,167.3,38.714,0,265483,666106
82,1285.6738183313628,4238.752933971957,0,0,2.9116,3.2935,167.3,38.714,0,265483,666206
88,1205.9073068807395,4327.847330362891,0,0,2.9116,3.2935,167.3,38.714,0,265483,666306
93,1129.366060422382,4417.408583615797,0,0,2.9116,3.2935,167.3,38.714,0,265483,666406
97,1056.7511363039005,4507.408864777618,0,0,2.9116,3.2935,167.3,38.714,0,265483,666506
101,988.9278182583388,4589.3751358030695,0,0,2.9116,3.2935,167.3,38.714,0,265483,666606
100,926.9484858236788,4659.6521823352705,0,0,2.9116,3.2935,167.3,38.714,0,265483,666706
102,871.6076491443946,4730.780546543395,0,0,2.9116,3.2935,167.3,38.714,0,265483,666806
103,823.4523853309917,4802.863801816072,0,0,2.9116,3.2935,167.3,38.714,0,265483,666906
92,784.9677859430628,4875.932404990542,0,0,2.9116,3.2935,167.3,38.714,0,265483,667006
86,755.8709523340026,4949.942720605822,0,0,2.9116,3.2935,167.3,38.714,0,265483,667106
29,1365.562248192435,1380.8890721284297,0,0,2.6335,3.04,156.0,37.096,1,265583,663106
29,1330.731054492267,1469.7717575399945,0,0,2.6335,3.04,156.0,37.096,1,265583,663206
34,1302.662667420781,1555.080953486089,0,0,2.6335,3.04,156.0,37.096,1,265583,663306
40,1281.566673038205,1640.707228819909,0,0,2.6335,3.04,156.0,37.096,0,265583,663406
42,1267.9370321730344,1726.541396475654,0,0,2.6335,3.04,156.0,37.096,0,265583,663506
35,1262.1075618461812,1813.6570979802195,0,0,2.6335,3.04,156.0,37.096,1,265583,663606
31,1264.1861721213618,1902.0407315207424,0,0,2.6335,3.04,156.0,37.096,1,265583,663706
35,1274.134160085354,1991.5234921220217,0,0,2.6335,3.04,156.0,37.096,1,265583,663806
38,1291.7697310317965,2081.963663223694,0,0,2.6335,3.04,156.0,37.096,0,265583,663906
42,1316.7840438445137,2173.241719251163,0,0,2.6335,3.04,156.0,37.096,0,265583,664006
43,1348.7666211161436,2265.2563752484357,0,0,2.6335,3.04,156.0,37.096,0,265583,664106
44,1387.23558862603,2357.921398374766,0,0,2.6335,3.04,156.0,37.096,0,265583,664206
40,1431.6681733083813,2451.075993287482,0,0,2.6335,3.04,156.0,37.096,0,265583,664306
45,1481.5279067833,2544.2820235974145,0,0,2.6335,3.04,156.0,37.096,0,265583,664406
53,1536.2864702558752,2637.3801430543813,0,0,2.6335,3.04,156.0,37.096,0,265583,664506
52,1595.439531541326,2729.409542876416,0,0,2.6335,3.04,156.0,37.096,0,265583,664606
44,1658.5169516523956,2821.9673657367953,0,0,2.6335,3.04,156.0,37.096,0,265583,664706
41,1725.0883047055604,2915.0168393719596,0,0,2.6335,3.04,156.0,37.096,0,265583,664806
42,1794.764842297022,3008.512345721838,0,0,2.6335,3.04,156.0,37.096,0,265583,664906
45,1867.1989768792728,3102.41355961763,0,0,2.9116,3.2935,167.3,38.714,0,265583,665006
53,1942.0821814157484,3196.6847288148324,0,0,2.9116,3.2935,167.3,38.714,0,265583,665106
58,2019.1419909174545,3291.29406403873,0,0,2.9116,3.2935,167.3,38.714,0,265583,665206
65,2062.9649135561126,3386.213220769655,0,0,2.9116,3.2935,167.3,38.714,0,265583,665306
69,1986.726728158543,3481.416857696565,0,0,2.9116,3.2935,167.3,38.714,0,265583,665406
74,1912.679259623923,3576.8822593974837,0,0,2.9116,3.2935,167.3,38.714,0,265583,665506
79,1841.0868550971425,3672.589012962255,0,0,2.9116,3.2935,167.3,38.714,0,265583,665606
87,1762.6194076098443,3768.5187300409816,0,0,2.9116,3.2935,167.3,38.714,0,265583,665706
92,1675.7334041333938,3864.6548072510063,0,0,2.9116,3.2935,167.3,38.714,0,265583,665806
92,1590.3891685289186,3960.982219064728,0,0,2.9116,3.2935,167.3,38.714,0,265583,665906
89,1506.8486894906596,4057.48733827791,0,0,2.9116,3.2935,167.3,38.714,0,265583,666006
79,1425.4291419307135,4154.157779962647,0,0,2.9116,3.2935,167.3,38.714,0,265583,666106
82,1346.515319003443,4250.982265472629,0,0,2.9116,3.2935,167.3,38.714,0,265583,666206
88,1270.5741890801012,4347.950503616782,0,0,2.9116,3.2935,167.3,38.714,0,265583,666306
92,1198.1711211684956,4445.053086571638,0,0,2.9116,3.2935,167.3,38.714,0,265583,666406
95,1129.9864163996765,4542.281398480137,0,0,2.9116,3.2935,167.3,38.714,0,265583,666506
101,1066.8292116798243,4639.627534998612,0,0,2.9116,3.2935,167.3,38.714,0,265583,666606
97,1009.5394422908952,4730.784704292859,0,0,2.9116,3.2935,167.3,38.714,0,265583,666706
100,958.1962906775512,4801.07353850601,0,0,2.9116,3.2935,167.3,38.714,0,265583,666806
105,914.4619869241544,4872.191504289154,0,0,2.9116,3.2935,167.3,38.714,0,265583,666906
34,1399.8217473597604,1503.4545060660105,0,0,2.6335,3.04,156.0,37.096,1,265683,663306
40,1380.1412884022136,1590.214553800877,0,0,2.6335,3.04,156.0,37.096,0,265683,663406
42,1367.49448118304,1678.4484509302192,0,0,2.6335,3.04,156.0,37.096,0,265683,663506
35,1362.0911629474808,1767.9355411722404,0,0,2.6335,3.04,156.0,37.096,1,265683,663606
31,1364.0174178848197,1858.49480845385,0,0,2.6335,3.04,156.0,37.096,1,265683,663706
35,1373.242402639359,1949.9768789295535,0,0,2.6335,3.04,156.0,37.096,1,265683,663806
38,1389.6207671592522,2042.2577466298844,0,0,2.6335,3.04,156.0,37.096,0,265683,663906
42,1412.9037676479663,2135.2275847512387,0,0,2.6335,3.04,156.0,37.096,0,265683,664006
43,1442.7571648574017,2228.433615061171,0,0,2.6335,3.04,156.0,37.096,0,265683,664106
44,1478.7830864805417,2321.6396453711036,0,0,2.6335,3.04,156.0,37.096,0,265683,664206
40,1520.5428625903537,2414.1436468665243,0,0,2.6335,3.04,156.0,37.096,0,265683,664306
45,1567.578316093973,2506.374454913835,0,0,2.6335,3.04,156.0,37.096,0,265683,664406
53,1619.4298247227523,2599.1799223569046,0,0,2.6335,3.04,156.0,37.096,0,265683,664506
52,1675.6503624906702,2692.50062754345,0,0,2.6335,3.04,156.0,37.096,0,265683,664606
44,1735.8154618013584,2786.28480056517,0,0,2.6335,3.04,156.0,37.096,0,265683,664706
41,1799.5295211644109,2880.4871724066247,0,0,2.6335,3.04,156.0,37.096,0,265683,664806
42,1866.429124734117,2975.068017867446,0,0,2.6335,3.04,156.0,37.096,0,265683,664906
45,1936.1840970758208,3069.992356908459,0,0,2.9116,3.2935,167.3,38.714,0,265683,665006
53,2008.496959888877,3165.2292858519713,0,0,2.9116,3.2935,167.3,38.714,0,265683,665106
58,2083.1013460694635,3260.7514153264738,0,0,2.9116,3.2935,167.3,38.714,0,265683,665206
65,2127.8653570791353,3356.5343962325524,0,0,2.9116,3.2935,167.3,38.714,0,265683,665306
69,2054.0374474856794,3452.556518528096,0,0,2.9116,3.2935,167.3,38.714,0,265683,665406
74,1982.5056603927903,3548.7983704585795,0,0,2.9116,3.2935,167.3,38.714,0,265683,665506
79,1898.8728887436,3645.242548131481,0,0,2.9116,3.2935,167.3,38.714,0,265683,665606
87,1813.0012446909896,3741.8734071647473,0,0,2.9116,3.2935,167.3,38.714,0,265683,665706
92,1728.649408901843,3838.6768496169793,0,0,2.9116,3.2935,167.3,38.714,0,265683,665806
92,1646.051045545764,3935.6401406027912,0,0,2.9116,3.2935,167.3,38.714,0,265683,665906
89,1565.4837304130365,4032.751749967085,0,0,2.9116,3.2935,167.3,38.714,0,265683,666006
79,1487.2775718854666,4130.001215181565,0,0,2.9116,3.2935,167.3,38.714,0,265683,666106
82,1411.825003844011,4227.379022271344,0,0,2.9116,3.2935,167.3,38.714,0,265683,666206
88,1339.5913955847711,4324.876502107135,0,0,2.9116,3.2935,167.3,38.714,0,265683,666306
92,1271.1256321742426,4422.485739831964,0,0,2.9116,3.2935,167.3,38.714,0,265683,666406
96,1207.0690280244874,4520.199495548365,0,0,2.9116,3.2935,167.3,38.714,0,265683,666506
101,1148.1597902999365,4618.01113468713,0,0,2.9116,3.2935,167.3,38.714,0,265683,666606
97,1094.613480127685,4715.914566723292,0,0,2.9116,3.2935,167.3,38.714,0,265683,666706
35,1462.0770070998074,1726.800534637957,0,0,2.6335,3.04,156.0,37.096,1,265783,663606
31,1463.871700253639,1819.4084098233316,0,0,2.6335,3.04,156.0,37.096,1,265783,663706
35,1472.471233986263,1912.585206524928,0,0,2.6335,3.04,156.0,37.096,1,265783,663806
38,1487.7576129970157,2005.79123683486,0,0,2.6335,3.04,156.0,37.096,0,265783,663906
42,1509.5277059875805,2098.997267144792,0,0,2.6335,3.04,156.0,37.096,0,265783,664006
43,1537.5061220228283,2190.964628469793,0,0,2.6335,3.04,156.0,37.096,0,265783,664106
44,1571.3612746186748,2283.45119583152,0,0,2.6335,3.04,156.0,37.096,0,265783,664206
40,1610.7226438728596,2376.546385889201,0,0,2.6335,3.04,156.0,37.096,0,265783,664306
45,1655.197455169118,2470.181387028419,0,0,2.6335,3.04,156.0,37.096,0,265783,664406
53,1704.385459839374,2564.297066519452,0,0,2.6335,3.04,156.0,37.096,0,265783,664506
52,1757.8910591459935,2658.842380792605,0,0,2.6335,3.04,156.0,37.096,0,265783,664606
44,1815.3325193856283,2753.773078239656,0,0,2.6335,3.04,156.0,37.096,0,265783,664706
41,1876.3484047618988,2849.050636084963,0,0,2.6335,3.04,156.0,37.096,0,265783,664806
42,1940.60158614953,2944.6413852139544,0,0,2.6335,3.04,156.0,37.096,0,265783,664906
45,2007.7812869632044,3040.515786516061,0,0,2.9116,3.2935,167.3,38.714,0,265783,665006
53,2077.6036379428033,3136.647829864233,0,0,2.9116,3.2935,167.3,38.714,0,265783,665106
58,2149.811167639316,3233.0145327744235,0,0,2.9116,3.2935,167.3,38.714,0,265783,665206
65,2195.4037717812753,3329.595520430259,0,0,2.9116,3.2935,167.3,38.714,0,265783,665306
69,2122.110754292159,3426.3726724055964,0,0,2.9116,3.2935,167.3,38.714,0,265783,665406
74,2035.831358223969,3523.3298242921414,0,0,2.9116,3.2935,167.3,38.714,0,265783,665506
83,1950.8625232890352,3620.4525147120926,0,0,2.9116,3.2935,167.3,38.714,0,265783,665606
87,1867.3831557608296,3717.7277699992687,0,0,2.9116,3.2935,167.3,38.714,0,265783,665706
92,1785.6021718358456,3815.1439202685865,0,0,2.9116,3.2935,167.3,38.714,0,265783,665806
92,1705.7638704435328,3912.6904417422265,0,0,2.9116,3.2935,167.3,38.714,0,265783,665906
87,1628.154061308731,4010.357821122649,0,0,2.9116,3.2935,167.3,38.714,0,265783,666006
79,1553.1068582044595,4108.137438545384,0,0,2.9116,3.2935,167.3,38.714,0,265783,666106
82,1481.0118766057683,4206.021466245369,0,0,2.9116,3.2935,167.3,38.714,0,265783,666206
88,1412.3212964099043,4304.00278055852,0,0,2.9116,3.2935,167.3,38.714,0,265783,666306
92,1347.5558281342433,4402.074885277861,0,0,2.9116,3.2935,167.3,38.714,0,265783,666406
43,1632.8814757256528,2154.1144769447137,0,0,2.6335,3.04,156.0,37.096,0,265883,664106
44,1664.7982141633668,2248.1175548270203,0,0,2.6335,3.04,156.0,37.096,0,265883,664206
40,1702.000080492091,2342.6173184837603,0,0,2.6335,3.04,156.0,37.096,0,265883,664306
45,1744.1489197051476,2437.5560016948666,0,0,2.6335,3.04,156.0,37.096,0,265883,664406
53,1790.8954838912805,2532.8842496129364,0,0,2.6335,3.04,156.0,37.096,0,265883,664506
52,1841.8897400050123,2628.559678317369,0,0,2.6335,3.04,156.0,37.096,0,265883,664606
43,1896.7891275651284,2724.5457131445846,0,0,2.6335,3.04,156.0,37.096,0,265883,664706
41,1955.264732603447,2820.810646525774,0,0,2.6335,3.04,156.0,37.096,0,265883,664806
42,2017.0055415581733,2917.3268696002815,0,0,2.6335,3.04,156.0,37.096,0,265883,664906
45,2081.7210511473263,3014.070242152694,0,0,2.9116,3.2935,167.3,38.714,0,265883,665006
55,2149.142553416008,3111.019573253923,0,0,2.9116,3.2935,167.3,38.714,0,265883,665106
58,2219.0234102003133,3208.1561909775596,0,0,2.9116,3.2935,167.3,38.714,0,265883,665206
65,2258.8149824642614,3305.463584165808,0,0,2.9116,3.2935,167.3,38.714,0,265883,665306
69,2173.361541633291,3402.9271027726836,0,0,2.9116,3.2935,167.3,38.714,0,265883,665406
74,2089.1997645740457,3500.5337060687634,0,0,2.9116,3.2935,167.3,38.714,0,265883,665506
83,2006.492193341868,3598.271750140911,0,0,2.9116,3.2935,167.3,38.714,0,265883,665606
87,1925.426235301543,3696.130807804393,0,0,2.9116,3.2935,167.3,38.714,0,265883,665706
92,1846.218148874365,3794.10151537085,0,0,2.9116,3.2935,167.3,38.714,0,265883,665806
92,1769.1174971942082,3892.1754417649263,0,0,2.9116,3.2935,167.3,38.714,0,265883,665906
