grid_id,mean_annual_mm_day,mean_winter_mm_day,wet_days_per_year,max_daily_mm
0,3.02210749954969,3.7230170070446857,172.71794871794873,32.27312659267654
1,2.94466252016733,3.7152773605236256,166.71794871794873,33.30812711705017
2,2.94466252016733,3.7152773605236256,166.71794871794873,33.30812711705017
3,2.94466252016733,3.7152773605236256,166.71794871794873,33.30812711705017
4,2.94466252016733,3.7152773605236256,166.71794871794873,33.30812711705017
5,2.94466252016733,3.7152773605236256,166.71794871794873,33.30812711705017
6,2.94466252016733,3.7152773605236256,166.71794871794873,33.30812711705017
7,2.94466252016733,3.7152773605236256,166.71794871794873,33.30812711705017
8,2.94466252016733,3.7152773605236256,166.71794871794873,33.30812711705017
9,2.94466252016733,3.7152773605236256,166.71794871794873,33.30812711705017
10,3.02210749954969,3.7230170070446857,172.71794871794873,32.27312659267654
11,3.02210749954969,3.7230170070446857,172.71794871794873,32.27312659267654
12,3.02210749954969,3.7230170070446857,172.71794871794873,32.27312659267654
13,3.02210749954969,3.7230170070446857,172.71794871794873,32.27312659267654
14,3.02210749954969,3.7230170070446857,172.71794871794873,32.27312659267654
15,3.02210749954969,3.7230170070446857,172.71794871794873,32.27312659267654
16,3.02210749954969,3.7230170070446857,172.71794871794873,32.27312659267654
17,3.02210749954969,3.7230170070446857,172.71794871794873,32.27312659267654
18,3.02210749954969,3.7230170070446857,172.71794871794873,32.27312659267654
19,3.02210749954969,3.7230170070446857,172.71794871794873,32.27312659267654
20,2.94466252016733,3.7152773605236256,166.71794871794873,33.30812711705017
21,2.94466252016733,3.7152773605236256,166.71794871794873,33.30812711705017
22,2.94466252016733,3.7152773605236256,166.71794871794873,33.30812711705017
23,2.94466252016733,3.7152773605236256,166.71794871794873,33.30812711705017
24,2.94466252016733,3.7152773605236256,166.71794871794873,33.30812711705017
25,2.94466252016733,3.7152773605236256,166.71794871794873,33.30812711705017
26,2.94466252016733,3.7152773605236256,166.71794871794873,33.30812711705017
27,2.94466252016733,3.7152773605236256,166.71794871794873,33.30812711705017
28,2.94466252016733,3.7152773605236256,166.71794871794873,33.30812711705017
29,2.94466252016733,3.7152773605236256,166.71794871794873,33.30812711705017
30,2.94466252016733,3.7152773605236256,166.71794871794873,33.30812711705017
31,2.94466252016733,3.7152773605236256,166.71794871794873,33.30812711705017
32,2.94466252016733,3.7152773605236256,166.71794871794873,33.30812711705017
33,2.94466252016733,3.7152773605236256,166.71794871794873,33.30812711705017
34,3.02210749954969,3.7230170070446857,172.71794871794873,32.27312659267654
35,3.02210749954969,3.7230170070446857,172.71794871794873,32.27312659267654
36,3.02210749954969,3.7230170070446857,172.71794871794873,32.27312659267654
37,3.02210749954969,3.7230170070446857,172.71794871794873,32.27312659267654
38,3.02210749954969,3.7230170070446857,172.71794871794873,32.27312659267654
39,3.02210749954969,3.7230170070446857,172.71794871794873,32.27312659267654
40,3.02210749954969,3.7230170070446857,172.71794871794873,32.27312659267654
41,3.02210749954969,3.7230170070446857,172.71794871794873,32.27312659267654
42,3.02210749954969,3.7230170070446857,172.71794871794873,32.27312659267654
43,3.02210749954969,3.7230170070446857,172.71794871794873,32.27312659267654
44,3.02210749954969,3.7230170070446857,172.71794871794873,32.27312659267654
45,3.02210749954969,3.7230170070446857,172.71794871794873,32.27312659267654
46,3.02210749954969,3.7230170070446857,172.71794871794873,32.27312659267654
47,3.02210749954969,3.7230170070446857,172.71794871794873,32.27312659267654
48,3.02210749954969,3.7230170070446857,172.71794871794873,32.27312659267654
49,2.94466252016733,3.7152773605236256,166.71794871794873,33.30812711705017
50,2.94466252016733,3.7152773605236256,166.71794871794873,33.30812711705017
51,2.94466252016733,3.7152773605236256,166.71794871794873,33.30812711705017
52,2.94466252016733,3.7152773605236256,166.71794871794873,33.30812711705017
53,2.94466252016733,3.7152773605236256,166.71794871794873,33.30812711705017
54,2.94466252016733,3.7152773605236256,166.71794871794873,33.30812711705017
55,2.94466252016733,3.7152773605236256,166.71794871794873,33.30812711705017
56,2.94466252016733,3.7152773605236256,166.71794871794873,33.30812711705017
57,2.94466252016733,3.7152773605236256,166.71794871794873,33.30812711705017
58,2.94466252016733,3.7152773605236256,166.71794871794873,33.30812711705017
59,2.94466252016733,3.7152773605236256,166.71794871794873,33.30812711705017
60,2.94466252016733,3.7152773605236256,166.71794871794873,33.30812711705017
61,2.94466252016733,3.7152773605236256,166.71794871794873,33.30812711705017
62,2.94466252016733,3.7152773605236256,166.71794871794873,33.30812711705017
63,2.94466252016733,3.7152773605236256,166.71794871794873,33.30812711705017
64,2.94466252016733,3.7152773605236256,166.71794871794873,33.30812711705017
65,2.94466252016733,3.7152773605236256,166.71794871794873,33.30812711705017
66,3.02210749954969,3.7230170070446857,172.71794871794873,32.27312659267654
67,3.02210749954969,3.7230170070446857,172.71794871794873,32.27312659267654
68,3.02210749954969,3.7230170070446857,172.71794871794873,32.27312659267654
69,3.02210749954969,3.7230170070446857,172.71794871794873,32.27312659267654
70,3.02210749954969,3.7230170070446857,172.71794871794873,32.27312659267654
71,3.02210749954969,3.7230170070446857,172.71794871794873,32.27312659267654
72,3.02210749954969,3.7230170070446857,172.71794871794873,32.27312659267654
73,3.02210749954969,3.7230170070446857,172.71794871794873,32.27312659267654
74,3.02210749954969,3.7230170070446857,172.71794871794873,32.27312659267654
75,3.02210749954969,3.7230170070446857,172.71794871794873,32.27312659267654
76,3.02210749954969,3.7230170070446857,172.71794871794873,32.27312659267654
77,3.02210749954969,3.7230170070446857,172.71794871794873,32.27312659267654
78,3.02210749954969,3.7230170070446857,172.71794871794873,32.27312659267654
79,3.02210749954969,3.7230170070446857,172.71794871794873,32.27312659267654
80,3.02210749954969,3.7230170070446857,172.71794871794873,32.27312659267654
81,3.02210749954969,3.7230170070446857,172.71794871794873,32.27312659267654
82,3.02210749954969,3.7230170070446857,172.71794871794873,32.27312659267654
83,3.02210749954969,3.7230170070446857,172.71794871794873,32.27312659267654
84,2.94466252016733,3.7152773605236256,166.71794871794873,33.30812711705017
85,2.94466252016733,3.7152773605236256,166.71794871794873,33.30812711705017
86,2.94466252016733,3.7152773605236256,166.71794871794873,33.30812711705017
87,2.94466252016733,3.7152773605236256,166.71794871794873,33.30812711705017
88,2.94466252016733,3.7152773605236256,166.71794871794873,33.30812711705017
89,2.94466252016733,3.7152773605236256,166.71794871794873,33.30812711705017
90,2.94466252016733,3.7152773605236256,166.71794871794873,33.30812711705017
91,2.94466252016733,3.7152773605236256,166.71794871794873,33.30812711705017
92,2.94466252016733,3.7152773605236256,166.71794871794873,33.30812711705017
93,2.94466252016733,3.7152773605236256,166.71794871794873,33.30812711705017
94,2.94466252016733,3.7152773605236256,166.71794871794873,33.30812711705017
95,2.94466252016733,3.7152773605236256,166.71794871794873,33.30812711705017
96,2.94466252016733,3.7152773605236256,166.71794871794873,33.30812711705017
97,2.94466252016733,3.7152773605236256,166.71794871794873,33.30812711705017
98,2.94466252016733,3.7152773605236256,166.71794871794873,33.30812711705017
99,2.94466252016733,3.7152773605236256,166.71794871794873,33.30812711705017
100,2.94466252016733,3.7152773605236256,166.71794871794873,33.30812711705017
101,2.94466252016733,3.7152773605236256,166.71794871794873,33.30812711705017
102,2.94466252016733,3.7152773605236256,166.71794871794873,33.30812711705017
103,3.02210749954969,3.7230170070446857,172.71794871794873,32.27312659267654
104,3.02210749954969,3.7230170070446857,172.71794871794873,32.27312659267654
105,3.02210749954969,3.7230170070446857,172.71794871794873,32.27312659267654
106,3.02210749954969,3.7230170070446857,172.71794871794873,32.27312659267654
107,3.02210749954969,3.7230170070446857,172.71794871794873,32.27312659267654
108,3.02210749954969,3.7230170070446857,172.71794871794873,32.27312659267654
109,3.02210749954969,3.7230170070446857,172.71794871794873,32.27312659267654
110,3.02210749954969,3.7230170070446857,172.71794871794873,32.27312659267654
111,3.02210749954969,3.7230170070446857,172.71794871794873,32.27312659267654
112,3.02210749954969,3.7230170070446857,172.71794871794873,32.27312659267654
113,3.02210749954969,3.7230170070446857,172.71794871794873,32.27312659267654
114,3.02210749954969,3.7230170070446857,172.71794871794873,32.27312659267654
115,3.02210749954969,3.7230170070446857,172.71794871794873,32.27312659267654
116,3.02210749954969,3.7230170070446857,172.71794871794873,32.27312659267654
117,3.02210749954969,3.7230170070446857,172.71794871794873,32.27312659267654
118,3.02210749954969,3.7230170070446857,172.71794871794873,32.27312659267654
119,3.02210749954969,3.7230170070446857,172.71794871794873,32.27312659267654
120,3.02210749954969,3.7230170070446857,172.71794871794873,32.27312659267654
121,3.02210749954969,3.7230170070446857,172.71794871794873,32.27312659267654
122,3.02210749954969,3.7230170070446857,172.71794871794873,32.27312659267654
123,2.94466252016733,3.7152773605236256,166.71794871794873,33.30812711705017
124,2.94466252016733,3.7152773605236256,166.71794871794873,33.30812711705017
125,2.94466252016733,3.7152773605236256,166.71794871794873,33.30812711705017
126,2.94466252016733,3.7152773605236256,166.71794871794873,33.30812711705017
127,2.94466252016733,3.7152773605236256,166.71794871794873,33.30812711705017
128,2.94466252016733,3.7152773605236256,166.71794871794873,33.30812711705017
129,2.94466252016733,3.7152773605236256,166.71794871794873,33.30812711705017
130,2.94466252016733,3.7152773605236256,166.71794871794873,33.30812711705017
131,2.94466252016733,3.7152773605236256,166.71794871794873,33.30812711705017
132,2.94466252016733,3.7152773605236256,166.71794871794873,33.30812711705017
133,2.94466252016733,3.7152773605236256,166.71794871794873,33.30812711705017
134,2.94466252016733,3.7152773605236256,166.71794871794873,33.30812711705017
135,2.94466252016733,3.7152773605236256,166.71794871794873,33.30812711705017
136,2.94466252016733,3.7152773605236256,166.71794871794873,33.30812711705017
137,2.94466252016733,3.7152773605236256,166.71794871794873,33.30812711705017
138,2.94466252016733,3.7152773605236256,166.71794871794873,33.30812711705017
139,2.94466252016733,3.7152773605236256,166.71794871794873,33.30812711705017
140,2.94466252016733,3.7152773605236256,166.71794871794873,33.30812711705017
141,2.94466252016733,3.7152773605236256,166.71794871794873,33.30812711705017
142,2.94466252016733,3.7152773605236256,166.71794871794873,33.30812711705017
143,2.94466252016733,3.7152773605236256,166.71794871794873,33.30812711705017
144,3.02210749954969,3.7230170070446857,172.71794871794873,32.27312659267654
145,3.02210749954969,3.7230170070446857,172.71794871794873,32.27312659267654
146,3.02210749954969,3.7230170070446857,172.71794871794873,32.27312659267654
147,3.02210749954969,3.7230170070446857,172.71794871794873,32.27312659267654
148,3.02210749954969,3.7230170070446857,172.71794871794873,32.27312659267654
149,3.02210749954969,3.7230170070446857,172.71794871794873,32.27312659267654
150,3.02210749954969,3.7230170070446857,172.71794871794873,32.27312659267654
151,3.02210749954969,3.7230170070446857,172.71794871794873,32.27312659267654
152,3.02210749954969,3.7230170070446857,172.71794871794873,32.27312659267654
153,3.02210749954969,3.7230170070446857,172.71794871794873,32.27312659267654
154,3.02210749954969,3.7230170070446857,172.71794871794873,32.27312659267654
155,3.02210749954969,3.7230170070446857,172.71794871794873,32.27312659267654
156,3.02210749954969,3.7230170070446857,172.71794871794873,32.27312659267654
157,3.02210749954969,3.7230170070446857,172.71794871794873,32.27312659267654
158,3.02210749954969,3.7230170070446857,172.71794871794873,32.27312659267654
159,3.02210749954969,3.7230170070446857,172.71794871794873,32.27312659267654
160,3.02210749954969,3.7230170070446857,172.71794871794873,32.27312659267654
161,3.02210749954969,3.7230170070446857,172.71794871794873,32.27312659267654
162,3.02210749954969,3.7230170070446857,172.71794871794873,32.27312659267654
163,3.02210749954969,3.7230170070446857,172.71794871794873,32.27312659267654
164,3.02210749954969,3.7230170070446857,172.71794871794873,32.27312659267654
165,3.02210749954969,3.7230170070446857,172.71794871794873,32.27312659267654
166,2.94466252016733,3.7152773605236256,166.71794871794873,33.30812711705017
167,2.94466252016733,3.7152773605236256,166.71794871794873,33.30812711705017
168,2.94466252016733,3.7152773605236256,166.71794871794873,33.30812711705017
169,2.94466252016733,3.7152773605236256,166.71794871794873,33.30812711705017
170,2.94466252016733,3.7152773605236256,166.71794871794873,33.30812711705017
171,2.94466252016733,3.7152773605236256,166.71794871794873,33.30812711705017
172,2.94466252016733,3.7152773605236256,166.71794871794873,33.30812711705017
173,2.94466252016733,3.7152773605236256,166.71794871794873,33.30812711705017
174,2.94466252016733,3.7152773605236256,166.71794871794873,33.30812711705017
175,2.94466252016733,3.7152773605236256,166.71794871794873,33.30812711705017
176,2.94466252016733,3.7152773605236256,166.71794871794873,33.30812711705017
177,2.94466252016733,3.7152773605236256,166.71794871794873,33.30812711705017
178,2.94466252016733,3.7152773605236256,166.71794871794873,33.30812711705017
179,2.94466252016733,3.7152773605236256,166.71794871794873,33.30812711705017
180,2.94466252016733,3.7152773605236256,166.71794871794873,33.30812711705017
181,2.94466252016733,3.7152773605236256,166.71794871794873,33.30812711705017
182,2.94466252016733,3.7152773605236256,166.71794871794873,33.30812711705017
183,2.94466252016733,3.7152773605236256,166.71794871794873,33.30812711705017
184,2.94466252016733,3.7152773605236256,166.71794871794873,33.30812711705017
185,2.94466252016733,3.7152773605236256,166.71794871794873,33.30812711705017
186,2.94466252016733,3.7152773605236256,166.71794871794873,33.30812711705017
187,2.94466252016733,3.7152773605236256,166.71794871794873,33.30812711705017
188,2.94466252016733,3.7152773605236256,166.71794871794873,33.30812711705017
189,3.02210749954969,3.7230170070446857,172.71794871794873,32.27312659267654
190,3.02210749954969,3.7230170070446857,172.71794871794873,32.27312659267654
191,3.02210749954969,3.7230170070446857,172.71794871794873,32.27312659267654
192,3.02210749954969,3.7230170070446857,172.71794871794873,32.27312659267654
193,3.02210749954969,3.7230170070446857,172.71794871794873,32.27312659267654
194,3.02210749954969,3.7230170070446857,172.71794871794873,32.27312659267654
195,3.02210749954969,3.7230170070446857,172.71794871794873,32.27312659267654
196,3.02210749954969,3.7230170070446857,172.71794871794873,32.27312659267654
197,3.02210749954969,3.7230170070446857,172.71794871794873,32.27312659267654
198,3.02210749954969,3.7230170070446857,172.71794871794873,32.27312659267654
199,3.02210749954969,3.7230170070446857,172.71794871794873,32.27312659267654
200,3.02210749954969,3.7230170070446857,172.71794871794873,32.27312659267654
201,3.02210749954969,3.7230170070446857,172.71794871794873,32.27312659267654
202,3.02210749954969,3.7230170070446857,172.71794871794873,32.27312659267654
203,3.02210749954969,3.7230170070446857,172.71794871794873,32.27312659267654
204,3.02210749954969,3.7230170070446857,172.71794871794873,32.27312659267654
205,3.02210749954969,3.7230170070446857,172.71794871794873,32.27312659267654
206,3.02210749954969,3.7230170070446857,172.71794871794873,32.27312659267654
207,3.02210749954969,3.7230170070446857,172.71794871794873,32.27312659267654
208,3.02210749954969,3.7230170070446857,172.71794871794873,32.27312659267654
209,3.02210749954969,3.7230170070446857,172.71794871794873,32.27312659267654
210,3.02210749954969,3.7230170070446857,172.71794871794873,32.27312659267654
211,3.02210749954969,3.7230170070446857,172.71794871794873,32.27312659267654
212,3.02210749954969,3.7230170070446857,172.71794871794873,32.27312659267654
213,2.94466252016733,3.7152773605236256,166.71794871794873,33.30812711705017
214,2.94466252016733,3.7152773605236256,166.71794871794873,33.30812711705017
215,2.94466252016733,3.7152773605236256,166.71794871794873,33.30812711705017
216,2.94466252016733,3.7152773605236256,166.71794871794873,33.30812711705017
217,2.94466252016733,3.7152773605236256,166.71794871794873,33.30812711705017
218,2.94466252016733,3.7152773605236256,166.71794871794873,33.30812711705017
219,2.94466252016733,3.7152773605236256,166.71794871794873,33.30812711705017
220,2.94466252016733,3.7152773605236256,166.71794871794873,33.30812711705017
221,2.94466252016733,3.7152773605236256,166.71794871794873,33.30812711705017
222,2.94466252016733,3.7152773605236256,166.71794871794873,33.30812711705017
223,2.94466252016733,3.7152773605236256,166.71794871794873,33.30812711705017
224,2.94466252016733,3.7152773605236256,166.71794871794873,33.30812711705017
225,2.94466252016733,3.7152773605236256,166.71794871794873,33.30812711705017
226,2.94466252016733,3.7152773605236256,166.71794871794873,33.30812711705017
227,2.94466252016733,3.7152773605236256,166.71794871794873,33.30812711705017
228,2.94466252016733,3.7152773605236256,166.71794871794873,33.30812711705017
229,2.94466252016733,3.7152773605236256,166.71794871794873,33.30812711705017
230,2.94466252016733,3.7152773605236256,166.71794871794873,33.30812711705017
231,2.94466252016733,3.7152773605236256,166.71794871794873,33.30812711705017
232,2.94466252016733,3.7152773605236256,166.71794871794873,33.30812711705017
233,2.94466252016733,3.7152773605236256,166.71794871794873,33.30812711705017
234,2.94466252016733,3.7152773605236256,166.71794871794873,33.30812711705017
235,2.94466252016733,3.7152773605236256,166.71794871794873,33.30812711705017
236,2.94466252016733,3.7152773605236256,166.71794871794873,33.30812711705017
237,2.94466252016733,3.7152773605236256,166.71794871794873,33.30812711705017
238,3.02210749954969,3.7230170070446857,172.71794871794873,32.27312659267654
239,3.02210749954969,3.7230170070446857,172.71794871794873,32.27312659267654
240,3.02210749954969,3.7230170070446857,172.71794871794873,32.27312659267654
241,3.02210749954969,3.7230170070446857,172.71794871794873,32.27312659267654
242,3.02210749954969,3.7230170070446857,172.71794871794873,32.27312659267654
243,3.02210749954969,3.7230170070446857,172.71794871794873,32.27312659267654
244,3.02210749954969,3.7230170070446857,172.71794871794873,32.27312659267654
245,3.02210749954969,3.7230170070446857,172.71794871794873,32.27312659267654
246,3.02210749954969,3.7230170070446857,172.71794871794873,32.27312659267654
247,3.02210749954969,3.7230170070446857,172.71794871794873,32.27312659267654
248,3.02210749954969,3.7230170070446857,172.71794871794873,32.27312659267654
249,3.02210749954969,3.7230170070446857,172.71794871794873,32.27312659267654
250,3.02210749954969,3.7230170070446857,172.71794871794873,32.27312659267654
251,3.02210749954969,3.7230170070446857,172.71794871794873,32.27312659267654
252,3.02210749954969,3.7230170070446857,172.71794871794873,32.27312659267654
253,3.02210749954969,3.7230170070446857,172.71794871794873,32.27312659267654
254,3.02210749954969,3.7230170070446857,172.71794871794873,32.27312659267654
255,3.02210749954969,3.7230170070446857,172.71794871794873,32.27312659267654
256,3.02210749954969,3.7230170070446857,172.71794871794873,32.27312659267654
257,3.02210749954969,3.7230170070446857,172.71794871794873,32.27312659267654
258,3.02210749954969,3.7230170070446857,172.71794871794873,32.27312659267654
259,3.02210749954969,3.7230170070446857,172.71794871794873,32.27312659267654
260,3.02210749954969,3.7230170070446857,172.71794871794873,32.27312659267654
261,3.02210749954969,3.7230170070446857,172.71794871794873,32.27312659267654
262,3.02210749954969,3.7230170070446857,172.71794871794873,32.27312659267654
263,3.02210749954969,3.7230170070446857,172.71794871794873,32.27312659267654
264,2.94466252016733,3.7152773605236256,166.71794871794873,33.30812711705017
265,2.94466252016733,3.7152773605236256,166.71794871794873,33.30812711705017
266,2.94466252016733,3.7152773605236256,166.71794871794873,33.30812711705017
267,2.94466252016733,3.7152773605236256,166.71794871794873,33.30812711705017
268,2.94466252016733,3.7152773605236256,166.71794871794873,33.30812711705017
269,2.94466252016733,3.7152773605236256,166.71794871794873,33.30812711705017
270,2.94466252016733,3.7152773605236256,166.71794871794873,33.30812711705017
271,2.94466252016733,3.7152773605236256,166.71794871794873,33.30812711705017
272,2.94466252016733,3.7152773605236256,166.71794871794873,33.30812711705017
273,2.94466252016733,3.7152773605236256,166.71794871794873,33.30812711705017
274,2.94466252016733,3.7152773605236256,166.71794871794873,33.30812711705017
275,2.94466252016733,3.7152773605236256,166.71794871794873,33.30812711705017
276,2.94466252016733,3.7152773605236256,166.71794871794873,33.30812711705017
277,2.94466252016733,3.7152773605236256,166.71794871794873,33.30812711705017
278,2.94466252016733,3.7152773605236256,166.71794871794873,33.30812711705017
279,2.94466252016733,3.7152773605236256,166.71794871794873,33.30812711705017
280,2.94466252016733,3.7152773605236256,166.71794871794873,33.30812711705017
281,2.94466252016733,3.7152773605236256,166.71794871794873,33.30812711705017
282,2.94466252016733,3.7152773605236256,166.71794871794873,33.30812711705017
283,2.94466252016733,3.7152773605236256,166.71794871794873,33.30812711705017
284,2.94466252016733,3.7152773605236256,166.71794871794873,33.30812711705017
285,2.94466252016733,3.7152773605236256,166.71794871794873,33.30812711705017
286,2.94466252016733,3.7152773605236256,166.71794871794873,33.30812711705017
287,2.94466252016733,3.7152773605236256,166.71794871794873,33.30812711705017
288,2.94466252016733,3.7152773605236256,166.71794871794873,33.30812711705017
289,2.94466252016733,3.7152773605236256,166.71794871794873,33.30812711705017
290,2.94466252016733,3.7152773605236256,166.71794871794873,33.30812711705017
291,3.02210749954969,3.7230170070446857,172.71794871794873,32.27312659267654
292,3.02210749954969,3.7230170070446857,172.71794871794873,32.27312659267654
293,3.02210749954969,3.7230170070446857,172.71794871794873,32.27312659267654
294,3.02210749954969,3.7230170070446857,172.71794871794873,32.27312659267654
295,3.02210749954969,3.7230170070446857,172.71794871794873,32.27312659267654
296,3.02210749954969,3.7230170070446857,172.71794871794873,32.27312659267654
297,3.02210749954969,3.7230170070446857,172.71794871794873,32.27312659267654
298,3.02210749954969,3.7230170070446857,172.71794871794873,32.27312659267654
299,3.02210749954969,3.7230170070446857,172.71794871794873,32.27312659267654
300,3.02210749954969,3.7230170070446857,172.71794871794873,32.27312659267654
301,3.02210749954969,3.7230170070446857,172.71794871794873,32.27312659267654
302,3.02210749954969,3.7230170070446857,172.71794871794873,32.27312659267654
303,3.02210749954969,3.7230170070446857,172.71794871794873,32.27312659267654
304,3.02210749954969,3.7230170070446857,172.71794871794873,32.27312659267654
305,3.02210749954969,3.7230170070446857,172.71794871794873,32.27312659267654
306,3.02210749954969,3.7230170070446857,172.71794871794873,32.27312659267654
307,3.02210749954969,3.7230170070446857,172.71794871794873,32.27312659267654
308,3.02210749954969,3.7230170070446857,172.71794871794873,32.27312659267654
309,3.02210749954969,3.7230170070446857,172.71794871794873,32.27312659267654
310,3.02210749954969,3.7230170070446857,172.71794871794873,32.27312659267654
311,3.02210749954969,3.7230170070446857,172.71794871794873,32.27312659267654
312,3.02210749954969,3.7230170070446857,172.71794871794873,32.27312659267654
313,3.02210749954969,3.7230170070446857,172.71794871794873,32.27312659267654
314,3.02210749954969,3.7230170070446857,172.71794871794873,32.27312659267654
315,3.02210749954969,3.7230170070446857,172.71794871794873,32.27312659267654
316,3.02210749954969,3.7230170070446857,172.71794871794873,32.27312659267654
317,3.02210749954969,3.7230170070446857,172.71794871794873,32.27312659267654
318,3.02210749954969,3.7230170070446857,172.71794871794873,32.27312659267654
319,2.94466252016733,3.7152773605236256,166.71794871794873,33.30812711705017
320,2.94466252016733,3.7152773605236256,166.71794871794873,33.30812711705017
321,2.94466252016733,3.7152773605236256,166.71794871794873,33.30812711705017
322,2.94466252016733,3.7152773605236256,166.71794871794873,33.30812711705017
323,2.94466252016733,3.7152773605236256,166.71794871794873,33.30812711705017
324,2.94466252016733,3.7152773605236256,166.71794871794873,33.30812711705017
325,2.94466252016733,3.7152773605236256,166.71794871794873,33.30812711705017
326,2.94466252016733,3.7152773605236256,166.71794871794873,33.30812711705017
327,2.94466252016733,3.7152773605236256,166.71794871794873,33.30812711705017
328,2.94466252016733,3.7152773605236256,166.71794871794873,33.30812711705017
329,2.94466252016733,3.7152773605236256,166.71794871794873,33.30812711705017
330,2.94466252016733,3.7152773605236256,166.71794871794873,33.30812711705017
331,2.94466252016733,3.7152773605236256,166.71794871794873,33.30812711705017
332,2.94466252016733,3.7152773605236256,166.71794871794873,33.30812711705017
333,2.94466252016733,3.7152773605236256,166.71794871794873,33.30812711705017
334,2.94466252016733,3.7152773605236256,166.71794871794873,33.30812711705017
335,2.94466252016733,3.7152773605236256,166.71794871794873,33.30812711705017
336,2.94466252016733,3.7152773605236256,166.71794871794873,33.30812711705017
337,2.94466252016733,3.7152773605236256,166.71794871794873,33.30812711705017
338,2.94466252016733,3.7152773605236256,166.71794871794873,33.30812711705017
339,2.94466252016733,3.7152773605236256,166.71794871794873,33.30812711705017
340,2.94466252016733,3.7152773605236256,166.71794871794873,33.30812711705017
341,2.94466252016733,3.7152773605236256,166.71794871794873,33.30812711705017
342,2.94466252016733,3.7152773605236256,166.71794871794873,33.30812711705017
343,2.94466252016733,3.7152773605236256,166.71794871794873,33.30812711705017
344,2.94466252016733,3.7152773605236256,166.71794871794873,33.30812711705017
345,2.94466252016733,3.7152773605236256,166.71794871794873,33.30812711705017
346,2.94466252016733,3.7152773605236256,166.71794871794873,33.30812711705017
347,3.02210749954969,3.7230170070446857,172.71794871794873,32.27312659267654
348,3.02210749954969,3.7230170070446857,172.71794871794873,32.27312659267654
349,3.02210749954969,3.7230170070446857,172.71794871794873,32.27312659267654
350,3.02210749954969,3.7230170070446857,172.71794871794873,32.27312659267654
351,3.02210749954969,3.7230170070446857,172.71794871794873,32.27312659267654
352,3.02210749954969,3.7230170070446857,172.71794871794873,32.27312659267654
353,3.02210749954969,3.7230170070446857,172.71794871794873,32.27312659267654
354,3.02210749954969,3.7230170070446857,172.71794871794873,32.27312659267654
355,3.02210749954969,3.7230170070446857,172.71794871794873,32.27312659267654
356,3.02210749954969,3.7230170070446857,172.71794871794873,32.27312659267654
357,3.02210749954969,3.7230170070446857,172.71794871794873,32.27312659267654
358,3.02210749954969,3.7230170070446857,172.71794871794873,32.27312659267654
359,3.02210749954969,3.7230170070446857,172.71794871794873,32.27312659267654
360,3.02210749954969,3.7230170070446857,172.71794871794873,32.27312659267654
361,3.02210749954969,3.7230170070446857,172.71794871794873,32.27312659267654
362,3.02210749954969,3.7230170070446857,172.71794871794873,32.27312659267654
363,3.02210749954969,3.7230170070446857,172.71794871794873,32.27312659267654
364,3.02210749954969,3.7230170070446857,172.71794871794873,32.27312659267654
365,3.02210749954969,3.7230170070446857,172.71794871794873,32.27312659267654
366,3.02210749954969,3.7230170070446857,172.71794871794873,32.27312659267654
367,3.02210749954969,3.7230170070446857,172.71794871794873,32.27312659267654
368,3.02210749954969,3.7230170070446857,172.71794871794873,32.27312659267654
369,3.02210749954969,3.7230170070446857,172.71794871794873,32.27312659267654
370,3.02210749954969,3.7230170070446857,172.71794871794873,32.27312659267654
371,3.02210749954969,3.7230170070446857,172.71794871794873,32.27312659267654
372,3.02210749954969,3.7230170070446857,172.71794871794873,32.27312659267654
373,3.02210749954969,3.7230170070446857,172.71794871794873,32.27312659267654
374,3.02210749954969,3.7230170070446857,172.71794871794873,32.27312659267654
375,3.02210749954969,3.7230170070446857,172.71794871794873,32.27312659267654
376,2.94466252016733,3.7152773605236256,166.71794871794873,33.30812711705017
377,2.94466252016733,3.7152773605236256,166.71794871794873,33.30812711705017
378,2.94466252016733,3.7152773605236256,166.71794871794873,33.30812711705017
379,2.94466252016733,3.7152773605236256,166.71794871794873,33.30812711705017
380,2.94466252016733,3.7152773605236256,166.71794871794873,33.30812711705017
381,2.94466252016733,3.7152773605236256,166.71794871794873,33.30812711705017
382,2.94466252016733,3.7152773605236256,166.71794871794873,33.30812711705017
383,2.94466252016733,3.7152773605236256,166.71794871794873,33.30812711705017
384,2.94466252016733,3.7152773605236256,166.71794871794873,33.30812711705017
385,2.94466252016733,3.7152773605236256,166.71794871794873,33.30812711705017
386,2.94466252016733,3.7152773605236256,166.71794871794873,33.30812711705017
387,2.94466252016733,3.7152773605236256,166.71794871794873,33.30812711705017
388,2.94466252016733,3.7152773605236256,166.71794871794873,33.30812711705017
389,2.94466252016733,3.7152773605236256,166.71794871794873,33.30812711705017
390,2.94466252016733,3.7152773605236256,166.71794871794873,33.30812711705017
391,2.94466252016733,3.7152773605236256,166.71794871794873,33.30812711705017
392,2.94466252016733,3.7152773605236256,166.71794871794873,33.30812711705017
393,2.94466252016733,3.7152773605236256,166.71794871794873,33.30812711705017
394,2.94466252016733,3.7152773605236256,166.71794871794873,33.30812711705017
395,2.94466252016733,3.7152773605236256,166.71794871794873,33.30812711705017
396,2.94466252016733,3.7152773605236256,166.71794871794873,33.30812711705017
397,2.94466252016733,3.7152773605236256,166.71794871794873,33.30812711705017
398,2.94466252016733,3.7152773605236256,166.71794871794873,33.30812711705017
399,2.94466252016733,3.7152773605236256,166.71794871794873,33.30812711705017
400,2.94466252016733,3.7152773605236256,166.71794871794873,33.30812711705017
401,2.94466252016733,3.7152773605236256,166.71794871794873,33.30812711705017
402,2.94466252016733,3.7152773605236256,166.71794871794873,33.30812711705017
403,2.94466252016733,3.7152773605236256,166.71794871794873,33.30812711705017
404,2.94466252016733,3.7152773605236256,166.71794871794873,33.30812711705017
405,2.94466252016733,3.7152773605236256,166.71794871794873,33.30812711705017
406,3.02210749954969,3.7230170070446857,172.71794871794873,32.27312659267654
407,3.02210749954969,3.7230170070446857,172.71794871794873,32.27312659267654
408,3.02210749954969,3.7230170070446857,172.71794871794873,32.27312659267654
409,3.02210749954969,3.7230170070446857,172.71794871794873,32.27312659267654
410,3.02210749954969,3.7230170070446857,172.71794871794873,32.27312659267654
411,3.02210749954969,3.7230170070446857,172.71794871794873,32.27312659267654
412,3.02210749954969,3.7230170070446857,172.71794871794873,32.27312659267654
413,3.02210749954969,3.7230170070446857,172.71794871794873,32.27312659267654
414,3.02210749954969,3.7230170070446857,172.71794871794873,32.27312659267654
415,3.02210749954969,3.7230170070446857,172.71794871794873,32.27312659267654
416,3.02210749954969,3.7230170070446857,172.71794871794873,32.27312659267654
417,3.02210749954969,3.7230170070446857,172.71794871794873,32.27312659267654
418,3.02210749954969,3.7230170070446857,172.71794871794873,32.27312659267654
419,3.02210749954969,3.7230170070446857,172.71794871794873,32.27312659267654
420,3.02210749954969,3.7230170070446857,172.71794871794873,32.27312659267654
421,3.02210749954969,3.7230170070446857,172.71794871794873,32.27312659267654
422,3.02210749954969,3.7230170070446857,172.71794871794873,32.27312659267654
423,3.02210749954969,3.7230170070446857,172.71794871794873,32.27312659267654
424,3.02210749954969,3.7230170070446857,172.71794871794873,32.27312659267654
425,3.02210749954969,3.7230170070446857,172.71794871794873,32.27312659267654
426,3.02210749954969,3.7230170070446857,172.71794871794873,32.27312659267654
427,3.02210749954969,3.7230170070446857,172.71794871794873,32.27312659267654
428,3.02210749954969,3.7230170070446857,172.71794871794873,32.27312659267654
429,3.02210749954969,3.7230170070446857,172.71794871794873,32.27312659267654
430,3.02210749954969,3.7230170070446857,172.71794871794873,32.27312659267654
431,3.02210749954969,3.7230170070446857,172.71794871794873,32.27312659267654
432,3.02210749954969,3.7230170070446857,172.71794871794873,32.27312659267654
433,3.02210749954969,3.7230170070446857,172.71794871794873,32.27312659267654
434,3.02210749954969,3.7230170070446857,172.71794871794873,32.27312659267654
435,3.02210749954969,3.7230170070446857,172.71794871794873,32.27312659267654
436,3.02210749954969,3.7230170070446857,172.71794871794873,32.27312659267654
437,2.94466252016733,3.7152773605236256,166.71794871794873,33.30812711705017
438,2.94466252016733,3.7152773605236256,166.71794871794873,33.30812711705017
439,2.94466252016733,3.7152773605236256,166.71794871794873,33.30812711705017
440,2.94466252016733,3.7152773605236256,166.71794871794873,33.30812711705017
441,2.94466252016733,3.7152773605236256,166.71794871794873,33.30812711705017
442,2.94466252016733,3.7152773605236256,166.71794871794873,33.30812711705017
443,2.94466252016733,3.7152773605236256,166.71794871794873,33.30812711705017
444,2.94466252016733,3.7152773605236256,166.71794871794873,33.30812711705017
445,2.94466252016733,3.7152773605236256,166.71794871794873,33.30812711705017
446,2.94466252016733,3.7152773605236256,166.71794871794873,33.30812711705017
447,2.94466252016733,3.7152773605236256,166.71794871794873,33.30812711705017
448,2.94466252016733,3.7152773605236256,166.71794871794873,33.30812711705017
449,2.94466252016733,3.7152773605236256,166.71794871794873,33.30812711705017
450,2.94466252016733,3.7152773605236256,166.71794871794873,33.30812711705017
451,2.94466252016733,3.7152773605236256,166.71794871794873,33.30812711705017
452,2.94466252016733,3.7152773605236256,166.71794871794873,33.30812711705017
453,2.94466252016733,3.7152773605236256,166.71794871794873,33.30812711705017
454,2.94466252016733,3.7152773605236256,166.71794871794873,33.30812711705017
455,2.94466252016733,3.7152773605236256,166.71794871794873,33.30812711705017
456,2.94466252016733,3.7152773605236256,166.71794871794873,33.30812711705017
457,2.94466252016733,3.7152773605236256,166.71794871794873,33.30812711705017
458,2.94466252016733,3.7152773605236256,166.71794871794873,33.30812711705017
459,2.94466252016733,3.7152773605236256,166.71794871794873,33.30812711705017
460,2.94466252016733,3.7152773605236256,166.71794871794873,33.30812711705017
461,2.94466252016733,3.7152773605236256,166.71794871794873,33.30812711705017
462,2.94466252016733,3.7152773605236256,166.71794871794873,33.30812711705017
463,2.94466252016733,3.7152773605236256,166.71794871794873,33.30812711705017
464,2.94466252016733,3.7152773605236256,166.71794871794873,33.30812711705017
465,2.94466252016733,3.7152773605236256,166.71794871794873,33.30812711705017
466,2.94466252016733,3.7152773605236256,166.71794871794873,33.30812711705017
467,2.94466252016733,3.7152773605236256,166.71794871794873,33.30812711705017
468,3.02210749954969,3.7230170070446857,172.71794871794873,32.27312659267654
469,3.02210749954969,3.7230170070446857,172.71794871794873,32.27312659267654
470,3.02210749954969,3.7230170070446857,172.71794871794873,32.27312659267654
471,3.02210749954969,3.7230170070446857,172.71794871794873,32.27312659267654
472,3.02210749954969,3.7230170070446857,172.71794871794873,32.27312659267654
473,3.02210749954969,3.7230170070446857,172.71794871794873,32.27312659267654
474,3.02210749954969,3.7230170070446857,172.71794871794873,32.27312659267654
475,3.02210749954969,3.7230170070446857,172.71794871794873,32.27312659267654
476,3.02210749954969,3.7230170070446857,172.71794871794873,32.27312659267654
477,3.02210749954969,3.7230170070446857,172.71794871794873,32.27312659267654
478,3.02210749954969,3.7230170070446857,172.71794871794873,32.27312659267654
479,3.02210749954969,3.7230170070446857,172.71794871794873,32.27312659267654
480,3.02210749954969,3.7230170070446857,172.71794871794873,32.27312659267654
481,3.02210749954969,3.7230170070446857,172.71794871794873,32.27312659267654
482,3.02210749954969,3.7230170070446857,172.71794871794873,32.27312659267654
483,3.02210749954969,3.7230170070446857,172.71794871794873,32.27312659267654
484,3.02210749954969,3.7230170070446857,172.71794871794873,32.27312659267654
485,3.02210749954969,3.7230170070446857,172.71794871794873,32.27312659267654
486,3.02210749954969,3.7230170070446857,172.71794871794873,32.27312659267654
487,3.02210749954969,3.7230170070446857,172.71794871794873,32.27312659267654
488,3.02210749954969,3.7230170070446857,172.71794871794873,32.27312659267654
489,3.02210749954969,3.7230170070446857,172.71794871794873,32.27312659267654
490,3.02210749954969,3.7230170070446857,172.71794871794873,32.27312659267654
491,3.02210749954969,3.7230170070446857,172.71794871794873,32.27312659267654
492,3.02210749954969,3.7230170070446857,172.71794871794873,32.27312659267654
493,3.02210749954969,3.7230170070446857,172.71794871794873,32.27312659267654
494,3.02210749954969,3.7230170070446857,172.71794871794873,32.27312659267654
495,3.02210749954969,3.7230170070446857,172.71794871794873,32.27312659267654
496,3.02210749954969,3.7230170070446857,172.71794871794873,32.27312659267654
497,3.02210749954969,3.7230170070446857,172.71794871794873,32.27312659267654
498,3.02210749954969,3.7230170070446857,172.71794871794873,32.27312659267654
499,3.02210749954969,3.7230170070446857,172.71794871794873,32.27312659267654
500,2.94466252016733,3.7152773605236256,166.71794871794873,33.30812711705017
501,2.94466252016733,3.7152773605236256,166.71794871794873,33.30812711705017
502,2.94466252016733,3.7152773605236256,166.71794871794873,33.30812711705017
503,2.94466252016733,3.7152773605236256,166.71794871794873,33.30812711705017
504,2.94466252016733,3.7152773605236256,166.71794871794873,33.30812711705017
505,2.94466252016733,3.7152773605236256,166.71794871794873,33.30812711705017
506,2.94466252016733,3.7152773605236256,166.71794871794873,33.30812711705017
507,2.94466252016733,3.7152773605236256,166.71794871794873,33.30812711705017
508,2.94466252016733,3.7152773605236256,166.71794871794873,33.30812711705017
509,2.94466252016733,3.7152773605236256,166.71794871794873,33.30812711705017
510,2.94466252016733,3.7152773605236256,166.71794871794873,33.30812711705017
511,2.94466252016733,3.7152773605236256,166.71794871794873,33.30812711705017
512,2.94466252016733,3.7152773605236256,166.71794871794873,33.30812711705017
513,2.94466252016733,3.7152773605236256,166.71794871794873,33.30812711705017
514,2.94466252016733,3.7152773605236256,166.71794871794873,33.30812711705017
515,2.94466252016733,3.7152773605236256,166.71794871794873,33.30812711705017
516,2.94466252016733,3.7152773605236256,166.71794871794873,33.30812711705017
517,2.94466252016733,3.7152773605236256,166.71794871794873,33.30812711705017
518,2.94466252016733,3.7152773605236256,166.71794871794873,33.30812711705017
519,2.94466252016733,3.7152773605236256,166.71794871794873,33.30812711705017
520,2.94466252016733,3.7152773605236256,166.71794871794873,33.30812711705017
521,2.94466252016733,3.7152773605236256,166.71794871794873,33.30812711705017
522,2.94466252016733,3.7152773605236256,166.71794871794873,33.30812711705017
523,2.94466252016733,3.7152773605236256,166.71794871794873,33.30812711705017
524,2.94466252016733,3.7152773605236256,166.71794871794873,33.30812711705017
525,2.94466252016733,3.7152773605236256,166.71794871794873,33.30812711705017
526,2.94466252016733,3.7152773605236256,166.71794871794873,33.30812711705017
527,2.94466252016733,3.7152773605236256,166.71794871794873,33.30812711705017
528,2.94466252016733,3.7152773605236256,166.71794871794873,33.30812711705017
529,2.94466252016733,3.7152773605236256,166.71794871794873,33.30812711705017
530,2.94466252016733,3.7152773605236256,166.71794871794873,33.30812711705017
531,2.94466252016733,3.7152773605236256,166.71794871794873,33.30812711705017
532,3.02210749954969,3.7230170070446857,172.71794871794873,32.27312659267654
533,3.02210749954969,3.7230170070446857,172.71794871794873,32.27312659267654
534,3.02210749954969,3.7230170070446857,172.71794871794873,32.27312659267654
535,3.02210749954969,3.7230170070446857,172.71794871794873,32.27312659267654
536,3.02210749954969,3.7230170070446857,172.71794871794873,32.27312659267654
537,3.02210749954969,3.7230170070446857,172.71794871794873,32.27312659267654
538,3.02210749954969,3.7230170070446857,172.71794871794873,32.27312659267654
539,3.02210749954969,3.7230170070446857,172.71794871794873,32.27312659267654
540,3.02210749954969,3.7230170070446857,172.71794871794873,32.27312659267654
541,3.02210749954969,3.7230170070446857,172.71794871794873,32.27312659267654
542,3.02210749954969,3.7230170070446857,172.71794871794873,32.27312659267654
543,3.02210749954969,3.7230170070446857,172.71794871794873,32.27312659267654
544,3.02210749954969,3.7230170070446857,172.71794871794873,32.27312659267654
545,3.02210749954969,3.7230170070446857,172.71794871794873,32.27312659267654
546,3.02210749954969,3.7230170070446857,172.71794871794873,32.27312659267654
547,3.02210749954969,3.7230170070446857,172.71794871794873,32.27312659267654
548,3.02210749954969,3.7230170070446857,172.71794871794873,32.27312659267654
549,3.02210749954969,3.7230170070446857,172.71794871794873,32.27312659267654
550,3.02210749954969,3.7230170070446857,172.71794871794873,32.27312659267654
551,3.02210749954969,3.7230170070446857,172.71794871794873,32.27312659267654
552,3.02210749954969,3.7230170070446857,172.71794871794873,32.27312659267654
553,3.02210749954969,3.7230170070446857,172.71794871794873,32.27312659267654
554,3.02210749954969,3.7230170070446857,172.71794871794873,32.27312659267654
555,3.02210749954969,3.7230170070446857,172.71794871794873,32.27312659267654
556,3.02210749954969,3.7230170070446857,172.71794871794873,32.27312659267654
557,3.02210749954969,3.7230170070446857,172.71794871794873,32.27312659267654
558,3.02210749954969,3.7230170070446857,172.71794871794873,32.27312659267654
559,3.02210749954969,3.7230170070446857,172.71794871794873,32.27312659267654
560,3.02210749954969,3.7230170070446857,172.71794871794873,32.27312659267654
561,3.02210749954969,3.7230170070446857,172.71794871794873,32.27312659267654
562,3.02210749954969,3.7230170070446857,172.71794871794873,32.27312659267654
563,3.02210749954969,3.7230170070446857,172.71794871794873,32.27312659267654
564,3.02210749954969,3.7230170070446857,172.71794871794873,32.27312659267654
565,2.94466252016733,3.7152773605236256,166.71794871794873,33.30812711705017
566,2.94466252016733,3.7152773605236256,166.71794871794873,33.30812711705017
567,2.94466252016733,3.7152773605236256,166.71794871794873,33.30812711705017
568,2.94466252016733,3.7152773605236256,166.71794871794873,33.30812711705017
569,2.94466252016733,3.7152773605236256,166.71794871794873,33.30812711705017
570,2.94466252016733,3.7152773605236256,166.71794871794873,33.30812711705017
571,2.94466252016733,3.7152773605236256,166.71794871794873,33.30812711705017
572,2.94466252016733,3.7152773605236256,166.71794871794873,33.30812711705017
573,2.94466252016733,3.7152773605236256,166.71794871794873,33.30812711705017
574,2.94466252016733,3.7152773605236256,166.71794871794873,33.30812711705017
575,2.94466252016733,3.7152773605236256,166.71794871794873,33.30812711705017
576,2.94466252016733,3.7152773605236256,166.71794871794873,33.30812711705017
577,2.94466252016733,3.7152773605236256,166.71794871794873,33.30812711705017
578,2.94466252016733,3.7152773605236256,166.71794871794873,33.30812711705017
579,2.94466252016733,3.7152773605236256,166.71794871794873,33.30812711705017
580,2.94466252016733,3.7152773605236256,166.71794871794873,33.30812711705017
581,2.94466252016733,3.7152773605236256,166.71794871794873,33.30812711705017
582,2.94466252016733,3.7152773605236256,166.71794871794873,33.30812711705017
583,2.94466252016733,3.7152773605236256,166.71794871794873,33.30812711705017
584,2.94466252016733,3.7152773605236256,166.71794871794873,33.30812711705017
585,2.94466252016733,3.7152773605236256,166.71794871794873,33.30812711705017
586,2.94466252016733,3.7152773605236256,166.71794871794873,33.30812711705017
587,2.94466252016733,3.7152773605236256,166.71794871794873,33.30812711705017
588,2.94466252016733,3.7152773605236256,166.71794871794873,33.30812711705017
589,2.94466252016733,3.7152773605236256,166.71794871794873,33.30812711705017
590,2.94466252016733,3.7152773605236256,166.71794871794873,33.30812711705017
591,2.94466252016733,3.7152773605236256,166.71794871794873,33.30812711705017
592,2.94466252016733,3.7152773605236256,166.71794871794873,33.30812711705017
593,2.94466252016733,3.7152773605236256,166.71794871794873,33.30812711705017
594,2.94466252016733,3.7152773605236256,166.71794871794873,33.30812711705017
595,2.94466252016733,3.7152773605236256,166.71794871794873,33.30812711705017
596,2.94466252016733,3.7152773605236256,166.71794871794873,33.30812711705017
597,2.94466252016733,3.7152773605236256,166.71794871794873,33.30812711705017
598,3.02210749954969,3.7230170070446857,172.71794871794873,32.27312659267654
599,3.02210749954969,3.7230170070446857,172.71794871794873,32.27312659267654
600,3.02210749954969,3.7230170070446857,172.71794871794873,32.27312659267654
601,3.02210749954969,3.7230170070446857,172.71794871794873,32.27312659267654
602,3.02210749954969,3.7230170070446857,172.71794871794873,32.27312659267654
603,3.02210749954969,3.7230170070446857,172.71794871794873,32.27312659267654
604,3.02210749954969,3.7230170070446857,172.71794871794873,32.27312659267654
605,3.02210749954969,3.7230170070446857,172.71794871794873,32.27312659267654
606,3.02210749954969,3.7230170070446857,172.71794871794873,32.27312659267654
607,3.02210749954969,3.7230170070446857,172.71794871794873,32.27312659267654
608,3.02210749954969,3.7230170070446857,172.71794871794873,32.27312659267654
609,3.02210749954969,3.7230170070446857,172.71794871794873,32.27312659267654
610,3.02210749954969,3.7230170070446857,172.71794871794873,32.27312659267654
611,3.02210749954969,3.7230170070446857,172.71794871794873,32.27312659267654
612,3.02210749954969,3.7230170070446857,172.71794871794873,32.27312659267654
613,3.02210749954969,3.7230170070446857,172.71794871794873,32.27312659267654
614,3.02210749954969,3.7230170070446857,172.71794871794873,32.27312659267654
615,3.02210749954969,3.7230170070446857,172.71794871794873,32.27312659267654
616,3.02210749954969,3.7230170070446857,172.71794871794873,32.27312659267654
617,3.02210749954969,3.7230170070446857,172.71794871794873,32.27312659267654
618,3.02210749954969,3.7230170070446857,172.71794871794873,32.27312659267654
619,3.02210749954969,3.7230170070446857,172.71794871794873,32.27312659267654
620,3.02210749954969,3.7230170070446857,172.71794871794873,32.27312659267654
621,3.02210749954969,3.7230170070446857,172.71794871794873,32.27312659267654
622,3.02210749954969,3.7230170070446857,172.71794871794873,32.27312659267654
623,3.02210749954969,3.7230170070446857,172.71794871794873,32.27312659267654
624,3.02210749954969,3.7230170070446857,172.71794871794873,32.27312659267654
625,3.02210749954969,3.7230170070446857,172.71794871794873,32.27312659267654
626,3.02210749954969,3.7230170070446857,172.71794871794873,32.27312659267654
627,3.02210749954969,3.7230170070446857,172.71794871794873,32.27312659267654
628,3.02210749954969,3.7230170070446857,172.71794871794873,32.27312659267654
629,3.02210749954969,3.7230170070446857,172.71794871794873,32.27312659267654
630,3.02210749954969,3.7230170070446857,172.71794871794873,32.27312659267654
631,3.02210749954969,3.7230170070446857,172.71794871794873,32.27312659267654
632,2.94466252016733,3.7152773605236256,166.71794871794873,33.30812711705017
633,2.94466252016733,3.7152773605236256,166.71794871794873,33.30812711705017
634,2.94466252016733,3.7152773605236256,166.71794871794873,33.30812711705017
635,2.94466252016733,3.7152773605236256,166.71794871794873,33.30812711705017
636,2.94466252016733,3.7152773605236256,166.71794871794873,33.30812711705017
637,2.94466252016733,3.7152773605236256,166.71794871794873,33.30812711705017
638,2.94466252016733,3.7152773605236256,166.71794871794873,33.30812711705017
639,2.94466252016733,3.7152773605236256,166.71794871794873,33.30812711705017
640,2.94466252016733,3.7152773605236256,166.71794871794873,33.30812711705017
641,2.94466252016733,3.7152773605236256,166.71794871794873,33.30812711705017
642,2.94466252016733,3.7152773605236256,166.71794871794873,33.30812711705017
643,2.94466252016733,3.7152773605236256,166.71794871794873,33.30812711705017
644,2.94466252016733,3.7152773605236256,166.71794871794873,33.30812711705017
645,2.94466252016733,3.7152773605236256,166.71794871794873,33.30812711705017
646,2.94466252016733,3.7152773605236256,166.71794871794873,33.30812711705017
647,2.94466252016733,3.7152773605236256,166.71794871794873,33.30812711705017
648,2.94466252016733,3.7152773605236256,166.71794871794873,33.30812711705017
649,2.94466252016733,3.7152773605236256,166.71794871794873,33.30812711705017
650,2.94466252016733,3.7152773605236256,166.71794871794873,33.30812711705017
651,2.94466252016733,3.7152773605236256,166.71794871794873,33.30812711705017
652,2.94466252016733,3.7152773605236256,166.71794871794873,33.30812711705017
653,2.94466252016733,3.7152773605236256,166.71794871794873,33.30812711705017
654,2.94466252016733,3.7152773605236256,166.71794871794873,33.30812711705017
655,2.94466252016733,3.7152773605236256,166.71794871794873,33.30812711705017
656,2.94466252016733,3.7152773605236256,166.71794871794873,33.30812711705017
657,2.94466252016733,3.7152773605236256,166.71794871794873,33.30812711705017
658,2.94466252016733,3.7152773605236256,166.71794871794873,33.30812711705017
659,2.94466252016733,3.7152773605236256,166.71794871794873,33.30812711705017
660,2.94466252016733,3.7152773605236256,166.71794871794873,33.30812711705017
661,2.94466252016733,3.7152773605236256,166.71794871794873,33.30812711705017
662,2.94466252016733,3.7152773605236256,166.71794871794873,33.30812711705017
663,2.94466252016733,3.7152773605236256,166.71794871794873,33.30812711705017
664,2.94466252016733,3.7152773605236256,166.71794871794873,33.30812711705017
665,2.94466252016733,3.7152773605236256,166.71794871794873,33.30812711705017
666,3.02210749954969,3.7230170070446857,172.71794871794873,32.27312659267654
667,3.02210749954969,3.7230170070446857,172.71794871794873,32.27312659267654
668,3.02210749954969,3.7230170070446857,172.71794871794873,32.27312659267654
669,3.02210749954969,3.7230170070446857,172.71794871794873,32.27312659267654
670,3.02210749954969,3.7230170070446857,172.71794871794873,32.27312659267654
671,3.02210749954969,3.7230170070446857,172.71794871794873,32.27312659267654
672,3.02210749954969,3.7230170070446857,172.71794871794873,32.27312659267654
673,3.02210749954969,3.7230170070446857,172.71794871794873,32.27312659267654
674,3.02210749954969,3.7230170070446857,172.71794871794873,32.27312659267654
675,3.02210749954969,3.7230170070446857,172.71794871794873,32.27312659267654
676,3.02210749954969,3.7230170070446857,172.71794871794873,32.27312659267654
677,3.02210749954969,3.7230170070446857,172.71794871794873,32.27312659267654
678,3.02210749954969,3.7230170070446857,172.71794871794873,32.27312659267654
679,3.02210749954969,3.7230170070446857,172.71794871794873,32.27312659267654
680,3.02210749954969,3.7230170070446857,172.71794871794873,32.27312659267654
681,3.02210749954969,3.7230170070446857,172.71794871794873,32.27312659267654
682,3.02210749954969,3.7230170070446857,172.71794871794873,32.27312659267654
683,3.02210749954969,3.7230170070446857,172.71794871794873,32.27312659267654
684,3.02210749954969,3.7230170070446857,172.71794871794873,32.27312659267654
685,3.02210749954969,3.7230170070446857,172.71794871794873,32.27312659267654
686,3.02210749954969,3.7230170070446857,172.71794871794873,32.27312659267654
687,3.02210749954969,3.7230170070446857,172.71794871794873,32.27312659267654
688,3.02210749954969,3.7230170070446857,172.71794871794873,32.27312659267654
689,3.02210749954969,3.7230170070446857,172.71794871794873,32.27312659267654
690,3.02210749954969,3.7230170070446857,172.71794871794873,32.27312659267654
691,3.02210749954969,3.7230170070446857,172.71794871794873,32.27312659267654
692,3.02210749954969,3.7230170070446857,172.71794871794873,32.27312659267654
693,3.02210749954969,3.7230170070446857,172.71794871794873,32.27312659267654
694,3.02210749954969,3.7230170070446857,172.71794871794873,32.27312659267654
695,3.02210749954969,3.7230170070446857,172.71794871794873,32.27312659267654
696,3.02210749954969,3.7230170070446857,172.71794871794873,32.27312659267654
697,3.02210749954969,3.7230170070446857,172.71794871794873,32.27312659267654
698,3.02210749954969,3.7230170070446857,172.71794871794873,32.27312659267654
699,3.02210749954969,3.7230170070446857,172.71794871794873,32.27312659267654
700,3.02210749954969,3.7230170070446857,172.71794871794873,32.27312659267654
701,2.94466252016733,3.7152773605236256,166.71794871794873,33.30812711705017
702,2.94466252016733,3.7152773605236256,166.71794871794873,33.30812711705017
703,2.94466252016733,3.7152773605236256,166.71794871794873,33.30812711705017
704,2.94466252016733,3.7152773605236256,166.71794871794873,33.30812711705017
705,2.94466252016733,3.7152773605236256,166.71794871794873,33.30812711705017
706,2.94466252016733,3.7152773605236256,166.71794871794873,33.30812711705017
707,2.94466252016733,3.7152773605236256,166.71794871794873,33.30812711705017
708,2.94466252016733,3.7152773605236256,166.71794871794873,33.30812711705017
709,2.94466252016733,3.7152773605236256,166.71794871794873,33.30812711705017
710,2.94466252016733,3.7152773605236256,166.71794871794873,33.30812711705017
711,2.94466252016733,3.7152773605236256,166.71794871794873,33.30812711705017
712,2.94466252016733,3.7152773605236256,166.71794871794873,33.30812711705017
713,2.94466252016733,3.7152773605236256,166.71794871794873,33.30812711705017
714,2.94466252016733,3.7152773605236256,166.71794871794873,33.30812711705017
715,2.94466252016733,3.7152773605236256,166.71794871794873,33.30812711705017
716,2.94466252016733,3.7152773605236256,166.71794871794873,33.30812711705017
717,2.94466252016733,3.7152773605236256,166.71794871794873,33.30812711705017
718,2.94466252016733,3.7152773605236256,166.71794871794873,33.30812711705017
719,2.94466252016733,3.7152773605236256,166.71794871794873,33.30812711705017
720,2.94466252016733,3.7152773605236256,166.71794871794873,33.30812711705017
721,2.94466252016733,3.7152773605236256,166.71794871794873,33.30812711705017
722,2.94466252016733,3.7152773605236256,166.71794871794873,33.30812711705017
723,2.94466252016733,3.7152773605236256,166.71794871794873,33.30812711705017
724,2.94466252016733,3.7152773605236256,166.71794871794873,33.30812711705017
725,2.94466252016733,3.7152773605236256,166.71794871794873,33.30812711705017
726,2.94466252016733,3.7152773605236256,166.71794871794873,33.30812711705017
727,2.94466252016733,3.7152773605236256,166.71794871794873,33.30812711705017
728,2.94466252016733,3.7152773605236256,166.71794871794873,33.30812711705017
729,2.94466252016733,3.7152773605236256,166.71794871794873,33.30812711705017
730,2.94466252016733,3.7152773605236256,166.71794871794873,33.30812711705017
731,2.94466252016733,3.7152773605236256,166.71794871794873,33.30812711705017
732,2.94466252016733,3.7152773605236256,166.71794871794873,33.30812711705017
733,2.94466252016733,3.7152773605236256,166.71794871794873,33.30812711705017
734,2.94466252016733,3.7152773605236256,166.71794871794873,33.30812711705017
735,2.94466252016733,3.7152773605236256,166.71794871794873,33.30812711705017
736,3.02210749954969,3.7230170070446857,172.71794871794873,32.27312659267654
737,3.02210749954969,3.7230170070446857,172.71794871794873,32.27312659267654
738,3.02210749954969,3.7230170070446857,172.71794871794873,32.27312659267654
739,3.02210749954969,3.7230170070446857,172.71794871794873,32.27312659267654
740,3.02210749954969,3.7230170070446857,172.71794871794873,32.27312659267654
741,3.02210749954969,3.7230170070446857,172.71794871794873,32.27312659267654
742,3.02210749954969,3.7230170070446857,172.71794871794873,32.27312659267654
743,3.02210749954969,3.7230170070446857,172.71794871794873,32.27312659267654
744,3.02210749954969,3.7230170070446857,172.71794871794873,32.27312659267654
745,3.02210749954969,3.7230170070446857,172.71794871794873,32.27312659267654
746,3.02210749954969,3.7230170070446857,172.71794871794873,32.27312659267654
747,3.02210749954969,3.7230170070446857,172.71794871794873,32.27312659267654
748,3.02210749954969,3.7230170070446857,172.71794871794873,32.27312659267654
749,3.02210749954969,3.7230170070446857,172.71794871794873,32.27312659267654
750,3.02210749954969,3.7230170070446857,172.71794871794873,32.27312659267654
751,3.02210749954969,3.7230170070446857,172.71794871794873,32.27312659267654
752,3.02210749954969,3.7230170070446857,172.71794871794873,32.27312659267654
753,3.02210749954969,3.7230170070446857,172.71794871794873,32.27312659267654
754,3.02210749954969,3.7230170070446857,172.71794871794873,32.27312659267654
755,3.02210749954969,3.7230170070446857,172.71794871794873,32.27312659267654
756,3.02210749954969,3.7230170070446857,172.71794871794873,32.27312659267654
757,3.02210749954969,3.7230170070446857,172.71794871794873,32.27312659267654
758,3.02210749954969,3.7230170070446857,172.71794871794873,32.27312659267654
759,3.02210749954969,3.7230170070446857,172.71794871794873,32.27312659267654
760,3.02210749954969,3.7230170070446857,172.71794871794873,32.27312659267654
761,3.02210749954969,3.7230170070446857,172.71794871794873,32.27312659267654
762,3.02210749954969,3.7230170070446857,172.71794871794873,32.27312659267654
763,3.02210749954969,3.7230170070446857,172.71794871794873,32.27312659267654
764,3.02210749954969,3.7230170070446857,172.71794871794873,32.27312659267654
765,3.02210749954969,3.7230170070446857,172.71794871794873,32.27312659267654
766,3.02210749954969,3.7230170070446857,172.71794871794873,32.27312659267654
767,3.02210749954969,3.7230170070446857,172.71794871794873,32.27312659267654
768,3.02210749954969,3.7230170070446857,172.71794871794873,32.27312659267654
769,3.02210749954969,3.7230170070446857,172.71794871794873,32.27312659267654
770,3.02210749954969,3.7230170070446857,172.71794871794873,32.27312659267654
771,3.02210749954969,3.7230170070446857,172.71794871794873,32.27312659267654
772,2.94466252016733,3.7152773605236256,166.71794871794873,33.30812711705017
773,2.94466252016733,3.7152773605236256,166.71794871794873,33.30812711705017
774,2.94466252016733,3.7152773605236256,166.71794871794873,33.30812711705017
775,2.94466252016733,3.7152773605236256,166.71794871794873,33.30812711705017
776,2.94466252016733,3.7152773605236256,166.71794871794873,33.30812711705017
777,2.94466252016733,3.7152773605236256,166.71794871794873,33.30812711705017
778,2.94466252016733,3.7152773605236256,166.71794871794873,33.30812711705017
779,2.94466252016733,3.7152773605236256,166.71794871794873,33.30812711705017
780,2.94466252016733,3.7152773605236256,166.71794871794873,33.30812711705017
781,2.94466252016733,3.7152773605236256,166.71794871794873,33.30812711705017
782,2.94466252016733,3.7152773605236256,166.71794871794873,33.30812711705017
783,2.94466252016733,3.7152773605236256,166.71794871794873,33.30812711705017
784,2.94466252016733,3.7152773605236256,166.71794871794873,33.30812711705017
785,2.94466252016733,3.7152773605236256,166.71794871794873,33.30812711705017
786,2.94466252016733,3.7152773605236256,166.71794871794873,33.30812711705017
787,2.94466252016733,3.7152773605236256,166.71794871794873,33.30812711705017
788,2.94466252016733,3.7152773605236256,166.71794871794873,33.30812711705017
789,2.94466252016733,3.7152773605236256,166.71794871794873,33.30812711705017
790,2.94466252016733,3.7152773605236256,166.71794871794873,33.30812711705017
791,2.94466252016733,3.7152773605236256,166.71794871794873,33.30812711705017
792,2.94466252016733,3.7152773605236256,166.71794871794873,33.30812711705017
793,2.94466252016733,3.7152773605236256,166.71794871794873,33.30812711705017
794,2.94466252016733,3.7152773605236256,166.71794871794873,33.30812711705017
795,2.94466252016733,3.7152773605236256,166.71794871794873,33.30812711705017
796,2.94466252016733,3.7152773605236256,166.71794871794873,33.30812711705017
797,2.94466252016733,3.7152773605236256,166.71794871794873,33.30812711705017
798,2.94466252016733,3.7152773605236256,166.71794871794873,33.30812711705017
799,2.94466252016733,3.7152773605236256,166.71794871794873,33.30812711705017
800,2.94466252016733,3.7152773605236256,166.71794871794873,33.30812711705017
801,2.94466252016733,3.7152773605236256,166.71794871794873,33.30812711705017
802,2.94466252016733,3.7152773605236256,166.71794871794873,33.30812711705017
803,2.94466252016733,3.7152773605236256,166.71794871794873,33.30812711705017
804,2.94466252016733,3.7152773605236256,166.71794871794873,33.30812711705017
805,2.94466252016733,3.7152773605236256,166.71794871794873,33.30812711705017
806,2.94466252016733,3.7152773605236256,166.71794871794873,33.30812711705017
807,2.94466252016733,3.7152773605236256,166.71794871794873,33.30812711705017
808,3.02210749954969,3.7230170070446857,172.71794871794873,32.27312659267654
809,3.02210749954969,3.7230170070446857,172.71794871794873,32.27312659267654
810,3.02210749954969,3.7230170070446857,172.71794871794873,32.27312659267654
811,3.02210749954969,3.7230170070446857,172.71794871794873,32.27312659267654
812,3.02210749954969,3.7230170070446857,172.71794871794873,32.27312659267654
813,3.02210749954969,3.7230170070446857,172.71794871794873,32.27312659267654
814,3.02210749954969,3.7230170070446857,172.71794871794873,32.27312659267654
815,3.02210749954969,3.7230170070446857,172.71794871794873,32.27312659267654
816,3.02210749954969,3.7230170070446857,172.71794871794873,32.27312659267654
817,3.02210749954969,3.7230170070446857,172.71794871794873,32.27312659267654
818,3.02210749954969,3.7230170070446857,172.71794871794873,32.27312659267654
819,3.02210749954969,3.7230170070446857,172.71794871794873,32.27312659267654
820,3.02210749954969,3.7230170070446857,172.71794871794873,32.27312659267654
821,3.02210749954969,3.7230170070446857,172.71794871794873,32.27312659267654
822,3.02210749954969,3.7230170070446857,172.71794871794873,32.27312659267654
823,3.02210749954969,3.7230170070446857,172.71794871794873,32.27312659267654
824,3.02210749954969,3.7230170070446857,172.71794871794873,32.27312659267654
825,3.02210749954969,3.7230170070446857,172.71794871794873,32.27312659267654
826,3.02210749954969,3.7230170070446857,172.71794871794873,32.27312659267654
827,3.02210749954969,3.7230170070446857,172.71794871794873,32.27312659267654
828,3.02210749954969,3.7230170070446857,172.71794871794873,32.27312659267654
829,3.02210749954969,3.7230170070446857,172.71794871794873,32.27312659267654
830,3.02210749954969,3.7230170070446857,172.71794871794873,32.27312659267654
831,3.02210749954969,3.7230170070446857,172.71794871794873,32.27312659267654
832,3.02210749954969,3.7230170070446857,172.71794871794873,32.27312659267654
833,3.02210749954969,3.7230170070446857,172.71794871794873,32.27312659267654
834,3.02210749954969,3.7230170070446857,172.71794871794873,32.27312659267654
835,3.02210749954969,3.7230170070446857,172.71794871794873,32.27312659267654
836,3.02210749954969,3.7230170070446857,172.71794871794873,32.27312659267654
837,3.02210749954969,3.7230170070446857,172.71794871794873,32.27312659267654
838,3.02210749954969,3.7230170070446857,172.71794871794873,32.27312659267654
839,3.02210749954969,3.7230170070446857,172.71794871794873,32.27312659267654
840,3.02210749954969,3.7230170070446857,172.71794871794873,32.27312659267654
841,3.02210749954969,3.7230170070446857,172.71794871794873,32.27312659267654
842,3.02210749954969,3.7230170070446857,172.71794871794873,32.27312659267654
843,3.02210749954969,3.7230170070446857,172.71794871794873,32.27312659267654
844,3.02210749954969,3.7230170070446857,172.71794871794873,32.27312659267654
845,2.94466252016733,3.7152773605236256,166.71794871794873,33.30812711705017
846,2.94466252016733,3.7152773605236256,166.71794871794873,33.30812711705017
847,2.94466252016733,3.7152773605236256,166.71794871794873,33.30812711705017
848,2.94466252016733,3.7152773605236256,166.71794871794873,33.30812711705017
849,2.94466252016733,3.7152773605236256,166.71794871794873,33.30812711705017
850,2.94466252016733,3.7152773605236256,166.71794871794873,33.30812711705017
851,2.94466252016733,3.7152773605236256,166.71794871794873,33.30812711705017
852,2.94466252016733,3.7152773605236256,166.71794871794873,33.30812711705017
853,2.94466252016733,3.7152773605236256,166.71794871794873,33.30812711705017
854,2.94466252016733,3.7152773605236256,166.71794871794873,33.30812711705017
855,2.94466252016733,3.7152773605236256,166.71794871794873,33.30812711705017
856,2.94466252016733,3.7152773605236256,166.71794871794873,33.30812711705017
857,2.94466252016733,3.7152773605236256,166.71794871794873,33.30812711705017
858,2.94466252016733,3.7152773605236256,166.71794871794873,33.30812711705017
859,2.94466252016733,3.7152773605236256,166.71794871794873,33.30812711705017
860,2.94466252016733,3.7152773605236256,166.71794871794873,33.30812711705017
861,2.94466252016733,3.7152773605236256,166.71794871794873,33.30812711705017
862,2.94466252016733,3.7152773605236256,166.71794871794873,33.30812711705017
863,2.94466252016733,3.7152773605236256,166.71794871794873,33.30812711705017
864,2.94466252016733,3.7152773605236256,166.71794871794873,33.30812711705017
865,2.94466252016733,3.7152773605236256,166.71794871794873,33.30812711705017
866,2.94466252016733,3.7152773605236256,166.71794871794873,33.30812711705017
867,2.94466252016733,3.7152773605236256,166.71794871794873,33.30812711705017
868,2.94466252016733,3.7152773605236256,166.71794871794873,33.30812711705017
869,2.94466252016733,3.7152773605236256,166.71794871794873,33.30812711705017
870,2.94466252016733,3.7152773605236256,166.71794871794873,33.30812711705017
871,2.94466252016733,3.7152773605236256,166.71794871794873,33.30812711705017
872,2.94466252016733,3.7152773605236256,166.71794871794873,33.30812711705017
873,2.94466252016733,3.7152773605236256,166.71794871794873,33.30812711705017
874,2.94466252016733,3.7152773605236256,166.71794871794873,33.30812711705017
875,2.94466252016733,3.7152773605236256,166.71794871794873,33.30812711705017
876,2.94466252016733,3.7152773605236256,166.71794871794873,33.30812711705017
877,2.94466252016733,3.7152773605236256,166.71794871794873,33.30812711705017
878,2.94466252016733,3.7152773605236256,166.71794871794873,33.30812711705017
879,2.94466252016733,3.7152773605236256,166.71794871794873,33.30812711705017
880,2.94466252016733,3.7152773605236256,166.71794871794873,33.30812711705017
881,2.94466252016733,3.7152773605236256,166.71794871794873,33.30812711705017
882,3.02210749954969,3.7230170070446857,172.71794871794873,32.27312659267654
883,3.02210749954969,3.7230170070446857,172.71794871794873,32.27312659267654
884,3.02210749954969,3.7230170070446857,172.71794871794873,32.27312659267654
885,3.02210749954969,3.7230170070446857,172.71794871794873,32.27312659267654
886,3.02210749954969,3.7230170070446857,172.71794871794873,32.27312659267654
887,3.02210749954969,3.7230170070446857,172.71794871794873,32.27312659267654
888,3.02210749954969,3.7230170070446857,172.71794871794873,32.27312659267654
889,3.02210749954969,3.7230170070446857,172.71794871794873,32.27312659267654
890,3.02210749954969,3.7230170070446857,172.71794871794873,32.27312659267654
891,3.02210749954969,3.7230170070446857,172.71794871794873,32.27312659267654
892,3.02210749954969,3.7230170070446857,172.71794871794873,32.27312659267654
893,3.02210749954969,3.7230170070446857,172.71794871794873,32.27312659267654
894,3.02210749954969,3.7230170070446857,172.71794871794873,32.27312659267654
895,3.02210749954969,3.7230170070446857,172.71794871794873,32.27312659267654
896,3.02210749954969,3.7230170070446857,172.71794871794873,32.27312659267654
897,3.02210749954969,3.7230170070446857,172.71794871794873,32.27312659267654
898,3.02210749954969,3.7230170070446857,172.71794871794873,32.27312659267654
899,3.02210749954969,3.7230170070446857,172.71794871794873,32.27312659267654
900,3.02210749954969,3.7230170070446857,172.71794871794873,32.27312659267654
901,3.02210749954969,3.7230170070446857,172.71794871794873,32.27312659267654
902,3.02210749954969,3.7230170070446857,172.71794871794873,32.27312659267654
903,3.02210749954969,3.7230170070446857,172.71794871794873,32.27312659267654
904,3.02210749954969,3.7230170070446857,172.71794871794873,32.27312659267654
905,3.02210749954969,3.7230170070446857,172.71794871794873,32.27312659267654
906,3.02210749954969,3.7230170070446857,172.71794871794873,32.27312659267654
907,3.02210749954969,3.7230170070446857,172.71794871794873,32.27312659267654
908,3.02210749954969,3.7230170070446857,172.71794871794873,32.27312659267654
909,3.02210749954969,3.7230170070446857,172.71794871794873,32.27312659267654
910,3.02210749954969,3.7230170070446857,172.71794871794873,32.27312659267654
911,3.02210749954969,3.7230170070446857,172.71794871794873,32.27312659267654
912,3.02210749954969,3.7230170070446857,172.71794871794873,32.27312659267654
913,3.02210749954969,3.7230170070446857,172.71794871794873,32.27312659267654
914,3.02210749954969,3.7230170070446857,172.71794871794873,32.27312659267654
915,3.02210749954969,3.7230170070446857,172.71794871794873,32.27312659267654
916,3.02210749954969,3.7230170070446857,172.71794871794873,32.27312659267654
917,3.02210749954969,3.7230170070446857,172.71794871794873,32.27312659267654
918,3.02210749954969,3.7230170070446857,172.71794871794873,32.27312659267654
919,3.02210749954969,3.7230170070446857,172.71794871794873,32.27312659267654
920,2.94466252016733,3.7152773605236256,166.71794871794873,33.30812711705017
921,2.94466252016733,3.7152773605236256,166.71794871794873,33.30812711705017
922,2.94466252016733,3.7152773605236256,166.71794871794873,33.30812711705017
923,2.94466252016733,3.7152773605236256,166.71794871794873,33.30812711705017
924,2.94466252016733,3.7152773605236256,166.71794871794873,33.30812711705017
925,2.94466252016733,3.7152773605236256,166.71794871794873,33.30812711705017
926,2.94466252016733,3.7152773605236256,166.71794871794873,33.30812711705017
927,2.94466252016733,3.7152773605236256,166.71794871794873,33.30812711705017
928,2.94466252016733,3.7152773605236256,166.71794871794873,33.30812711705017
929,2.94466252016733,3.7152773605236256,166.71794871794873,33.30812711705017
930,2.94466252016733,3.7152773605236256,166.71794871794873,33.30812711705017
931,2.94466252016733,3.7152773605236256,166.71794871794873,33.30812711705017
932,2.94466252016733,3.7152773605236256,166.71794871794873,33.30812711705017
933,2.94466252016733,3.7152773605236256,166.71794871794873,33.30812711705017
934,2.94466252016733,3.7152773605236256,166.71794871794873,33.30812711705017
935,2.94466252016733,3.7152773605236256,166.71794871794873,33.30812711705017
936,2.94466252016733,3.7152773605236256,166.71794871794873,33.30812711705017
937,2.94466252016733,3.7152773605236256,166.71794871794873,33.30812711705017
938,2.94466252016733,3.7152773605236256,166.71794871794873,33.30812711705017
939,2.94466252016733,3.7152773605236256,166.71794871794873,33.30812711705017
940,2.94466252016733,3.7152773605236256,166.71794871794873,33.30812711705017
941,2.94466252016733,3.7152773605236256,166.71794871794873,33.30812711705017
942,2.94466252016733,3.7152773605236256,166.71794871794873,33.30812711705017
943,2.94466252016733,3.7152773605236256,166.71794871794873,33.30812711705017
944,2.94466252016733,3.7152773605236256,166.71794871794873,33.30812711705017
945,2.94466252016733,3.7152773605236256,166.71794871794873,33.30812711705017
946,2.94466252016733,3.7152773605236256,166.71794871794873,33.30812711705017
947,2.94466252016733,3.7152773605236256,166.71794871794873,33.30812711705017
948,2.94466252016733,3.7152773605236256,166.71794871794873,33.30812711705017
949,2.94466252016733,3.7152773605236256,166.71794871794873,33.30812711705017
950,2.94466252016733,3.7152773605236256,166.71794871794873,33.30812711705017
951,2.94466252016733,3.7152773605236256,166.71794871794873,33.30812711705017
952,2.94466252016733,3.7152773605236256,166.71794871794873,33.30812711705017
953,2.94466252016733,3.7152773605236256,166.71794871794873,33.30812711705017
954,2.94466252016733,3.7152773605236256,166.71794871794873,33.30812711705017
955,2.94466252016733,3.7152773605236256,166.71794871794873,33.30812711705017
956,2.94466252016733,3.7152773605236256,166.71794871794873,33.30812711705017
957,2.94466252016733,3.7152773605236256,166.71794871794873,33.30812711705017
958,3.02210749954969,3.7230170070446857,172.71794871794873,32.27312659267654
959,3.02210749954969,3.7230170070446857,172.71794871794873,32.27312659267654
960,3.02210749954969,3.7230170070446857,172.71794871794873,32.27312659267654
961,3.02210749954969,3.7230170070446857,172.71794871794873,32.27312659267654
962,3.02210749954969,3.7230170070446857,172.71794871794873,32.27312659267654
963,3.02210749954969,3.7230170070446857,172.71794871794873,32.27312659267654
964,3.02210749954969,3.7230170070446857,172.71794871794873,32.27312659267654
965,3.02210749954969,3.7230170070446857,172.71794871794873,32.27312659267654
966,3.02210749954969,3.7230170070446857,172.71794871794873,32.27312659267654
967,3.02210749954969,3.7230170070446857,172.71794871794873,32.27312659267654
968,3.02210749954969,3.7230170070446857,172.71794871794873,32.27312659267654
969,3.02210749954969,3.7230170070446857,172.71794871794873,32.27312659267654
970,3.02210749954969,3.7230170070446857,172.71794871794873,32.27312659267654
971,3.02210749954969,3.7230170070446857,172.71794871794873,32.27312659267654
972,3.02210749954969,3.7230170070446857,172.71794871794873,32.27312659267654
973,3.02210749954969,3.7230170070446857,172.71794871794873,32.27312659267654
974,3.02210749954969,3.7230170070446857,172.71794871794873,32.27312659267654
975,3.02210749954969,3.7230170070446857,172.71794871794873,32.27312659267654
976,3.02210749954969,3.7230170070446857,172.71794871794873,32.27312659267654
977,3.02210749954969,3.7230170070446857,172.71794871794873,32.27312659267654
978,3.02210749954969,3.7230170070446857,172.71794871794873,32.27312659267654
979,3.02210749954969,3.7230170070446857,172.71794871794873,32.27312659267654
980,3.02210749954969,3.7230170070446857,172.71794871794873,32.27312659267654
981,3.02210749954969,3.7230170070446857,172.71794871794873,32.27312659267654
982,3.02210749954969,3.7230170070446857,172.71794871794873,32.27312659267654
983,3.02210749954969,3.7230170070446857,172.71794871794873,32.27312659267654
984,3.02210749954969,3.7230170070446857,172.71794871794873,32.27312659267654
985,3.02210749954969,3.7230170070446857,172.71794871794873,32.27312659267654
986,3.02210749954969,3.7230170070446857,172.71794871794873,32.27312659267654
987,3.02210749954969,3.7230170070446857,172.71794871794873,32.27312659267654
988,3.02210749954969,3.7230170070446857,172.71794871794873,32.27312659267654
989,3.02210749954969,3.7230170070446857,172.71794871794873,32.27312659267654
990,3.02210749954969,3.7230170070446857,172.71794871794873,32.27312659267654
991,3.02210749954969,3.7230170070446857,172.71794871794873,32.27312659267654
992,3.02210749954969,3.7230170070446857,172.71794871794873,32.27312659267654
993,3.02210749954969,3.7230170070446857,172.71794871794873,32.27312659267654
994,3.02210749954969,3.7230170070446857,172.71794871794873,32.27312659267654
995,3.02210749954969,3.7230170070446857,172.71794871794873,32.27312659267654
996,3.02210749954969,3.7230170070446857,172.71794871794873,32.27312659267654
997,2.94466252016733,3.7152773605236256,166.71794871794873,33.30812711705017
998,2.94466252016733,3.7152773605236256,166.71794871794873,33.30812711705017
999,2.94466252016733,3.7152773605236256,166.71794871794873,33.30812711705017
1000,2.94466252016733,3.7152773605236256,166.71794871794873,33.30812711705017
1001,2.94466252016733,3.7152773605236256,166.71794871794873,33.30812711705017
1002,2.94466252016733,3.7152773605236256,166.71794871794873,33.30812711705017
1003,2.94466252016733,3.7152773605236256,166.71794871794873,33.30812711705017
1004,2.94466252016733,3.7152773605236256,166.71794871794873,33.30812711705017
1005,2.94466252016733,3.7152773605236256,166.71794871794873,33.30812711705017
1006,2.94466252016733,3.7152773605236256,166.71794871794873,33.30812711705017
1007,2.94466252016733,3.7152773605236256,166.71794871794873,33.30812711705017
1008,2.94466252016733,3.7152773605236256,166.71794871794873,33.30812711705017
1009,2.94466252016733,3.7152773605236256,166.71794871794873,33.30812711705017
1010,2.94466252016733,3.7152773605236256,166.71794871794873,33.30812711705017
1011,2.94466252016733,3.7152773605236256,166.71794871794873,33.30812711705017
1012,2.94466252016733,3.7152773605236256,166.71794871794873,33.30812711705017
1013,2.94466252016733,3.7152773605236256,166.71794871794873,33.30812711705017
1014,2.94466252016733,3.7152773605236256,166.71794871794873,33.30812711705017
1015,2.94466252016733,3.7152773605236256,166.71794871794873,33.30812711705017
1016,2.94466252016733,3.7152773605236256,166.71794871794873,33.30812711705017
1017,2.94466252016733,3.7152773605236256,166.71794871794873,33.30812711705017
1018,2.94466252016733,3.7152773605236256,166.71794871794873,33.30812711705017
1019,2.94466252016733,3.7152773605236256,166.71794871794873,33.30812711705017
1020,2.94466252016733,3.7152773605236256,166.71794871794873,33.30812711705017
1021,2.94466252016733,3.7152773605236256,166.71794871794873,33.30812711705017
1022,2.94466252016733,3.7152773605236256,166.71794871794873,33.30812711705017
1023,2.94466252016733,3.7152773605236256,166.71794871794873,33.30812711705017
1024,2.94466252016733,3.7152773605236256,166.71794871794873,33.30812711705017
1025,2.94466252016733,3.7152773605236256,166.71794871794873,33.30812711705017
1026,2.94466252016733,3.7152773605236256,166.71794871794873,33.30812711705017
1027,2.94466252016733,3.7152773605236256,166.71794871794873,33.30812711705017
1028,2.94466252016733,3.7152773605236256,166.71794871794873,33.30812711705017
1029,2.94466252016733,3.7152773605236256,166.71794871794873,33.30812711705017
1030,2.94466252016733,3.7152773605236256,166.71794871794873,33.30812711705017
1031,2.94466252016733,3.7152773605236256,166.71794871794873,33.30812711705017
1032,2.94466252016733,3.7152773605236256,166.71794871794873,33.30812711705017
1033,2.94466252016733,3.7152773605236256,166.71794871794873,33.30812711705017
1034,2.94466252016733,3.7152773605236256,166.71794871794873,33.30812711705017
1035,2.94466252016733,3.7152773605236256,166.71794871794873,33.30812711705017
1036,3.02210749954969,3.7230170070446857,172.71794871794873,32.27312659267654
1037,3.02210749954969,3.7230170070446857,172.71794871794873,32.27312659267654
1038,3.02210749954969,3.7230170070446857,172.71794871794873,32.27312659267654
1039,3.02210749954969,3.7230170070446857,172.71794871794873,32.27312659267654
1040,3.02210749954969,3.7230170070446857,172.71794871794873,32.27312659267654
1041,3.02210749954969,3.7230170070446857,172.71794871794873,32.27312659267654
1042,3.02210749954969,3.7230170070446857,172.71794871794873,32.27312659267654
1043,3.02210749954969,3.7230170070446857,172.71794871794873,32.27312659267654
1044,3.02210749954969,3.7230170070446857,172.71794871794873,32.27312659267654
1045,3.02210749954969,3.7230170070446857,172.71794871794873,32.27312659267654
1046,3.02210749954969,3.7230170070446857,172.71794871794873,32.27312659267654
1047,3.02210749954969,3.7230170070446857,172.71794871794873,32.27312659267654
1048,3.02210749954969,3.7230170070446857,172.71794871794873,32.27312659267654
1049,3.02210749954969,3.7230170070446857,172.71794871794873,32.27312659267654
1050,3.02210749954969,3.7230170070446857,172.71794871794873,32.27312659267654
1051,3.02210749954969,3.7230170070446857,172.71794871794873,32.27312659267654
1052,3.02210749954969,3.7230170070446857,172.71794871794873,32.27312659267654
1053,3.02210749954969,3.7230170070446857,172.71794871794873,32.27312659267654
1054,3.02210749954969,3.7230170070446857,172.71794871794873,32.27312659267654
1055,3.02210749954969,3.7230170070446857,172.71794871794873,32.27312659267654
1056,3.02210749954969,3.7230170070446857,172.71794871794873,32.27312659267654
1057,3.02210749954969,3.7230170070446857,172.71794871794873,32.27312659267654
1058,3.02210749954969,3.7230170070446857,172.71794871794873,32.27312659267654
1059,3.02210749954969,3.7230170070446857,172.71794871794873,32.27312659267654
1060,3.02210749954969,3.7230170070446857,172.71794871794873,32.27312659267654
1061,3.02210749954969,3.7230170070446857,172.71794871794873,32.27312659267654
1062,3.02210749954969,3.7230170070446857,172.71794871794873,32.27312659267654
1063,3.02210749954969,3.7230170070446857,172.71794871794873,32.27312659267654
1064,3.02210749954969,3.7230170070446857,172.71794871794873,32.27312659267654
1065,3.02210749954969,3.7230170070446857,172.71794871794873,32.27312659267654
1066,3.02210749954969,3.7230170070446857,172.71794871794873,32.27312659267654
1067,3.02210749954969,3.7230170070446857,172.71794871794873,32.27312659267654
1068,3.02210749954969,3.7230170070446857,172.71794871794873,32.27312659267654
1069,3.02210749954969,3.7230170070446857,172.71794871794873,32.27312659267654
1070,3.02210749954969,3.7230170070446857,172.71794871794873,32.27312659267654
1071,3.02210749954969,3.7230170070446857,172.71794871794873,32.27312659267654
1072,3.02210749954969,3.7230170070446857,172.71794871794873,32.27312659267654
1073,3.02210749954969,3.7230170070446857,172.71794871794873,32.27312659267654
1074,3.02210749954969,3.7230170070446857,172.71794871794873,32.27312659267654
1075,3.02210749954969,3.7230170070446857,172.71794871794873,32.27312659267654
1076,2.94466252016733,3.7152773605236256,166.71794871794873,33.30812711705017
1077,2.94466252016733,3.7152773605236256,166.71794871794873,33.30812711705017
1078,2.94466252016733,3.7152773605236256,166.71794871794873,33.30812711705017
1079,2.94466252016733,3.7152773605236256,166.71794871794873,33.30812711705017
1080,2.94466252016733,3.7152773605236256,166.71794871794873,33.30812711705017
1081,2.94466252016733,3.7152773605236256,166.71794871794873,33.30812711705017
1082,2.94466252016733,3.7152773605236256,166.71794871794873,33.30812711705017
1083,2.94466252016733,3.7152773605236256,166.71794871794873,33.30812711705017
1084,2.94466252016733,3.7152773605236256,166.71794871794873,33.30812711705017
1085,2.94466252016733,3.7152773605236256,166.71794871794873,33.30812711705017
1086,2.94466252016733,3.7152773605236256,166.71794871794873,33.30812711705017
1087,2.94466252016733,3.7152773605236256,166.71794871794873,33.30812711705017
1088,2.94466252016733,3.7152773605236256,166.71794871794873,33.30812711705017
1089,2.94466252016733,3.7152773605236256,166.71794871794873,33.30812711705017
1090,2.94466252016733,3.7152773605236256,166.71794871794873,33.30812711705017
1091,2.94466252016733,3.7152773605236256,166.71794871794873,33.30812711705017
1092,2.94466252016733,3.7152773605236256,166.71794871794873,33.30812711705017
1093,2.94466252016733,3.7152773605236256,166.71794871794873,33.30812711705017
1094,2.94466252016733,3.7152773605236256,166.71794871794873,33.30812711705017
1095,2.94466252016733,3.7152773605236256,166.71794871794873,33.30812711705017
1096,2.94466252016733,3.7152773605236256,166.71794871794873,33.30812711705017
1097,2.94466252016733,3.7152773605236256,166.71794871794873,33.30812711705017
1098,2.94466252016733,3.7152773605236256,166.71794871794873,33.30812711705017
1099,2.94466252016733,3.7152773605236256,166.71794871794873,33.30812711705017
1100,2.94466252016733,3.7152773605236256,166.71794871794873,33.30812711705017
1101,2.94466252016733,3.7152773605236256,166.71794871794873,33.30812711705017
1102,2.94466252016733,3.7152773605236256,166.71794871794873,33.30812711705017
1103,2.94466252016733,3.7152773605236256,166.71794871794873,33.30812711705017
1104,2.94466252016733,3.7152773605236256,166.71794871794873,33.30812711705017
1105,2.94466252016733,3.7152773605236256,166.71794871794873,33.30812711705017
1106,2.94466252016733,3.7152773605236256,166.71794871794873,33.30812711705017
1107,2.94466252016733,3.7152773605236256,166.71794871794873,33.30812711705017
1108,2.94466252016733,3.7152773605236256,166.71794871794873,33.30812711705017
1109,2.94466252016733,3.7152773605236256,166.71794871794873,33.30812711705017
1110,2.94466252016733,3.7152773605236256,166.71794871794873,33.30812711705017
1111,2.94466252016733,3.7152773605236256,166.71794871794873,33.30812711705017
1112,2.94466252016733,3.7152773605236256,166.71794871794873,33.30812711705017
1113,2.94466252016733,3.7152773605236256,166.71794871794873,33.30812711705017
1114,2.94466252016733,3.7152773605236256,166.71794871794873,33.30812711705017
1115,2.94466252016733,3.7152773605236256,166.71794871794873,33.30812711705017
1116,3.02210749954969,3.7230170070446857,172.71794871794873,32.27312659267654
1117,3.02210749954969,3.7230170070446857,172.71794871794873,32.27312659267654
1118,3.02210749954969,3.7230170070446857,172.71794871794873,32.27312659267654
1119,3.02210749954969,3.7230170070446857,172.71794871794873,32.27312659267654
1120,3.02210749954969,3.7230170070446857,172.71794871794873,32.27312659267654
1121,3.02210749954969,3.7230170070446857,172.71794871794873,32.27312659267654
1122,3.02210749954969,3.7230170070446857,172.71794871794873,32.27312659267654
1123,3.02210749954969,3.7230170070446857,172.71794871794873,32.27312659267654
1124,3.02210749954969,3.7230170070446857,172.71794871794873,32.27312659267654
1125,3.02210749954969,3.7230170070446857,172.71794871794873,32.27312659267654
1126,3.02210749954969,3.7230170070446857,172.71794871794873,32.27312659267654
1127,3.02210749954969,3.7230170070446857,172.71794871794873,32.27312659267654
1128,3.02210749954969,3.7230170070446857,172.71794871794873,32.27312659267654
1129,3.02210749954969,3.7230170070446857,172.71794871794873,32.27312659267654
1130,3.02210749954969,3.7230170070446857,172.71794871794873,32.27312659267654
1131,3.02210749954969,3.7230170070446857,172.71794871794873,32.27312659267654
1132,3.02210749954969,3.7230170070446857,172.71794871794873,32.27312659267654
1133,3.02210749954969,3.7230170070446857,172.71794871794873,32.27312659267654
1134,3.02210749954969,3.7230170070446857,172.71794871794873,32.27312659267654
1135,3.02210749954969,3.7230170070446857,172.71794871794873,32.27312659267654
1136,3.02210749954969,3.7230170070446857,172.71794871794873,32.27312659267654
1137,3.02210749954969,3.7230170070446857,172.71794871794873,32.27312659267654
1138,3.02210749954969,3.7230170070446857,172.71794871794873,32.27312659267654
1139,3.02210749954969,3.7230170070446857,172.71794871794873,32.27312659267654
1140,3.02210749954969,3.7230170070446857,172.71794871794873,32.27312659267654
1141,3.02210749954969,3.7230170070446857,172.71794871794873,32.27312659267654
1142,3.02210749954969,3.7230170070446857,172.71794871794873,32.27312659267654
1143,3.02210749954969,3.7230170070446857,172.71794871794873,32.27312659267654
1144,3.02210749954969,3.7230170070446857,172.71794871794873,32.27312659267654
1145,3.02210749954969,3.7230170070446857,172.71794871794873,32.27312659267654
1146,3.02210749954969,3.7230170070446857,172.71794871794873,32.27312659267654
1147,3.02210749954969,3.7230170070446857,172.71794871794873,32.27312659267654
1148,3.02210749954969,3.7230170070446857,172.71794871794873,32.27312659267654
1149,3.02210749954969,3.7230170070446857,172.71794871794873,32.27312659267654
1150,3.02210749954969,3.7230170070446857,172.71794871794873,32.27312659267654
1151,3.02210749954969,3.7230170070446857,172.71794871794873,32.27312659267654
1152,3.02210749954969,3.7230170070446857,172.71794871794873,32.27312659267654
1153,3.02210749954969,3.7230170070446857,172.71794871794873,32.27312659267654
1154,3.02210749954969,3.7230170070446857,172.71794871794873,32.27312659267654
1155,3.02210749954969,3.7230170070446857,172.71794871794873,32.27312659267654
1156,3.02210749954969,3.7230170070446857,172.71794871794873,32.27312659267654
1157,2.94466252016733,3.7152773605236256,166.71794871794873,33.30812711705017
1158,2.94466252016733,3.7152773605236256,166.71794871794873,33.30812711705017
1159,2.94466252016733,3.7152773605236256,166.71794871794873,33.30812711705017
1160,2.94466252016733,3.7152773605236256,166.71794871794873,33.30812711705017
1161,2.94466252016733,3.7152773605236256,166.71794871794873,33.30812711705017
1162,2.94466252016733,3.7152773605236256,166.71794871794873,33.30812711705017
1163,2.94466252016733,3.7152773605236256,166.71794871794873,33.30812711705017
1164,2.94466252016733,3.7152773605236256,166.71794871794873,33.30812711705017
1165,2.94466252016733,3.7152773605236256,166.71794871794873,33.30812711705017
1166,2.94466252016733,3.7152773605236256,166.71794871794873,33.30812711705017
1167,2.94466252016733,3.7152773605236256,166.71794871794873,33.30812711705017
1168,2.94466252016733,3.7152773605236256,166.71794871794873,33.30812711705017
1169,2.94466252016733,3.7152773605236256,166.71794871794873,33.30812711705017
1170,2.94466252016733,3.7152773605236256,166.71794871794873,33.30812711705017
1171,2.94466252016733,3.7152773605236256,166.71794871794873,33.30812711705017
1172,2.94466252016733,3.7152773605236256,166.71794871794873,33.30812711705017
1173,2.94466252016733,3.7152773605236256,166.71794871794873,33.30812711705017
1174,2.94466252016733,3.7152773605236256,166.71794871794873,33.30812711705017
1175,2.94466252016733,3.7152773605236256,166.71794871794873,33.30812711705017
1176,2.94466252016733,3.7152773605236256,166.71794871794873,33.30812711705017
1177,2.94466252016733,3.7152773605236256,166.71794871794873,33.30812711705017
1178,2.94466252016733,3.7152773605236256,166.71794871794873,33.30812711705017
1179,2.94466252016733,3.7152773605236256,166.71794871794873,33.30812711705017
1180,2.94466252016733,3.7152773605236256,166.71794871794873,33.30812711705017
1181,2.94466252016733,3.7152773605236256,166.71794871794873,33.30812711705017
1182,2.94466252016733,3.7152773605236256,166.71794871794873,33.30812711705017
1183,2.94466252016733,3.7152773605236256,166.71794871794873,33.30812711705017
1184,2.94466252016733,3.7152773605236256,166.71794871794873,33.30812711705017
1185,2.94466252016733,3.7152773605236256,166.71794871794873,33.30812711705017
1186,2.94466252016733,3.7152773605236256,166.71794871794873,33.30812711705017
1187,2.94466252016733,3.7152773605236256,166.71794871794873,33.30812711705017
1188,2.94466252016733,3.7152773605236256,166.71794871794873,33.30812711705017
1189,2.94466252016733,3.7152773605236256,166.71794871794873,33.30812711705017
1190,2.94466252016733,3.7152773605236256,166.71794871794873,33.30812711705017
1191,2.94466252016733,3.7152773605236256,166.71794871794873,33.30812711705017
1192,2.94466252016733,3.7152773605236256,166.71794871794873,33.30812711705017
1193,2.94466252016733,3.7152773605236256,166.71794871794873,33.30812711705017
1194,2.94466252016733,3.7152773605236256,166.71794871794873,33.30812711705017
1195,2.94466252016733,3.7152773605236256,166.71794871794873,33.30812711705017
1196,2.94466252016733,3.7152773605236256,166.71794871794873,33.30812711705017
1197,3.02210749954969,3.7230170070446857,172.71794871794873,32.27312659267654
1198,3.02210749954969,3.7230170070446857,172.71794871794873,32.27312659267654
1199,3.02210749954969,3.7230170070446857,172.71794871794873,32.27312659267654
1200,3.02210749954969,3.7230170070446857,172.71794871794873,32.27312659267654
1201,3.02210749954969,3.7230170070446857,172.71794871794873,32.27312659267654
1202,3.02210749954969,3.7230170070446857,172.71794871794873,32.27312659267654
1203,3.02210749954969,3.7230170070446857,172.71794871794873,32.27312659267654
1204,3.02210749954969,3.7230170070446857,172.71794871794873,32.27312659267654
1205,3.02210749954969,3.7230170070446857,172.71794871794873,32.27312659267654
1206,3.02210749954969,3.7230170070446857,172.71794871794873,32.27312659267654
1207,3.02210749954969,3.7230170070446857,172.71794871794873,32.27312659267654
1208,3.02210749954969,3.7230170070446857,172.71794871794873,32.27312659267654
1209,3.02210749954969,3.7230170070446857,172.71794871794873,32.27312659267654
1210,3.02210749954969,3.7230170070446857,172.71794871794873,32.27312659267654
1211,3.02210749954969,3.7230170070446857,172.71794871794873,32.27312659267654
1212,3.02210749954969,3.7230170070446857,172.71794871794873,32.27312659267654
1213,3.02210749954969,3.7230170070446857,172.71794871794873,32.27312659267654
1214,3.02210749954969,3.7230170070446857,172.71794871794873,32.27312659267654
1215,3.02210749954969,3.7230170070446857,172.71794871794873,32.27312659267654
1216,3.02210749954969,3.7230170070446857,172.71794871794873,32.27312659267654
1217,3.02210749954969,3.7230170070446857,172.71794871794873,32.27312659267654
1218,3.02210749954969,3.7230170070446857,172.71794871794873,32.27312659267654
1219,3.02210749954969,3.7230170070446857,172.71794871794873,32.27312659267654
1220,3.02210749954969,3.7230170070446857,172.71794871794873,32.27312659267654
1221,3.02210749954969,3.7230170070446857,172.71794871794873,32.27312659267654
1222,3.02210749954969,3.7230170070446857,172.71794871794873,32.27312659267654
1223,3.02210749954969,3.7230170070446857,172.71794871794873,32.27312659267654
1224,3.02210749954969,3.7230170070446857,172.71794871794873,32.27312659267654
1225,3.02210749954969,3.7230170070446857,172.71794871794873,32.27312659267654
1226,3.02210749954969,3.7230170070446857,172.71794871794873,32.27312659267654
1227,3.02210749954969,3.7230170070446857,172.71794871794873,32.27312659267654
1228,3.02210749954969,3.7230170070446857,172.71794871794873,32.27312659267654
1229,3.02210749954969,3.7230170070446857,172.71794871794873,32.27312659267654
1230,3.02210749954969,3.7230170070446857,172.71794871794873,32.27312659267654
1231,3.02210749954969,3.7230170070446857,172.71794871794873,32.27312659267654
1232,3.02210749954969,3.7230170070446857,172.71794871794873,32.27312659267654
1233,3.02210749954969,3.7230170070446857,172.71794871794873,32.27312659267654
1234,3.02210749954969,3.7230170070446857,172.71794871794873,32.27312659267654
1235,3.02210749954969,3.7230170070446857,172.71794871794873,32.27312659267654
1236,3.02210749954969,3.7230170070446857,172.71794871794873,32.27312659267654
1237,3.02210749954969,3.7230170070446857,172.71794871794873,32.27312659267654
1238,2.94466252016733,3.7152773605236256,166.71794871794873,33.30812711705017
1239,2.94466252016733,3.7152773605236256,166.71794871794873,33.30812711705017
1240,2.94466252016733,3.7152773605236256,166.71794871794873,33.30812711705017
1241,2.94466252016733,3.7152773605236256,166.71794871794873,33.30812711705017
1242,2.94466252016733,3.7152773605236256,166.71794871794873,33.30812711705017
1243,2.94466252016733,3.7152773605236256,166.71794871794873,33.30812711705017
1244,2.94466252016733,3.7152773605236256,166.71794871794873,33.30812711705017
1245,2.94466252016733,3.7152773605236256,166.71794871794873,33.30812711705017
1246,2.94466252016733,3.7152773605236256,166.71794871794873,33.30812711705017
1247,2.94466252016733,3.7152773605236256,166.71794871794873,33.30812711705017
1248,2.94466252016733,3.7152773605236256,166.71794871794873,33.30812711705017
1249,2.94466252016733,3.7152773605236256,166.71794871794873,33.30812711705017
1250,2.94466252016733,3.7152773605236256,166.71794871794873,33.30812711705017
1251,2.94466252016733,3.7152773605236256,166.71794871794873,33.30812711705017
1252,2.94466252016733,3.7152773605236256,166.71794871794873,33.30812711705017
1253,2.94466252016733,3.7152773605236256,166.71794871794873,33.30812711705017
1254,2.94466252016733,3.7152773605236256,166.71794871794873,33.30812711705017
1255,2.94466252016733,3.7152773605236256,166.71794871794873,33.30812711705017
1256,2.94466252016733,3.7152773605236256,166.71794871794873,33.30812711705017
1257,2.94466252016733,3.7152773605236256,166.71794871794873,33.30812711705017
1258,2.94466252016733,3.7152773605236256,166.71794871794873,33.30812711705017
1259,2.94466252016733,3.7152773605236256,166.71794871794873,33.30812711705017
1260,2.94466252016733,3.7152773605236256,166.71794871794873,33.30812711705017
1261,2.94466252016733,3.7152773605236256,166.71794871794873,33.30812711705017
1262,2.94466252016733,3.7152773605236256,166.71794871794873,33.30812711705017
1263,2.94466252016733,3.7152773605236256,166.71794871794873,33.30812711705017
1264,2.94466252016733,3.7152773605236256,166.71794871794873,33.30812711705017
1265,2.94466252016733,3.7152773605236256,166.71794871794873,33.30812711705017
1266,2.94466252016733,3.7152773605236256,166.71794871794873,33.30812711705017
1267,2.94466252016733,3.7152773605236256,166.71794871794873,33.30812711705017
1268,2.94466252016733,3.7152773605236256,166.71794871794873,33.30812711705017
1269,2.94466252016733,3.7152773605236256,166.71794871794873,33.30812711705017
1270,2.94466252016733,3.7152773605236256,166.71794871794873,33.30812711705017
1271,2.94466252016733,3.7152773605236256,166.71794871794873,33.30812711705017
1272,2.94466252016733,3.7152773605236256,166.71794871794873,33.30812711705017
1273,2.94466252016733,3.7152773605236256,166.71794871794873,33.30812711705017
1274,2.94466252016733,3.7152773605236256,166.71794871794873,33.30812711705017
1275,2.94466252016733,3.7152773605236256,166.71794871794873,33.30812711705017
1276,2.94466252016733,3.7152773605236256,166.71794871794873,33.30812711705017
1277,2.94466252016733,3.7152773605236256,166.71794871794873,33.30812711705017
1278,2.94466252016733,3.7152773605236256,166.71794871794873,33.30812711705017
1279,3.02210749954969,3.7230170070446857,172.71794871794873,32.27312659267654
1280,3.02210749954969,3.7230170070446857,172.71794871794873,32.27312659267654
1281,3.02210749954969,3.7230170070446857,172.71794871794873,32.27312659267654
1282,3.02210749954969,3.7230170070446857,172.71794871794873,32.27312659267654
1283,3.02210749954969,3.7230170070446857,172.71794871794873,32.27312659267654
1284,3.02210749954969,3.7230170070446857,172.71794871794873,32.27312659267654
1285,3.02210749954969,3.7230170070446857,172.71794871794873,32.27312659267654
1286,3.02210749954969,3.7230170070446857,172.71794871794873,32.27312659267654
1287,3.02210749954969,3.7230170070446857,172.71794871794873,32.27312659267654
1288,3.02210749954969,3.7230170070446857,172.71794871794873,32.27312659267654
1289,3.02210749954969,3.7230170070446857,172.71794871794873,32.27312659267654
1290,3.02210749954969,3.7230170070446857,172.71794871794873,32.27312659267654
1291,3.02210749954969,3.7230170070446857,172.71794871794873,32.27312659267654
1292,3.02210749954969,3.7230170070446857,172.71794871794873,32.27312659267654
1293,3.02210749954969,3.7230170070446857,172.71794871794873,32.27312659267654
1294,3.02210749954969,3.7230170070446857,172.71794871794873,32.27312659267654
1295,3.02210749954969,3.7230170070446857,172.71794871794873,32.27312659267654
1296,3.02210749954969,3.7230170070446857,172.71794871794873,32.27312659267654
1297,3.02210749954969,3.7230170070446857,172.71794871794873,32.27312659267654
1298,3.02210749954969,3.7230170070446857,172.71794871794873,32.27312659267654
1299,3.02210749954969,3.7230170070446857,172.71794871794873,32.27312659267654
1300,3.02210749954969,3.7230170070446857,172.71794871794873,32.27312659267654
1301,3.02210749954969,3.7230170070446857,172.71794871794873,32.27312659267654
1302,3.02210749954969,3.7230170070446857,172.71794871794873,32.27312659267654
1303,3.02210749954969,3.7230170070446857,172.71794871794873,32.27312659267654
1304,3.02210749954969,3.7230170070446857,172.71794871794873,32.27312659267654
1305,3.02210749954969,3.7230170070446857,172.71794871794873,32.27312659267654
1306,3.02210749954969,3.7230170070446857,172.71794871794873,32.27312659267654
1307,3.02210749954969,3.7230170070446857,172.71794871794873,32.27312659267654
1308,3.02210749954969,3.7230170070446857,172.71794871794873,32.27312659267654
1309,3.02210749954969,3.7230170070446857,172.71794871794873,32.27312659267654
1310,3.02210749954969,3.7230170070446857,172.71794871794873,32.27312659267654
1311,3.02210749954969,3.7230170070446857,172.71794871794873,32.27312659267654
1312,3.02210749954969,3.7230170070446857,172.71794871794873,32.27312659267654
1313,3.02210749954969,3.7230170070446857,172.71794871794873,32.27312659267654
1314,3.02210749954969,3.7230170070446857,172.71794871794873,32.27312659267654
1315,3.02210749954969,3.7230170070446857,172.71794871794873,32.27312659267654
1316,3.02210749954969,3.7230170070446857,172.71794871794873,32.27312659267654
1317,3.02210749954969,3.7230170070446857,172.71794871794873,32.27312659267654
1318,3.02210749954969,3.7230170070446857,172.71794871794873,32.27312659267654
1319,3.02210749954969,3.7230170070446857,172.71794871794873,32.27312659267654
1320,3.02210749954969,3.7230170070446857,172.71794871794873,32.27312659267654
1321,2.94466252016733,3.7152773605236256,166.71794871794873,33.30812711705017
1322,2.94466252016733,3.7152773605236256,166.71794871794873,33.30812711705017
1323,2.94466252016733,3.7152773605236256,166.71794871794873,33.30812711705017
1324,2.94466252016733,3.7152773605236256,166.71794871794873,33.30812711705017
1325,2.94466252016733,3.7152773605236256,166.71794871794873,33.30812711705017
1326,2.94466252016733,3.7152773605236256,166.71794871794873,33.30812711705017
1327,2.94466252016733,3.7152773605236256,166.71794871794873,33.30812711705017
1328,2.94466252016733,3.7152773605236256,166.71794871794873,33.30812711705017
1329,2.94466252016733,3.7152773605236256,166.71794871794873,33.30812711705017
1330,2.94466252016733,3.7152773605236256,166.71794871794873,33.30812711705017
1331,2.94466252016733,3.7152773605236256,166.71794871794873,33.30812711705017
1332,2.94466252016733,3.7152773605236256,166.71794871794873,33.30812711705017
1333,2.94466252016733,3.7152773605236256,166.71794871794873,33.30812711705017
1334,2.94466252016733,3.7152773605236256,166.71794871794873,33.30812711705017
1335,2.94466252016733,3.7152773605236256,166.71794871794873,33.30812711705017
1336,2.94466252016733,3.7152773605236256,166.71794871794873,33.30812711705017
1337,2.94466252016733,3.7152773605236256,166.71794871794873,33.30812711705017
1338,2.94466252016733,3.7152773605236256,166.71794871794873,33.30812711705017
1339,2.94466252016733,3.7152773605236256,166.71794871794873,33.30812711705017
1340,2.94466252016733,3.7152773605236256,166.71794871794873,33.30812711705017
1341,2.94466252016733,3.7152773605236256,166.71794871794873,33.30812711705017
1342,2.94466252016733,3.7152773605236256,166.71794871794873,33.30812711705017
1343,2.94466252016733,3.7152773605236256,166.71794871794873,33.30812711705017
1344,2.94466252016733,3.7152773605236256,166.71794871794873,33.30812711705017
1345,2.94466252016733,3.7152773605236256,166.71794871794873,33.30812711705017
1346,2.94466252016733,3.7152773605236256,166.71794871794873,33.30812711705017
1347,2.94466252016733,3.7152773605236256,166.71794871794873,33.30812711705017
1348,2.94466252016733,3.7152773605236256,166.71794871794873,33.30812711705017
1349,2.94466252016733,3.7152773605236256,166.71794871794873,33.30812711705017
1350,2.94466252016733,3.7152773605236256,166.71794871794873,33.30812711705017
1351,2.94466252016733,3.7152773605236256,166.71794871794873,33.30812711705017
1352,2.94466252016733,3.7152773605236256,166.71794871794873,33.30812711705017
1353,2.94466252016733,3.7152773605236256,166.71794871794873,33.30812711705017
1354,2.94466252016733,3.7152773605236256,166.71794871794873,33.30812711705017
1355,2.94466252016733,3.7152773605236256,166.71794871794873,33.30812711705017
1356,2.94466252016733,3.7152773605236256,166.71794871794873,33.30812711705017
1357,2.94466252016733,3.7152773605236256,166.71794871794873,33.30812711705017
1358,2.94466252016733,3.7152773605236256,166.71794871794873,33.30812711705017
1359,2.94466252016733,3.7152773605236256,166.71794871794873,33.30812711705017
1360,2.94466252016733,3.7152773605236256,166.71794871794873,33.30812711705017
1361,2.94466252016733,3.7152773605236256,166.71794871794873,33.30812711705017
1362,2.94466252016733,3.7152773605236256,166.71794871794873,33.30812711705017
1363,3.02210749954969,3.7230170070446857,172.71794871794873,32.27312659267654
1364,3.02210749954969,3.7230170070446857,172.71794871794873,32.27312659267654
1365,3.02210749954969,3.7230170070446857,172.71794871794873,32.27312659267654
1366,3.02210749954969,3.7230170070446857,172.71794871794873,32.27312659267654
1367,3.02210749954969,3.7230170070446857,172.71794871794873,32.27312659267654
1368,3.02210749954969,3.7230170070446857,172.71794871794873,32.27312659267654
1369,3.02210749954969,3.7230170070446857,172.71794871794873,32.27312659267654
1370,3.02210749954969,3.7230170070446857,172.71794871794873,32.27312659267654
1371,3.02210749954969,3.7230170070446857,172.71794871794873,32.27312659267654
1372,3.02210749954969,3.7230170070446857,172.71794871794873,32.27312659267654
1373,3.02210749954969,3.7230170070446857,172.71794871794873,32.27312659267654
1374,3.02210749954969,3.7230170070446857,172.71794871794873,32.27312659267654
1375,3.02210749954969,3.7230170070446857,172.71794871794873,32.27312659267654
1376,3.02210749954969,3.7230170070446857,172.71794871794873,32.27312659267654
1377,3.02210749954969,3.7230170070446857,172.71794871794873,32.27312659267654
1378,3.02210749954969,3.7230170070446857,172.71794871794873,32.27312659267654
1379,3.02210749954969,3.7230170070446857,172.71794871794873,32.27312659267654
1380,3.02210749954969,3.7230170070446857,172.71794871794873,32.27312659267654
1381,3.02210749954969,3.7230170070446857,172.71794871794873,32.27312659267654
1382,3.02210749954969,3.7230170070446857,172.71794871794873,32.27312659267654
1383,3.02210749954969,3.7230170070446857,172.71794871794873,32.27312659267654
1384,3.02210749954969,3.7230170070446857,172.71794871794873,32.27312659267654
1385,3.02210749954969,3.7230170070446857,172.71794871794873,32.27312659267654
1386,3.02210749954969,3.7230170070446857,172.71794871794873,32.27312659267654
1387,3.02210749954969,3.7230170070446857,172.71794871794873,32.27312659267654
1388,3.02210749954969,3.7230170070446857,172.71794871794873,32.27312659267654
1389,3.02210749954969,3.7230170070446857,172.71794871794873,32.27312659267654
1390,3.02210749954969,3.7230170070446857,172.71794871794873,32.27312659267654
1391,3.02210749954969,3.7230170070446857,172.71794871794873,32.27312659267654
1392,3.02210749954969,3.7230170070446857,172.71794871794873,32.27312659267654
1393,3.02210749954969,3.7230170070446857,172.71794871794873,32.27312659267654
1394,3.02210749954969,3.7230170070446857,172.71794871794873,32.27312659267654
1395,3.02210749954969,3.7230170070446857,172.71794871794873,32.27312659267654
1396,3.02210749954969,3.7230170070446857,172.71794871794873,32.27312659267654
1397,3.02210749954969,3.7230170070446857,172.71794871794873,32.27312659267654
1398,3.02210749954969,3.7230170070446857,172.71794871794873,32.27312659267654
1399,3.02210749954969,3.7230170070446857,172.71794871794873,32.27312659267654
1400,3.02210749954969,3.7230170070446857,172.71794871794873,32.27312659267654
1401,3.02210749954969,3.7230170070446857,172.71794871794873,32.27312659267654
1402,3.02210749954969,3.7230170070446857,172.71794871794873,32.27312659267654
1403,3.02210749954969,3.7230170070446857,172.71794871794873,32.27312659267654
1404,3.02210749954969,3.7230170070446857,172.71794871794873,32.27312659267654
1405,3.02210749954969,3.7230170070446857,172.71794871794873,32.27312659267654
1406,2.94466252016733,3.7152773605236256,166.71794871794873,33.30812711705017
1407,2.94466252016733,3.7152773605236256,166.71794871794873,33.30812711705017
1408,2.94466252016733,3.7152773605236256,166.71794871794873,33.30812711705017
1409,2.94466252016733,3.7152773605236256,166.71794871794873,33.30812711705017
1410,2.94466252016733,3.7152773605236256,166.71794871794873,33.30812711705017
1411,2.94466252016733,3.7152773605236256,166.71794871794873,33.30812711705017
1412,2.94466252016733,3.7152773605236256,166.71794871794873,33.30812711705017
1413,2.94466252016733,3.7152773605236256,166.71794871794873,33.30812711705017
1414,2.94466252016733,3.7152773605236256,166.71794871794873,33.30812711705017
1415,2.94466252016733,3.7152773605236256,166.71794871794873,33.30812711705017
1416,2.94466252016733,3.7152773605236256,166.71794871794873,33.30812711705017
1417,2.94466252016733,3.7152773605236256,166.71794871794873,33.30812711705017
1418,2.94466252016733,3.7152773605236256,166.71794871794873,33.30812711705017
1419,2.94466252016733,3.7152773605236256,166.71794871794873,33.30812711705017
1420,2.94466252016733,3.7152773605236256,166.71794871794873,33.30812711705017
1421,2.94466252016733,3.7152773605236256,166.71794871794873,33.30812711705017
1422,2.94466252016733,3.7152773605236256,166.71794871794873,33.30812711705017
1423,2.94466252016733,3.7152773605236256,166.71794871794873,33.30812711705017
1424,2.94466252016733,3.7152773605236256,166.71794871794873,33.30812711705017
1425,2.94466252016733,3.7152773605236256,166.71794871794873,33.30812711705017
1426,2.94466252016733,3.7152773605236256,166.71794871794873,33.30812711705017
1427,2.94466252016733,3.7152773605236256,166.71794871794873,33.30812711705017
1428,2.94466252016733,3.7152773605236256,166.71794871794873,33.30812711705017
1429,2.94466252016733,3.7152773605236256,166.71794871794873,33.30812711705017
1430,2.94466252016733,3.7152773605236256,166.71794871794873,33.30812711705017
1431,2.94466252016733,3.7152773605236256,166.71794871794873,33.30812711705017
1432,2.94466252016733,3.7152773605236256,166.71794871794873,33.30812711705017
1433,2.94466252016733,3.7152773605236256,166.71794871794873,33.30812711705017
1434,2.94466252016733,3.7152773605236256,166.71794871794873,33.30812711705017
1435,2.94466252016733,3.7152773605236256,166.71794871794873,33.30812711705017
1436,2.94466252016733,3.7152773605236256,166.71794871794873,33.30812711705017
1437,2.94466252016733,3.7152773605236256,166.71794871794873,33.30812711705017
1438,2.94466252016733,3.7152773605236256,166.71794871794873,33.30812711705017
1439,2.94466252016733,3.7152773605236256,166.71794871794873,33.30812711705017
1440,2.94466252016733,3.7152773605236256,166.71794871794873,33.30812711705017
1441,2.94466252016733,3.7152773605236256,166.71794871794873,33.30812711705017
1442,2.94466252016733,3.7152773605236256,166.71794871794873,33.30812711705017
1443,2.94466252016733,3.7152773605236256,166.71794871794873,33.30812711705017
1444,2.94466252016733,3.7152773605236256,166.71794871794873,33.30812711705017
1445,2.94466252016733,3.7152773605236256,166.71794871794873,33.30812711705017
1446,2.94466252016733,3.7152773605236256,166.71794871794873,33.30812711705017
1447,2.94466252016733,3.7152773605236256,166.71794871794873,33.30812711705017
1448,3.02210749954969,3.7230170070446857,172.71794871794873,32.27312659267654
1449,3.02210749954969,3.7230170070446857,172.71794871794873,32.27312659267654
1450,3.02210749954969,3.7230170070446857,172.71794871794873,32.27312659267654
1451,3.02210749954969,3.7230170070446857,172.71794871794873,32.27312659267654
1452,3.02210749954969,3.7230170070446857,172.71794871794873,32.27312659267654
1453,3.02210749954969,3.7230170070446857,172.71794871794873,32.27312659267654
1454,3.02210749954969,3.7230170070446857,172.71794871794873,32.27312659267654
1455,3.02210749954969,3.7230170070446857,172.71794871794873,32.27312659267654
1456,3.02210749954969,3.7230170070446857,172.71794871794873,32.27312659267654
1457,3.02210749954969,3.7230170070446857,172.71794871794873,32.27312659267654
1458,3.02210749954969,3.7230170070446857,172.71794871794873,32.27312659267654
1459,3.02210749954969,3.7230170070446857,172.71794871794873,32.27312659267654
1460,3.02210749954969,3.7230170070446857,172.71794871794873,32.27312659267654
1461,3.02210749954969,3.7230170070446857,172.71794871794873,32.27312659267654
1462,3.02210749954969,3.7230170070446857,172.71794871794873,32.27312659267654
1463,3.02210749954969,3.7230170070446857,172.71794871794873,32.27312659267654
1464,3.02210749954969,3.7230170070446857,172.71794871794873,32.27312659267654
1465,3.02210749954969,3.7230170070446857,172.71794871794873,32.27312659267654
1466,3.02210749954969,3.7230170070446857,172.71794871794873,32.27312659267654
1467,3.02210749954969,3.7230170070446857,172.71794871794873,32.27312659267654
1468,3.02210749954969,3.7230170070446857,172.71794871794873,32.27312659267654
1469,3.02210749954969,3.7230170070446857,172.71794871794873,32.27312659267654
1470,3.02210749954969,3.7230170070446857,172.71794871794873,32.27312659267654
1471,3.02210749954969,3.7230170070446857,172.71794871794873,32.27312659267654
1472,3.02210749954969,3.7230170070446857,172.71794871794873,32.27312659267654
1473,3.02210749954969,3.7230170070446857,172.71794871794873,32.27312659267654
1474,3.02210749954969,3.7230170070446857,172.71794871794873,32.27312659267654
1475,3.02210749954969,3.7230170070446857,172.71794871794873,32.27312659267654
1476,3.02210749954969,3.7230170070446857,172.71794871794873,32.27312659267654
1477,3.02210749954969,3.7230170070446857,172.71794871794873,32.27312659267654
1478,3.02210749954969,3.7230170070446857,172.71794871794873,32.27312659267654
1479,3.02210749954969,3.7230170070446857,172.71794871794873,32.27312659267654
1480,3.02210749954969,3.7230170070446857,172.71794871794873,32.27312659267654
1481,3.02210749954969,3.7230170070446857,172.71794871794873,32.27312659267654
1482,3.02210749954969,3.7230170070446857,172.71794871794873,32.27312659267654
1483,3.02210749954969,3.7230170070446857,172.71794871794873,32.27312659267654
1484,3.02210749954969,3.7230170070446857,172.71794871794873,32.27312659267654
1485,3.02210749954969,3.7230170070446857,172.71794871794873,32.27312659267654
1486,3.02210749954969,3.7230170070446857,172.71794871794873,32.27312659267654
1487,3.02210749954969,3.7230170070446857,172.71794871794873,32.27312659267654
1488,3.02210749954969,3.7230170070446857,172.71794871794873,32.27312659267654
1489,3.02210749954969,3.7230170070446857,172.71794871794873,32.27312659267654
1490,3.02210749954969,3.7230170070446857,172.71794871794873,32.27312659267654
1491,2.94466252016733,3.7152773605236256,166.71794871794873,33.30812711705017
1492,2.94466252016733,3.7152773605236256,166.71794871794873,33.30812711705017
1493,2.94466252016733,3.7152773605236256,166.71794871794873,33.30812711705017
1494,2.94466252016733,3.7152773605236256,166.71794871794873,33.30812711705017
1495,2.94466252016733,3.7152773605236256,166.71794871794873,33.30812711705017
1496,2.94466252016733,3.7152773605236256,166.71794871794873,33.30812711705017
1497,2.94466252016733,3.7152773605236256,166.71794871794873,33.30812711705017
1498,2.94466252016733,3.7152773605236256,166.71794871794873,33.30812711705017
1499,2.94466252016733,3.7152773605236256,166.71794871794873,33.30812711705017
1500,2.94466252016733,3.7152773605236256,166.71794871794873,33.30812711705017
1501,2.94466252016733,3.7152773605236256,166.71794871794873,33.30812711705017
1502,2.94466252016733,3.7152773605236256,166.71794871794873,33.30812711705017
1503,2.94466252016733,3.7152773605236256,166.71794871794873,33.30812711705017
1504,2.94466252016733,3.7152773605236256,166.71794871794873,33.30812711705017
1505,2.94466252016733,3.7152773605236256,166.71794871794873,33.30812711705017
1506,2.94466252016733,3.7152773605236256,166.71794871794873,33.30812711705017
1507,2.94466252016733,3.7152773605236256,166.71794871794873,33.30812711705017
1508,2.94466252016733,3.7152773605236256,166.71794871794873,33.30812711705017
1509,2.94466252016733,3.7152773605236256,166.71794871794873,33.30812711705017
1510,2.94466252016733,3.7152773605236256,166.71794871794873,33.30812711705017
1511,2.94466252016733,3.7152773605236256,166.71794871794873,33.30812711705017
1512,2.94466252016733,3.7152773605236256,166.71794871794873,33.30812711705017
1513,2.94466252016733,3.7152773605236256,166.71794871794873,33.30812711705017
1514,2.94466252016733,3.7152773605236256,166.71794871794873,33.30812711705017
1515,2.94466252016733,3.7152773605236256,166.71794871794873,33.30812711705017
1516,2.94466252016733,3.7152773605236256,166.71794871794873,33.30812711705017
1517,2.94466252016733,3.7152773605236256,166.71794871794873,33.30812711705017
1518,2.94466252016733,3.7152773605236256,166.71794871794873,33.30812711705017
1519,2.94466252016733,3.7152773605236256,166.71794871794873,33.30812711705017
1520,2.94466252016733,3.7152773605236256,166.71794871794873,33.30812711705017
1521,2.94466252016733,3.7152773605236256,166.71794871794873,33.30812711705017
1522,2.94466252016733,3.7152773605236256,166.71794871794873,33.30812711705017
1523,2.94466252016733,3.7152773605236256,166.71794871794873,33.30812711705017
1524,2.94466252016733,3.7152773605236256,166.71794871794873,33.30812711705017
1525,2.94466252016733,3.7152773605236256,166.71794871794873,33.30812711705017
1526,2.94466252016733,3.7152773605236256,166.71794871794873,33.30812711705017
1527,2.94466252016733,3.7152773605236256,166.71794871794873,33.30812711705017
1528,2.94466252016733,3.7152773605236256,166.71794871794873,33.30812711705017
1529,2.94466252016733,3.7152773605236256,166.71794871794873,33.30812711705017
1530,2.94466252016733,3.7152773605236256,166.71794871794873,33.30812711705017
1531,2.94466252016733,3.7152773605236256,166.71794871794873,33.30812711705017
1532,2.94466252016733,3.7152773605236256,166.71794871794873,33.30812711705017
1533,2.94466252016733,3.7152773605236256,166.71794871794873,33.30812711705017
1534,3.02210749954969,3.7230170070446857,172.71794871794873,32.27312659267654
1535,3.02210749954969,3.7230170070446857,172.71794871794873,32.27312659267654
1536,3.02210749954969,3.7230170070446857,172.71794871794873,32.27312659267654
1537,3.02210749954969,3.7230170070446857,172.71794871794873,32.27312659267654
1538,3.02210749954969,3.7230170070446857,172.71794871794873,32.27312659267654
1539,3.02210749954969,3.7230170070446857,172.71794871794873,32.27312659267654
1540,3.02210749954969,3.7230170070446857,172.71794871794873,32.27312659267654
1541,3.02210749954969,3.7230170070446857,172.71794871794873,32.27312659267654
1542,3.02210749954969,3.7230170070446857,172.71794871794873,32.27312659267654
1543,3.02210749954969,3.7230170070446857,172.71794871794873,32.27312659267654
1544,3.02210749954969,3.7230170070446857,172.71794871794873,32.27312659267654
1545,3.02210749954969,3.7230170070446857,172.71794871794873,32.27312659267654
1546,3.02210749954969,3.7230170070446857,172.71794871794873,32.27312659267654
1547,3.02210749954969,3.7230170070446857,172.71794871794873,32.27312659267654
1548,3.02210749954969,3.7230170070446857,172.71794871794873,32.27312659267654
1549,3.02210749954969,3.7230170070446857,172.71794871794873,32.27312659267654
1550,3.02210749954969,3.7230170070446857,172.71794871794873,32.27312659267654
1551,3.02210749954969,3.7230170070446857,172.71794871794873,32.27312659267654
1552,3.02210749954969,3.7230170070446857,172.71794871794873,32.27312659267654
1553,3.02210749954969,3.7230170070446857,172.71794871794873,32.27312659267654
1554,3.02210749954969,3.7230170070446857,172.71794871794873,32.27312659267654
1555,3.02210749954969,3.7230170070446857,172.71794871794873,32.27312659267654
1556,3.02210749954969,3.7230170070446857,172.71794871794873,32.27312659267654
1557,3.02210749954969,3.7230170070446857,172.71794871794873,32.27312659267654
1558,3.02210749954969,3.7230170070446857,172.71794871794873,32.27312659267654
1559,3.02210749954969,3.7230170070446857,172.71794871794873,32.27312659267654
1560,3.02210749954969,3.7230170070446857,172.71794871794873,32.27312659267654
1561,3.02210749954969,3.7230170070446857,172.71794871794873,32.27312659267654
1562,3.02210749954969,3.7230170070446857,172.71794871794873,32.27312659267654
1563,3.02210749954969,3.7230170070446857,172.71794871794873,32.27312659267654
1564,3.02210749954969,3.7230170070446857,172.71794871794873,32.27312659267654
1565,3.02210749954969,3.7230170070446857,172.71794871794873,32.27312659267654
1566,3.02210749954969,3.7230170070446857,172.71794871794873,32.27312659267654
1567,3.02210749954969,3.7230170070446857,172.71794871794873,32.27312659267654
1568,3.02210749954969,3.7230170070446857,172.71794871794873,32.27312659267654
1569,3.02210749954969,3.7230170070446857,172.71794871794873,32.27312659267654
1570,3.02210749954969,3.7230170070446857,172.71794871794873,32.27312659267654
1571,3.02210749954969,3.7230170070446857,172.71794871794873,32.27312659267654
1572,3.02210749954969,3.7230170070446857,172.71794871794873,32.27312659267654
1573,3.02210749954969,3.7230170070446857,172.71794871794873,32.27312659267654
1574,3.02210749954969,3.7230170070446857,172.71794871794873,32.27312659267654
1575,3.02210749954969,3.7230170070446857,172.71794871794873,32.27312659267654
1576,3.02210749954969,3.7230170070446857,172.71794871794873,32.27312659267654
1577,3.02210749954969,3.7230170070446857,172.71794871794873,32.27312659267654
1578,2.94466252016733,3.7152773605236256,166.71794871794873,33.30812711705017
1579,2.94466252016733,3.7152773605236256,166.71794871794873,33.30812711705017
1580,2.94466252016733,3.7152773605236256,166.71794871794873,33.30812711705017
1581,2.94466252016733,3.7152773605236256,166.71794871794873,33.30812711705017
1582,2.94466252016733,3.7152773605236256,166.71794871794873,33.30812711705017
1583,2.94466252016733,3.7152773605236256,166.71794871794873,33.30812711705017
1584,2.94466252016733,3.7152773605236256,166.71794871794873,33.30812711705017
1585,2.94466252016733,3.7152773605236256,166.71794871794873,33.30812711705017
1586,2.94466252016733,3.7152773605236256,166.71794871794873,33.30812711705017
1587,2.94466252016733,3.7152773605236256,166.71794871794873,33.30812711705017
1588,2.94466252016733,3.7152773605236256,166.71794871794873,33.30812711705017
1589,2.94466252016733,3.7152773605236256,166.71794871794873,33.30812711705017
1590,2.94466252016733,3.7152773605236256,166.71794871794873,33.30812711705017
1591,2.94466252016733,3.7152773605236256,166.71794871794873,33.30812711705017
1592,2.94466252016733,3.7152773605236256,166.71794871794873,33.30812711705017
1593,2.94466252016733,3.7152773605236256,166.71794871794873,33.30812711705017
1594,2.94466252016733,3.7152773605236256,166.71794871794873,33.30812711705017
1595,2.94466252016733,3.7152773605236256,166.71794871794873,33.30812711705017
1596,2.94466252016733,3.7152773605236256,166.71794871794873,33.30812711705017
1597,2.94466252016733,3.7152773605236256,166.71794871794873,33.30812711705017
1598,2.94466252016733,3.7152773605236256,166.71794871794873,33.30812711705017
1599,2.94466252016733,3.7152773605236256,166.71794871794873,33.30812711705017
1600,2.94466252016733,3.7152773605236256,166.71794871794873,33.30812711705017
1601,2.94466252016733,3.7152773605236256,166.71794871794873,33.30812711705017
1602,2.94466252016733,3.7152773605236256,166.71794871794873,33.30812711705017
1603,2.94466252016733,3.7152773605236256,166.71794871794873,33.30812711705017
1604,2.94466252016733,3.7152773605236256,166.71794871794873,33.30812711705017
1605,2.94466252016733,3.7152773605236256,166.71794871794873,33.30812711705017
1606,2.94466252016733,3.7152773605236256,166.71794871794873,33.30812711705017
1607,2.94466252016733,3.7152773605236256,166.71794871794873,33.30812711705017
1608,2.94466252016733,3.7152773605236256,166.71794871794873,33.30812711705017
1609,2.94466252016733,3.7152773605236256,166.71794871794873,33.30812711705017
1610,2.94466252016733,3.7152773605236256,166.71794871794873,33.30812711705017
1611,2.94466252016733,3.7152773605236256,166.71794871794873,33.30812711705017
1612,2.94466252016733,3.7152773605236256,166.71794871794873,33.30812711705017
1613,2.94466252016733,3.7152773605236256,166.71794871794873,33.30812711705017
1614,2.94466252016733,3.7152773605236256,166.71794871794873,33.30812711705017
1615,2.94466252016733,3.7152773605236256,166.71794871794873,33.30812711705017
1616,2.94466252016733,3.7152773605236256,166.71794871794873,33.30812711705017
1617,2.94466252016733,3.7152773605236256,166.71794871794873,33.30812711705017
1618,2.94466252016733,3.7152773605236256,166.71794871794873,33.30812711705017
1619,2.94466252016733,3.7152773605236256,166.71794871794873,33.30812711705017
1620,2.94466252016733,3.7152773605236256,166.71794871794873,33.30812711705017
1621,3.02210749954969,3.7230170070446857,172.71794871794873,32.27312659267654
1622,3.02210749954969,3.7230170070446857,172.71794871794873,32.27312659267654
1623,3.02210749954969,3.7230170070446857,172.71794871794873,32.27312659267654
1624,3.02210749954969,3.7230170070446857,172.71794871794873,32.27312659267654
1625,3.02210749954969,3.7230170070446857,172.71794871794873,32.27312659267654
1626,3.02210749954969,3.7230170070446857,172.71794871794873,32.27312659267654
1627,3.02210749954969,3.7230170070446857,172.71794871794873,32.27312659267654
1628,3.02210749954969,3.7230170070446857,172.71794871794873,32.27312659267654
1629,3.02210749954969,3.7230170070446857,172.71794871794873,32.27312659267654
1630,3.02210749954969,3.7230170070446857,172.71794871794873,32.27312659267654
1631,3.02210749954969,3.7230170070446857,172.71794871794873,32.27312659267654
1632,3.02210749954969,3.7230170070446857,172.71794871794873,32.27312659267654
1633,3.02210749954969,3.7230170070446857,172.71794871794873,32.27312659267654
1634,3.02210749954969,3.7230170070446857,172.71794871794873,32.27312659267654
1635,3.02210749954969,3.7230170070446857,172.71794871794873,32.27312659267654
1636,3.02210749954969,3.7230170070446857,172.71794871794873,32.27312659267654
1637,3.02210749954969,3.7230170070446857,172.71794871794873,32.27312659267654
1638,3.02210749954969,3.7230170070446857,172.71794871794873,32.27312659267654
1639,3.02210749954969,3.7230170070446857,172.71794871794873,32.27312659267654
1640,3.02210749954969,3.7230170070446857,172.71794871794873,32.27312659267654
1641,3.02210749954969,3.7230170070446857,172.71794871794873,32.27312659267654
1642,3.02210749954969,3.7230170070446857,172.71794871794873,32.27312659267654
1643,3.02210749954969,3.7230170070446857,172.71794871794873,32.27312659267654
1644,3.02210749954969,3.7230170070446857,172.71794871794873,32.27312659267654
1645,3.02210749954969,3.7230170070446857,172.71794871794873,32.27312659267654
1646,3.02210749954969,3.7230170070446857,172.71794871794873,32.27312659267654
1647,3.02210749954969,3.7230170070446857,172.71794871794873,32.27312659267654
1648,3.02210749954969,3.7230170070446857,172.71794871794873,32.27312659267654
1649,3.02210749954969,3.7230170070446857,172.71794871794873,32.27312659267654
1650,3.02210749954969,3.7230170070446857,172.71794871794873,32.27312659267654
1651,3.02210749954969,3.7230170070446857,172.71794871794873,32.27312659267654
1652,3.02210749954969,3.7230170070446857,172.71794871794873,32.27312659267654
1653,3.02210749954969,3.7230170070446857,172.71794871794873,32.27312659267654
1654,3.02210749954969,3.7230170070446857,172.71794871794873,32.27312659267654
1655,3.02210749954969,3.7230170070446857,172.71794871794873,32.27312659267654
1656,3.02210749954969,3.7230170070446857,172.71794871794873,32.27312659267654
1657,3.02210749954969,3.7230170070446857,172.71794871794873,32.27312659267654
1658,3.02210749954969,3.7230170070446857,172.71794871794873,32.27312659267654
1659,3.02210749954969,3.7230170070446857,172.71794871794873,32.27312659267654
1660,3.02210749954969,3.7230170070446857,172.71794871794873,32.27312659267654
1661,3.02210749954969,3.7230170070446857,172.71794871794873,32.27312659267654
1662,3.02210749954969,3.7230170070446857,172.71794871794873,32.27312659267654
1663,3.02210749954969,3.7230170070446857,172.71794871794873,32.27312659267654
1664,3.02210749954969,3.7230170070446857,172.71794871794873,32.27312659267654
1665,2.94466252016733,3.7152773605236256,166.71794871794873,33.30812711705017
1666,2.94466252016733,3.7152773605236256,166.71794871794873,33.30812711705017
1667,2.94466252016733,3.7152773605236256,166.71794871794873,33.30812711705017
1668,2.94466252016733,3.7152773605236256,166.71794871794873,33.30812711705017
1669,2.94466252016733,3.7152773605236256,166.71794871794873,33.30812711705017
1670,2.94466252016733,3.7152773605236256,166.71794871794873,33.30812711705017
1671,2.94466252016733,3.7152773605236256,166.71794871794873,33.30812711705017
1672,2.94466252016733,3.7152773605236256,166.71794871794873,33.30812711705017
1673,2.94466252016733,3.7152773605236256,166.71794871794873,33.30812711705017
1674,2.94466252016733,3.7152773605236256,166.71794871794873,33.30812711705017
1675,2.94466252016733,3.7152773605236256,166.71794871794873,33.30812711705017
1676,2.94466252016733,3.7152773605236256,166.71794871794873,33.30812711705017
1677,2.94466252016733,3.7152773605236256,166.71794871794873,33.30812711705017
1678,2.94466252016733,3.7152773605236256,166.71794871794873,33.30812711705017
1679,2.94466252016733,3.7152773605236256,166.71794871794873,33.30812711705017
1680,2.94466252016733,3.7152773605236256,166.71794871794873,33.30812711705017
1681,2.94466252016733,3.7152773605236256,166.71794871794873,33.30812711705017
1682,2.94466252016733,3.7152773605236256,166.71794871794873,33.30812711705017
1683,2.94466252016733,3.7152773605236256,166.71794871794873,33.30812711705017
1684,2.94466252016733,3.7152773605236256,166.71794871794873,33.30812711705017
1685,2.94466252016733,3.7152773605236256,166.71794871794873,33.30812711705017
1686,2.94466252016733,3.7152773605236256,166.71794871794873,33.30812711705017
1687,2.94466252016733,3.7152773605236256,166.71794871794873,33.30812711705017
1688,2.94466252016733,3.7152773605236256,166.71794871794873,33.30812711705017
1689,2.94466252016733,3.7152773605236256,166.71794871794873,33.30812711705017
1690,2.94466252016733,3.7152773605236256,166.71794871794873,33.30812711705017
1691,2.94466252016733,3.7152773605236256,166.71794871794873,33.30812711705017
1692,2.94466252016733,3.7152773605236256,166.71794871794873,33.30812711705017
1693,2.94466252016733,3.7152773605236256,166.71794871794873,33.30812711705017
1694,2.94466252016733,3.7152773605236256,166.71794871794873,33.30812711705017
1695,2.94466252016733,3.7152773605236256,166.71794871794873,33.30812711705017
1696,2.94466252016733,3.7152773605236256,166.71794871794873,33.30812711705017
1697,2.94466252016733,3.7152773605236256,166.71794871794873,33.30812711705017
1698,2.94466252016733,3.7152773605236256,166.71794871794873,33.30812711705017
1699,2.94466252016733,3.7152773605236256,166.71794871794873,33.30812711705017
1700,2.94466252016733,3.7152773605236256,166.71794871794873,33.30812711705017
1701,2.94466252016733,3.7152773605236256,166.71794871794873,33.30812711705017
1702,2.94466252016733,3.7152773605236256,166.71794871794873,33.30812711705017
1703,2.94466252016733,3.7152773605236256,166.71794871794873,33.30812711705017
1704,2.94466252016733,3.7152773605236256,166.71794871794873,33.30812711705017
1705,2.94466252016733,3.7152773605236256,166.71794871794873,33.30812711705017
1706,2.94466252016733,3.7152773605236256,166.71794871794873,33.30812711705017
1707,2.94466252016733,3.7152773605236256,166.71794871794873,33.30812711705017
1708,2.94466252016733,3.7152773605236256,166.71794871794873,33.30812711705017
1709,3.02210749954969,3.7230170070446857,172.71794871794873,32.27312659267654
1710,3.02210749954969,3.7230170070446857,172.71794871794873,32.27312659267654
1711,3.02210749954969,3.7230170070446857,172.71794871794873,32.27312659267654
1712,3.02210749954969,3.7230170070446857,172.71794871794873,32.27312659267654
1713,3.02210749954969,3.7230170070446857,172.71794871794873,32.27312659267654
1714,3.02210749954969,3.7230170070446857,172.71794871794873,32.27312659267654
1715,3.02210749954969,3.7230170070446857,172.71794871794873,32.27312659267654
1716,3.02210749954969,3.7230170070446857,172.71794871794873,32.27312659267654
1717,3.02210749954969,3.7230170070446857,172.71794871794873,32.27312659267654
1718,3.02210749954969,3.7230170070446857,172.71794871794873,32.27312659267654
1719,3.02210749954969,3.7230170070446857,172.71794871794873,32.27312659267654
1720,3.02210749954969,3.7230170070446857,172.71794871794873,32.27312659267654
1721,3.02210749954969,3.7230170070446857,172.71794871794873,32.27312659267654
1722,3.02210749954969,3.7230170070446857,172.71794871794873,32.27312659267654
1723,3.02210749954969,3.7230170070446857,172.71794871794873,32.27312659267654
1724,3.02210749954969,3.7230170070446857,172.71794871794873,32.27312659267654
1725,3.02210749954969,3.7230170070446857,172.71794871794873,32.27312659267654
1726,3.02210749954969,3.7230170070446857,172.71794871794873,32.27312659267654
1727,3.02210749954969,3.7230170070446857,172.71794871794873,32.27312659267654
1728,3.02210749954969,3.7230170070446857,172.71794871794873,32.27312659267654
1729,3.02210749954969,3.7230170070446857,172.71794871794873,32.27312659267654
1730,3.02210749954969,3.7230170070446857,172.71794871794873,32.27312659267654
1731,3.02210749954969,3.7230170070446857,172.71794871794873,32.27312659267654
1732,3.02210749954969,3.7230170070446857,172.71794871794873,32.27312659267654
1733,3.02210749954969,3.7230170070446857,172.71794871794873,32.27312659267654
1734,3.02210749954969,3.7230170070446857,172.71794871794873,32.27312659267654
1735,3.02210749954969,3.7230170070446857,172.71794871794873,32.27312659267654
1736,3.02210749954969,3.7230170070446857,172.71794871794873,32.27312659267654
1737,3.02210749954969,3.7230170070446857,172.71794871794873,32.27312659267654
1738,3.02210749954969,3.7230170070446857,172.71794871794873,32.27312659267654
1739,3.02210749954969,3.7230170070446857,172.71794871794873,32.27312659267654
1740,3.02210749954969,3.7230170070446857,172.71794871794873,32.27312659267654
1741,3.02210749954969,3.7230170070446857,172.71794871794873,32.27312659267654
1742,3.02210749954969,3.7230170070446857,172.71794871794873,32.27312659267654
1743,3.02210749954969,3.7230170070446857,172.71794871794873,32.27312659267654
1744,3.02210749954969,3.7230170070446857,172.71794871794873,32.27312659267654
1745,3.02210749954969,3.7230170070446857,172.71794871794873,32.27312659267654
1746,3.02210749954969,3.7230170070446857,172.71794871794873,32.27312659267654
1747,3.02210749954969,3.7230170070446857,172.71794871794873,32.27312659267654
1748,3.02210749954969,3.7230170070446857,172.71794871794873,32.27312659267654
1749,3.02210749954969,3.7230170070446857,172.71794871794873,32.27312659267654
1750,3.02210749954969,3.7230170070446857,172.71794871794873,32.27312659267654
1751,3.02210749954969,3.7230170070446857,172.71794871794873,32.27312659267654
1752,3.02210749954969,3.7230170070446857,172.71794871794873,32.27312659267654
1753,3.02210749954969,3.7230170070446857,172.71794871794873,32.27312659267654
1754,2.94466252016733,3.7152773605236256,166.71794871794873,33.30812711705017
1755,2.94466252016733,3.7152773605236256,166.71794871794873,33.30812711705017
1756,2.94466252016733,3.7152773605236256,166.71794871794873,33.30812711705017
1757,2.94466252016733,3.7152773605236256,166.71794871794873,33.30812711705017
1758,2.94466252016733,3.7152773605236256,166.71794871794873,33.30812711705017
1759,2.94466252016733,3.7152773605236256,166.71794871794873,33.30812711705017
1760,2.94466252016733,3.7152773605236256,166.71794871794873,33.30812711705017
1761,2.94466252016733,3.7152773605236256,166.71794871794873,33.30812711705017
1762,2.94466252016733,3.7152773605236256,166.71794871794873,33.30812711705017
1763,2.94466252016733,3.7152773605236256,166.71794871794873,33.30812711705017
1764,2.94466252016733,3.7152773605236256,166.71794871794873,33.30812711705017
1765,2.94466252016733,3.7152773605236256,166.71794871794873,33.30812711705017
1766,2.94466252016733,3.7152773605236256,166.71794871794873,33.30812711705017
1767,2.94466252016733,3.7152773605236256,166.71794871794873,33.30812711705017
1768,2.94466252016733,3.7152773605236256,166.71794871794873,33.30812711705017
1769,2.94466252016733,3.7152773605236256,166.71794871794873,33.30812711705017
1770,2.94466252016733,3.7152773605236256,166.71794871794873,33.30812711705017
1771,2.94466252016733,3.7152773605236256,166.71794871794873,33.30812711705017
1772,2.94466252016733,3.7152773605236256,166.71794871794873,33.30812711705017
1773,2.94466252016733,3.7152773605236256,166.71794871794873,33.30812711705017
1774,2.94466252016733,3.7152773605236256,166.71794871794873,33.30812711705017
1775,2.94466252016733,3.7152773605236256,166.71794871794873,33.30812711705017
1776,2.94466252016733,3.7152773605236256,166.71794871794873,33.30812711705017
1777,2.94466252016733,3.7152773605236256,166.71794871794873,33.30812711705017
1778,2.94466252016733,3.7152773605236256,166.71794871794873,33.30812711705017
1779,2.94466252016733,3.7152773605236256,166.71794871794873,33.30812711705017
1780,2.94466252016733,3.7152773605236256,166.71794871794873,33.30812711705017
1781,2.94466252016733,3.7152773605236256,166.71794871794873,33.30812711705017
1782,2.94466252016733,3.7152773605236256,166.71794871794873,33.30812711705017
1783,2.94466252016733,3.7152773605236256,166.71794871794873,33.30812711705017
1784,2.94466252016733,3.7152773605236256,166.71794871794873,33.30812711705017
1785,2.94466252016733,3.7152773605236256,166.71794871794873,33.30812711705017
1786,2.94466252016733,3.7152773605236256,166.71794871794873,33.30812711705017
1787,2.94466252016733,3.7152773605236256,166.71794871794873,33.30812711705017
1788,2.94466252016733,3.7152773605236256,166.71794871794873,33.30812711705017
1789,2.94466252016733,3.7152773605236256,166.71794871794873,33.30812711705017
1790,2.94466252016733,3.7152773605236256,166.71794871794873,33.30812711705017
1791,2.94466252016733,3.7152773605236256,166.71794871794873,33.30812711705017
1792,2.94466252016733,3.7152773605236256,166.71794871794873,33.30812711705017
1793,2.94466252016733,3.7152773605236256,166.71794871794873,33.30812711705017
1794,2.94466252016733,3.7152773605236256,166.71794871794873,33.30812711705017
1795,2.94466252016733,3.7152773605236256,166.71794871794873,33.30812711705017
1796,2.94466252016733,3.7152773605236256,166.71794871794873,33.30812711705017
1797,2.94466252016733,3.7152773605236256,166.71794871794873,33.30812711705017
1798,3.02210749954969,3.7230170070446857,172.71794871794873,32.27312659267654
1799,3.02210749954969,3.7230170070446857,172.71794871794873,32.27312659267654
1800,3.02210749954969,3.7230170070446857,172.71794871794873,32.27312659267654
1801,3.02210749954969,3.7230170070446857,172.71794871794873,32.27312659267654
1802,3.02210749954969,3.7230170070446857,172.71794871794873,32.27312659267654
1803,3.02210749954969,3.7230170070446857,172.71794871794873,32.27312659267654
1804,3.02210749954969,3.7230170070446857,172.71794871794873,32.27312659267654
1805,3.02210749954969,3.7230170070446857,172.71794871794873,32.27312659267654
1806,3.02210749954969,3.7230170070446857,172.71794871794873,32.27312659267654
1807,3.02210749954969,3.7230170070446857,172.71794871794873,32.27312659267654
1808,3.02210749954969,3.7230170070446857,172.71794871794873,32.27312659267654
1809,3.02210749954969,3.7230170070446857,172.71794871794873,32.27312659267654
1810,3.02210749954969,3.7230170070446857,172.71794871794873,32.27312659267654
1811,3.02210749954969,3.7230170070446857,172.71794871794873,32.27312659267654
1812,3.02210749954969,3.7230170070446857,172.71794871794873,32.27312659267654
1813,3.02210749954969,3.7230170070446857,172.71794871794873,32.27312659267654
1814,3.02210749954969,3.7230170070446857,172.71794871794873,32.27312659267654
1815,3.02210749954969,3.7230170070446857,172.71794871794873,32.27312659267654
1816,3.02210749954969,3.7230170070446857,172.71794871794873,32.27312659267654
1817,3.02210749954969,3.7230170070446857,172.71794871794873,32.27312659267654
1818,3.02210749954969,3.7230170070446857,172.71794871794873,32.27312659267654
1819,3.02210749954969,3.7230170070446857,172.71794871794873,32.27312659267654
1820,3.02210749954969,3.7230170070446857,172.71794871794873,32.27312659267654
1821,3.02210749954969,3.7230170070446857,172.71794871794873,32.27312659267654
1822,3.02210749954969,3.7230170070446857,172.71794871794873,32.27312659267654
1823,3.02210749954969,3.7230170070446857,172.71794871794873,32.27312659267654
1824,3.02210749954969,3.7230170070446857,172.71794871794873,32.27312659267654
1825,3.02210749954969,3.7230170070446857,172.71794871794873,32.27312659267654
1826,3.02210749954969,3.7230170070446857,172.71794871794873,32.27312659267654
1827,3.02210749954969,3.7230170070446857,172.71794871794873,32.27312659267654
1828,3.02210749954969,3.7230170070446857,172.71794871794873,32.27312659267654
1829,3.02210749954969,3.7230170070446857,172.71794871794873,32.27312659267654
1830,3.02210749954969,3.7230170070446857,172.71794871794873,32.27312659267654
1831,3.02210749954969,3.7230170070446857,172.71794871794873,32.27312659267654
1832,3.02210749954969,3.7230170070446857,172.71794871794873,32.27312659267654
1833,3.02210749954969,3.7230170070446857,172.71794871794873,32.27312659267654
1834,3.02210749954969,3.7230170070446857,172.71794871794873,32.27312659267654
1835,3.02210749954969,3.7230170070446857,172.71794871794873,32.27312659267654
1836,3.02210749954969,3.7230170070446857,172.71794871794873,32.27312659267654
1837,3.02210749954969,3.7230170070446857,172.71794871794873,32.27312659267654
1838,3.02210749954969,3.7230170070446857,172.71794871794873,32.27312659267654
1839,3.02210749954969,3.7230170070446857,172.71794871794873,32.27312659267654
1840,3.02210749954969,3.7230170070446857,172.71794871794873,32.27312659267654
1841,3.02210749954969,3.7230170070446857,172.71794871794873,32.27312659267654
1842,3.02210749954969,3.7230170070446857,172.71794871794873,32.27312659267654
1843,2.94466252016733,3.7152773605236256,166.71794871794873,33.30812711705017
1844,2.94466252016733,3.7152773605236256,166.71794871794873,33.30812711705017
1845,2.94466252016733,3.7152773605236256,166.71794871794873,33.30812711705017
1846,2.94466252016733,3.7152773605236256,166.71794871794873,33.30812711705017
1847,2.94466252016733,3.7152773605236256,166.71794871794873,33.30812711705017
1848,2.94466252016733,3.7152773605236256,166.71794871794873,33.30812711705017
1849,2.94466252016733,3.7152773605236256,166.71794871794873,33.30812711705017
1850,2.94466252016733,3.7152773605236256,166.71794871794873,33.30812711705017
1851,2.94466252016733,3.7152773605236256,166.71794871794873,33.30812711705017
1852,2.94466252016733,3.7152773605236256,166.71794871794873,33.30812711705017
1853,2.94466252016733,3.7152773605236256,166.71794871794873,33.30812711705017
1854,2.94466252016733,3.7152773605236256,166.71794871794873,33.30812711705017
1855,2.94466252016733,3.7152773605236256,166.71794871794873,33.30812711705017
1856,2.94466252016733,3.7152773605236256,166.71794871794873,33.30812711705017
1857,2.94466252016733,3.7152773605236256,166.71794871794873,33.30812711705017
1858,2.94466252016733,3.7152773605236256,166.71794871794873,33.30812711705017
1859,2.94466252016733,3.7152773605236256,166.71794871794873,33.30812711705017
1860,2.94466252016733,3.7152773605236256,166.71794871794873,33.30812711705017
1861,2.94466252016733,3.7152773605236256,166.71794871794873,33.30812711705017
1862,2.94466252016733,3.7152773605236256,166.71794871794873,33.30812711705017
1863,2.94466252016733,3.7152773605236256,166.71794871794873,33.30812711705017
1864,2.94466252016733,3.7152773605236256,166.71794871794873,33.30812711705017
1865,2.94466252016733,3.7152773605236256,166.71794871794873,33.30812711705017
1866,2.94466252016733,3.7152773605236256,166.71794871794873,33.30812711705017
1867,2.94466252016733,3.7152773605236256,166.71794871794873,33.30812711705017
1868,2.94466252016733,3.7152773605236256,166.71794871794873,33.30812711705017
1869,2.94466252016733,3.7152773605236256,166.71794871794873,33.30812711705017
1870,2.94466252016733,3.7152773605236256,166.71794871794873,33.30812711705017
1871,2.94466252016733,3.7152773605236256,166.71794871794873,33.30812711705017
1872,2.94466252016733,3.7152773605236256,166.71794871794873,33.30812711705017
1873,2.94466252016733,3.7152773605236256,166.71794871794873,33.30812711705017
1874,2.94466252016733,3.7152773605236256,166.71794871794873,33.30812711705017
1875,2.94466252016733,3.7152773605236256,166.71794871794873,33.30812711705017
1876,2.94466252016733,3.7152773605236256,166.71794871794873,33.30812711705017
1877,2.94466252016733,3.7152773605236256,166.71794871794873,33.30812711705017
1878,2.94466252016733,3.7152773605236256,166.71794871794873,33.30812711705017
1879,2.94466252016733,3.7152773605236256,166.71794871794873,33.30812711705017
1880,2.94466252016733,3.7152773605236256,166.71794871794873,33.30812711705017
1881,2.94466252016733,3.7152773605236256,166.71794871794873,33.30812711705017
1882,2.94466252016733,3.7152773605236256,166.71794871794873,33.30812711705017
1883,2.94466252016733,3.7152773605236256,166.71794871794873,33.30812711705017
1884,2.94466252016733,3.7152773605236256,166.71794871794873,33.30812711705017
1885,2.94466252016733,3.7152773605236256,166.71794871794873,33.30812711705017
1886,2.94466252016733,3.7152773605236256,166.71794871794873,33.30812711705017
1887,2.94466252016733,3.7152773605236256,166.71794871794873,33.30812711705017
1888,3.02210749954969,3.7230170070446857,172.71794871794873,32.27312659267654
1889,3.02210749954969,3.7230170070446857,172.71794871794873,32.27312659267654
1890,3.02210749954969,3.7230170070446857,172.71794871794873,32.27312659267654
1891,3.02210749954969,3.7230170070446857,172.71794871794873,32.27312659267654
1892,3.02210749954969,3.7230170070446857,172.71794871794873,32.27312659267654
1893,3.02210749954969,3.7230170070446857,172.71794871794873,32.27312659267654
1894,3.02210749954969,3.7230170070446857,172.71794871794873,32.27312659267654
1895,3.02210749954969,3.7230170070446857,172.71794871794873,32.27312659267654
1896,3.02210749954969,3.7230170070446857,172.71794871794873,32.27312659267654
1897,3.02210749954969,3.7230170070446857,172.71794871794873,32.27312659267654
1898,3.02210749954969,3.7230170070446857,172.71794871794873,32.27312659267654
1899,3.02210749954969,3.7230170070446857,172.71794871794873,32.27312659267654
1900,3.02210749954969,3.7230170070446857,172.71794871794873,32.27312659267654
1901,3.02210749954969,3.7230170070446857,172.71794871794873,32.27312659267654
1902,3.02210749954969,3.7230170070446857,172.71794871794873,32.27312659267654
1903,3.02210749954969,3.7230170070446857,172.71794871794873,32.27312659267654
1904,3.02210749954969,3.7230170070446857,172.71794871794873,32.27312659267654
1905,3.02210749954969,3.7230170070446857,172.71794871794873,32.27312659267654
1906,3.02210749954969,3.7230170070446857,172.71794871794873,32.27312659267654
1907,3.02210749954969,3.7230170070446857,172.71794871794873,32.27312659267654
1908,3.02210749954969,3.7230170070446857,172.71794871794873,32.27312659267654
1909,3.02210749954969,3.7230170070446857,172.71794871794873,32.27312659267654
1910,3.02210749954969,3.7230170070446857,172.71794871794873,32.27312659267654
1911,3.02210749954969,3.7230170070446857,172.71794871794873,32.27312659267654
1912,3.02210749954969,3.7230170070446857,172.71794871794873,32.27312659267654
1913,3.02210749954969,3.7230170070446857,172.71794871794873,32.27312659267654
1914,3.02210749954969,3.7230170070446857,172.71794871794873,32.27312659267654
1915,3.02210749954969,3.7230170070446857,172.71794871794873,32.27312659267654
1916,3.02210749954969,3.7230170070446857,172.71794871794873,32.27312659267654
1917,3.02210749954969,3.7230170070446857,172.71794871794873,32.27312659267654
1918,3.02210749954969,3.7230170070446857,172.71794871794873,32.27312659267654
1919,3.02210749954969,3.7230170070446857,172.71794871794873,32.27312659267654
1920,3.02210749954969,3.7230170070446857,172.71794871794873,32.27312659267654
1921,3.02210749954969,3.7230170070446857,172.71794871794873,32.27312659267654
1922,3.02210749954969,3.7230170070446857,172.71794871794873,32.27312659267654
1923,3.02210749954969,3.7230170070446857,172.71794871794873,32.27312659267654
1924,3.02210749954969,3.7230170070446857,172.71794871794873,32.27312659267654
1925,3.02210749954969,3.7230170070446857,172.71794871794873,32.27312659267654
1926,3.02210749954969,3.7230170070446857,172.71794871794873,32.27312659267654
1927,3.02210749954969,3.7230170070446857,172.71794871794873,32.27312659267654
1928,3.02210749954969,3.7230170070446857,172.71794871794873,32.27312659267654
1929,3.02210749954969,3.7230170070446857,172.71794871794873,32.27312659267654
1930,3.02210749954969,3.7230170070446857,172.71794871794873,32.27312659267654
1931,3.02210749954969,3.7230170070446857,172.71794871794873,32.27312659267654
1932,3.02210749954969,3.7230170070446857,172.71794871794873,32.27312659267654
1933,3.02210749954969,3.7230170070446857,172.71794871794873,32.27312659267654
1934,2.94466252016733,3.7152773605236256,166.71794871794873,33.30812711705017
1935,2.94466252016733,3.7152773605236256,166.71794871794873,33.30812711705017
1936,2.94466252016733,3.7152773605236256,166.71794871794873,33.30812711705017
1937,2.94466252016733,3.7152773605236256,166.71794871794873,33.30812711705017
1938,2.94466252016733,3.7152773605236256,166.71794871794873,33.30812711705017
1939,2.94466252016733,3.7152773605236256,166.71794871794873,33.30812711705017
1940,2.94466252016733,3.7152773605236256,166.71794871794873,33.30812711705017
1941,2.94466252016733,3.7152773605236256,166.71794871794873,33.30812711705017
1942,2.94466252016733,3.7152773605236256,166.71794871794873,33.30812711705017
1943,2.94466252016733,3.7152773605236256,166.71794871794873,33.30812711705017
1944,2.94466252016733,3.7152773605236256,166.71794871794873,33.30812711705017
1945,2.94466252016733,3.7152773605236256,166.71794871794873,33.30812711705017
1946,2.94466252016733,3.7152773605236256,166.71794871794873,33.30812711705017
1947,2.94466252016733,3.7152773605236256,166.71794871794873,33.30812711705017
1948,2.94466252016733,3.7152773605236256,166.71794871794873,33.30812711705017
1949,2.94466252016733,3.7152773605236256,166.71794871794873,33.30812711705017
1950,2.94466252016733,3.7152773605236256,166.71794871794873,33.30812711705017
1951,2.94466252016733,3.7152773605236256,166.71794871794873,33.30812711705017
1952,2.94466252016733,3.7152773605236256,166.71794871794873,33.30812711705017
1953,2.94466252016733,3.7152773605236256,166.71794871794873,33.30812711705017
1954,2.94466252016733,3.7152773605236256,166.71794871794873,33.30812711705017
1955,2.94466252016733,3.7152773605236256,166.71794871794873,33.30812711705017
1956,2.94466252016733,3.7152773605236256,166.71794871794873,33.30812711705017
1957,2.94466252016733,3.7152773605236256,166.71794871794873,33.30812711705017
1958,2.94466252016733,3.7152773605236256,166.71794871794873,33.30812711705017
1959,2.94466252016733,3.7152773605236256,166.71794871794873,33.30812711705017
1960,2.94466252016733,3.7152773605236256,166.71794871794873,33.30812711705017
1961,2.94466252016733,3.7152773605236256,166.71794871794873,33.30812711705017
1962,2.94466252016733,3.7152773605236256,166.71794871794873,33.30812711705017
1963,2.94466252016733,3.7152773605236256,166.71794871794873,33.30812711705017
1964,2.94466252016733,3.7152773605236256,166.71794871794873,33.30812711705017
1965,2.94466252016733,3.7152773605236256,166.71794871794873,33.30812711705017
1966,2.94466252016733,3.7152773605236256,166.71794871794873,33.30812711705017
1967,2.94466252016733,3.7152773605236256,166.71794871794873,33.30812711705017
1968,2.94466252016733,3.7152773605236256,166.71794871794873,33.30812711705017
1969,2.94466252016733,3.7152773605236256,166.71794871794873,33.30812711705017
1970,2.94466252016733,3.7152773605236256,166.71794871794873,33.30812711705017
1971,2.94466252016733,3.7152773605236256,166.71794871794873,33.30812711705017
1972,2.94466252016733,3.7152773605236256,166.71794871794873,33.30812711705017
1973,2.94466252016733,3.7152773605236256,166.71794871794873,33.30812711705017
1974,2.94466252016733,3.7152773605236256,166.71794871794873,33.30812711705017
1975,2.94466252016733,3.7152773605236256,166.71794871794873,33.30812711705017
1976,2.94466252016733,3.7152773605236256,166.71794871794873,33.30812711705017
1977,2.94466252016733,3.7152773605236256,166.71794871794873,33.30812711705017
1978,2.94466252016733,3.7152773605236256,166.71794871794873,33.30812711705017
1979,3.02210749954969,3.7230170070446857,172.71794871794873,32.27312659267654
1980,3.02210749954969,3.7230170070446857,172.71794871794873,32.27312659267654
1981,3.02210749954969,3.7230170070446857,172.71794871794873,32.27312659267654
1982,3.02210749954969,3.7230170070446857,172.71794871794873,32.27312659267654
1983,3.02210749954969,3.7230170070446857,172.71794871794873,32.27312659267654
1984,3.02210749954969,3.7230170070446857,172.71794871794873,32.27312659267654
1985,3.02210749954969,3.7230170070446857,172.71794871794873,32.27312659267654
1986,3.02210749954969,3.7230170070446857,172.71794871794873,32.27312659267654
1987,3.02210749954969,3.7230170070446857,172.71794871794873,32.27312659267654
1988,3.02210749954969,3.7230170070446857,172.71794871794873,32.27312659267654
1989,3.02210749954969,3.7230170070446857,172.71794871794873,32.27312659267654
1990,3.02210749954969,3.7230170070446857,172.71794871794873,32.27312659267654
1991,3.02210749954969,3.7230170070446857,172.71794871794873,32.27312659267654
1992,3.02210749954969,3.7230170070446857,172.71794871794873,32.27312659267654
1993,3.02210749954969,3.7230170070446857,172.71794871794873,32.27312659267654
1994,3.02210749954969,3.7230170070446857,172.71794871794873,32.27312659267654
1995,3.02210749954969,3.7230170070446857,172.71794871794873,32.27312659267654
1996,3.02210749954969,3.7230170070446857,172.71794871794873,32.27312659267654
1997,3.02210749954969,3.7230170070446857,172.71794871794873,32.27312659267654
1998,3.02210749954969,3.7230170070446857,172.71794871794873,32.27312659267654
1999,3.02210749954969,3.7230170070446857,172.71794871794873,32.27312659267654
2000,3.02210749954969,3.7230170070446857,172.71794871794873,32.27312659267654
2001,3.02210749954969,3.7230170070446857,172.71794871794873,32.27312659267654
2002,3.02210749954969,3.7230170070446857,172.71794871794873,32.27312659267654
2003,3.02210749954969,3.7230170070446857,172.71794871794873,32.27312659267654
2004,3.02210749954969,3.7230170070446857,172.71794871794873,32.27312659267654
2005,3.02210749954969,3.7230170070446857,172.71794871794873,32.27312659267654
2006,3.02210749954969,3.7230170070446857,172.71794871794873,32.27312659267654
2007,3.02210749954969,3.7230170070446857,172.71794871794873,32.27312659267654
2008,3.02210749954969,3.7230170070446857,172.71794871794873,32.27312659267654
2009,3.02210749954969,3.7230170070446857,172.71794871794873,32.27312659267654
2010,3.02210749954969,3.7230170070446857,172.71794871794873,32.27312659267654
2011,3.02210749954969,3.7230170070446857,172.71794871794873,32.27312659267654
2012,3.02210749954969,3.7230170070446857,172.71794871794873,32.27312659267654
2013,3.02210749954969,3.7230170070446857,172.71794871794873,32.27312659267654
2014,3.02210749954969,3.7230170070446857,172.71794871794873,32.27312659267654
2015,3.02210749954969,3.7230170070446857,172.71794871794873,32.27312659267654
2016,3.02210749954969,3.7230170070446857,172.71794871794873,32.27312659267654
2017,3.02210749954969,3.7230170070446857,172.71794871794873,32.27312659267654
2018,3.02210749954969,3.7230170070446857,172.71794871794873,32.27312659267654
2019,3.02210749954969,3.7230170070446857,172.71794871794873,32.27312659267654
2020,3.02210749954969,3.7230170070446857,172.71794871794873,32.27312659267654
2021,3.02210749954969,3.7230170070446857,172.71794871794873,32.27312659267654
2022,3.02210749954969,3.7230170070446857,172.71794871794873,32.27312659267654
2023,3.02210749954969,3.7230170070446857,172.71794871794873,32.27312659267654
2024,3.02210749954969,3.7230170070446857,172.71794871794873,32.27312659267654
2025,2.94466252016733,3.7152773605236256,166.71794871794873,33.30812711705017
2026,2.94466252016733,3.7152773605236256,166.71794871794873,33.30812711705017
2027,2.94466252016733,3.7152773605236256,166.71794871794873,33.30812711705017
2028,2.94466252016733,3.7152773605236256,166.71794871794873,33.30812711705017
2029,2.94466252016733,3.7152773605236256,166.71794871794873,33.30812711705017
2030,2.94466252016733,3.7152773605236256,166.71794871794873,33.30812711705017
2031,2.94466252016733,3.7152773605236256,166.71794871794873,33.30812711705017
2032,2.94466252016733,3.7152773605236256,166.71794871794873,33.30812711705017
2033,2.94466252016733,3.7152773605236256,166.71794871794873,33.30812711705017
2034,2.94466252016733,3.7152773605236256,166.71794871794873,33.30812711705017
2035,2.94466252016733,3.7152773605236256,166.71794871794873,33.30812711705017
2036,2.94466252016733,3.7152773605236256,166.71794871794873,33.30812711705017
2037,2.94466252016733,3.7152773605236256,166.71794871794873,33.30812711705017
2038,2.94466252016733,3.7152773605236256,166.71794871794873,33.30812711705017
2039,2.94466252016733,3.7152773605236256,166.71794871794873,33.30812711705017
2040,2.94466252016733,3.7152773605236256,166.71794871794873,33.30812711705017
2041,2.94466252016733,3.7152773605236256,166.71794871794873,33.30812711705017
2042,2.94466252016733,3.7152773605236256,166.71794871794873,33.30812711705017
2043,2.94466252016733,3.7152773605236256,166.71794871794873,33.30812711705017
2044,2.94466252016733,3.7152773605236256,166.71794871794873,33.30812711705017
2045,2.94466252016733,3.7152773605236256,166.71794871794873,33.30812711705017
2046,2.94466252016733,3.7152773605236256,166.71794871794873,33.30812711705017
2047,2.94466252016733,3.7152773605236256,166.71794871794873,33.30812711705017
2048,2.94466252016733,3.7152773605236256,166.71794871794873,33.30812711705017
2049,2.94466252016733,3.7152773605236256,166.71794871794873,33.30812711705017
2050,2.94466252016733,3.7152773605236256,166.71794871794873,33.30812711705017
2051,2.94466252016733,3.7152773605236256,166.71794871794873,33.30812711705017
2052,2.94466252016733,3.7152773605236256,166.71794871794873,33.30812711705017
2053,2.94466252016733,3.7152773605236256,166.71794871794873,33.30812711705017
2054,2.94466252016733,3.7152773605236256,166.71794871794873,33.30812711705017
2055,2.94466252016733,3.7152773605236256,166.71794871794873,33.30812711705017
2056,2.94466252016733,3.7152773605236256,166.71794871794873,33.30812711705017
2057,2.94466252016733,3.7152773605236256,166.71794871794873,33.30812711705017
2058,2.94466252016733,3.7152773605236256,166.71794871794873,33.30812711705017
2059,2.94466252016733,3.7152773605236256,166.71794871794873,33.30812711705017
2060,2.94466252016733,3.7152773605236256,166.71794871794873,33.30812711705017
2061,2.94466252016733,3.7152773605236256,166.71794871794873,33.30812711705017
2062,2.94466252016733,3.7152773605236256,166.71794871794873,33.30812711705017
2063,2.94466252016733,3.7152773605236256,166.71794871794873,33.30812711705017
2064,2.94466252016733,3.7152773605236256,166.71794871794873,33.30812711705017
2065,2.94466252016733,3.7152773605236256,166.71794871794873,33.30812711705017
2066,2.94466252016733,3.7152773605236256,166.71794871794873,33.30812711705017
2067,2.94466252016733,3.7152773605236256,166.71794871794873,33.30812711705017
2068,2.94466252016733,3.7152773605236256,166.71794871794873,33.30812711705017
2069,2.94466252016733,3.7152773605236256,166.71794871794873,33.30812711705017
2070,2.94466252016733,3.7152773605236256,166.71794871794873,33.30812711705017
2071,3.02210749954969,3.7230170070446857,172.71794871794873,32.27312659267654
2072,3.02210749954969,3.7230170070446857,172.71794871794873,32.27312659267654
2073,3.02210749954969,3.7230170070446857,172.71794871794873,32.27312659267654
2074,3.02210749954969,3.7230170070446857,172.71794871794873,32.27312659267654
2075,3.02210749954969,3.7230170070446857,172.71794871794873,32.27312659267654
2076,3.02210749954969,3.7230170070446857,172.71794871794873,32.27312659267654
2077,3.02210749954969,3.7230170070446857,172.71794871794873,32.27312659267654
2078,3.02210749954969,3.7230170070446857,172.71794871794873,32.27312659267654
2079,3.02210749954969,3.7230170070446857,172.71794871794873,32.27312659267654
2080,3.02210749954969,3.7230170070446857,172.71794871794873,32.27312659267654
2081,3.02210749954969,3.7230170070446857,172.71794871794873,32.27312659267654
2082,3.02210749954969,3.7230170070446857,172.71794871794873,32.27312659267654
2083,3.02210749954969,3.7230170070446857,172.71794871794873,32.27312659267654
2084,3.02210749954969,3.7230170070446857,172.71794871794873,32.27312659267654
2085,3.02210749954969,3.7230170070446857,172.71794871794873,32.27312659267654
2086,3.02210749954969,3.7230170070446857,172.71794871794873,32.27312659267654
2087,3.02210749954969,3.7230170070446857,172.71794871794873,32.27312659267654
2088,3.02210749954969,3.7230170070446857,172.71794871794873,32.27312659267654
2089,3.02210749954969,3.7230170070446857,172.71794871794873,32.27312659267654
2090,3.02210749954969,3.7230170070446857,172.71794871794873,32.27312659267654
2091,3.02210749954969,3.7230170070446857,172.71794871794873,32.27312659267654
2092,3.02210749954969,3.7230170070446857,172.71794871794873,32.27312659267654
2093,3.02210749954969,3.7230170070446857,172.71794871794873,32.27312659267654
2094,3.02210749954969,3.7230170070446857,172.71794871794873,32.27312659267654
2095,3.02210749954969,3.7230170070446857,172.71794871794873,32.27312659267654
2096,3.02210749954969,3.7230170070446857,172.71794871794873,32.27312659267654
2097,3.02210749954969,3.7230170070446857,172.71794871794873,32.27312659267654
2098,3.02210749954969,3.7230170070446857,172.71794871794873,32.27312659267654
2099,3.02210749954969,3.7230170070446857,172.71794871794873,32.27312659267654
2100,3.02210749954969,3.7230170070446857,172.71794871794873,32.27312659267654
2101,3.02210749954969,3.7230170070446857,172.71794871794873,32.27312659267654
2102,3.02210749954969,3.7230170070446857,172.71794871794873,32.27312659267654
2103,3.02210749954969,3.7230170070446857,172.71794871794873,32.27312659267654
2104,3.02210749954969,3.7230170070446857,172.71794871794873,32.27312659267654
2105,3.02210749954969,3.7230170070446857,172.71794871794873,32.27312659267654
2106,3.02210749954969,3.7230170070446857,172.71794871794873,32.27312659267654
2107,3.02210749954969,3.7230170070446857,172.71794871794873,32.27312659267654
2108,3.02210749954969,3.7230170070446857,172.71794871794873,32.27312659267654
2109,3.02210749954969,3.7230170070446857,172.71794871794873,32.27312659267654
2110,3.02210749954969,3.7230170070446857,172.71794871794873,32.27312659267654
2111,3.02210749954969,3.7230170070446857,172.71794871794873,32.27312659267654
2112,3.02210749954969,3.7230170070446857,172.71794871794873,32.27312659267654
2113,3.02210749954969,3.7230170070446857,172.71794871794873,32.27312659267654
2114,3.02210749954969,3.7230170070446857,172.71794871794873,32.27312659267654
2115,3.02210749954969,3.7230170070446857,172.71794871794873,32.27312659267654
2116,3.02210749954969,3.7230170070446857,172.71794871794873,32.27312659267654
2117,3.02210749954969,3.7230170070446857,172.71794871794873,32.27312659267654
2118,2.94466252016733,3.7152773605236256,166.71794871794873,33.30812711705017
2119,2.94466252016733,3.7152773605236256,166.71794871794873,33.30812711705017
2120,2.94466252016733,3.7152773605236256,166.71794871794873,33.30812711705017
2121,2.94466252016733,3.7152773605236256,166.71794871794873,33.30812711705017
2122,2.94466252016733,3.7152773605236256,166.71794871794873,33.30812711705017
2123,2.94466252016733,3.7152773605236256,166.71794871794873,33.30812711705017
2124,2.94466252016733,3.7152773605236256,166.71794871794873,33.30812711705017
2125,2.94466252016733,3.7152773605236256,166.71794871794873,33.30812711705017
2126,2.94466252016733,3.7152773605236256,166.71794871794873,33.30812711705017
2127,2.94466252016733,3.7152773605236256,166.71794871794873,33.30812711705017
2128,2.94466252016733,3.7152773605236256,166.71794871794873,33.30812711705017
2129,2.94466252016733,3.7152773605236256,166.71794871794873,33.30812711705017
2130,2.94466252016733,3.7152773605236256,166.71794871794873,33.30812711705017
2131,2.94466252016733,3.7152773605236256,166.71794871794873,33.30812711705017
2132,2.94466252016733,3.7152773605236256,166.71794871794873,33.30812711705017
2133,2.94466252016733,3.7152773605236256,166.71794871794873,33.30812711705017
2134,2.94466252016733,3.7152773605236256,166.71794871794873,33.30812711705017
2135,2.94466252016733,3.7152773605236256,166.71794871794873,33.30812711705017
2136,2.94466252016733,3.7152773605236256,166.71794871794873,33.30812711705017
2137,2.94466252016733,3.7152773605236256,166.71794871794873,33.30812711705017
2138,2.94466252016733,3.7152773605236256,166.71794871794873,33.30812711705017
2139,2.94466252016733,3.7152773605236256,166.71794871794873,33.30812711705017
2140,2.94466252016733,3.7152773605236256,166.71794871794873,33.30812711705017
2141,2.94466252016733,3.7152773605236256,166.71794871794873,33.30812711705017
2142,2.94466252016733,3.7152773605236256,166.71794871794873,33.30812711705017
2143,2.94466252016733,3.7152773605236256,166.71794871794873,33.30812711705017
2144,2.94466252016733,3.7152773605236256,166.71794871794873,33.30812711705017
2145,2.94466252016733,3.7152773605236256,166.71794871794873,33.30812711705017
2146,2.94466252016733,3.7152773605236256,166.71794871794873,33.30812711705017
2147,2.94466252016733,3.7152773605236256,166.71794871794873,33.30812711705017
2148,2.94466252016733,3.7152773605236256,166.71794871794873,33.30812711705017
2149,2.94466252016733,3.7152773605236256,166.71794871794873,33.30812711705017
2150,2.94466252016733,3.7152773605236256,166.71794871794873,33.30812711705017
2151,2.94466252016733,3.7152773605236256,166.71794871794873,33.30812711705017
2152,2.94466252016733,3.7152773605236256,166.71794871794873,33.30812711705017
2153,2.94466252016733,3.7152773605236256,166.71794871794873,33.30812711705017
2154,2.94466252016733,3.7152773605236256,166.71794871794873,33.30812711705017
2155,2.94466252016733,3.7152773605236256,166.71794871794873,33.30812711705017
2156,2.94466252016733,3.7152773605236256,166.71794871794873,33.30812711705017
2157,2.94466252016733,3.7152773605236256,166.71794871794873,33.30812711705017
2158,2.94466252016733,3.7152773605236256,166.71794871794873,33.30812711705017
2159,2.94466252016733,3.7152773605236256,166.71794871794873,33.30812711705017
2160,2.94466252016733,3.7152773605236256,166.71794871794873,33.30812711705017
2161,2.94466252016733,3.7152773605236256,166.71794871794873,33.30812711705017
2162,2.94466252016733,3.7152773605236256,166.71794871794873,33.30812711705017
2163,2.94466252016733,3.7152773605236256,166.71794871794873,33.30812711705017
2164,3.02210749954969,3.7230170070446857,172.71794871794873,32.27312659267654
2165,3.02210749954969,3.7230170070446857,172.71794871794873,32.27312659267654
2166,3.02210749954969,3.7230170070446857,172.71794871794873,32.27312659267654
2167,3.02210749954969,3.7230170070446857,172.71794871794873,32.27312659267654
2168,3.02210749954969,3.7230170070446857,172.71794871794873,32.27312659267654
2169,3.02210749954969,3.7230170070446857,172.71794871794873,32.27312659267654
2170,3.02210749954969,3.7230170070446857,172.71794871794873,32.27312659267654
2171,3.02210749954969,3.7230170070446857,172.71794871794873,32.27312659267654
2172,3.02210749954969,3.7230170070446857,172.71794871794873,32.27312659267654
2173,3.02210749954969,3.7230170070446857,172.71794871794873,32.27312659267654
2174,3.02210749954969,3.7230170070446857,172.71794871794873,32.27312659267654
2175,3.02210749954969,3.7230170070446857,172.71794871794873,32.27312659267654
2176,3.02210749954969,3.7230170070446857,172.71794871794873,32.27312659267654
2177,3.02210749954969,3.7230170070446857,172.71794871794873,32.27312659267654
2178,3.02210749954969,3.7230170070446857,172.71794871794873,32.27312659267654
2179,3.02210749954969,3.7230170070446857,172.71794871794873,32.27312659267654
2180,3.02210749954969,3.7230170070446857,172.71794871794873,32.27312659267654
2181,3.02210749954969,3.7230170070446857,172.71794871794873,32.27312659267654
2182,3.02210749954969,3.7230170070446857,172.71794871794873,32.27312659267654
2183,3.02210749954969,3.7230170070446857,172.71794871794873,32.27312659267654
2184,3.02210749954969,3.7230170070446857,172.71794871794873,32.27312659267654
2185,3.02210749954969,3.7230170070446857,172.71794871794873,32.27312659267654
2186,3.02210749954969,3.7230170070446857,172.71794871794873,32.27312659267654
2187,3.02210749954969,3.7230170070446857,172.71794871794873,32.27312659267654
2188,3.02210749954969,3.7230170070446857,172.71794871794873,32.27312659267654
2189,3.02210749954969,3.7230170070446857,172.71794871794873,32.27312659267654
2190,3.02210749954969,3.7230170070446857,172.71794871794873,32.27312659267654
2191,3.02210749954969,3.7230170070446857,172.71794871794873,32.27312659267654
2192,3.02210749954969,3.7230170070446857,172.71794871794873,32.27312659267654
2193,3.02210749954969,3.7230170070446857,172.71794871794873,32.27312659267654
2194,3.02210749954969,3.7230170070446857,172.71794871794873,32.27312659267654
2195,3.02210749954969,3.7230170070446857,172.71794871794873,32.27312659267654
2196,3.02210749954969,3.7230170070446857,172.71794871794873,32.27312659267654
2197,3.02210749954969,3.7230170070446857,172.71794871794873,32.27312659267654
2198,3.02210749954969,3.7230170070446857,172.71794871794873,32.27312659267654
2199,3.02210749954969,3.7230170070446857,172.71794871794873,32.27312659267654
2200,3.02210749954969,3.7230170070446857,172.71794871794873,32.27312659267654
2201,3.02210749954969,3.7230170070446857,172.71794871794873,32.27312659267654
2202,3.02210749954969,3.7230170070446857,172.71794871794873,32.27312659267654
2203,3.02210749954969,3.7230170070446857,172.71794871794873,32.27312659267654
2204,3.02210749954969,3.7230170070446857,172.71794871794873,32.27312659267654
2205,3.02210749954969,3.7230170070446857,172.71794871794873,32.27312659267654
2206,3.02210749954969,3.7230170070446857,172.71794871794873,32.27312659267654
2207,3.02210749954969,3.7230170070446857,172.71794871794873,32.27312659267654
2208,3.02210749954969,3.7230170070446857,172.71794871794873,32.27312659267654
2209,3.02210749954969,3.7230170070446857,172.71794871794873,32.27312659267654
2210,3.02210749954969,3.7230170070446857,172.71794871794873,32.27312659267654
2211,2.94466252016733,3.7152773605236256,166.71794871794873,33.30812711705017
2212,2.94466252016733,3.7152773605236256,166.71794871794873,33.30812711705017
2213,2.94466252016733,3.7152773605236256,166.71794871794873,33.30812711705017
2214,2.94466252016733,3.7152773605236256,166.71794871794873,33.30812711705017
2215,2.94466252016733,3.7152773605236256,166.71794871794873,33.30812711705017
2216,2.94466252016733,3.7152773605236256,166.71794871794873,33.30812711705017
2217,2.94466252016733,3.7152773605236256,166.71794871794873,33.30812711705017
2218,2.94466252016733,3.7152773605236256,166.71794871794873,33.30812711705017
2219,2.94466252016733,3.7152773605236256,166.71794871794873,33.30812711705017
2220,2.94466252016733,3.7152773605236256,166.71794871794873,33.30812711705017
2221,2.94466252016733,3.7152773605236256,166.71794871794873,33.30812711705017
2222,2.94466252016733,3.7152773605236256,166.71794871794873,33.30812711705017
2223,2.94466252016733,3.7152773605236256,166.71794871794873,33.30812711705017
2224,2.94466252016733,3.7152773605236256,166.71794871794873,33.30812711705017
2225,2.94466252016733,3.7152773605236256,166.71794871794873,33.30812711705017
2226,2.94466252016733,3.7152773605236256,166.71794871794873,33.30812711705017
2227,2.94466252016733,3.7152773605236256,166.71794871794873,33.30812711705017
2228,2.94466252016733,3.7152773605236256,166.71794871794873,33.30812711705017
2229,2.94466252016733,3.7152773605236256,166.71794871794873,33.30812711705017
2230,2.94466252016733,3.7152773605236256,166.71794871794873,33.30812711705017
2231,2.94466252016733,3.7152773605236256,166.71794871794873,33.30812711705017
2232,2.94466252016733,3.7152773605236256,166.71794871794873,33.30812711705017
2233,2.94466252016733,3.7152773605236256,166.71794871794873,33.30812711705017
2234,2.94466252016733,3.7152773605236256,166.71794871794873,33.30812711705017
2235,2.94466252016733,3.7152773605236256,166.71794871794873,33.30812711705017
2236,2.94466252016733,3.7152773605236256,166.71794871794873,33.30812711705017
2237,2.94466252016733,3.7152773605236256,166.71794871794873,33.30812711705017
2238,2.94466252016733,3.7152773605236256,166.71794871794873,33.30812711705017
2239,2.94466252016733,3.7152773605236256,166.71794871794873,33.30812711705017
2240,2.94466252016733,3.7152773605236256,166.71794871794873,33.30812711705017
2241,2.94466252016733,3.7152773605236256,166.71794871794873,33.30812711705017
2242,2.94466252016733,3.7152773605236256,166.71794871794873,33.30812711705017
2243,2.94466252016733,3.7152773605236256,166.71794871794873,33.30812711705017
2244,2.94466252016733,3.7152773605236256,166.71794871794873,33.30812711705017
2245,2.94466252016733,3.7152773605236256,166.71794871794873,33.30812711705017
2246,2.94466252016733,3.7152773605236256,166.71794871794873,33.30812711705017
2247,2.94466252016733,3.7152773605236256,166.71794871794873,33.30812711705017
2248,2.94466252016733,3.7152773605236256,166.71794871794873,33.30812711705017
2249,2.94466252016733,3.7152773605236256,166.71794871794873,33.30812711705017
2250,2.94466252016733,3.7152773605236256,166.71794871794873,33.30812711705017
2251,2.94466252016733,3.7152773605236256,166.71794871794873,33.30812711705017
2252,2.94466252016733,3.7152773605236256,166.71794871794873,33.30812711705017
2253,2.94466252016733,3.7152773605236256,166.71794871794873,33.30812711705017
2254,2.94466252016733,3.7152773605236256,166.71794871794873,33.30812711705017
2255,2.94466252016733,3.7152773605236256,166.71794871794873,33.30812711705017
2256,2.94466252016733,3.7152773605236256,166.71794871794873,33.30812711705017
2257,2.94466252016733,3.7152773605236256,166.71794871794873,33.30812711705017
2258,3.02210749954969,3.7230170070446857,172.71794871794873,32.27312659267654
2259,3.02210749954969,3.7230170070446857,172.71794871794873,32.27312659267654
2260,3.02210749954969,3.7230170070446857,172.71794871794873,32.27312659267654
2261,3.02210749954969,3.7230170070446857,172.71794871794873,32.27312659267654
2262,3.02210749954969,3.7230170070446857,172.71794871794873,32.27312659267654
2263,3.02210749954969,3.7230170070446857,172.71794871794873,32.27312659267654
2264,3.02210749954969,3.7230170070446857,172.71794871794873,32.27312659267654
2265,3.02210749954969,3.7230170070446857,172.71794871794873,32.27312659267654
2266,3.02210749954969,3.7230170070446857,172.71794871794873,32.27312659267654
2267,3.02210749954969,3.7230170070446857,172.71794871794873,32.27312659267654
2268,3.02210749954969,3.7230170070446857,172.71794871794873,32.27312659267654
2269,3.02210749954969,3.7230170070446857,172.71794871794873,32.27312659267654
2270,3.02210749954969,3.7230170070446857,172.71794871794873,32.27312659267654
2271,3.02210749954969,3.7230170070446857,172.71794871794873,32.27312659267654
2272,3.02210749954969,3.7230170070446857,172.71794871794873,32.27312659267654
2273,3.02210749954969,3.7230170070446857,172.71794871794873,32.27312659267654
2274,3.02210749954969,3.7230170070446857,172.71794871794873,32.27312659267654
2275,3.02210749954969,3.7230170070446857,172.71794871794873,32.27312659267654
2276,3.02210749954969,3.7230170070446857,172.71794871794873,32.27312659267654
2277,3.02210749954969,3.7230170070446857,172.71794871794873,32.27312659267654
2278,3.02210749954969,3.7230170070446857,172.71794871794873,32.27312659267654
2279,3.02210749954969,3.7230170070446857,172.71794871794873,32.27312659267654
2280,3.02210749954969,3.7230170070446857,172.71794871794873,32.27312659267654
2281,3.02210749954969,3.7230170070446857,172.71794871794873,32.27312659267654
2282,3.02210749954969,3.7230170070446857,172.71794871794873,32.27312659267654
2283,3.02210749954969,3.7230170070446857,172.71794871794873,32.27312659267654
2284,3.02210749954969,3.7230170070446857,172.71794871794873,32.27312659267654
2285,3.02210749954969,3.7230170070446857,172.71794871794873,32.27312659267654
2286,3.02210749954969,3.7230170070446857,172.71794871794873,32.27312659267654
2287,3.02210749954969,3.7230170070446857,172.71794871794873,32.27312659267654
2288,3.02210749954969,3.7230170070446857,172.71794871794873,32.27312659267654
2289,3.02210749954969,3.7230170070446857,172.71794871794873,32.27312659267654
2290,3.02210749954969,3.7230170070446857,172.71794871794873,32.27312659267654
2291,3.02210749954969,3.7230170070446857,172.71794871794873,32.27312659267654
2292,3.02210749954969,3.7230170070446857,172.71794871794873,32.27312659267654
2293,3.02210749954969,3.7230170070446857,172.71794871794873,32.27312659267654
2294,3.02210749954969,3.7230170070446857,172.71794871794873,32.27312659267654
2295,3.02210749954969,3.7230170070446857,172.71794871794873,32.27312659267654
2296,3.02210749954969,3.7230170070446857,172.71794871794873,32.27312659267654
2297,3.02210749954969,3.7230170070446857,172.71794871794873,32.27312659267654
2298,3.02210749954969,3.7230170070446857,172.71794871794873,32.27312659267654
2299,3.02210749954969,3.7230170070446857,172.71794871794873,32.27312659267654
2300,3.02210749954969,3.7230170070446857,172.71794871794873,32.27312659267654
2301,3.02210749954969,3.7230170070446857,172.71794871794873,32.27312659267654
2302,3.02210749954969,3.7230170070446857,172.71794871794873,32.27312659267654
2303,3.02210749954969,3.7230170070446857,172.71794871794873,32.27312659267654
2304,3.02210749954969,3.7230170070446857,172.71794871794873,32.27312659267654
2305,3.02210749954969,3.7230170070446857,172.71794871794873,32.27312659267654
2306,2.94466252016733,3.7152773605236256,166.71794871794873,33.30812711705017
2307,2.94466252016733,3.7152773605236256,166.71794871794873,33.30812711705017
2308,2.94466252016733,3.7152773605236256,166.71794871794873,33.30812711705017
2309,2.94466252016733,3.7152773605236256,166.71794871794873,33.30812711705017
2310,2.94466252016733,3.7152773605236256,166.71794871794873,33.30812711705017
2311,2.94466252016733,3.7152773605236256,166.71794871794873,33.30812711705017
2312,2.94466252016733,3.7152773605236256,166.71794871794873,33.30812711705017
2313,2.94466252016733,3.7152773605236256,166.71794871794873,33.30812711705017
2314,2.94466252016733,3.7152773605236256,166.71794871794873,33.30812711705017
2315,2.94466252016733,3.7152773605236256,166.71794871794873,33.30812711705017
2316,2.94466252016733,3.7152773605236256,166.71794871794873,33.30812711705017
2317,2.94466252016733,3.7152773605236256,166.71794871794873,33.30812711705017
2318,2.94466252016733,3.7152773605236256,166.71794871794873,33.30812711705017
2319,2.94466252016733,3.7152773605236256,166.71794871794873,33.30812711705017
2320,2.94466252016733,3.7152773605236256,166.71794871794873,33.30812711705017
2321,2.94466252016733,3.7152773605236256,166.71794871794873,33.30812711705017
2322,2.94466252016733,3.7152773605236256,166.71794871794873,33.30812711705017
2323,2.94466252016733,3.7152773605236256,166.71794871794873,33.30812711705017
2324,2.94466252016733,3.7152773605236256,166.71794871794873,33.30812711705017
2325,2.94466252016733,3.7152773605236256,166.71794871794873,33.30812711705017
2326,2.94466252016733,3.7152773605236256,166.71794871794873,33.30812711705017
2327,2.94466252016733,3.7152773605236256,166.71794871794873,33.30812711705017
2328,2.94466252016733,3.7152773605236256,166.71794871794873,33.30812711705017
2329,2.94466252016733,3.7152773605236256,166.71794871794873,33.30812711705017
2330,2.94466252016733,3.7152773605236256,166.71794871794873,33.30812711705017
2331,2.94466252016733,3.7152773605236256,166.71794871794873,33.30812711705017
2332,2.94466252016733,3.7152773605236256,166.71794871794873,33.30812711705017
2333,2.94466252016733,3.7152773605236256,166.71794871794873,33.30812711705017
2334,2.94466252016733,3.7152773605236256,166.71794871794873,33.30812711705017
2335,2.94466252016733,3.7152773605236256,166.71794871794873,33.30812711705017
2336,2.94466252016733,3.7152773605236256,166.71794871794873,33.30812711705017
2337,2.94466252016733,3.7152773605236256,166.71794871794873,33.30812711705017
2338,2.94466252016733,3.7152773605236256,166.71794871794873,33.30812711705017
2339,2.94466252016733,3.7152773605236256,166.71794871794873,33.30812711705017
2340,2.94466252016733,3.7152773605236256,166.71794871794873,33.30812711705017
2341,2.94466252016733,3.7152773605236256,166.71794871794873,33.30812711705017
2342,2.94466252016733,3.7152773605236256,166.71794871794873,33.30812711705017
2343,2.94466252016733,3.7152773605236256,166.71794871794873,33.30812711705017
2344,2.94466252016733,3.7152773605236256,166.71794871794873,33.30812711705017
2345,2.94466252016733,3.7152773605236256,166.71794871794873,33.30812711705017
2346,2.94466252016733,3.7152773605236256,166.71794871794873,33.30812711705017
2347,2.94466252016733,3.7152773605236256,166.71794871794873,33.30812711705017
2348,2.94466252016733,3.7152773605236256,166.71794871794873,33.30812711705017
2349,2.94466252016733,3.7152773605236256,166.71794871794873,33.30812711705017
2350,2.94466252016733,3.7152773605236256,166.71794871794873,33.30812711705017
2351,2.94466252016733,3.7152773605236256,166.71794871794873,33.30812711705017
2352,2.94466252016733,3.7152773605236256,166.71794871794873,33.30812711705017
2353,3.02210749954969,3.7230170070446857,172.71794871794873,32.27312659267654
2354,3.02210749954969,3.7230170070446857,172.71794871794873,32.27312659267654
2355,3.02210749954969,3.7230170070446857,172.71794871794873,32.27312659267654
2356,3.02210749954969,3.7230170070446857,172.71794871794873,32.27312659267654
2357,3.02210749954969,3.7230170070446857,172.71794871794873,32.27312659267654
2358,3.02210749954969,3.7230170070446857,172.71794871794873,32.27312659267654
2359,3.02210749954969,3.7230170070446857,172.71794871794873,32.27312659267654
2360,3.02210749954969,3.7230170070446857,172.71794871794873,32.27312659267654
2361,3.02210749954969,3.7230170070446857,172.71794871794873,32.27312659267654
2362,3.02210749954969,3.7230170070446857,172.71794871794873,32.27312659267654
2363,3.02210749954969,3.7230170070446857,172.71794871794873,32.27312659267654
2364,3.02210749954969,3.7230170070446857,172.71794871794873,32.27312659267654
2365,3.02210749954969,3.7230170070446857,172.71794871794873,32.27312659267654
2366,3.02210749954969,3.7230170070446857,172.71794871794873,32.27312659267654
2367,3.02210749954969,3.7230170070446857,172.71794871794873,32.27312659267654
2368,3.02210749954969,3.7230170070446857,172.71794871794873,32.27312659267654
2369,3.02210749954969,3.7230170070446857,172.71794871794873,32.27312659267654
2370,3.02210749954969,3.7230170070446857,172.71794871794873,32.27312659267654
2371,3.02210749954969,3.7230170070446857,172.71794871794873,32.27312659267654
2372,3.02210749954969,3.7230170070446857,172.71794871794873,32.27312659267654
2373,3.02210749954969,3.7230170070446857,172.71794871794873,32.27312659267654
2374,3.02210749954969,3.7230170070446857,172.71794871794873,32.27312659267654
2375,3.02210749954969,3.7230170070446857,172.71794871794873,32.27312659267654
2376,3.02210749954969,3.7230170070446857,172.71794871794873,32.27312659267654
2377,3.02210749954969,3.7230170070446857,172.71794871794873,32.27312659267654
2378,3.02210749954969,3.7230170070446857,172.71794871794873,32.27312659267654
2379,3.02210749954969,3.7230170070446857,172.71794871794873,32.27312659267654
2380,3.02210749954969,3.7230170070446857,172.71794871794873,32.27312659267654
2381,3.02210749954969,3.7230170070446857,172.71794871794873,32.27312659267654
2382,3.02210749954969,3.7230170070446857,172.71794871794873,32.27312659267654
2383,3.02210749954969,3.7230170070446857,172.71794871794873,32.27312659267654
2384,3.02210749954969,3.7230170070446857,172.71794871794873,32.27312659267654
2385,3.02210749954969,3.7230170070446857,172.71794871794873,32.27312659267654
2386,3.02210749954969,3.7230170070446857,172.71794871794873,32.27312659267654
2387,3.02210749954969,3.7230170070446857,172.71794871794873,32.27312659267654
2388,3.02210749954969,3.7230170070446857,172.71794871794873,32.27312659267654
2389,3.02210749954969,3.7230170070446857,172.71794871794873,32.27312659267654
2390,3.02210749954969,3.7230170070446857,172.71794871794873,32.27312659267654
2391,3.02210749954969,3.7230170070446857,172.71794871794873,32.27312659267654
2392,3.02210749954969,3.7230170070446857,172.71794871794873,32.27312659267654
2393,3.02210749954969,3.7230170070446857,172.71794871794873,32.27312659267654
2394,3.02210749954969,3.7230170070446857,172.71794871794873,32.27312659267654
2395,3.02210749954969,3.7230170070446857,172.71794871794873,32.27312659267654
2396,3.02210749954969,3.7230170070446857,172.71794871794873,32.27312659267654
2397,3.02210749954969,3.7230170070446857,172.71794871794873,32.27312659267654
2398,3.02210749954969,3.7230170070446857,172.71794871794873,32.27312659267654
2399,3.02210749954969,3.7230170070446857,172.71794871794873,32.27312659267654
2400,3.02210749954969,3.7230170070446857,172.71794871794873,32.27312659267654
2401,2.94466252016733,3.7152773605236256,166.71794871794873,33.30812711705017
2402,2.94466252016733,3.7152773605236256,166.71794871794873,33.30812711705017
2403,2.94466252016733,3.7152773605236256,166.71794871794873,33.30812711705017
2404,2.94466252016733,3.7152773605236256,166.71794871794873,33.30812711705017
2405,2.94466252016733,3.7152773605236256,166.71794871794873,33.30812711705017
2406,2.94466252016733,3.7152773605236256,166.71794871794873,33.30812711705017
2407,2.94466252016733,3.7152773605236256,166.71794871794873,33.30812711705017
2408,2.94466252016733,3.7152773605236256,166.71794871794873,33.30812711705017
2409,2.94466252016733,3.7152773605236256,166.71794871794873,33.30812711705017
2410,2.94466252016733,3.7152773605236256,166.71794871794873,33.30812711705017
2411,2.94466252016733,3.7152773605236256,166.71794871794873,33.30812711705017
2412,2.94466252016733,3.7152773605236256,166.71794871794873,33.30812711705017
2413,2.94466252016733,3.7152773605236256,166.71794871794873,33.30812711705017
2414,2.94466252016733,3.7152773605236256,166.71794871794873,33.30812711705017
2415,2.94466252016733,3.7152773605236256,166.71794871794873,33.30812711705017
2416,2.94466252016733,3.7152773605236256,166.71794871794873,33.30812711705017
2417,2.94466252016733,3.7152773605236256,166.71794871794873,33.30812711705017
2418,2.94466252016733,3.7152773605236256,166.71794871794873,33.30812711705017
2419,2.94466252016733,3.7152773605236256,166.71794871794873,33.30812711705017
2420,2.94466252016733,3.7152773605236256,166.71794871794873,33.30812711705017
2421,2.94466252016733,3.7152773605236256,166.71794871794873,33.30812711705017
2422,2.94466252016733,3.7152773605236256,166.71794871794873,33.30812711705017
2423,2.94466252016733,3.7152773605236256,166.71794871794873,33.30812711705017
2424,2.94466252016733,3.7152773605236256,166.71794871794873,33.30812711705017
2425,2.94466252016733,3.7152773605236256,166.71794871794873,33.30812711705017
2426,2.94466252016733,3.7152773605236256,166.71794871794873,33.30812711705017
2427,2.94466252016733,3.7152773605236256,166.71794871794873,33.30812711705017
2428,2.94466252016733,3.7152773605236256,166.71794871794873,33.30812711705017
2429,2.94466252016733,3.7152773605236256,166.71794871794873,33.30812711705017
2430,2.94466252016733,3.7152773605236256,166.71794871794873,33.30812711705017
2431,2.94466252016733,3.7152773605236256,166.71794871794873,33.30812711705017
2432,2.94466252016733,3.7152773605236256,166.71794871794873,33.30812711705017
2433,2.94466252016733,3.7152773605236256,166.71794871794873,33.30812711705017
2434,2.94466252016733,3.7152773605236256,166.71794871794873,33.30812711705017
2435,2.94466252016733,3.7152773605236256,166.71794871794873,33.30812711705017
2436,2.94466252016733,3.7152773605236256,166.71794871794873,33.30812711705017
2437,2.94466252016733,3.7152773605236256,166.71794871794873,33.30812711705017
2438,2.94466252016733,3.7152773605236256,166.71794871794873,33.30812711705017
2439,2.94466252016733,3.7152773605236256,166.71794871794873,33.30812711705017
2440,2.94466252016733,3.7152773605236256,166.71794871794873,33.30812711705017
2441,2.94466252016733,3.7152773605236256,166.71794871794873,33.30812711705017
2442,2.94466252016733,3.7152773605236256,166.71794871794873,33.30812711705017
2443,2.94466252016733,3.7152773605236256,166.71794871794873,33.30812711705017
2444,2.94466252016733,3.7152773605236256,166.71794871794873,33.30812711705017
2445,2.94466252016733,3.7152773605236256,166.71794871794873,33.30812711705017
2446,2.94466252016733,3.7152773605236256,166.71794871794873,33.30812711705017
2447,2.94466252016733,3.7152773605236256,166.71794871794873,33.30812711705017
2448,3.02210749954969,3.7230170070446857,172.71794871794873,32.27312659267654
2449,3.02210749954969,3.7230170070446857,172.71794871794873,32.27312659267654
2450,3.02210749954969,3.7230170070446857,172.71794871794873,32.27312659267654
2451,3.02210749954969,3.7230170070446857,172.71794871794873,32.27312659267654
2452,3.02210749954969,3.7230170070446857,172.71794871794873,32.27312659267654
2453,3.02210749954969,3.7230170070446857,172.71794871794873,32.27312659267654
2454,3.02210749954969,3.7230170070446857,172.71794871794873,32.27312659267654
2455,3.02210749954969,3.7230170070446857,172.71794871794873,32.27312659267654
2456,3.02210749954969,3.7230170070446857,172.71794871794873,32.27312659267654
2457,3.02210749954969,3.7230170070446857,172.71794871794873,32.27312659267654
2458,3.02210749954969,3.7230170070446857,172.71794871794873,32.27312659267654
2459,3.02210749954969,3.7230170070446857,172.71794871794873,32.27312659267654
2460,3.02210749954969,3.7230170070446857,172.71794871794873,32.27312659267654
2461,3.02210749954969,3.7230170070446857,172.71794871794873,32.27312659267654
2462,3.02210749954969,3.7230170070446857,172.71794871794873,32.27312659267654
2463,3.02210749954969,3.7230170070446857,172.71794871794873,32.27312659267654
2464,3.02210749954969,3.7230170070446857,172.71794871794873,32.27312659267654
2465,3.02210749954969,3.7230170070446857,172.71794871794873,32.27312659267654
2466,3.02210749954969,3.7230170070446857,172.71794871794873,32.27312659267654
2467,3.02210749954969,3.7230170070446857,172.71794871794873,32.27312659267654
2468,3.02210749954969,3.7230170070446857,172.71794871794873,32.27312659267654
2469,3.02210749954969,3.7230170070446857,172.71794871794873,32.27312659267654
2470,3.02210749954969,3.7230170070446857,172.71794871794873,32.27312659267654
2471,3.02210749954969,3.7230170070446857,172.71794871794873,32.27312659267654
2472,3.02210749954969,3.7230170070446857,172.71794871794873,32.27312659267654
2473,3.02210749954969,3.7230170070446857,172.71794871794873,32.27312659267654
2474,3.02210749954969,3.7230170070446857,172.71794871794873,32.27312659267654
2475,3.02210749954969,3.7230170070446857,172.71794871794873,32.27312659267654
2476,3.02210749954969,3.7230170070446857,172.71794871794873,32.27312659267654
2477,3.02210749954969,3.7230170070446857,172.71794871794873,32.27312659267654
2478,3.02210749954969,3.7230170070446857,172.71794871794873,32.27312659267654
2479,3.02210749954969,3.7230170070446857,172.71794871794873,32.27312659267654
2480,3.02210749954969,3.7230170070446857,172.71794871794873,32.27312659267654
2481,3.02210749954969,3.7230170070446857,172.71794871794873,32.27312659267654
2482,3.02210749954969,3.7230170070446857,172.71794871794873,32.27312659267654
2483,3.02210749954969,3.7230170070446857,172.71794871794873,32.27312659267654
2484,3.02210749954969,3.7230170070446857,172.71794871794873,32.27312659267654
2485,3.02210749954969,3.7230170070446857,172.71794871794873,32.27312659267654
2486,3.02210749954969,3.7230170070446857,172.71794871794873,32.27312659267654
2487,3.02210749954969,3.7230170070446857,172.71794871794873,32.27312659267654
2488,3.02210749954969,3.7230170070446857,172.71794871794873,32.27312659267654
2489,3.02210749954969,3.7230170070446857,172.71794871794873,32.27312659267654
2490,3.02210749954969,3.7230170070446857,172.71794871794873,32.27312659267654
2491,3.02210749954969,3.7230170070446857,172.71794871794873,32.27312659267654
2492,3.02210749954969,3.7230170070446857,172.71794871794873,32.27312659267654
2493,3.02210749954969,3.7230170070446857,172.71794871794873,32.27312659267654
2494,3.02210749954969,3.7230170070446857,172.71794871794873,32.27312659267654
2495,3.02210749954969,3.7230170070446857,172.71794871794873,32.27312659267654
2496,2.94466252016733,3.7152773605236256,166.71794871794873,33.30812711705017
2497,2.94466252016733,3.7152773605236256,166.71794871794873,33.30812711705017
2498,2.94466252016733,3.7152773605236256,166.71794871794873,33.30812711705017
2499,2.94466252016733,3.7152773605236256,166.71794871794873,33.30812711705017
2500,2.94466252016733,3.7152773605236256,166.71794871794873,33.30812711705017
2501,2.94466252016733,3.7152773605236256,166.71794871794873,33.30812711705017
2502,2.94466252016733,3.7152773605236256,166.71794871794873,33.30812711705017
2503,2.94466252016733,3.7152773605236256,166.71794871794873,33.30812711705017
2504,2.94466252016733,3.7152773605236256,166.71794871794873,33.30812711705017
2505,2.94466252016733,3.7152773605236256,166.71794871794873,33.30812711705017
2506,2.94466252016733,3.7152773605236256,166.71794871794873,33.30812711705017
2507,2.94466252016733,3.7152773605236256,166.71794871794873,33.30812711705017
2508,2.94466252016733,3.7152773605236256,166.71794871794873,33.30812711705017
2509,2.94466252016733,3.7152773605236256,166.71794871794873,33.30812711705017
2510,2.94466252016733,3.7152773605236256,166.71794871794873,33.30812711705017
2511,2.94466252016733,3.7152773605236256,166.71794871794873,33.30812711705017
2512,2.94466252016733,3.7152773605236256,166.71794871794873,33.30812711705017
2513,2.94466252016733,3.7152773605236256,166.71794871794873,33.30812711705017
2514,2.94466252016733,3.7152773605236256,166.71794871794873,33.30812711705017
2515,2.94466252016733,3.7152773605236256,166.71794871794873,33.30812711705017
2516,2.94466252016733,3.7152773605236256,166.71794871794873,33.30812711705017
2517,2.94466252016733,3.7152773605236256,166.71794871794873,33.30812711705017
2518,2.94466252016733,3.7152773605236256,166.71794871794873,33.30812711705017
2519,2.94466252016733,3.7152773605236256,166.71794871794873,33.30812711705017
2520,2.94466252016733,3.7152773605236256,166.71794871794873,33.30812711705017
2521,2.94466252016733,3.7152773605236256,166.71794871794873,33.30812711705017
2522,2.94466252016733,3.7152773605236256,166.71794871794873,33.30812711705017
2523,2.94466252016733,3.7152773605236256,166.71794871794873,33.30812711705017
2524,2.94466252016733,3.7152773605236256,166.71794871794873,33.30812711705017
2525,2.94466252016733,3.7152773605236256,166.71794871794873,33.30812711705017
2526,2.94466252016733,3.7152773605236256,166.71794871794873,33.30812711705017
2527,2.94466252016733,3.7152773605236256,166.71794871794873,33.30812711705017
2528,2.94466252016733,3.7152773605236256,166.71794871794873,33.30812711705017
2529,2.94466252016733,3.7152773605236256,166.71794871794873,33.30812711705017
2530,2.94466252016733,3.7152773605236256,166.71794871794873,33.30812711705017
2531,2.94466252016733,3.7152773605236256,166.71794871794873,33.30812711705017
2532,2.94466252016733,3.7152773605236256,166.71794871794873,33.30812711705017
2533,2.94466252016733,3.7152773605236256,166.71794871794873,33.30812711705017
2534,2.94466252016733,3.7152773605236256,166.71794871794873,33.30812711705017
2535,2.94466252016733,3.7152773605236256,166.71794871794873,33.30812711705017
2536,2.94466252016733,3.7152773605236256,166.71794871794873,33.30812711705017
2537,2.94466252016733,3.7152773605236256,166.71794871794873,33.30812711705017
2538,2.94466252016733,3.7152773605236256,166.71794871794873,33.30812711705017
2539,2.94466252016733,3.7152773605236256,166.71794871794873,33.30812711705017
2540,2.94466252016733,3.7152773605236256,166.71794871794873,33.30812711705017
2541,2.94466252016733,3.7152773605236256,166.71794871794873,33.30812711705017
2542,2.94466252016733,3.7152773605236256,166.71794871794873,33.30812711705017
2543,2.94466252016733,3.7152773605236256,166.71794871794873,33.30812711705017
2544,3.02210749954969,3.7230170070446857,172.71794871794873,32.27312659267654
2545,3.02210749954969,3.7230170070446857,172.71794871794873,32.27312659267654
2546,3.02210749954969,3.7230170070446857,172.71794871794873,32.27312659267654
2547,3.02210749954969,3.7230170070446857,172.71794871794873,32.27312659267654
2548,3.02210749954969,3.7230170070446857,172.71794871794873,32.27312659267654
2549,3.02210749954969,3.7230170070446857,172.71794871794873,32.27312659267654
2550,3.02210749954969,3.7230170070446857,172.71794871794873,32.27312659267654
2551,3.02210749954969,3.7230170070446857,172.71794871794873,32.27312659267654
2552,3.02210749954969,3.7230170070446857,172.71794871794873,32.27312659267654
2553,3.02210749954969,3.7230170070446857,172.71794871794873,32.27312659267654
2554,3.02210749954969,3.7230170070446857,172.71794871794873,32.27312659267654
2555,3.02210749954969,3.7230170070446857,172.71794871794873,32.27312659267654
2556,3.02210749954969,3.7230170070446857,172.71794871794873,32.27312659267654
2557,3.02210749954969,3.7230170070446857,172.71794871794873,32.27312659267654
2558,3.02210749954969,3.7230170070446857,172.71794871794873,32.27312659267654
2559,3.02210749954969,3.7230170070446857,172.71794871794873,32.27312659267654
2560,3.02210749954969,3.7230170070446857,172.71794871794873,32.27312659267654
2561,3.02210749954969,3.7230170070446857,172.71794871794873,32.27312659267654
2562,3.02210749954969,3.7230170070446857,172.71794871794873,32.27312659267654
2563,3.02210749954969,3.7230170070446857,172.71794871794873,32.27312659267654
2564,3.02210749954969,3.7230170070446857,172.71794871794873,32.27312659267654
2565,3.02210749954969,3.7230170070446857,172.71794871794873,32.27312659267654
2566,3.02210749954969,3.7230170070446857,172.71794871794873,32.27312659267654
2567,3.02210749954969,3.7230170070446857,172.71794871794873,32.27312659267654
2568,3.02210749954969,3.7230170070446857,172.71794871794873,32.27312659267654
2569,3.02210749954969,3.7230170070446857,172.71794871794873,32.27312659267654
2570,3.02210749954969,3.7230170070446857,172.71794871794873,32.27312659267654
2571,3.02210749954969,3.7230170070446857,172.71794871794873,32.27312659267654
2572,3.02210749954969,3.7230170070446857,172.71794871794873,32.27312659267654
2573,3.02210749954969,3.7230170070446857,172.71794871794873,32.27312659267654
2574,3.02210749954969,3.7230170070446857,172.71794871794873,32.27312659267654
2575,3.02210749954969,3.7230170070446857,172.71794871794873,32.27312659267654
2576,3.02210749954969,3.7230170070446857,172.71794871794873,32.27312659267654
2577,3.02210749954969,3.7230170070446857,172.71794871794873,32.27312659267654
2578,3.02210749954969,3.7230170070446857,172.71794871794873,32.27312659267654
2579,3.02210749954969,3.7230170070446857,172.71794871794873,32.27312659267654
2580,3.02210749954969,3.7230170070446857,172.71794871794873,32.27312659267654
2581,3.02210749954969,3.7230170070446857,172.71794871794873,32.27312659267654
2582,3.02210749954969,3.7230170070446857,172.71794871794873,32.27312659267654
2583,3.02210749954969,3.7230170070446857,172.71794871794873,32.27312659267654
2584,3.02210749954969,3.7230170070446857,172.71794871794873,32.27312659267654
2585,3.02210749954969,3.7230170070446857,172.71794871794873,32.27312659267654
2586,3.02210749954969,3.7230170070446857,172.71794871794873,32.27312659267654
2587,3.02210749954969,3.7230170070446857,172.71794871794873,32.27312659267654
2588,3.02210749954969,3.7230170070446857,172.71794871794873,32.27312659267654
2589,3.02210749954969,3.7230170070446857,172.71794871794873,32.27312659267654
2590,3.02210749954969,3.7230170070446857,172.71794871794873,32.27312659267654
2591,3.02210749954969,3.7230170070446857,172.71794871794873,32.27312659267654
2592,3.02210749954969,3.7230170070446857,172.71794871794873,32.27312659267654
2593,2.94466252016733,3.7152773605236256,166.71794871794873,33.30812711705017
2594,2.94466252016733,3.7152773605236256,166.71794871794873,33.30812711705017
2595,2.94466252016733,3.7152773605236256,166.71794871794873,33.30812711705017
2596,2.94466252016733,3.7152773605236256,166.71794871794873,33.30812711705017
2597,2.94466252016733,3.7152773605236256,166.71794871794873,33.30812711705017
2598,2.94466252016733,3.7152773605236256,166.71794871794873,33.30812711705017
2599,2.94466252016733,3.7152773605236256,166.71794871794873,33.30812711705017
2600,2.94466252016733,3.7152773605236256,166.71794871794873,33.30812711705017
2601,2.94466252016733,3.7152773605236256,166.71794871794873,33.30812711705017
2602,2.94466252016733,3.7152773605236256,166.71794871794873,33.30812711705017
2603,2.94466252016733,3.7152773605236256,166.71794871794873,33.30812711705017
2604,2.94466252016733,3.7152773605236256,166.71794871794873,33.30812711705017
2605,2.94466252016733,3.7152773605236256,166.71794871794873,33.30812711705017
2606,2.94466252016733,3.7152773605236256,166.71794871794873,33.30812711705017
2607,2.94466252016733,3.7152773605236256,166.71794871794873,33.30812711705017
2608,2.94466252016733,3.7152773605236256,166.71794871794873,33.30812711705017
2609,2.94466252016733,3.7152773605236256,166.71794871794873,33.30812711705017
2610,2.94466252016733,3.7152773605236256,166.71794871794873,33.30812711705017
2611,2.94466252016733,3.7152773605236256,166.71794871794873,33.30812711705017
2612,2.94466252016733,3.7152773605236256,166.71794871794873,33.30812711705017
2613,2.94466252016733,3.7152773605236256,166.71794871794873,33.30812711705017
2614,2.94466252016733,3.7152773605236256,166.71794871794873,33.30812711705017
2615,2.94466252016733,3.7152773605236256,166.71794871794873,33.30812711705017
2616,2.94466252016733,3.7152773605236256,166.71794871794873,33.30812711705017
2617,2.94466252016733,3.7152773605236256,166.71794871794873,33.30812711705017
2618,2.94466252016733,3.7152773605236256,166.71794871794873,33.30812711705017
2619,2.94466252016733,3.7152773605236256,166.71794871794873,33.30812711705017
2620,2.94466252016733,3.7152773605236256,166.71794871794873,33.30812711705017
2621,2.94466252016733,3.7152773605236256,166.71794871794873,33.30812711705017
2622,2.94466252016733,3.7152773605236256,166.71794871794873,33.30812711705017
2623,2.94466252016733,3.7152773605236256,166.71794871794873,33.30812711705017
2624,2.94466252016733,3.7152773605236256,166.71794871794873,33.30812711705017
2625,2.94466252016733,3.7152773605236256,166.71794871794873,33.30812711705017
2626,2.94466252016733,3.7152773605236256,166.71794871794873,33.30812711705017
2627,2.94466252016733,3.7152773605236256,166.71794871794873,33.30812711705017
2628,2.94466252016733,3.7152773605236256,166.71794871794873,33.30812711705017
2629,2.94466252016733,3.7152773605236256,166.71794871794873,33.30812711705017
2630,2.94466252016733,3.7152773605236256,166.71794871794873,33.30812711705017
2631,2.94466252016733,3.7152773605236256,166.71794871794873,33.30812711705017
2632,2.94466252016733,3.7152773605236256,166.71794871794873,33.30812711705017
2633,2.94466252016733,3.7152773605236256,166.71794871794873,33.30812711705017
2634,2.94466252016733,3.7152773605236256,166.71794871794873,33.30812711705017
2635,2.94466252016733,3.7152773605236256,166.71794871794873,33.30812711705017
2636,2.94466252016733,3.7152773605236256,166.71794871794873,33.30812711705017
2637,2.94466252016733,3.7152773605236256,166.71794871794873,33.30812711705017
2638,2.94466252016733,3.7152773605236256,166.71794871794873,33.30812711705017
2639,2.94466252016733,3.7152773605236256,166.71794871794873,33.30812711705017
2640,2.94466252016733,3.7152773605236256,166.71794871794873,33.30812711705017
2641,3.02210749954969,3.7230170070446857,172.71794871794873,32.27312659267654
2642,3.02210749954969,3.7230170070446857,172.71794871794873,32.27312659267654
2643,3.02210749954969,3.7230170070446857,172.71794871794873,32.27312659267654
2644,3.02210749954969,3.7230170070446857,172.71794871794873,32.27312659267654
2645,3.02210749954969,3.7230170070446857,172.71794871794873,32.27312659267654
2646,3.02210749954969,3.7230170070446857,172.71794871794873,32.27312659267654
2647,3.02210749954969,3.7230170070446857,172.71794871794873,32.27312659267654
2648,3.02210749954969,3.7230170070446857,172.71794871794873,32.27312659267654
2649,3.02210749954969,3.7230170070446857,172.71794871794873,32.27312659267654
2650,3.02210749954969,3.7230170070446857,172.71794871794873,32.27312659267654
2651,3.02210749954969,3.7230170070446857,172.71794871794873,32.27312659267654
2652,3.02210749954969,3.7230170070446857,172.71794871794873,32.27312659267654
2653,3.02210749954969,3.7230170070446857,172.71794871794873,32.27312659267654
2654,3.02210749954969,3.7230170070446857,172.71794871794873,32.27312659267654
2655,3.02210749954969,3.7230170070446857,172.71794871794873,32.27312659267654
2656,3.02210749954969,3.7230170070446857,172.71794871794873,32.27312659267654
2657,3.02210749954969,3.7230170070446857,172.71794871794873,32.27312659267654
2658,3.02210749954969,3.7230170070446857,172.71794871794873,32.27312659267654
2659,3.02210749954969,3.7230170070446857,172.71794871794873,32.27312659267654
2660,3.02210749954969,3.7230170070446857,172.71794871794873,32.27312659267654
2661,3.02210749954969,3.7230170070446857,172.71794871794873,32.27312659267654
2662,3.02210749954969,3.7230170070446857,172.71794871794873,32.27312659267654
2663,3.02210749954969,3.7230170070446857,172.71794871794873,32.27312659267654
2664,3.02210749954969,3.7230170070446857,172.71794871794873,32.27312659267654
2665,3.02210749954969,3.7230170070446857,172.71794871794873,32.27312659267654
2666,3.02210749954969,3.7230170070446857,172.71794871794873,32.27312659267654
2667,3.02210749954969,3.7230170070446857,172.71794871794873,32.27312659267654
2668,3.02210749954969,3.7230170070446857,172.71794871794873,32.27312659267654
2669,3.02210749954969,3.7230170070446857,172.71794871794873,32.27312659267654
2670,3.02210749954969,3.7230170070446857,172.71794871794873,32.27312659267654
2671,3.02210749954969,3.7230170070446857,172.71794871794873,32.27312659267654
2672,3.02210749954969,3.7230170070446857,172.71794871794873,32.27312659267654
2673,3.02210749954969,3.7230170070446857,172.71794871794873,32.27312659267654
2674,3.02210749954969,3.7230170070446857,172.71794871794873,32.27312659267654
2675,3.02210749954969,3.7230170070446857,172.71794871794873,32.27312659267654
2676,3.02210749954969,3.7230170070446857,172.71794871794873,32.27312659267654
2677,3.02210749954969,3.7230170070446857,172.71794871794873,32.27312659267654
2678,3.02210749954969,3.7230170070446857,172.71794871794873,32.27312659267654
2679,3.02210749954969,3.7230170070446857,172.71794871794873,32.27312659267654
2680,3.02210749954969,3.7230170070446857,172.71794871794873,32.27312659267654
2681,3.02210749954969,3.7230170070446857,172.71794871794873,32.27312659267654
2682,3.02210749954969,3.7230170070446857,172.71794871794873,32.27312659267654
2683,3.02210749954969,3.7230170070446857,172.71794871794873,32.27312659267654
2684,3.02210749954969,3.7230170070446857,172.71794871794873,32.27312659267654
2685,3.02210749954969,3.7230170070446857,172.71794871794873,32.27312659267654
2686,3.02210749954969,3.7230170070446857,172.71794871794873,32.27312659267654
2687,3.02210749954969,3.7230170070446857,172.71794871794873,32.27312659267654
2688,3.02210749954969,3.7230170070446857,172.71794871794873,32.27312659267654
2689,3.02210749954969,3.7230170070446857,172.71794871794873,32.27312659267654
2690,2.94466252016733,3.7152773605236256,166.71794871794873,33.30812711705017
2691,2.94466252016733,3.7152773605236256,166.71794871794873,33.30812711705017
2692,2.94466252016733,3.7152773605236256,166.71794871794873,33.30812711705017
2693,2.94466252016733,3.7152773605236256,166.71794871794873,33.30812711705017
2694,2.94466252016733,3.7152773605236256,166.71794871794873,33.30812711705017
2695,2.94466252016733,3.7152773605236256,166.71794871794873,33.30812711705017
2696,2.94466252016733,3.7152773605236256,166.71794871794873,33.30812711705017
2697,2.94466252016733,3.7152773605236256,166.71794871794873,33.30812711705017
2698,2.94466252016733,3.7152773605236256,166.71794871794873,33.30812711705017
2699,2.94466252016733,3.7152773605236256,166.71794871794873,33.30812711705017
2700,2.94466252016733,3.7152773605236256,166.71794871794873,33.30812711705017
2701,2.94466252016733,3.7152773605236256,166.71794871794873,33.30812711705017
2702,2.94466252016733,3.7152773605236256,166.71794871794873,33.30812711705017
2703,2.94466252016733,3.7152773605236256,166.71794871794873,33.30812711705017
2704,2.94466252016733,3.7152773605236256,166.71794871794873,33.30812711705017
2705,2.94466252016733,3.7152773605236256,166.71794871794873,33.30812711705017
2706,2.94466252016733,3.7152773605236256,166.71794871794873,33.30812711705017
2707,2.94466252016733,3.7152773605236256,166.71794871794873,33.30812711705017
2708,2.94466252016733,3.7152773605236256,166.71794871794873,33.30812711705017
2709,2.94466252016733,3.7152773605236256,166.71794871794873,33.30812711705017
2710,2.94466252016733,3.7152773605236256,166.71794871794873,33.30812711705017
2711,2.94466252016733,3.7152773605236256,166.71794871794873,33.30812711705017
2712,2.94466252016733,3.7152773605236256,166.71794871794873,33.30812711705017
2713,2.94466252016733,3.7152773605236256,166.71794871794873,33.30812711705017
2714,2.94466252016733,3.7152773605236256,166.71794871794873,33.30812711705017
2715,2.94466252016733,3.7152773605236256,166.71794871794873,33.30812711705017
2716,2.94466252016733,3.7152773605236256,166.71794871794873,33.30812711705017
2717,2.94466252016733,3.7152773605236256,166.71794871794873,33.30812711705017
2718,2.94466252016733,3.7152773605236256,166.71794871794873,33.30812711705017
2719,2.94466252016733,3.7152773605236256,166.71794871794873,33.30812711705017
2720,2.94466252016733,3.7152773605236256,166.71794871794873,33.30812711705017
2721,2.94466252016733,3.7152773605236256,166.71794871794873,33.30812711705017
2722,2.94466252016733,3.7152773605236256,166.71794871794873,33.30812711705017
2723,2.94466252016733,3.7152773605236256,166.71794871794873,33.30812711705017
2724,2.94466252016733,3.7152773605236256,166.71794871794873,33.30812711705017
2725,2.94466252016733,3.7152773605236256,166.71794871794873,33.30812711705017
2726,2.94466252016733,3.7152773605236256,166.71794871794873,33.30812711705017
2727,2.94466252016733,3.7152773605236256,166.71794871794873,33.30812711705017
2728,2.94466252016733,3.7152773605236256,166.71794871794873,33.30812711705017
2729,2.94466252016733,3.7152773605236256,166.71794871794873,33.30812711705017
2730,2.94466252016733,3.7152773605236256,166.71794871794873,33.30812711705017
2731,2.94466252016733,3.7152773605236256,166.71794871794873,33.30812711705017
2732,2.94466252016733,3.7152773605236256,166.71794871794873,33.30812711705017
2733,2.94466252016733,3.7152773605236256,166.71794871794873,33.30812711705017
2734,2.94466252016733,3.7152773605236256,166.71794871794873,33.30812711705017
2735,2.94466252016733,3.7152773605236256,166.71794871794873,33.30812711705017
2736,2.94466252016733,3.7152773605236256,166.71794871794873,33.30812711705017
2737,2.94466252016733,3.7152773605236256,166.71794871794873,33.30812711705017
2738,3.02210749954969,3.7230170070446857,172.71794871794873,32.27312659267654
2739,3.02210749954969,3.7230170070446857,172.71794871794873,32.27312659267654
2740,3.02210749954969,3.7230170070446857,172.71794871794873,32.27312659267654
2741,3.02210749954969,3.7230170070446857,172.71794871794873,32.27312659267654
2742,3.02210749954969,3.7230170070446857,172.71794871794873,32.27312659267654
2743,3.02210749954969,3.7230170070446857,172.71794871794873,32.27312659267654
2744,3.02210749954969,3.7230170070446857,172.71794871794873,32.27312659267654
2745,3.02210749954969,3.7230170070446857,172.71794871794873,32.27312659267654
2746,3.02210749954969,3.7230170070446857,172.71794871794873,32.27312659267654
2747,3.02210749954969,3.7230170070446857,172.71794871794873,32.27312659267654
2748,3.02210749954969,3.7230170070446857,172.71794871794873,32.27312659267654
2749,3.02210749954969,3.7230170070446857,172.71794871794873,32.27312659267654
2750,3.02210749954969,3.7230170070446857,172.71794871794873,32.27312659267654
2751,3.02210749954969,3.7230170070446857,172.71794871794873,32.27312659267654
2752,3.02210749954969,3.7230170070446857,172.71794871794873,32.27312659267654
2753,3.02210749954969,3.7230170070446857,172.71794871794873,32.27312659267654
2754,3.02210749954969,3.7230170070446857,172.71794871794873,32.27312659267654
2755,3.02210749954969,3.7230170070446857,172.71794871794873,32.27312659267654
2756,3.02210749954969,3.7230170070446857,172.71794871794873,32.27312659267654
2757,3.02210749954969,3.7230170070446857,172.71794871794873,32.27312659267654
2758,3.02210749954969,3.7230170070446857,172.71794871794873,32.27312659267654
2759,3.02210749954969,3.7230170070446857,172.71794871794873,32.27312659267654
2760,3.02210749954969,3.7230170070446857,172.71794871794873,32.27312659267654
2761,3.02210749954969,3.7230170070446857,172.71794871794873,32.27312659267654
2762,3.02210749954969,3.7230170070446857,172.71794871794873,32.27312659267654
2763,3.02210749954969,3.7230170070446857,172.71794871794873,32.27312659267654
2764,3.02210749954969,3.7230170070446857,172.71794871794873,32.27312659267654
2765,3.02210749954969,3.7230170070446857,172.71794871794873,32.27312659267654
2766,3.02210749954969,3.7230170070446857,172.71794871794873,32.27312659267654
2767,3.02210749954969,3.7230170070446857,172.71794871794873,32.27312659267654
2768,3.02210749954969,3.7230170070446857,172.71794871794873,32.27312659267654
2769,3.02210749954969,3.7230170070446857,172.71794871794873,32.27312659267654
2770,3.02210749954969,3.7230170070446857,172.71794871794873,32.27312659267654
2771,3.02210749954969,3.7230170070446857,172.71794871794873,32.27312659267654
2772,3.02210749954969,3.7230170070446857,172.71794871794873,32.27312659267654
2773,3.02210749954969,3.7230170070446857,172.71794871794873,32.27312659267654
2774,3.02210749954969,3.7230170070446857,172.71794871794873,32.27312659267654
2775,3.02210749954969,3.7230170070446857,172.71794871794873,32.27312659267654
2776,3.02210749954969,3.7230170070446857,172.71794871794873,32.27312659267654
2777,3.02210749954969,3.7230170070446857,172.71794871794873,32.27312659267654
2778,3.02210749954969,3.7230170070446857,172.71794871794873,32.27312659267654
2779,3.02210749954969,3.7230170070446857,172.71794871794873,32.27312659267654
2780,3.02210749954969,3.7230170070446857,172.71794871794873,32.27312659267654
2781,3.02210749954969,3.7230170070446857,172.71794871794873,32.27312659267654
2782,3.02210749954969,3.7230170070446857,172.71794871794873,32.27312659267654
2783,3.02210749954969,3.7230170070446857,172.71794871794873,32.27312659267654
2784,3.02210749954969,3.7230170070446857,172.71794871794873,32.27312659267654
2785,3.02210749954969,3.7230170070446857,172.71794871794873,32.27312659267654
2786,3.02210749954969,3.7230170070446857,172.71794871794873,32.27312659267654
2787,2.94466252016733,3.7152773605236256,166.71794871794873,33.30812711705017
2788,2.94466252016733,3.7152773605236256,166.71794871794873,33.30812711705017
2789,2.94466252016733,3.7152773605236256,166.71794871794873,33.30812711705017
2790,2.94466252016733,3.7152773605236256,166.71794871794873,33.30812711705017
2791,2.94466252016733,3.7152773605236256,166.71794871794873,33.30812711705017
2792,2.94466252016733,3.7152773605236256,166.71794871794873,33.30812711705017
2793,2.94466252016733,3.7152773605236256,166.71794871794873,33.30812711705017
2794,2.94466252016733,3.7152773605236256,166.71794871794873,33.30812711705017
2795,2.94466252016733,3.7152773605236256,166.71794871794873,33.30812711705017
2796,2.94466252016733,3.7152773605236256,166.71794871794873,33.30812711705017
2797,2.94466252016733,3.7152773605236256,166.71794871794873,33.30812711705017
2798,2.94466252016733,3.7152773605236256,166.71794871794873,33.30812711705017
2799,2.94466252016733,3.7152773605236256,166.71794871794873,33.30812711705017
2800,2.94466252016733,3.7152773605236256,166.71794871794873,33.30812711705017
2801,2.94466252016733,3.7152773605236256,166.71794871794873,33.30812711705017
2802,2.94466252016733,3.7152773605236256,166.71794871794873,33.30812711705017
2803,2.94466252016733,3.7152773605236256,166.71794871794873,33.30812711705017
2804,2.94466252016733,3.7152773605236256,166.71794871794873,33.30812711705017
2805,2.94466252016733,3.7152773605236256,166.71794871794873,33.30812711705017
2806,2.94466252016733,3.7152773605236256,166.71794871794873,33.30812711705017
2807,2.94466252016733,3.7152773605236256,166.71794871794873,33.30812711705017
2808,2.94466252016733,3.7152773605236256,166.71794871794873,33.30812711705017
2809,2.94466252016733,3.7152773605236256,166.71794871794873,33.30812711705017
2810,2.94466252016733,3.7152773605236256,166.71794871794873,33.30812711705017
2811,2.94466252016733,3.7152773605236256,166.71794871794873,33.30812711705017
2812,2.94466252016733,3.7152773605236256,166.71794871794873,33.30812711705017
2813,2.94466252016733,3.7152773605236256,166.71794871794873,33.30812711705017
2814,2.94466252016733,3.7152773605236256,166.71794871794873,33.30812711705017
2815,2.94466252016733,3.7152773605236256,166.71794871794873,33.30812711705017
2816,2.94466252016733,3.7152773605236256,166.71794871794873,33.30812711705017
2817,2.94466252016733,3.7152773605236256,166.71794871794873,33.30812711705017
2818,2.94466252016733,3.7152773605236256,166.71794871794873,33.30812711705017
2819,2.94466252016733,3.7152773605236256,166.71794871794873,33.30812711705017
2820,2.94466252016733,3.7152773605236256,166.71794871794873,33.30812711705017
2821,2.94466252016733,3.7152773605236256,166.71794871794873,33.30812711705017
2822,2.94466252016733,3.7152773605236256,166.71794871794873,33.30812711705017
2823,2.94466252016733,3.7152773605236256,166.71794871794873,33.30812711705017
2824,2.94466252016733,3.7152773605236256,166.71794871794873,33.30812711705017
2825,2.94466252016733,3.7152773605236256,166.71794871794873,33.30812711705017
2826,2.94466252016733,3.7152773605236256,166.71794871794873,33.30812711705017
2827,2.94466252016733,3.7152773605236256,166.71794871794873,33.30812711705017
2828,2.94466252016733,3.7152773605236256,166.71794871794873,33.30812711705017
2829,2.94466252016733,3.7152773605236256,166.71794871794873,33.30812711705017
2830,2.94466252016733,3.7152773605236256,166.71794871794873,33.30812711705017
2831,2.94466252016733,3.7152773605236256,166.71794871794873,33.30812711705017
2832,2.94466252016733,3.7152773605236256,166.71794871794873,33.30812711705017
2833,2.94466252016733,3.7152773605236256,166.71794871794873,33.30812711705017
2834,2.94466252016733,3.7152773605236256,166.71794871794873,33.30812711705017
2835,3.02210749954969,3.7230170070446857,172.71794871794873,32.27312659267654
2836,3.02210749954969,3.7230170070446857,172.71794871794873,32.27312659267654
2837,3.02210749954969,3.7230170070446857,172.71794871794873,32.27312659267654
2838,3.02210749954969,3.7230170070446857,172.71794871794873,32.27312659267654
2839,3.02210749954969,3.7230170070446857,172.71794871794873,32.27312659267654
2840,3.02210749954969,3.7230170070446857,172.71794871794873,32.27312659267654
2841,3.02210749954969,3.7230170070446857,172.71794871794873,32.27312659267654
2842,3.02210749954969,3.7230170070446857,172.71794871794873,32.27312659267654
2843,3.02210749954969,3.7230170070446857,172.71794871794873,32.27312659267654
2844,3.02210749954969,3.7230170070446857,172.71794871794873,32.27312659267654
2845,3.02210749954969,3.7230170070446857,172.71794871794873,32.27312659267654
2846,3.02210749954969,3.7230170070446857,172.71794871794873,32.27312659267654
2847,3.02210749954969,3.7230170070446857,172.71794871794873,32.27312659267654
2848,3.02210749954969,3.7230170070446857,172.71794871794873,32.27312659267654
2849,3.02210749954969,3.7230170070446857,172.71794871794873,32.27312659267654
2850,3.02210749954969,3.7230170070446857,172.71794871794873,32.27312659267654
2851,3.02210749954969,3.7230170070446857,172.71794871794873,32.27312659267654
2852,3.02210749954969,3.7230170070446857,172.71794871794873,32.27312659267654
2853,3.02210749954969,3.7230170070446857,172.71794871794873,32.27312659267654
2854,3.02210749954969,3.7230170070446857,172.71794871794873,32.27312659267654
2855,3.02210749954969,3.7230170070446857,172.71794871794873,32.27312659267654
2856,3.02210749954969,3.7230170070446857,172.71794871794873,32.27312659267654
2857,3.02210749954969,3.7230170070446857,172.71794871794873,32.27312659267654
2858,3.02210749954969,3.7230170070446857,172.71794871794873,32.27312659267654
2859,3.02210749954969,3.7230170070446857,172.71794871794873,32.27312659267654
2860,3.02210749954969,3.7230170070446857,172.71794871794873,32.27312659267654
2861,3.02210749954969,3.7230170070446857,172.71794871794873,32.27312659267654
2862,3.02210749954969,3.7230170070446857,172.71794871794873,32.27312659267654
2863,3.02210749954969,3.7230170070446857,172.71794871794873,32.27312659267654
2864,3.02210749954969,3.7230170070446857,172.71794871794873,32.27312659267654
2865,3.02210749954969,3.7230170070446857,172.71794871794873,32.27312659267654
2866,3.02210749954969,3.7230170070446857,172.71794871794873,32.27312659267654
2867,3.02210749954969,3.7230170070446857,172.71794871794873,32.27312659267654
2868,3.02210749954969,3.7230170070446857,172.71794871794873,32.27312659267654
2869,3.02210749954969,3.7230170070446857,172.71794871794873,32.27312659267654
2870,3.02210749954969,3.7230170070446857,172.71794871794873,32.27312659267654
2871,3.02210749954969,3.7230170070446857,172.71794871794873,32.27312659267654
2872,3.02210749954969,3.7230170070446857,172.71794871794873,32.27312659267654
2873,3.02210749954969,3.7230170070446857,172.71794871794873,32.27312659267654
2874,3.02210749954969,3.7230170070446857,172.71794871794873,32.27312659267654
2875,3.02210749954969,3.7230170070446857,172.71794871794873,32.27312659267654
2876,3.02210749954969,3.7230170070446857,172.71794871794873,32.27312659267654
2877,3.02210749954969,3.7230170070446857,172.71794871794873,32.27312659267654
2878,3.02210749954969,3.7230170070446857,172.71794871794873,32.27312659267654
2879,3.02210749954969,3.7230170070446857,172.71794871794873,32.27312659267654
2880,3.02210749954969,3.7230170070446857,172.71794871794873,32.27312659267654
2881,3.02210749954969,3.7230170070446857,172.71794871794873,32.27312659267654
2882,3.02210749954969,3.7230170070446857,172.71794871794873,32.27312659267654
2883,3.02210749954969,3.7230170070446857,172.71794871794873,32.27312659267654
2884,2.94466252016733,3.7152773605236256,166.71794871794873,33.30812711705017
2885,2.94466252016733,3.7152773605236256,166.71794871794873,33.30812711705017
2886,2.94466252016733,3.7152773605236256,166.71794871794873,33.30812711705017
2887,2.94466252016733,3.7152773605236256,166.71794871794873,33.30812711705017
2888,2.94466252016733,3.7152773605236256,166.71794871794873,33.30812711705017
2889,2.94466252016733,3.7152773605236256,166.71794871794873,33.30812711705017
2890,2.94466252016733,3.7152773605236256,166.71794871794873,33.30812711705017
2891,2.94466252016733,3.7152773605236256,166.71794871794873,33.30812711705017
2892,2.94466252016733,3.7152773605236256,166.71794871794873,33.30812711705017
2893,2.94466252016733,3.7152773605236256,166.71794871794873,33.30812711705017
2894,2.94466252016733,3.7152773605236256,166.71794871794873,33.30812711705017
2895,2.94466252016733,3.7152773605236256,166.71794871794873,33.30812711705017
2896,2.94466252016733,3.7152773605236256,166.71794871794873,33.30812711705017
2897,2.94466252016733,3.7152773605236256,166.71794871794873,33.30812711705017
2898,2.94466252016733,3.7152773605236256,166.71794871794873,33.30812711705017
2899,2.94466252016733,3.7152773605236256,166.71794871794873,33.30812711705017
2900,2.94466252016733,3.7152773605236256,166.71794871794873,33.30812711705017
2901,2.94466252016733,3.7152773605236256,166.71794871794873,33.30812711705017
2902,2.94466252016733,3.7152773605236256,166.71794871794873,33.30812711705017
2903,2.94466252016733,3.7152773605236256,166.71794871794873,33.30812711705017
2904,2.94466252016733,3.7152773605236256,166.71794871794873,33.30812711705017
2905,2.94466252016733,3.7152773605236256,166.71794871794873,33.30812711705017
2906,2.94466252016733,3.7152773605236256,166.71794871794873,33.30812711705017
2907,2.94466252016733,3.7152773605236256,166.71794871794873,33.30812711705017
2908,2.94466252016733,3.7152773605236256,166.71794871794873,33.30812711705017
2909,2.94466252016733,3.7152773605236256,166.71794871794873,33.30812711705017
2910,2.94466252016733,3.7152773605236256,166.71794871794873,33.30812711705017
2911,2.94466252016733,3.7152773605236256,166.71794871794873,33.30812711705017
2912,2.94466252016733,3.7152773605236256,166.71794871794873,33.30812711705017
2913,2.94466252016733,3.7152773605236256,166.71794871794873,33.30812711705017
2914,2.94466252016733,3.7152773605236256,166.71794871794873,33.30812711705017
2915,2.94466252016733,3.7152773605236256,166.71794871794873,33.30812711705017
2916,2.94466252016733,3.7152773605236256,166.71794871794873,33.30812711705017
2917,2.94466252016733,3.7152773605236256,166.71794871794873,33.30812711705017
2918,2.94466252016733,3.7152773605236256,166.71794871794873,33.30812711705017
2919,2.94466252016733,3.7152773605236256,166.71794871794873,33.30812711705017
2920,2.94466252016733,3.7152773605236256,166.71794871794873,33.30812711705017
2921,2.94466252016733,3.7152773605236256,166.71794871794873,33.30812711705017
2922,2.94466252016733,3.7152773605236256,166.71794871794873,33.30812711705017
2923,2.94466252016733,3.7152773605236256,166.71794871794873,33.30812711705017
2924,2.94466252016733,3.7152773605236256,166.71794871794873,33.30812711705017
2925,2.94466252016733,3.7152773605236256,166.71794871794873,33.30812711705017
2926,2.94466252016733,3.7152773605236256,166.71794871794873,33.30812711705017
2927,2.94466252016733,3.7152773605236256,166.71794871794873,33.30812711705017
2928,2.94466252016733,3.7152773605236256,166.71794871794873,33.30812711705017
2929,2.94466252016733,3.7152773605236256,166.71794871794873,33.30812711705017
2930,2.94466252016733,3.7152773605236256,166.71794871794873,33.30812711705017
2931,2.94466252016733,3.7152773605236256,166.71794871794873,33.30812711705017
2932,3.02210749954969,3.7230170070446857,172.71794871794873,32.27312659267654
2933,3.02210749954969,3.7230170070446857,172.71794871794873,32.27312659267654
2934,3.02210749954969,3.7230170070446857,172.71794871794873,32.27312659267654
2935,3.02210749954969,3.7230170070446857,172.71794871794873,32.27312659267654
2936,3.02210749954969,3.7230170070446857,172.71794871794873,32.27312659267654
2937,3.02210749954969,3.7230170070446857,172.71794871794873,32.27312659267654
2938,3.02210749954969,3.7230170070446857,172.71794871794873,32.27312659267654
2939,3.02210749954969,3.7230170070446857,172.71794871794873,32.27312659267654
2940,3.02210749954969,3.7230170070446857,172.71794871794873,32.27312659267654
2941,3.02210749954969,3.7230170070446857,172.71794871794873,32.27312659267654
2942,3.02210749954969,3.7230170070446857,172.71794871794873,32.27312659267654
2943,3.02210749954969,3.7230170070446857,172.71794871794873,32.27312659267654
2944,3.02210749954969,3.7230170070446857,172.71794871794873,32.27312659267654
2945,3.02210749954969,3.7230170070446857,172.71794871794873,32.27312659267654
2946,3.02210749954969,3.7230170070446857,172.71794871794873,32.27312659267654
2947,3.02210749954969,3.7230170070446857,172.71794871794873,32.27312659267654
2948,3.02210749954969,3.7230170070446857,172.71794871794873,32.27312659267654
2949,3.02210749954969,3.7230170070446857,172.71794871794873,32.27312659267654
2950,3.02210749954969,3.7230170070446857,172.71794871794873,32.27312659267654
2951,3.02210749954969,3.7230170070446857,172.71794871794873,32.27312659267654
2952,3.02210749954969,3.7230170070446857,172.71794871794873,32.27312659267654
2953,3.02210749954969,3.7230170070446857,172.71794871794873,32.27312659267654
2954,3.02210749954969,3.7230170070446857,172.71794871794873,32.27312659267654
2955,3.02210749954969,3.7230170070446857,172.71794871794873,32.27312659267654
2956,3.02210749954969,3.7230170070446857,172.71794871794873,32.27312659267654
2957,3.02210749954969,3.7230170070446857,172.71794871794873,32.27312659267654
2958,3.02210749954969,3.7230170070446857,172.71794871794873,32.27312659267654
2959,3.02210749954969,3.7230170070446857,172.71794871794873,32.27312659267654
2960,3.02210749954969,3.7230170070446857,172.71794871794873,32.27312659267654
2961,3.02210749954969,3.7230170070446857,172.71794871794873,32.27312659267654
2962,3.02210749954969,3.7230170070446857,172.71794871794873,32.27312659267654
2963,3.02210749954969,3.7230170070446857,172.71794871794873,32.27312659267654
2964,3.02210749954969,3.7230170070446857,172.71794871794873,32.27312659267654
2965,3.02210749954969,3.7230170070446857,172.71794871794873,32.27312659267654
2966,3.02210749954969,3.7230170070446857,172.71794871794873,32.27312659267654
2967,3.02210749954969,3.7230170070446857,172.71794871794873,32.27312659267654
2968,3.02210749954969,3.7230170070446857,172.71794871794873,32.27312659267654
2969,3.02210749954969,3.7230170070446857,172.71794871794873,32.27312659267654
2970,3.02210749954969,3.7230170070446857,172.71794871794873,32.27312659267654
2971,3.02210749954969,3.7230170070446857,172.71794871794873,32.27312659267654
2972,3.02210749954969,3.7230170070446857,172.71794871794873,32.27312659267654
2973,3.02210749954969,3.7230170070446857,172.71794871794873,32.27312659267654
2974,3.02210749954969,3.7230170070446857,172.71794871794873,32.27312659267654
2975,3.02210749954969,3.7230170070446857,172.71794871794873,32.27312659267654
2976,3.02210749954969,3.7230170070446857,172.71794871794873,32.27312659267654
2977,3.02210749954969,3.7230170070446857,172.71794871794873,32.27312659267654
2978,3.02210749954969,3.7230170070446857,172.71794871794873,32.27312659267654
2979,3.02210749954969,3.7230170070446857,172.71794871794873,32.27312659267654
2980,3.02210749954969,3.7230170070446857,172.71794871794873,32.27312659267654
2981,2.8230615449579974,3.547648623236587,168.15384615384616,31.72420919957263
2982,2.8230615449579974,3.547648623236587,168.15384615384616,31.72420919957263
2983,2.8230615449579974,3.547648623236587,168.15384615384616,31.72420919957263
2984,2.8230615449579974,3.547648623236587,168.15384615384616,31.72420919957263
2985,2.8230615449579974,3.547648623236587,168.15384615384616,31.72420919957263
2986,2.8230615449579974,3.547648623236587,168.15384615384616,31.72420919957263
2987,2.8230615449579974,3.547648623236587,168.15384615384616,31.72420919957263
2988,2.8230615449579974,3.547648623236587,168.15384615384616,31.72420919957263
2989,2.8230615449579974,3.547648623236587,168.15384615384616,31.72420919957263
2990,2.8230615449579974,3.547648623236587,168.15384615384616,31.72420919957263
2991,2.8230615449579974,3.547648623236587,168.15384615384616,31.72420919957263
2992,2.8230615449579974,3.547648623236587,168.15384615384616,31.72420919957263
2993,2.8230615449579974,3.547648623236587,168.15384615384616,31.72420919957263
2994,2.8230615449579974,3.547648623236587,168.15384615384616,31.72420919957263
2995,2.8230615449579974,3.547648623236587,168.15384615384616,31.72420919957263
2996,2.8230615449579974,3.547648623236587,168.15384615384616,31.72420919957263
2997,2.8230615449579974,3.547648623236587,168.15384615384616,31.72420919957263
2998,2.8230615449579974,3.547648623236587,168.15384615384616,31.72420919957263
2999,2.8230615449579974,3.547648623236587,168.15384615384616,31.72420919957263
3000,2.8230615449579974,3.547648623236587,168.15384615384616,31.72420919957263
3001,2.8230615449579974,3.547648623236587,168.15384615384616,31.72420919957263
3002,2.8230615449579974,3.547648623236587,168.15384615384616,31.72420919957263
3003,2.8230615449579974,3.547648623236587,168.15384615384616,31.72420919957263
3004,2.8230615449579974,3.547648623236587,168.15384615384616,31.72420919957263
3005,2.8230615449579974,3.547648623236587,168.15384615384616,31.72420919957263
3006,2.8230615449579974,3.547648623236587,168.15384615384616,31.72420919957263
3007,2.8230615449579974,3.547648623236587,168.15384615384616,31.72420919957263
3008,2.8230615449579974,3.547648623236587,168.15384615384616,31.72420919957263
3009,2.8230615449579974,3.547648623236587,168.15384615384616,31.72420919957263
3010,2.8230615449579974,3.547648623236587,168.15384615384616,31.72420919957263
3011,2.8230615449579974,3.547648623236587,168.15384615384616,31.72420919957263
3012,2.8230615449579974,3.547648623236587,168.15384615384616,31.72420919957263
3013,2.8230615449579974,3.547648623236587,168.15384615384616,31.72420919957263
3014,2.8230615449579974,3.547648623236587,168.15384615384616,31.72420919957263
3015,2.8230615449579974,3.547648623236587,168.15384615384616,31.72420919957263
3016,2.8230615449579974,3.547648623236587,168.15384615384616,31.72420919957263
3017,2.8230615449579974,3.547648623236587,168.15384615384616,31.72420919957263
3018,2.8230615449579974,3.547648623236587,168.15384615384616,31.72420919957263
3019,2.8230615449579974,3.547648623236587,168.15384615384616,31.72420919957263
3020,2.8230615449579974,3.547648623236587,168.15384615384616,31.72420919957263
3021,2.8230615449579974,3.547648623236587,168.15384615384616,31.72420919957263
3022,2.8230615449579974,3.547648623236587,168.15384615384616,31.72420919957263
3023,2.8230615449579974,3.547648623236587,168.15384615384616,31.72420919957263
3024,2.8230615449579974,3.547648623236587,168.15384615384616,31.72420919957263
3025,2.8230615449579974,3.547648623236587,168.15384615384616,31.72420919957263
3026,2.8230615449579974,3.547648623236587,168.15384615384616,31.72420919957263
3027,2.8230615449579974,3.547648623236587,168.15384615384616,31.72420919957263
3028,2.8230615449579974,3.547648623236587,168.15384615384616,31.72420919957263
3029,2.8230615449579974,3.547648623236587,168.15384615384616,31.72420919957263
3030,3.0801998539587365,3.7256646792287524,175.87179487179486,32.89513161117488
3031,3.0801998539587365,3.7256646792287524,175.87179487179486,32.89513161117488
3032,3.0801998539587365,3.7256646792287524,175.87179487179486,32.89513161117488
3033,3.0801998539587365,3.7256646792287524,175.87179487179486,32.89513161117488
3034,3.0801998539587365,3.7256646792287524,175.87179487179486,32.89513161117488
3035,3.0801998539587365,3.7256646792287524,175.87179487179486,32.89513161117488
3036,3.0801998539587365,3.7256646792287524,175.87179487179486,32.89513161117488
3037,3.0801998539587365,3.7256646792287524,175.87179487179486,32.89513161117488
3038,3.0801998539587365,3.7256646792287524,175.87179487179486,32.89513161117488
3039,3.0801998539587365,3.7256646792287524,175.87179487179486,32.89513161117488
3040,3.0801998539587365,3.7256646792287524,175.87179487179486,32.89513161117488
3041,3.0801998539587365,3.7256646792287524,175.87179487179486,32.89513161117488
3042,3.0801998539587365,3.7256646792287524,175.87179487179486,32.89513161117488
3043,3.0801998539587365,3.7256646792287524,175.87179487179486,32.89513161117488
3044,3.0801998539587365,3.7256646792287524,175.87179487179486,32.89513161117488
3045,3.0801998539587365,3.7256646792287524,175.87179487179486,32.89513161117488
3046,3.0801998539587365,3.7256646792287524,175.87179487179486,32.89513161117488
3047,3.0801998539587365,3.7256646792287524,175.87179487179486,32.89513161117488
3048,3.0801998539587365,3.7256646792287524,175.87179487179486,32.89513161117488
3049,3.0801998539587365,3.7256646792287524,175.87179487179486,32.89513161117488
3050,3.0801998539587365,3.7256646792287524,175.87179487179486,32.89513161117488
3051,3.0801998539587365,3.7256646792287524,175.87179487179486,32.89513161117488
3052,3.0801998539587365,3.7256646792287524,175.87179487179486,32.89513161117488
3053,3.0801998539587365,3.7256646792287524,175.87179487179486,32.89513161117488
3054,3.0801998539587365,3.7256646792287524,175.87179487179486,32.89513161117488
3055,3.0801998539587365,3.7256646792287524,175.87179487179486,32.89513161117488
3056,3.0801998539587365,3.7256646792287524,175.87179487179486,32.89513161117488
3057,3.0801998539587365,3.7256646792287524,175.87179487179486,32.89513161117488
3058,3.0801998539587365,3.7256646792287524,175.87179487179486,32.89513161117488
3059,3.0801998539587365,3.7256646792287524,175.87179487179486,32.89513161117488
3060,3.0801998539587365,3.7256646792287524,175.87179487179486,32.89513161117488
3061,3.0801998539587365,3.7256646792287524,175.87179487179486,32.89513161117488
3062,3.0801998539587365,3.7256646792287524,175.87179487179486,32.89513161117488
3063,3.0801998539587365,3.7256646792287524,175.87179487179486,32.89513161117488
3064,3.0801998539587365,3.7256646792287524,175.87179487179486,32.89513161117488
3065,3.0801998539587365,3.7256646792287524,175.87179487179486,32.89513161117488
3066,3.0801998539587365,3.7256646792287524,175.87179487179486,32.89513161117488
3067,3.0801998539587365,3.7256646792287524,175.87179487179486,32.89513161117488
3068,3.0801998539587365,3.7256646792287524,175.87179487179486,32.89513161117488
3069,3.0801998539587365,3.7256646792287524,175.87179487179486,32.89513161117488
3070,3.0801998539587365,3.7256646792287524,175.87179487179486,32.89513161117488
3071,3.0801998539587365,3.7256646792287524,175.87179487179486,32.89513161117488
3072,3.0801998539587365,3.7256646792287524,175.87179487179486,32.89513161117488
3073,3.0801998539587365,3.7256646792287524,175.87179487179486,32.89513161117488
3074,3.0801998539587365,3.7256646792287524,175.87179487179486,32.89513161117488
3075,3.0801998539587365,3.7256646792287524,175.87179487179486,32.89513161117488
3076,3.0801998539587365,3.7256646792287524,175.87179487179486,32.89513161117488
3077,3.0801998539587365,3.7256646792287524,175.87179487179486,32.89513161117488
3078,3.0801998539587365,3.7256646792287524,175.87179487179486,32.89513161117488
3079,3.0801998539587365,3.7256646792287524,175.87179487179486,32.89513161117488
3080,2.8230615449579974,3.547648623236587,168.15384615384616,31.72420919957263
3081,2.8230615449579974,3.547648623236587,168.15384615384616,31.72420919957263
3082,2.8230615449579974,3.547648623236587,168.15384615384616,31.72420919957263
3083,2.8230615449579974,3.547648623236587,168.15384615384616,31.72420919957263
3084,2.8230615449579974,3.547648623236587,168.15384615384616,31.72420919957263
3085,2.8230615449579974,3.547648623236587,168.15384615384616,31.72420919957263
3086,2.8230615449579974,3.547648623236587,168.15384615384616,31.72420919957263
3087,2.8230615449579974,3.547648623236587,168.15384615384616,31.72420919957263
3088,2.8230615449579974,3.547648623236587,168.15384615384616,31.72420919957263
3089,2.8230615449579974,3.547648623236587,168.15384615384616,31.72420919957263
3090,2.8230615449579974,3.547648623236587,168.15384615384616,31.72420919957263
3091,2.8230615449579974,3.547648623236587,168.15384615384616,31.72420919957263
3092,2.8230615449579974,3.547648623236587,168.15384615384616,31.72420919957263
3093,2.8230615449579974,3.547648623236587,168.15384615384616,31.72420919957263
3094,2.8230615449579974,3.547648623236587,168.15384615384616,31.72420919957263
3095,2.8230615449579974,3.547648623236587,168.15384615384616,31.72420919957263
3096,2.8230615449579974,3.547648623236587,168.15384615384616,31.72420919957263
3097,2.8230615449579974,3.547648623236587,168.15384615384616,31.72420919957263
3098,2.8230615449579974,3.547648623236587,168.15384615384616,31.72420919957263
3099,2.8230615449579974,3.547648623236587,168.15384615384616,31.72420919957263
3100,2.8230615449579974,3.547648623236587,168.15384615384616,31.72420919957263
3101,2.8230615449579974,3.547648623236587,168.15384615384616,31.72420919957263
3102,2.8230615449579974,3.547648623236587,168.15384615384616,31.72420919957263
3103,2.8230615449579974,3.547648623236587,168.15384615384616,31.72420919957263
3104,2.8230615449579974,3.547648623236587,168.15384615384616,31.72420919957263
3105,2.8230615449579974,3.547648623236587,168.15384615384616,31.72420919957263
3106,2.8230615449579974,3.547648623236587,168.15384615384616,31.72420919957263
3107,2.8230615449579974,3.547648623236587,168.15384615384616,31.72420919957263
3108,2.8230615449579974,3.547648623236587,168.15384615384616,31.72420919957263
3109,2.8230615449579974,3.547648623236587,168.15384615384616,31.72420919957263
3110,2.8230615449579974,3.547648623236587,168.15384615384616,31.72420919957263
3111,2.8230615449579974,3.547648623236587,168.15384615384616,31.72420919957263
3112,2.8230615449579974,3.547648623236587,168.15384615384616,31.72420919957263
3113,2.8230615449579974,3.547648623236587,168.15384615384616,31.72420919957263
3114,2.8230615449579974,3.547648623236587,168.15384615384616,31.72420919957263
3115,2.8230615449579974,3.547648623236587,168.15384615384616,31.72420919957263
3116,2.8230615449579974,3.547648623236587,168.15384615384616,31.72420919957263
3117,2.8230615449579974,3.547648623236587,168.15384615384616,31.72420919957263
3118,2.8230615449579974,3.547648623236587,168.15384615384616,31.72420919957263
3119,2.8230615449579974,3.547648623236587,168.15384615384616,31.72420919957263
3120,2.8230615449579974,3.547648623236587,168.15384615384616,31.72420919957263
3121,2.8230615449579974,3.547648623236587,168.15384615384616,31.72420919957263
3122,2.8230615449579974,3.547648623236587,168.15384615384616,31.72420919957263
3123,2.8230615449579974,3.547648623236587,168.15384615384616,31.72420919957263
3124,2.8230615449579974,3.547648623236587,168.15384615384616,31.72420919957263
3125,2.8230615449579974,3.547648623236587,168.15384615384616,31.72420919957263
3126,2.8230615449579974,3.547648623236587,168.15384615384616,31.72420919957263
3127,2.8230615449579974,3.547648623236587,168.15384615384616,31.72420919957263
3128,2.8230615449579974,3.547648623236587,168.15384615384616,31.72420919957263
3129,3.0801998539587365,3.7256646792287524,175.87179487179486,32.89513161117488
3130,3.0801998539587365,3.7256646792287524,175.87179487179486,32.89513161117488
3131,3.0801998539587365,3.7256646792287524,175.87179487179486,32.89513161117488
3132,3.0801998539587365,3.7256646792287524,175.87179487179486,32.89513161117488
3133,3.0801998539587365,3.7256646792287524,175.87179487179486,32.89513161117488
3134,3.0801998539587365,3.7256646792287524,175.87179487179486,32.89513161117488
3135,3.0801998539587365,3.7256646792287524,175.87179487179486,32.89513161117488
3136,3.0801998539587365,3.7256646792287524,175.87179487179486,32.89513161117488
3137,3.0801998539587365,3.7256646792287524,175.87179487179486,32.89513161117488
3138,3.0801998539587365,3.7256646792287524,175.87179487179486,32.89513161117488
3139,3.0801998539587365,3.7256646792287524,175.87179487179486,32.89513161117488
3140,3.0801998539587365,3.7256646792287524,175.87179487179486,32.89513161117488
3141,3.0801998539587365,3.7256646792287524,175.87179487179486,32.89513161117488
3142,3.0801998539587365,3.7256646792287524,175.87179487179486,32.89513161117488
3143,3.0801998539587365,3.7256646792287524,175.87179487179486,32.89513161117488
3144,3.0801998539587365,3.7256646792287524,175.87179487179486,32.89513161117488
3145,3.0801998539587365,3.7256646792287524,175.87179487179486,32.89513161117488
3146,3.0801998539587365,3.7256646792287524,175.87179487179486,32.89513161117488
3147,3.0801998539587365,3.7256646792287524,175.87179487179486,32.89513161117488
3148,3.0801998539587365,3.7256646792287524,175.87179487179486,32.89513161117488
3149,3.0801998539587365,3.7256646792287524,175.87179487179486,32.89513161117488
3150,3.0801998539587365,3.7256646792287524,175.87179487179486,32.89513161117488
3151,3.0801998539587365,3.7256646792287524,175.87179487179486,32.89513161117488
3152,3.0801998539587365,3.7256646792287524,175.87179487179486,32.89513161117488
3153,3.0801998539587365,3.7256646792287524,175.87179487179486,32.89513161117488
3154,3.0801998539587365,3.7256646792287524,175.87179487179486,32.89513161117488
3155,3.0801998539587365,3.7256646792287524,175.87179487179486,32.89513161117488
3156,3.0801998539587365,3.7256646792287524,175.87179487179486,32.89513161117488
3157,3.0801998539587365,3.7256646792287524,175.87179487179486,32.89513161117488
3158,3.0801998539587365,3.7256646792287524,175.87179487179486,32.89513161117488
3159,3.0801998539587365,3.7256646792287524,175.87179487179486,32.89513161117488
3160,3.0801998539587365,3.7256646792287524,175.87179487179486,32.89513161117488
3161,3.0801998539587365,3.7256646792287524,175.87179487179486,32.89513161117488
3162,3.0801998539587365,3.7256646792287524,175.87179487179486,32.89513161117488
3163,3.0801998539587365,3.7256646792287524,175.87179487179486,32.89513161117488
3164,3.0801998539587365,3.7256646792287524,175.87179487179486,32.89513161117488
3165,3.0801998539587365,3.7256646792287524,175.87179487179486,32.89513161117488
3166,3.0801998539587365,3.7256646792287524,175.87179487179486,32.89513161117488
3167,3.0801998539587365,3.7256646792287524,175.87179487179486,32.89513161117488
3168,3.0801998539587365,3.7256646792287524,175.87179487179486,32.89513161117488
3169,3.0801998539587365,3.7256646792287524,175.87179487179486,32.89513161117488
3170,3.0801998539587365,3.7256646792287524,175.87179487179486,32.89513161117488
3171,3.0801998539587365,3.7256646792287524,175.87179487179486,32.89513161117488
3172,3.0801998539587365,3.7256646792287524,175.87179487179486,32.89513161117488
3173,3.0801998539587365,3.7256646792287524,175.87179487179486,32.89513161117488
3174,3.0801998539587365,3.7256646792287524,175.87179487179486,32.89513161117488
3175,3.0801998539587365,3.7256646792287524,175.87179487179486,32.89513161117488
3176,3.0801998539587365,3.7256646792287524,175.87179487179486,32.89513161117488
3177,3.0801998539587365,3.7256646792287524,175.87179487179486,32.89513161117488
3178,3.0801998539587365,3.7256646792287524,175.87179487179486,32.89513161117488
3179,2.8230615449579974,3.547648623236587,168.15384615384616,31.72420919957263
3180,2.8230615449579974,3.547648623236587,168.15384615384616,31.72420919957263
3181,2.8230615449579974,3.547648623236587,168.15384615384616,31.72420919957263
3182,2.8230615449579974,3.547648623236587,168.15384615384616,31.72420919957263
3183,2.8230615449579974,3.547648623236587,168.15384615384616,31.72420919957263
3184,2.8230615449579974,3.547648623236587,168.15384615384616,31.72420919957263
3185,2.8230615449579974,3.547648623236587,168.15384615384616,31.72420919957263
3186,2.8230615449579974,3.547648623236587,168.15384615384616,31.72420919957263
3187,2.8230615449579974,3.547648623236587,168.15384615384616,31.72420919957263
3188,2.8230615449579974,3.547648623236587,168.15384615384616,31.72420919957263
3189,2.8230615449579974,3.547648623236587,168.15384615384616,31.72420919957263
3190,2.8230615449579974,3.547648623236587,168.15384615384616,31.72420919957263
3191,2.8230615449579974,3.547648623236587,168.15384615384616,31.72420919957263
3192,2.8230615449579974,3.547648623236587,168.15384615384616,31.72420919957263
3193,2.8230615449579974,3.547648623236587,168.15384615384616,31.72420919957263
3194,2.8230615449579974,3.547648623236587,168.15384615384616,31.72420919957263
3195,2.8230615449579974,3.547648623236587,168.15384615384616,31.72420919957263
3196,2.8230615449579974,3.547648623236587,168.15384615384616,31.72420919957263
3197,2.8230615449579974,3.547648623236587,168.15384615384616,31.72420919957263
3198,2.8230615449579974,3.547648623236587,168.15384615384616,31.72420919957263
3199,2.8230615449579974,3.547648623236587,168.15384615384616,31.72420919957263
3200,2.8230615449579974,3.547648623236587,168.15384615384616,31.72420919957263
3201,2.8230615449579974,3.547648623236587,168.15384615384616,31.72420919957263
3202,2.8230615449579974,3.547648623236587,168.15384615384616,31.72420919957263
3203,2.8230615449579974,3.547648623236587,168.15384615384616,31.72420919957263
3204,2.8230615449579974,3.547648623236587,168.15384615384616,31.72420919957263
3205,2.8230615449579974,3.547648623236587,168.15384615384616,31.72420919957263
3206,2.8230615449579974,3.547648623236587,168.15384615384616,31.72420919957263
3207,2.8230615449579974,3.547648623236587,168.15384615384616,31.72420919957263
3208,2.8230615449579974,3.547648623236587,168.15384615384616,31.72420919957263
3209,2.8230615449579974,3.547648623236587,168.15384615384616,31.72420919957263
3210,2.8230615449579974,3.547648623236587,168.15384615384616,31.72420919957263
3211,2.8230615449579974,3.547648623236587,168.15384615384616,31.72420919957263
3212,2.8230615449579974,3.547648623236587,168.15384615384616,31.72420919957263
3213,2.8230615449579974,3.547648623236587,168.15384615384616,31.72420919957263
3214,2.8230615449579974,3.547648623236587,168.15384615384616,31.72420919957263
3215,2.8230615449579974,3.547648623236587,168.15384615384616,31.72420919957263
3216,2.8230615449579974,3.547648623236587,168.15384615384616,31.72420919957263
3217,2.8230615449579974,3.547648623236587,168.15384615384616,31.72420919957263
3218,2.8230615449579974,3.547648623236587,168.15384615384616,31.72420919957263
3219,2.8230615449579974,3.547648623236587,168.15384615384616,31.72420919957263
3220,2.8230615449579974,3.547648623236587,168.15384615384616,31.72420919957263
3221,2.8230615449579974,3.547648623236587,168.15384615384616,31.72420919957263
3222,2.8230615449579974,3.547648623236587,168.15384615384616,31.72420919957263
3223,2.8230615449579974,3.547648623236587,168.15384615384616,31.72420919957263
3224,2.8230615449579974,3.547648623236587,168.15384615384616,31.72420919957263
3225,2.8230615449579974,3.547648623236587,168.15384615384616,31.72420919957263
3226,2.8230615449579974,3.547648623236587,168.15384615384616,31.72420919957263
3227,2.8230615449579974,3.547648623236587,168.15384615384616,31.72420919957263
3228,3.0801998539587365,3.7256646792287524,175.87179487179486,32.89513161117488
3229,3.0801998539587365,3.7256646792287524,175.87179487179486,32.89513161117488
3230,3.0801998539587365,3.7256646792287524,175.87179487179486,32.89513161117488
3231,3.0801998539587365,3.7256646792287524,175.87179487179486,32.89513161117488
3232,3.0801998539587365,3.7256646792287524,175.87179487179486,32.89513161117488
3233,3.0801998539587365,3.7256646792287524,175.87179487179486,32.89513161117488
3234,3.0801998539587365,3.7256646792287524,175.87179487179486,32.89513161117488
3235,3.0801998539587365,3.7256646792287524,175.87179487179486,32.89513161117488
3236,3.0801998539587365,3.7256646792287524,175.87179487179486,32.89513161117488
3237,3.0801998539587365,3.7256646792287524,175.87179487179486,32.89513161117488
3238,3.0801998539587365,3.7256646792287524,175.87179487179486,32.89513161117488
3239,3.0801998539587365,3.7256646792287524,175.87179487179486,32.89513161117488
3240,3.0801998539587365,3.7256646792287524,175.87179487179486,32.89513161117488
3241,3.0801998539587365,3.7256646792287524,175.87179487179486,32.89513161117488
3242,3.0801998539587365,3.7256646792287524,175.87179487179486,32.89513161117488
3243,3.0801998539587365,3.7256646792287524,175.87179487179486,32.89513161117488
3244,3.0801998539587365,3.7256646792287524,175.87179487179486,32.89513161117488
3245,3.0801998539587365,3.7256646792287524,175.87179487179486,32.89513161117488
3246,3.0801998539587365,3.7256646792287524,175.87179487179486,32.89513161117488
3247,3.0801998539587365,3.7256646792287524,175.87179487179486,32.89513161117488
3248,3.0801998539587365,3.7256646792287524,175.87179487179486,32.89513161117488
3249,3.0801998539587365,3.7256646792287524,175.87179487179486,32.89513161117488
3250,3.0801998539587365,3.7256646792287524,175.87179487179486,32.89513161117488
3251,3.0801998539587365,3.7256646792287524,175.87179487179486,32.89513161117488
3252,3.0801998539587365,3.7256646792287524,175.87179487179486,32.89513161117488
3253,3.0801998539587365,3.7256646792287524,175.87179487179486,32.89513161117488
3254,3.0801998539587365,3.7256646792287524,175.87179487179486,32.89513161117488
3255,3.0801998539587365,3.7256646792287524,175.87179487179486,32.89513161117488
3256,3.0801998539587365,3.7256646792287524,175.87179487179486,32.89513161117488
3257,3.0801998539587365,3.7256646792287524,175.87179487179486,32.89513161117488
3258,3.0801998539587365,3.7256646792287524,175.87179487179486,32.89513161117488
3259,3.0801998539587365,3.7256646792287524,175.87179487179486,32.89513161117488
3260,3.0801998539587365,3.7256646792287524,175.87179487179486,32.89513161117488
3261,3.0801998539587365,3.7256646792287524,175.87179487179486,32.89513161117488
3262,3.0801998539587365,3.7256646792287524,175.87179487179486,32.89513161117488
3263,3.0801998539587365,3.7256646792287524,175.87179487179486,32.89513161117488
3264,3.0801998539587365,3.7256646792287524,175.87179487179486,32.89513161117488
3265,3.0801998539587365,3.7256646792287524,175.87179487179486,32.89513161117488
3266,3.0801998539587365,3.7256646792287524,175.87179487179486,32.89513161117488
3267,3.0801998539587365,3.7256646792287524,175.87179487179486,32.89513161117488
3268,3.0801998539587365,3.7256646792287524,175.87179487179486,32.89513161117488
3269,3.0801998539587365,3.7256646792287524,175.87179487179486,32.89513161117488
3270,3.0801998539587365,3.7256646792287524,175.87179487179486,32.89513161117488
3271,3.0801998539587365,3.7256646792287524,175.87179487179486,32.89513161117488
3272,3.0801998539587365,3.7256646792287524,175.87179487179486,32.89513161117488
3273,3.0801998539587365,3.7256646792287524,175.87179487179486,32.89513161117488
3274,3.0801998539587365,3.7256646792287524,175.87179487179486,32.89513161117488
3275,3.0801998539587365,3.7256646792287524,175.87179487179486,32.89513161117488
3276,3.0801998539587365,3.7256646792287524,175.87179487179486,32.89513161117488
3277,3.0801998539587365,3.7256646792287524,175.87179487179486,32.89513161117488
3278,2.8230615449579974,3.547648623236587,168.15384615384616,31.72420919957263
3279,2.8230615449579974,3.547648623236587,168.15384615384616,31.72420919957263
3280,2.8230615449579974,3.547648623236587,168.15384615384616,31.72420919957263
3281,2.8230615449579974,3.547648623236587,168.15384615384616,31.72420919957263
3282,2.8230615449579974,3.547648623236587,168.15384615384616,31.72420919957263
3283,2.8230615449579974,3.547648623236587,168.15384615384616,31.72420919957263
3284,2.8230615449579974,3.547648623236587,168.15384615384616,31.72420919957263
3285,2.8230615449579974,3.547648623236587,168.15384615384616,31.72420919957263
3286,2.8230615449579974,3.547648623236587,168.15384615384616,31.72420919957263
3287,2.8230615449579974,3.547648623236587,168.15384615384616,31.72420919957263
3288,2.8230615449579974,3.547648623236587,168.15384615384616,31.72420919957263
3289,2.8230615449579974,3.547648623236587,168.15384615384616,31.72420919957263
3290,2.8230615449579974,3.547648623236587,168.15384615384616,31.72420919957263
3291,2.8230615449579974,3.547648623236587,168.15384615384616,31.72420919957263
3292,2.8230615449579974,3.547648623236587,168.15384615384616,31.72420919957263
3293,2.8230615449579974,3.547648623236587,168.15384615384616,31.72420919957263
3294,2.8230615449579974,3.547648623236587,168.15384615384616,31.72420919957263
3295,2.8230615449579974,3.547648623236587,168.15384615384616,31.72420919957263
3296,2.8230615449579974,3.547648623236587,168.15384615384616,31.72420919957263
3297,2.8230615449579974,3.547648623236587,168.15384615384616,31.72420919957263
3298,2.8230615449579974,3.547648623236587,168.15384615384616,31.72420919957263
3299,2.8230615449579974,3.547648623236587,168.15384615384616,31.72420919957263
3300,2.8230615449579974,3.547648623236587,168.15384615384616,31.72420919957263
3301,2.8230615449579974,3.547648623236587,168.15384615384616,31.72420919957263
3302,2.8230615449579974,3.547648623236587,168.15384615384616,31.72420919957263
3303,2.8230615449579974,3.547648623236587,168.15384615384616,31.72420919957263
3304,2.8230615449579974,3.547648623236587,168.15384615384616,31.72420919957263
3305,2.8230615449579974,3.547648623236587,168.15384615384616,31.72420919957263
3306,2.8230615449579974,3.547648623236587,168.15384615384616,31.72420919957263
3307,2.8230615449579974,3.547648623236587,168.15384615384616,31.72420919957263
3308,2.8230615449579974,3.547648623236587,168.15384615384616,31.72420919957263
3309,2.8230615449579974,3.547648623236587,168.15384615384616,31.72420919957263
3310,2.8230615449579974,3.547648623236587,168.15384615384616,31.72420919957263
3311,2.8230615449579974,3.547648623236587,168.15384615384616,31.72420919957263
3312,2.8230615449579974,3.547648623236587,168.15384615384616,31.72420919957263
3313,2.8230615449579974,3.547648623236587,168.15384615384616,31.72420919957263
3314,2.8230615449579974,3.547648623236587,168.15384615384616,31.72420919957263
3315,2.8230615449579974,3.547648623236587,168.15384615384616,31.72420919957263
3316,2.8230615449579974,3.547648623236587,168.15384615384616,31.72420919957263
3317,2.8230615449579974,3.547648623236587,168.15384615384616,31.72420919957263
3318,2.8230615449579974,3.547648623236587,168.15384615384616,31.72420919957263
3319,2.8230615449579974,3.547648623236587,168.15384615384616,31.72420919957263
3320,2.8230615449579974,3.547648623236587,168.15384615384616,31.72420919957263
3321,2.8230615449579974,3.547648623236587,168.15384615384616,31.72420919957263
3322,2.8230615449579974,3.547648623236587,168.15384615384616,31.72420919957263
3323,2.8230615449579974,3.547648623236587,168.15384615384616,31.72420919957263
3324,2.8230615449579974,3.547648623236587,168.15384615384616,31.72420919957263
3325,2.8230615449579974,3.547648623236587,168.15384615384616,31.72420919957263
3326,2.8230615449579974,3.547648623236587,168.15384615384616,31.72420919957263
3327,3.0801998539587365,3.7256646792287524,175.87179487179486,32.89513161117488
3328,3.0801998539587365,3.7256646792287524,175.87179487179486,32.89513161117488
3329,3.0801998539587365,3.7256646792287524,175.87179487179486,32.89513161117488
3330,3.0801998539587365,3.7256646792287524,175.87179487179486,32.89513161117488
3331,3.0801998539587365,3.7256646792287524,175.87179487179486,32.89513161117488
3332,3.0801998539587365,3.7256646792287524,175.87179487179486,32.89513161117488
3333,3.0801998539587365,3.7256646792287524,175.87179487179486,32.89513161117488
3334,3.0801998539587365,3.7256646792287524,175.87179487179486,32.89513161117488
3335,3.0801998539587365,3.7256646792287524,175.87179487179486,32.89513161117488
3336,3.0801998539587365,3.7256646792287524,175.87179487179486,32.89513161117488
3337,3.0801998539587365,3.7256646792287524,175.87179487179486,32.89513161117488
3338,3.0801998539587365,3.7256646792287524,175.87179487179486,32.89513161117488
3339,3.0801998539587365,3.7256646792287524,175.87179487179486,32.89513161117488
3340,3.0801998539587365,3.7256646792287524,175.87179487179486,32.89513161117488
3341,3.0801998539587365,3.7256646792287524,175.87179487179486,32.89513161117488
3342,3.0801998539587365,3.7256646792287524,175.87179487179486,32.89513161117488
3343,3.0801998539587365,3.7256646792287524,175.87179487179486,32.89513161117488
3344,3.0801998539587365,3.7256646792287524,175.87179487179486,32.89513161117488
3345,3.0801998539587365,3.7256646792287524,175.87179487179486,32.89513161117488
3346,3.0801998539587365,3.7256646792287524,175.87179487179486,32.89513161117488
3347,3.0801998539587365,3.7256646792287524,175.87179487179486,32.89513161117488
3348,3.0801998539587365,3.7256646792287524,175.87179487179486,32.89513161117488
3349,3.0801998539587365,3.7256646792287524,175.87179487179486,32.89513161117488
3350,3.0801998539587365,3.7256646792287524,175.87179487179486,32.89513161117488
3351,3.0801998539587365,3.7256646792287524,175.87179487179486,32.89513161117488
3352,3.0801998539587365,3.7256646792287524,175.87179487179486,32.89513161117488
3353,3.0801998539587365,3.7256646792287524,175.87179487179486,32.89513161117488
3354,3.0801998539587365,3.7256646792287524,175.87179487179486,32.89513161117488
3355,3.0801998539587365,3.7256646792287524,175.87179487179486,32.89513161117488
3356,3.0801998539587365,3.7256646792287524,175.87179487179486,32.89513161117488
3357,3.0801998539587365,3.7256646792287524,175.87179487179486,32.89513161117488
3358,3.0801998539587365,3.7256646792287524,175.87179487179486,32.89513161117488
3359,3.0801998539587365,3.7256646792287524,175.87179487179486,32.89513161117488
3360,3.0801998539587365,3.7256646792287524,175.87179487179486,32.89513161117488
3361,3.0801998539587365,3.7256646792287524,175.87179487179486,32.89513161117488
3362,3.0801998539587365,3.7256646792287524,175.87179487179486,32.89513161117488
3363,3.0801998539587365,3.7256646792287524,175.87179487179486,32.89513161117488
3364,3.0801998539587365,3.7256646792287524,175.87179487179486,32.89513161117488
3365,3.0801998539587365,3.7256646792287524,175.87179487179486,32.89513161117488
3366,3.0801998539587365,3.7256646792287524,175.87179487179486,32.89513161117488
3367,3.0801998539587365,3.7256646792287524,175.87179487179486,32.89513161117488
3368,3.0801998539587365,3.7256646792287524,175.87179487179486,32.89513161117488
3369,3.0801998539587365,3.7256646792287524,175.87179487179486,32.89513161117488
3370,3.0801998539587365,3.7256646792287524,175.87179487179486,32.89513161117488
3371,3.0801998539587365,3.7256646792287524,175.87179487179486,32.89513161117488
3372,3.0801998539587365,3.7256646792287524,175.87179487179486,32.89513161117488
3373,3.0801998539587365,3.7256646792287524,175.87179487179486,32.89513161117488
3374,3.0801998539587365,3.7256646792287524,175.87179487179486,32.89513161117488
3375,3.0801998539587365,3.7256646792287524,175.87179487179486,32.89513161117488
3376,3.0801998539587365,3.7256646792287524,175.87179487179486,32.89513161117488
3377,2.8230615449579974,3.547648623236587,168.15384615384616,31.72420919957263
3378,2.8230615449579974,3.547648623236587,168.15384615384616,31.72420919957263
3379,2.8230615449579974,3.547648623236587,168.15384615384616,31.72420919957263
3380,2.8230615449579974,3.547648623236587,168.15384615384616,31.72420919957263
3381,2.8230615449579974,3.547648623236587,168.15384615384616,31.72420919957263
3382,2.8230615449579974,3.547648623236587,168.15384615384616,31.72420919957263
3383,2.8230615449579974,3.547648623236587,168.15384615384616,31.72420919957263
3384,2.8230615449579974,3.547648623236587,168.15384615384616,31.72420919957263
3385,2.8230615449579974,3.547648623236587,168.15384615384616,31.72420919957263
3386,2.8230615449579974,3.547648623236587,168.15384615384616,31.72420919957263
3387,2.8230615449579974,3.547648623236587,168.15384615384616,31.72420919957263
3388,2.8230615449579974,3.547648623236587,168.15384615384616,31.72420919957263
3389,2.8230615449579974,3.547648623236587,168.15384615384616,31.72420919957263
3390,2.8230615449579974,3.547648623236587,168.15384615384616,31.72420919957263
3391,2.8230615449579974,3.547648623236587,168.15384615384616,31.72420919957263
3392,2.8230615449579974,3.547648623236587,168.15384615384616,31.72420919957263
3393,2.8230615449579974,3.547648623236587,168.15384615384616,31.72420919957263
3394,2.8230615449579974,3.547648623236587,168.15384615384616,31.72420919957263
3395,2.8230615449579974,3.547648623236587,168.15384615384616,31.72420919957263
3396,2.8230615449579974,3.547648623236587,168.15384615384616,31.72420919957263
3397,2.8230615449579974,3.547648623236587,168.15384615384616,31.72420919957263
3398,2.8230615449579974,3.547648623236587,168.15384615384616,31.72420919957263
3399,2.8230615449579974,3.547648623236587,168.15384615384616,31.72420919957263
3400,2.8230615449579974,3.547648623236587,168.15384615384616,31.72420919957263
3401,2.8230615449579974,3.547648623236587,168.15384615384616,31.72420919957263
3402,2.8230615449579974,3.547648623236587,168.15384615384616,31.72420919957263
3403,2.8230615449579974,3.547648623236587,168.15384615384616,31.72420919957263
3404,2.8230615449579974,3.547648623236587,168.15384615384616,31.72420919957263
3405,2.8230615449579974,3.547648623236587,168.15384615384616,31.72420919957263
3406,2.8230615449579974,3.547648623236587,168.15384615384616,31.72420919957263
3407,2.8230615449579974,3.547648623236587,168.15384615384616,31.72420919957263
3408,2.8230615449579974,3.547648623236587,168.15384615384616,31.72420919957263
3409,2.8230615449579974,3.547648623236587,168.15384615384616,31.72420919957263
3410,2.8230615449579974,3.547648623236587,168.15384615384616,31.72420919957263
3411,2.8230615449579974,3.547648623236587,168.15384615384616,31.72420919957263
3412,2.8230615449579974,3.547648623236587,168.15384615384616,31.72420919957263
3413,2.8230615449579974,3.547648623236587,168.15384615384616,31.72420919957263
3414,2.8230615449579974,3.547648623236587,168.15384615384616,31.72420919957263
3415,2.8230615449579974,3.547648623236587,168.15384615384616,31.72420919957263
3416,2.8230615449579974,3.547648623236587,168.15384615384616,31.72420919957263
3417,2.8230615449579974,3.547648623236587,168.15384615384616,31.72420919957263
3418,2.8230615449579974,3.547648623236587,168.15384615384616,31.72420919957263
3419,2.8230615449579974,3.547648623236587,168.15384615384616,31.72420919957263
3420,2.8230615449579974,3.547648623236587,168.15384615384616,31.72420919957263
3421,2.8230615449579974,3.547648623236587,168.15384615384616,31.72420919957263
3422,2.8230615449579974,3.547648623236587,168.15384615384616,31.72420919957263
3423,2.8230615449579974,3.547648623236587,168.15384615384616,31.72420919957263
3424,2.8230615449579974,3.547648623236587,168.15384615384616,31.72420919957263
3425,2.8230615449579974,3.547648623236587,168.15384615384616,31.72420919957263
3426,3.0801998539587365,3.7256646792287524,175.87179487179486,32.89513161117488
3427,3.0801998539587365,3.7256646792287524,175.87179487179486,32.89513161117488
3428,3.0801998539587365,3.7256646792287524,175.87179487179486,32.89513161117488
3429,3.0801998539587365,3.7256646792287524,175.87179487179486,32.89513161117488
3430,3.0801998539587365,3.7256646792287524,175.87179487179486,32.89513161117488
3431,3.0801998539587365,3.7256646792287524,175.87179487179486,32.89513161117488
3432,3.0801998539587365,3.7256646792287524,175.87179487179486,32.89513161117488
3433,3.0801998539587365,3.7256646792287524,175.87179487179486,32.89513161117488
3434,3.0801998539587365,3.7256646792287524,175.87179487179486,32.89513161117488
3435,3.0801998539587365,3.7256646792287524,175.87179487179486,32.89513161117488
3436,3.0801998539587365,3.7256646792287524,175.87179487179486,32.89513161117488
3437,3.0801998539587365,3.7256646792287524,175.87179487179486,32.89513161117488
3438,3.0801998539587365,3.7256646792287524,175.87179487179486,32.89513161117488
3439,3.0801998539587365,3.7256646792287524,175.87179487179486,32.89513161117488
3440,3.0801998539587365,3.7256646792287524,175.87179487179486,32.89513161117488
3441,3.0801998539587365,3.7256646792287524,175.87179487179486,32.89513161117488
3442,3.0801998539587365,3.7256646792287524,175.87179487179486,32.89513161117488
3443,3.0801998539587365,3.7256646792287524,175.87179487179486,32.89513161117488
3444,3.0801998539587365,3.7256646792287524,175.87179487179486,32.89513161117488
3445,3.0801998539587365,3.7256646792287524,175.87179487179486,32.89513161117488
3446,3.0801998539587365,3.7256646792287524,175.87179487179486,32.89513161117488
3447,3.0801998539587365,3.7256646792287524,175.87179487179486,32.89513161117488
3448,3.0801998539587365,3.7256646792287524,175.87179487179486,32.89513161117488
3449,3.0801998539587365,3.7256646792287524,175.87179487179486,32.89513161117488
3450,3.0801998539587365,3.7256646792287524,175.87179487179486,32.89513161117488
3451,3.0801998539587365,3.7256646792287524,175.87179487179486,32.89513161117488
3452,3.0801998539587365,3.7256646792287524,175.87179487179486,32.89513161117488
3453,3.0801998539587365,3.7256646792287524,175.87179487179486,32.89513161117488
3454,3.0801998539587365,3.7256646792287524,175.87179487179486,32.89513161117488
3455,3.0801998539587365,3.7256646792287524,175.87179487179486,32.89513161117488
3456,3.0801998539587365,3.7256646792287524,175.87179487179486,32.89513161117488
3457,3.0801998539587365,3.7256646792287524,175.87179487179486,32.89513161117488
3458,3.0801998539587365,3.7256646792287524,175.87179487179486,32.89513161117488
3459,3.0801998539587365,3.7256646792287524,175.87179487179486,32.89513161117488
3460,3.0801998539587365,3.7256646792287524,175.87179487179486,32.89513161117488
3461,3.0801998539587365,3.7256646792287524,175.87179487179486,32.89513161117488
3462,3.0801998539587365,3.7256646792287524,175.87179487179486,32.89513161117488
3463,3.0801998539587365,3.7256646792287524,175.87179487179486,32.89513161117488
3464,3.0801998539587365,3.7256646792287524,175.87179487179486,32.89513161117488
3465,3.0801998539587365,3.7256646792287524,175.87179487179486,32.89513161117488
3466,3.0801998539587365,3.7256646792287524,175.87179487179486,32.89513161117488
3467,3.0801998539587365,3.7256646792287524,175.87179487179486,32.89513161117488
3468,3.0801998539587365,3.7256646792287524,175.87179487179486,32.89513161117488
3469,3.0801998539587365,3.7256646792287524,175.87179487179486,32.89513161117488
3470,3.0801998539587365,3.7256646792287524,175.87179487179486,32.89513161117488
3471,3.0801998539587365,3.7256646792287524,175.87179487179486,32.89513161117488
3472,3.0801998539587365,3.7256646792287524,175.87179487179486,32.89513161117488
3473,3.0801998539587365,3.7256646792287524,175.87179487179486,32.89513161117488
3474,3.0801998539587365,3.7256646792287524,175.87179487179486,32.89513161117488
3475,3.0801998539587365,3.7256646792287524,175.87179487179486,32.89513161117488
3476,2.8230615449579974,3.547648623236587,168.15384615384616,31.72420919957263
3477,2.8230615449579974,3.547648623236587,168.15384615384616,31.72420919957263
3478,2.8230615449579974,3.547648623236587,168.15384615384616,31.72420919957263
3479,2.8230615449579974,3.547648623236587,168.15384615384616,31.72420919957263
3480,2.8230615449579974,3.547648623236587,168.15384615384616,31.72420919957263
3481,2.8230615449579974,3.547648623236587,168.15384615384616,31.72420919957263
3482,2.8230615449579974,3.547648623236587,168.15384615384616,31.72420919957263
3483,2.8230615449579974,3.547648623236587,168.15384615384616,31.72420919957263
3484,2.8230615449579974,3.547648623236587,168.15384615384616,31.72420919957263
3485,2.8230615449579974,3.547648623236587,168.15384615384616,31.72420919957263
3486,2.8230615449579974,3.547648623236587,168.15384615384616,31.72420919957263
3487,2.8230615449579974,3.547648623236587,168.15384615384616,31.72420919957263
3488,2.8230615449579974,3.547648623236587,168.15384615384616,31.72420919957263
3489,2.8230615449579974,3.547648623236587,168.15384615384616,31.72420919957263
3490,2.8230615449579974,3.547648623236587,168.15384615384616,31.72420919957263
3491,2.8230615449579974,3.547648623236587,168.15384615384616,31.72420919957263
3492,2.8230615449579974,3.547648623236587,168.15384615384616,31.72420919957263
3493,2.8230615449579974,3.547648623236587,168.15384615384616,31.72420919957263
3494,2.8230615449579974,3.547648623236587,168.15384615384616,31.72420919957263
3495,2.8230615449579974,3.547648623236587,168.15384615384616,31.72420919957263
3496,2.8230615449579974,3.547648623236587,168.15384615384616,31.72420919957263
3497,2.8230615449579974,3.547648623236587,168.15384615384616,31.72420919957263
3498,2.8230615449579974,3.547648623236587,168.15384615384616,31.72420919957263
3499,2.8230615449579974,3.547648623236587,168.15384615384616,31.72420919957263
3500,2.8230615449579974,3.547648623236587,168.15384615384616,31.72420919957263
3501,2.8230615449579974,3.547648623236587,168.15384615384616,31.72420919957263
3502,2.8230615449579974,3.547648623236587,168.15384615384616,31.72420919957263
3503,2.8230615449579974,3.547648623236587,168.15384615384616,31.72420919957263
3504,2.8230615449579974,3.547648623236587,168.15384615384616,31.72420919957263
3505,2.8230615449579974,3.547648623236587,168.15384615384616,31.72420919957263
3506,2.8230615449579974,3.547648623236587,168.15384615384616,31.72420919957263
3507,2.8230615449579974,3.547648623236587,168.15384615384616,31.72420919957263
3508,2.8230615449579974,3.547648623236587,168.15384615384616,31.72420919957263
3509,2.8230615449579974,3.547648623236587,168.15384615384616,31.72420919957263
3510,2.8230615449579974,3.547648623236587,168.15384615384616,31.72420919957263
3511,2.8230615449579974,3.547648623236587,168.15384615384616,31.72420919957263
3512,2.8230615449579974,3.547648623236587,168.15384615384616,31.72420919957263
3513,2.8230615449579974,3.547648623236587,168.15384615384616,31.72420919957263
3514,2.8230615449579974,3.547648623236587,168.15384615384616,31.72420919957263
3515,2.8230615449579974,3.547648623236587,168.15384615384616,31.72420919957263
3516,2.8230615449579974,3.547648623236587,168.15384615384616,31.72420919957263
3517,2.8230615449579974,3.547648623236587,168.15384615384616,31.72420919957263
3518,2.8230615449579974,3.547648623236587,168.15384615384616,31.72420919957263
3519,2.8230615449579974,3.547648623236587,168.15384615384616,31.72420919957263
3520,2.8230615449579974,3.547648623236587,168.15384615384616,31.72420919957263
3521,2.8230615449579974,3.547648623236587,168.15384615384616,31.72420919957263
3522,2.8230615449579974,3.547648623236587,168.15384615384616,31.72420919957263
3523,2.8230615449579974,3.547648623236587,168.15384615384616,31.72420919957263
3524,2.8230615449579974,3.547648623236587,168.15384615384616,31.72420919957263
3525,3.0801998539587365,3.7256646792287524,175.87179487179486,32.89513161117488
3526,3.0801998539587365,3.7256646792287524,175.87179487179486,32.89513161117488
3527,3.0801998539587365,3.7256646792287524,175.87179487179486,32.89513161117488
3528,3.0801998539587365,3.7256646792287524,175.87179487179486,32.89513161117488
3529,3.0801998539587365,3.7256646792287524,175.87179487179486,32.89513161117488
3530,3.0801998539587365,3.7256646792287524,175.87179487179486,32.89513161117488
3531,3.0801998539587365,3.7256646792287524,175.87179487179486,32.89513161117488
3532,3.0801998539587365,3.7256646792287524,175.87179487179486,32.89513161117488
3533,3.0801998539587365,3.7256646792287524,175.87179487179486,32.89513161117488
3534,3.0801998539587365,3.7256646792287524,175.87179487179486,32.89513161117488
3535,3.0801998539587365,3.7256646792287524,175.87179487179486,32.89513161117488
3536,3.0801998539587365,3.7256646792287524,175.87179487179486,32.89513161117488
3537,3.0801998539587365,3.7256646792287524,175.87179487179486,32.89513161117488
3538,3.0801998539587365,3.7256646792287524,175.87179487179486,32.89513161117488
3539,3.0801998539587365,3.7256646792287524,175.87179487179486,32.89513161117488
3540,3.0801998539587365,3.7256646792287524,175.87179487179486,32.89513161117488
3541,3.0801998539587365,3.7256646792287524,175.87179487179486,32.89513161117488
3542,3.0801998539587365,3.7256646792287524,175.87179487179486,32.89513161117488
3543,3.0801998539587365,3.7256646792287524,175.87179487179486,32.89513161117488
3544,3.0801998539587365,3.7256646792287524,175.87179487179486,32.89513161117488
3545,3.0801998539587365,3.7256646792287524,175.87179487179486,32.89513161117488
3546,3.0801998539587365,3.7256646792287524,175.87179487179486,32.89513161117488
3547,3.0801998539587365,3.7256646792287524,175.87179487179486,32.89513161117488
3548,3.0801998539587365,3.7256646792287524,175.87179487179486,32.89513161117488
3549,3.0801998539587365,3.7256646792287524,175.87179487179486,32.89513161117488
3550,3.0801998539587365,3.7256646792287524,175.87179487179486,32.89513161117488
3551,3.0801998539587365,3.7256646792287524,175.87179487179486,32.89513161117488
3552,3.0801998539587365,3.7256646792287524,175.87179487179486,32.89513161117488
3553,3.0801998539587365,3.7256646792287524,175.87179487179486,32.89513161117488
3554,3.0801998539587365,3.7256646792287524,175.87179487179486,32.89513161117488
3555,3.0801998539587365,3.7256646792287524,175.87179487179486,32.89513161117488
3556,3.0801998539587365,3.7256646792287524,175.87179487179486,32.89513161117488
3557,3.0801998539587365,3.7256646792287524,175.87179487179486,32.89513161117488
3558,3.0801998539587365,3.7256646792287524,175.87179487179486,32.89513161117488
3559,3.0801998539587365,3.7256646792287524,175.87179487179486,32.89513161117488
3560,3.0801998539587365,3.7256646792287524,175.87179487179486,32.89513161117488
3561,3.0801998539587365,3.7256646792287524,175.87179487179486,32.89513161117488
3562,3.0801998539587365,3.7256646792287524,175.87179487179486,32.89513161117488
3563,3.0801998539587365,3.7256646792287524,175.87179487179486,32.89513161117488
3564,3.0801998539587365,3.7256646792287524,175.87179487179486,32.89513161117488
3565,3.0801998539587365,3.7256646792287524,175.87179487179486,32.89513161117488
3566,3.0801998539587365,3.7256646792287524,175.87179487179486,32.89513161117488
3567,3.0801998539587365,3.7256646792287524,175.87179487179486,32.89513161117488
3568,3.0801998539587365,3.7256646792287524,175.87179487179486,32.89513161117488
3569,3.0801998539587365,3.7256646792287524,175.87179487179486,32.89513161117488
3570,3.0801998539587365,3.7256646792287524,175.87179487179486,32.89513161117488
3571,3.0801998539587365,3.7256646792287524,175.87179487179486,32.89513161117488
3572,3.0801998539587365,3.7256646792287524,175.87179487179486,32.89513161117488
3573,3.0801998539587365,3.7256646792287524,175.87179487179486,32.89513161117488
3574,3.0801998539587365,3.7256646792287524,175.87179487179486,32.89513161117488
3575,2.8230615449579974,3.547648623236587,168.15384615384616,31.72420919957263
3576,2.8230615449579974,3.547648623236587,168.15384615384616,31.72420919957263
3577,2.8230615449579974,3.547648623236587,168.15384615384616,31.72420919957263
3578,2.8230615449579974,3.547648623236587,168.15384615384616,31.72420919957263
3579,2.8230615449579974,3.547648623236587,168.15384615384616,31.72420919957263
3580,2.8230615449579974,3.547648623236587,168.15384615384616,31.72420919957263
3581,2.8230615449579974,3.547648623236587,168.15384615384616,31.72420919957263
3582,2.8230615449579974,3.547648623236587,168.15384615384616,31.72420919957263
3583,2.8230615449579974,3.547648623236587,168.15384615384616,31.72420919957263
3584,2.8230615449579974,3.547648623236587,168.15384615384616,31.72420919957263
3585,2.8230615449579974,3.547648623236587,168.15384615384616,31.72420919957263
3586,2.8230615449579974,3.547648623236587,168.15384615384616,31.72420919957263
3587,2.8230615449579974,3.547648623236587,168.15384615384616,31.72420919957263
3588,2.8230615449579974,3.547648623236587,168.15384615384616,31.72420919957263
3589,2.8230615449579974,3.547648623236587,168.15384615384616,31.72420919957263
3590,2.8230615449579974,3.547648623236587,168.15384615384616,31.72420919957263
3591,2.8230615449579974,3.547648623236587,168.15384615384616,31.72420919957263
3592,2.8230615449579974,3.547648623236587,168.15384615384616,31.72420919957263
3593,2.8230615449579974,3.547648623236587,168.15384615384616,31.72420919957263
3594,2.8230615449579974,3.547648623236587,168.15384615384616,31.72420919957263
3595,2.8230615449579974,3.547648623236587,168.15384615384616,31.72420919957263
3596,2.8230615449579974,3.547648623236587,168.15384615384616,31.72420919957263
3597,2.8230615449579974,3.547648623236587,168.15384615384616,31.72420919957263
3598,2.8230615449579974,3.547648623236587,168.15384615384616,31.72420919957263
3599,2.8230615449579974,3.547648623236587,168.15384615384616,31.72420919957263
3600,2.8230615449579974,3.547648623236587,168.15384615384616,31.72420919957263
3601,2.8230615449579974,3.547648623236587,168.15384615384616,31.72420919957263
3602,2.8230615449579974,3.547648623236587,168.15384615384616,31.72420919957263
3603,2.8230615449579974,3.547648623236587,168.15384615384616,31.72420919957263
3604,2.8230615449579974,3.547648623236587,168.15384615384616,31.72420919957263
3605,2.8230615449579974,3.547648623236587,168.15384615384616,31.72420919957263
3606,2.8230615449579974,3.547648623236587,168.15384615384616,31.72420919957263
3607,2.8230615449579974,3.547648623236587,168.15384615384616,31.72420919957263
3608,2.8230615449579974,3.547648623236587,168.15384615384616,31.72420919957263
3609,2.8230615449579974,3.547648623236587,168.15384615384616,31.72420919957263
3610,2.8230615449579974,3.547648623236587,168.15384615384616,31.72420919957263
3611,2.8230615449579974,3.547648623236587,168.15384615384616,31.72420919957263
3612,2.8230615449579974,3.547648623236587,168.15384615384616,31.72420919957263
3613,2.8230615449579974,3.547648623236587,168.15384615384616,31.72420919957263
3614,2.8230615449579974,3.547648623236587,168.15384615384616,31.72420919957263
3615,2.8230615449579974,3.547648623236587,168.15384615384616,31.72420919957263
3616,2.8230615449579974,3.547648623236587,168.15384615384616,31.72420919957263
3617,2.8230615449579974,3.547648623236587,168.15384615384616,31.72420919957263
3618,2.8230615449579974,3.547648623236587,168.15384615384616,31.72420919957263
3619,2.8230615449579974,3.547648623236587,168.15384615384616,31.72420919957263
3620,2.8230615449579974,3.547648623236587,168.15384615384616,31.72420919957263
3621,2.8230615449579974,3.547648623236587,168.15384615384616,31.72420919957263
3622,2.8230615449579974,3.547648623236587,168.15384615384616,31.72420919957263
3623,2.8230615449579974,3.547648623236587,168.15384615384616,31.72420919957263
3624,3.0801998539587365,3.7256646792287524,175.87179487179486,32.89513161117488
3625,3.0801998539587365,3.7256646792287524,175.87179487179486,32.89513161117488
3626,3.0801998539587365,3.7256646792287524,175.87179487179486,32.89513161117488
3627,3.0801998539587365,3.7256646792287524,175.87179487179486,32.89513161117488
3628,3.0801998539587365,3.7256646792287524,175.87179487179486,32.89513161117488
3629,3.0801998539587365,3.7256646792287524,175.87179487179486,32.89513161117488
3630,3.0801998539587365,3.7256646792287524,175.87179487179486,32.89513161117488
3631,3.0801998539587365,3.7256646792287524,175.87179487179486,32.89513161117488
3632,3.0801998539587365,3.7256646792287524,175.87179487179486,32.89513161117488
3633,3.0801998539587365,3.7256646792287524,175.87179487179486,32.89513161117488
3634,3.0801998539587365,3.7256646792287524,175.87179487179486,32.89513161117488
3635,3.0801998539587365,3.7256646792287524,175.87179487179486,32.89513161117488
3636,3.0801998539587365,3.7256646792287524,175.87179487179486,32.89513161117488
3637,3.0801998539587365,3.7256646792287524,175.87179487179486,32.89513161117488
3638,3.0801998539587365,3.7256646792287524,175.87179487179486,32.89513161117488
3639,3.0801998539587365,3.7256646792287524,175.87179487179486,32.89513161117488
3640,3.0801998539587365,3.7256646792287524,175.87179487179486,32.89513161117488
3641,3.0801998539587365,3.7256646792287524,175.87179487179486,32.89513161117488
3642,3.0801998539587365,3.7256646792287524,175.87179487179486,32.89513161117488
3643,3.0801998539587365,3.7256646792287524,175.87179487179486,32.89513161117488
3644,3.0801998539587365,3.7256646792287524,175.87179487179486,32.89513161117488
3645,3.0801998539587365,3.7256646792287524,175.87179487179486,32.89513161117488
3646,3.0801998539587365,3.7256646792287524,175.87179487179486,32.89513161117488
3647,3.0801998539587365,3.7256646792287524,175.87179487179486,32.89513161117488
3648,3.0801998539587365,3.7256646792287524,175.87179487179486,32.89513161117488
3649,3.0801998539587365,3.7256646792287524,175.87179487179486,32.89513161117488
3650,3.0801998539587365,3.7256646792287524,175.87179487179486,32.89513161117488
3651,3.0801998539587365,3.7256646792287524,175.87179487179486,32.89513161117488
3652,3.0801998539587365,3.7256646792287524,175.87179487179486,32.89513161117488
3653,3.0801998539587365,3.7256646792287524,175.87179487179486,32.89513161117488
3654,3.0801998539587365,3.7256646792287524,175.87179487179486,32.89513161117488
3655,3.0801998539587365,3.7256646792287524,175.87179487179486,32.89513161117488
3656,3.0801998539587365,3.7256646792287524,175.87179487179486,32.89513161117488
3657,3.0801998539587365,3.7256646792287524,175.87179487179486,32.89513161117488
3658,3.0801998539587365,3.7256646792287524,175.87179487179486,32.89513161117488
3659,3.0801998539587365,3.7256646792287524,175.87179487179486,32.89513161117488
3660,3.0801998539587365,3.7256646792287524,175.87179487179486,32.89513161117488
3661,3.0801998539587365,3.7256646792287524,175.87179487179486,32.89513161117488
3662,3.0801998539587365,3.7256646792287524,175.87179487179486,32.89513161117488
3663,3.0801998539587365,3.7256646792287524,175.87179487179486,32.89513161117488
3664,3.0801998539587365,3.7256646792287524,175.87179487179486,32.89513161117488
3665,3.0801998539587365,3.7256646792287524,175.87179487179486,32.89513161117488
3666,3.0801998539587365,3.7256646792287524,175.87179487179486,32.89513161117488
3667,3.0801998539587365,3.7256646792287524,175.87179487179486,32.89513161117488
3668,3.0801998539587365,3.7256646792287524,175.87179487179486,32.89513161117488
3669,3.0801998539587365,3.7256646792287524,175.87179487179486,32.89513161117488
3670,3.0801998539587365,3.7256646792287524,175.87179487179486,32.89513161117488
3671,3.0801998539587365,3.7256646792287524,175.87179487179486,32.89513161117488
3672,3.0801998539587365,3.7256646792287524,175.87179487179486,32.89513161117488
3673,3.0801998539587365,3.7256646792287524,175.87179487179486,32.89513161117488
3674,2.8230615449579974,3.547648623236587,168.15384615384616,31.72420919957263
3675,2.8230615449579974,3.547648623236587,168.15384615384616,31.72420919957263
3676,2.8230615449579974,3.547648623236587,168.15384615384616,31.72420919957263
3677,2.8230615449579974,3.547648623236587,168.15384615384616,31.72420919957263
3678,2.8230615449579974,3.547648623236587,168.15384615384616,31.72420919957263
3679,2.8230615449579974,3.547648623236587,168.15384615384616,31.72420919957263
3680,2.8230615449579974,3.547648623236587,168.15384615384616,31.72420919957263
3681,2.8230615449579974,3.547648623236587,168.15384615384616,31.72420919957263
3682,2.8230615449579974,3.547648623236587,168.15384615384616,31.72420919957263
3683,2.8230615449579974,3.547648623236587,168.15384615384616,31.72420919957263
3684,2.8230615449579974,3.547648623236587,168.15384615384616,31.72420919957263
3685,2.8230615449579974,3.547648623236587,168.15384615384616,31.72420919957263
3686,2.8230615449579974,3.547648623236587,168.15384615384616,31.72420919957263
3687,2.8230615449579974,3.547648623236587,168.15384615384616,31.72420919957263
3688,2.8230615449579974,3.547648623236587,168.15384615384616,31.72420919957263
3689,2.8230615449579974,3.547648623236587,168.15384615384616,31.72420919957263
3690,2.8230615449579974,3.547648623236587,168.15384615384616,31.72420919957263
3691,2.8230615449579974,3.547648623236587,168.15384615384616,31.72420919957263
3692,2.8230615449579974,3.547648623236587,168.15384615384616,31.72420919957263
3693,2.8230615449579974,3.547648623236587,168.15384615384616,31.72420919957263
3694,2.8230615449579974,3.547648623236587,168.15384615384616,31.72420919957263
3695,2.8230615449579974,3.547648623236587,168.15384615384616,31.72420919957263
3696,2.8230615449579974,3.547648623236587,168.15384615384616,31.72420919957263
3697,2.8230615449579974,3.547648623236587,168.15384615384616,31.72420919957263
3698,2.8230615449579974,3.547648623236587,168.15384615384616,31.72420919957263
3699,2.8230615449579974,3.547648623236587,168.15384615384616,31.72420919957263
3700,2.8230615449579974,3.547648623236587,168.15384615384616,31.72420919957263
3701,2.8230615449579974,3.547648623236587,168.15384615384616,31.72420919957263
3702,2.8230615449579974,3.547648623236587,168.15384615384616,31.72420919957263
3703,2.8230615449579974,3.547648623236587,168.15384615384616,31.72420919957263
3704,2.8230615449579974,3.547648623236587,168.15384615384616,31.72420919957263
3705,2.8230615449579974,3.547648623236587,168.15384615384616,31.72420919957263
3706,2.8230615449579974,3.547648623236587,168.15384615384616,31.72420919957263
3707,2.8230615449579974,3.547648623236587,168.15384615384616,31.72420919957263
3708,2.8230615449579974,3.547648623236587,168.15384615384616,31.72420919957263
3709,2.8230615449579974,3.547648623236587,168.15384615384616,31.72420919957263
3710,2.8230615449579974,3.547648623236587,168.15384615384616,31.72420919957263
3711,2.8230615449579974,3.547648623236587,168.15384615384616,31.72420919957263
3712,2.8230615449579974,3.547648623236587,168.15384615384616,31.72420919957263
3713,2.8230615449579974,3.547648623236587,168.15384615384616,31.72420919957263
3714,2.8230615449579974,3.547648623236587,168.15384615384616,31.72420919957263
3715,2.8230615449579974,3.547648623236587,168.15384615384616,31.72420919957263
3716,2.8230615449579974,3.547648623236587,168.15384615384616,31.72420919957263
3717,2.8230615449579974,3.547648623236587,168.15384615384616,31.72420919957263
3718,2.8230615449579974,3.547648623236587,168.15384615384616,31.72420919957263
3719,2.8230615449579974,3.547648623236587,168.15384615384616,31.72420919957263
3720,2.8230615449579974,3.547648623236587,168.15384615384616,31.72420919957263
3721,2.8230615449579974,3.547648623236587,168.15384615384616,31.72420919957263
3722,2.8230615449579974,3.547648623236587,168.15384615384616,31.72420919957263
3723,3.0801998539587365,3.7256646792287524,175.87179487179486,32.89513161117488
3724,3.0801998539587365,3.7256646792287524,175.87179487179486,32.89513161117488
3725,3.0801998539587365,3.7256646792287524,175.87179487179486,32.89513161117488
3726,3.0801998539587365,3.7256646792287524,175.87179487179486,32.89513161117488
3727,3.0801998539587365,3.7256646792287524,175.87179487179486,32.89513161117488
3728,3.0801998539587365,3.7256646792287524,175.87179487179486,32.89513161117488
3729,3.0801998539587365,3.7256646792287524,175.87179487179486,32.89513161117488
3730,3.0801998539587365,3.7256646792287524,175.87179487179486,32.89513161117488
3731,3.0801998539587365,3.7256646792287524,175.87179487179486,32.89513161117488
3732,3.0801998539587365,3.7256646792287524,175.87179487179486,32.89513161117488
3733,3.0801998539587365,3.7256646792287524,175.87179487179486,32.89513161117488
3734,3.0801998539587365,3.7256646792287524,175.87179487179486,32.89513161117488
3735,3.0801998539587365,3.7256646792287524,175.87179487179486,32.89513161117488
3736,3.0801998539587365,3.7256646792287524,175.87179487179486,32.89513161117488
3737,3.0801998539587365,3.7256646792287524,175.87179487179486,32.89513161117488
3738,3.0801998539587365,3.7256646792287524,175.87179487179486,32.89513161117488
3739,3.0801998539587365,3.7256646792287524,175.87179487179486,32.89513161117488
3740,3.0801998539587365,3.7256646792287524,175.87179487179486,32.89513161117488
3741,3.0801998539587365,3.7256646792287524,175.87179487179486,32.89513161117488
3742,3.0801998539587365,3.7256646792287524,175.87179487179486,32.89513161117488
3743,3.0801998539587365,3.7256646792287524,175.87179487179486,32.89513161117488
3744,3.0801998539587365,3.7256646792287524,175.87179487179486,32.89513161117488
3745,3.0801998539587365,3.7256646792287524,175.87179487179486,32.89513161117488
3746,3.0801998539587365,3.7256646792287524,175.87179487179486,32.89513161117488
3747,3.0801998539587365,3.7256646792287524,175.87179487179486,32.89513161117488
3748,3.0801998539587365,3.7256646792287524,175.87179487179486,32.89513161117488
3749,3.0801998539587365,3.7256646792287524,175.87179487179486,32.89513161117488
3750,3.0801998539587365,3.7256646792287524,175.87179487179486,32.89513161117488
3751,3.0801998539587365,3.7256646792287524,175.87179487179486,32.89513161117488
3752,3.0801998539587365,3.7256646792287524,175.87179487179486,32.89513161117488
3753,3.0801998539587365,3.7256646792287524,175.87179487179486,32.89513161117488
3754,3.0801998539587365,3.7256646792287524,175.87179487179486,32.89513161117488
3755,3.0801998539587365,3.7256646792287524,175.87179487179486,32.89513161117488
3756,3.0801998539587365,3.7256646792287524,175.87179487179486,32.89513161117488
3757,3.0801998539587365,3.7256646792287524,175.87179487179486,32.89513161117488
3758,3.0801998539587365,3.7256646792287524,175.87179487179486,32.89513161117488
3759,3.0801998539587365,3.7256646792287524,175.87179487179486,32.89513161117488
3760,3.0801998539587365,3.7256646792287524,175.87179487179486,32.89513161117488
3761,3.0801998539587365,3.7256646792287524,175.87179487179486,32.89513161117488
3762,3.0801998539587365,3.7256646792287524,175.87179487179486,32.89513161117488
3763,3.0801998539587365,3.7256646792287524,175.87179487179486,32.89513161117488
3764,3.0801998539587365,3.7256646792287524,175.87179487179486,32.89513161117488
3765,3.0801998539587365,3.7256646792287524,175.87179487179486,32.89513161117488
3766,3.0801998539587365,3.7256646792287524,175.87179487179486,32.89513161117488
3767,3.0801998539587365,3.7256646792287524,175.87179487179486,32.89513161117488
3768,3.0801998539587365,3.7256646792287524,175.87179487179486,32.89513161117488
3769,3.0801998539587365,3.7256646792287524,175.87179487179486,32.89513161117488
3770,3.0801998539587365,3.7256646792287524,175.87179487179486,32.89513161117488
3771,3.0801998539587365,3.7256646792287524,175.87179487179486,32.89513161117488
3772,3.0801998539587365,3.7256646792287524,175.87179487179486,32.89513161117488
3773,2.8230615449579974,3.547648623236587,168.15384615384616,31.72420919957263
3774,2.8230615449579974,3.547648623236587,168.15384615384616,31.72420919957263
3775,2.8230615449579974,3.547648623236587,168.15384615384616,31.72420919957263
3776,2.8230615449579974,3.547648623236587,168.15384615384616,31.72420919957263
3777,2.8230615449579974,3.547648623236587,168.15384615384616,31.72420919957263
3778,2.8230615449579974,3.547648623236587,168.15384615384616,31.72420919957263
3779,2.8230615449579974,3.547648623236587,168.15384615384616,31.72420919957263
3780,2.8230615449579974,3.547648623236587,168.15384615384616,31.72420919957263
3781,2.8230615449579974,3.547648623236587,168.15384615384616,31.72420919957263
3782,2.8230615449579974,3.547648623236587,168.15384615384616,31.72420919957263
3783,2.8230615449579974,3.547648623236587,168.15384615384616,31.72420919957263
3784,2.8230615449579974,3.547648623236587,168.15384615384616,31.72420919957263
3785,2.8230615449579974,3.547648623236587,168.15384615384616,31.72420919957263
3786,2.8230615449579974,3.547648623236587,168.15384615384616,31.72420919957263
3787,2.8230615449579974,3.547648623236587,168.15384615384616,31.72420919957263
3788,2.8230615449579974,3.547648623236587,168.15384615384616,31.72420919957263
3789,2.8230615449579974,3.547648623236587,168.15384615384616,31.72420919957263
3790,2.8230615449579974,3.547648623236587,168.15384615384616,31.72420919957263
3791,2.8230615449579974,3.547648623236587,168.15384615384616,31.72420919957263
3792,2.8230615449579974,3.547648623236587,168.15384615384616,31.72420919957263
3793,2.8230615449579974,3.547648623236587,168.15384615384616,31.72420919957263
3794,2.8230615449579974,3.547648623236587,168.15384615384616,31.72420919957263
3795,2.8230615449579974,3.547648623236587,168.15384615384616,31.72420919957263
3796,2.8230615449579974,3.547648623236587,168.15384615384616,31.72420919957263
3797,2.8230615449579974,3.547648623236587,168.15384615384616,31.72420919957263
3798,2.8230615449579974,3.547648623236587,168.15384615384616,31.72420919957263
3799,2.8230615449579974,3.547648623236587,168.15384615384616,31.72420919957263
3800,2.8230615449579974,3.547648623236587,168.15384615384616,31.72420919957263
3801,2.8230615449579974,3.547648623236587,168.15384615384616,31.72420919957263
3802,2.8230615449579974,3.547648623236587,168.15384615384616,31.72420919957263
3803,2.8230615449579974,3.547648623236587,168.15384615384616,31.72420919957263
3804,2.8230615449579974,3.547648623236587,168.15384615384616,31.72420919957263
3805,2.8230615449579974,3.547648623236587,168.15384615384616,31.72420919957263
3806,2.8230615449579974,3.547648623236587,168.15384615384616,31.72420919957263
3807,2.8230615449579974,3.547648623236587,168.15384615384616,31.72420919957263
3808,2.8230615449579974,3.547648623236587,168.15384615384616,31.72420919957263
3809,2.8230615449579974,3.547648623236587,168.15384615384616,31.72420919957263
3810,2.8230615449579974,3.547648623236587,168.15384615384616,31.72420919957263
3811,2.8230615449579974,3.547648623236587,168.15384615384616,31.72420919957263
3812,2.8230615449579974,3.547648623236587,168.15384615384616,31.72420919957263
3813,2.8230615449579974,3.547648623236587,168.15384615384616,31.72420919957263
3814,2.8230615449579974,3.547648623236587,168.15384615384616,31.72420919957263
3815,2.8230615449579974,3.547648623236587,168.15384615384616,31.72420919957263
3816,2.8230615449579974,3.547648623236587,168.15384615384616,31.72420919957263
3817,2.8230615449579974,3.547648623236587,168.15384615384616,31.72420919957263
3818,2.8230615449579974,3.547648623236587,168.15384615384616,31.72420919957263
3819,2.8230615449579974,3.547648623236587,168.15384615384616,31.72420919957263
3820,2.8230615449579974,3.547648623236587,168.15384615384616,31.72420919957263
3821,2.8230615449579974,3.547648623236587,168.15384615384616,31.72420919957263
3822,3.0801998539587365,3.7256646792287524,175.87179487179486,32.89513161117488
3823,3.0801998539587365,3.7256646792287524,175.87179487179486,32.89513161117488
3824,3.0801998539587365,3.7256646792287524,175.87179487179486,32.89513161117488
3825,3.0801998539587365,3.7256646792287524,175.87179487179486,32.89513161117488
3826,3.0801998539587365,3.7256646792287524,175.87179487179486,32.89513161117488
3827,3.0801998539587365,3.7256646792287524,175.87179487179486,32.89513161117488
3828,3.0801998539587365,3.7256646792287524,175.87179487179486,32.89513161117488
3829,3.0801998539587365,3.7256646792287524,175.87179487179486,32.89513161117488
3830,3.0801998539587365,3.7256646792287524,175.87179487179486,32.89513161117488
3831,3.0801998539587365,3.7256646792287524,175.87179487179486,32.89513161117488
3832,3.0801998539587365,3.7256646792287524,175.87179487179486,32.89513161117488
3833,3.0801998539587365,3.7256646792287524,175.87179487179486,32.89513161117488
3834,3.0801998539587365,3.7256646792287524,175.87179487179486,32.89513161117488
3835,3.0801998539587365,3.7256646792287524,175.87179487179486,32.89513161117488
3836,3.0801998539587365,3.7256646792287524,175.87179487179486,32.89513161117488
3837,3.0801998539587365,3.7256646792287524,175.87179487179486,32.89513161117488
3838,3.0801998539587365,3.7256646792287524,175.87179487179486,32.89513161117488
3839,3.0801998539587365,3.7256646792287524,175.87179487179486,32.89513161117488
3840,3.0801998539587365,3.7256646792287524,175.87179487179486,32.89513161117488
3841,3.0801998539587365,3.7256646792287524,175.87179487179486,32.89513161117488
3842,3.0801998539587365,3.7256646792287524,175.87179487179486,32.89513161117488
3843,3.0801998539587365,3.7256646792287524,175.87179487179486,32.89513161117488
3844,3.0801998539587365,3.7256646792287524,175.87179487179486,32.89513161117488
3845,3.0801998539587365,3.7256646792287524,175.87179487179486,32.89513161117488
3846,3.0801998539587365,3.7256646792287524,175.87179487179486,32.89513161117488
3847,3.0801998539587365,3.7256646792287524,175.87179487179486,32.89513161117488
3848,3.0801998539587365,3.7256646792287524,175.87179487179486,32.89513161117488
3849,3.0801998539587365,3.7256646792287524,175.87179487179486,32.89513161117488
3850,3.0801998539587365,3.7256646792287524,175.87179487179486,32.89513161117488
3851,3.0801998539587365,3.7256646792287524,175.87179487179486,32.89513161117488
3852,3.0801998539587365,3.7256646792287524,175.87179487179486,32.89513161117488
3853,3.0801998539587365,3.7256646792287524,175.87179487179486,32.89513161117488
3854,3.0801998539587365,3.7256646792287524,175.87179487179486,32.89513161117488
3855,3.0801998539587365,3.7256646792287524,175.87179487179486,32.89513161117488
3856,3.0801998539587365,3.7256646792287524,175.87179487179486,32.89513161117488
3857,3.0801998539587365,3.7256646792287524,175.87179487179486,32.89513161117488
3858,3.0801998539587365,3.7256646792287524,175.87179487179486,32.89513161117488
3859,3.0801998539587365,3.7256646792287524,175.87179487179486,32.89513161117488
3860,3.0801998539587365,3.7256646792287524,175.87179487179486,32.89513161117488
3861,3.0801998539587365,3.7256646792287524,175.87179487179486,32.89513161117488
3862,3.0801998539587365,3.7256646792287524,175.87179487179486,32.89513161117488
3863,3.0801998539587365,3.7256646792287524,175.87179487179486,32.89513161117488
3864,3.0801998539587365,3.7256646792287524,175.87179487179486,32.89513161117488
3865,3.0801998539587365,3.7256646792287524,175.87179487179486,32.89513161117488
3866,3.0801998539587365,3.7256646792287524,175.87179487179486,32.89513161117488
3867,3.0801998539587365,3.7256646792287524,175.87179487179486,32.89513161117488
3868,3.0801998539587365,3.7256646792287524,175.87179487179486,32.89513161117488
3869,3.0801998539587365,3.7256646792287524,175.87179487179486,32.89513161117488
3870,3.0801998539587365,3.7256646792287524,175.87179487179486,32.89513161117488
3871,3.0801998539587365,3.7256646792287524,175.87179487179486,32.89513161117488
3872,2.8230615449579974,3.547648623236587,168.15384615384616,31.72420919957263
3873,2.8230615449579974,3.547648623236587,168.15384615384616,31.72420919957263
3874,2.8230615449579974,3.547648623236587,168.15384615384616,31.72420919957263
3875,2.8230615449579974,3.547648623236587,168.15384615384616,31.72420919957263
3876,2.8230615449579974,3.547648623236587,168.15384615384616,31.72420919957263
3877,2.8230615449579974,3.547648623236587,168.15384615384616,31.72420919957263
3878,2.8230615449579974,3.547648623236587,168.15384615384616,31.72420919957263
3879,2.8230615449579974,3.547648623236587,168.15384615384616,31.72420919957263
3880,2.8230615449579974,3.547648623236587,168.15384615384616,31.72420919957263
3881,2.8230615449579974,3.547648623236587,168.15384615384616,31.72420919957263
3882,2.8230615449579974,3.547648623236587,168.15384615384616,31.72420919957263
3883,2.8230615449579974,3.547648623236587,168.15384615384616,31.72420919957263
3884,2.8230615449579974,3.547648623236587,168.15384615384616,31.72420919957263
3885,2.8230615449579974,3.547648623236587,168.15384615384616,31.72420919957263
3886,2.8230615449579974,3.547648623236587,168.15384615384616,31.72420919957263
3887,2.8230615449579974,3.547648623236587,168.15384615384616,31.72420919957263
3888,2.8230615449579974,3.547648623236587,168.15384615384616,31.72420919957263
3889,2.8230615449579974,3.547648623236587,168.15384615384616,31.72420919957263
3890,2.8230615449579974,3.547648623236587,168.15384615384616,31.72420919957263
3891,2.8230615449579974,3.547648623236587,168.15384615384616,31.72420919957263
3892,2.8230615449579974,3.547648623236587,168.15384615384616,31.72420919957263
3893,2.8230615449579974,3.547648623236587,168.15384615384616,31.72420919957263
3894,2.8230615449579974,3.547648623236587,168.15384615384616,31.72420919957263
3895,2.8230615449579974,3.547648623236587,168.15384615384616,31.72420919957263
3896,2.8230615449579974,3.547648623236587,168.15384615384616,31.72420919957263
3897,2.8230615449579974,3.547648623236587,168.15384615384616,31.72420919957263
3898,2.8230615449579974,3.547648623236587,168.15384615384616,31.72420919957263
3899,2.8230615449579974,3.547648623236587,168.15384615384616,31.72420919957263
3900,2.8230615449579974,3.547648623236587,168.15384615384616,31.72420919957263
3901,2.8230615449579974,3.547648623236587,168.15384615384616,31.72420919957263
3902,2.8230615449579974,3.547648623236587,168.15384615384616,31.72420919957263
3903,2.8230615449579974,3.547648623236587,168.15384615384616,31.72420919957263
3904,2.8230615449579974,3.547648623236587,168.15384615384616,31.72420919957263
3905,2.8230615449579974,3.547648623236587,168.15384615384616,31.72420919957263
3906,2.8230615449579974,3.547648623236587,168.15384615384616,31.72420919957263
3907,2.8230615449579974,3.547648623236587,168.15384615384616,31.72420919957263
3908,2.8230615449579974,3.547648623236587,168.15384615384616,31.72420919957263
3909,2.8230615449579974,3.547648623236587,168.15384615384616,31.72420919957263
3910,2.8230615449579974,3.547648623236587,168.15384615384616,31.72420919957263
3911,2.8230615449579974,3.547648623236587,168.15384615384616,31.72420919957263
3912,2.8230615449579974,3.547648623236587,168.15384615384616,31.72420919957263
3913,2.8230615449579974,3.547648623236587,168.15384615384616,31.72420919957263
3914,2.8230615449579974,3.547648623236587,168.15384615384616,31.72420919957263
3915,2.8230615449579974,3.547648623236587,168.15384615384616,31.72420919957263
3916,2.8230615449579974,3.547648623236587,168.15384615384616,31.72420919957263
3917,2.8230615449579974,3.547648623236587,168.15384615384616,31.72420919957263
3918,2.8230615449579974,3.547648623236587,168.15384615384616,31.72420919957263
3919,2.8230615449579974,3.547648623236587,168.15384615384616,31.72420919957263
3920,2.8230615449579974,3.547648623236587,168.15384615384616,31.72420919957263
3921,2.8230615449579974,3.547648623236587,168.15384615384616,31.72420919957263
3922,3.0801998539587365,3.7256646792287524,175.87179487179486,32.89513161117488
3923,3.0801998539587365,3.7256646792287524,175.87179487179486,32.89513161117488
3924,3.0801998539587365,3.7256646792287524,175.87179487179486,32.89513161117488
3925,3.0801998539587365,3.7256646792287524,175.87179487179486,32.89513161117488
3926,3.0801998539587365,3.7256646792287524,175.87179487179486,32.89513161117488
3927,3.0801998539587365,3.7256646792287524,175.87179487179486,32.89513161117488
3928,3.0801998539587365,3.7256646792287524,175.87179487179486,32.89513161117488
3929,3.0801998539587365,3.7256646792287524,175.87179487179486,32.89513161117488
3930,3.0801998539587365,3.7256646792287524,175.87179487179486,32.89513161117488
3931,3.0801998539587365,3.7256646792287524,175.87179487179486,32.89513161117488
3932,3.0801998539587365,3.7256646792287524,175.87179487179486,32.89513161117488
3933,3.0801998539587365,3.7256646792287524,175.87179487179486,32.89513161117488
3934,3.0801998539587365,3.7256646792287524,175.87179487179486,32.89513161117488
3935,3.0801998539587365,3.7256646792287524,175.87179487179486,32.89513161117488
3936,3.0801998539587365,3.7256646792287524,175.87179487179486,32.89513161117488
3937,3.0801998539587365,3.7256646792287524,175.87179487179486,32.89513161117488
3938,3.0801998539587365,3.7256646792287524,175.87179487179486,32.89513161117488
3939,3.0801998539587365,3.7256646792287524,175.87179487179486,32.89513161117488
3940,3.0801998539587365,3.7256646792287524,175.87179487179486,32.89513161117488
3941,3.0801998539587365,3.7256646792287524,175.87179487179486,32.89513161117488
3942,3.0801998539587365,3.7256646792287524,175.87179487179486,32.89513161117488
3943,3.0801998539587365,3.7256646792287524,175.87179487179486,32.89513161117488
3944,3.0801998539587365,3.7256646792287524,175.87179487179486,32.89513161117488
3945,3.0801998539587365,3.7256646792287524,175.87179487179486,32.89513161117488
3946,3.0801998539587365,3.7256646792287524,175.87179487179486,32.89513161117488
3947,3.0801998539587365,3.7256646792287524,175.87179487179486,32.89513161117488
3948,3.0801998539587365,3.7256646792287524,175.87179487179486,32.89513161117488
3949,3.0801998539587365,3.7256646792287524,175.87179487179486,32.89513161117488
3950,3.0801998539587365,3.7256646792287524,175.87179487179486,32.89513161117488
3951,3.0801998539587365,3.7256646792287524,175.87179487179486,32.89513161117488
3952,3.0801998539587365,3.7256646792287524,175.87179487179486,32.89513161117488
3953,3.0801998539587365,3.7256646792287524,175.87179487179486,32.89513161117488
3954,3.0801998539587365,3.7256646792287524,175.87179487179486,32.89513161117488
3955,3.0801998539587365,3.7256646792287524,175.87179487179486,32.89513161117488
3956,3.0801998539587365,3.7256646792287524,175.87179487179486,32.89513161117488
3957,3.0801998539587365,3.7256646792287524,175.87179487179486,32.89513161117488
3958,3.0801998539587365,3.7256646792287524,175.87179487179486,32.89513161117488
3959,3.0801998539587365,3.7256646792287524,175.87179487179486,32.89513161117488
3960,3.0801998539587365,3.7256646792287524,175.87179487179486,32.89513161117488
3961,3.0801998539587365,3.7256646792287524,175.87179487179486,32.89513161117488
3962,3.0801998539587365,3.7256646792287524,175.87179487179486,32.89513161117488
3963,3.0801998539587365,3.7256646792287524,175.87179487179486,32.89513161117488
3964,3.0801998539587365,3.7256646792287524,175.87179487179486,32.89513161117488
3965,3.0801998539587365,3.7256646792287524,175.87179487179486,32.89513161117488
3966,3.0801998539587365,3.7256646792287524,175.87179487179486,32.89513161117488
3967,3.0801998539587365,3.7256646792287524,175.87179487179486,32.89513161117488
3968,3.0801998539587365,3.7256646792287524,175.87179487179486,32.89513161117488
3969,3.0801998539587365,3.7256646792287524,175.87179487179486,32.89513161117488
3970,3.0801998539587365,3.7256646792287524,175.87179487179486,32.89513161117488
3971,3.0801998539587365,3.7256646792287524,175.87179487179486,32.89513161117488
3972,2.8230615449579974,3.547648623236587,168.15384615384616,31.72420919957263
3973,2.8230615449579974,3.547648623236587,168.15384615384616,31.72420919957263
3974,2.8230615449579974,3.547648623236587,168.15384615384616,31.72420919957263
3975,2.8230615449579974,3.547648623236587,168.15384615384616,31.72420919957263
3976,2.8230615449579974,3.547648623236587,168.15384615384616,31.72420919957263
3977,2.8230615449579974,3.547648623236587,168.15384615384616,31.72420919957263
3978,2.8230615449579974,3.547648623236587,168.15384615384616,31.72420919957263
3979,2.8230615449579974,3.547648623236587,168.15384615384616,31.72420919957263
3980,2.8230615449579974,3.547648623236587,168.15384615384616,31.72420919957263
3981,2.8230615449579974,3.547648623236587,168.15384615384616,31.72420919957263
3982,2.8230615449579974,3.547648623236587,168.15384615384616,31.72420919957263
3983,2.8230615449579974,3.547648623236587,168.15384615384616,31.72420919957263
3984,2.8230615449579974,3.547648623236587,168.15384615384616,31.72420919957263
3985,2.8230615449579974,3.547648623236587,168.15384615384616,31.72420919957263
3986,2.8230615449579974,3.547648623236587,168.15384615384616,31.72420919957263
3987,2.8230615449579974,3.547648623236587,168.15384615384616,31.72420919957263
3988,2.8230615449579974,3.547648623236587,168.15384615384616,31.72420919957263
3989,2.8230615449579974,3.547648623236587,168.15384615384616,31.72420919957263
3990,2.8230615449579974,3.547648623236587,168.15384615384616,31.72420919957263
3991,2.8230615449579974,3.547648623236587,168.15384615384616,31.72420919957263
3992,2.8230615449579974,3.547648623236587,168.15384615384616,31.72420919957263
3993,2.8230615449579974,3.547648623236587,168.15384615384616,31.72420919957263
3994,2.8230615449579974,3.547648623236587,168.15384615384616,31.72420919957263
3995,2.8230615449579974,3.547648623236587,168.15384615384616,31.72420919957263
3996,2.8230615449579974,3.547648623236587,168.15384615384616,31.72420919957263
3997,2.8230615449579974,3.547648623236587,168.15384615384616,31.72420919957263
3998,2.8230615449579974,3.547648623236587,168.15384615384616,31.72420919957263
3999,2.8230615449579974,3.547648623236587,168.15384615384616,31.72420919957263
4000,2.8230615449579974,3.547648623236587,168.15384615384616,31.72420919957263
4001,2.8230615449579974,3.547648623236587,168.15384615384616,31.72420919957263
4002,2.8230615449579974,3.547648623236587,168.15384615384616,31.72420919957263
4003,2.8230615449579974,3.547648623236587,168.15384615384616,31.72420919957263
4004,2.8230615449579974,3.547648623236587,168.15384615384616,31.72420919957263
4005,2.8230615449579974,3.547648623236587,168.15384615384616,31.72420919957263
4006,2.8230615449579974,3.547648623236587,168.15384615384616,31.72420919957263
4007,2.8230615449579974,3.547648623236587,168.15384615384616,31.72420919957263
4008,2.8230615449579974,3.547648623236587,168.15384615384616,31.72420919957263
4009,2.8230615449579974,3.547648623236587,168.15384615384616,31.72420919957263
4010,2.8230615449579974,3.547648623236587,168.15384615384616,31.72420919957263
4011,2.8230615449579974,3.547648623236587,168.15384615384616,31.72420919957263
4012,2.8230615449579974,3.547648623236587,168.15384615384616,31.72420919957263
4013,2.8230615449579974,3.547648623236587,168.15384615384616,31.72420919957263
4014,2.8230615449579974,3.547648623236587,168.15384615384616,31.72420919957263
4015,2.8230615449579974,3.547648623236587,168.15384615384616,31.72420919957263
4016,2.8230615449579974,3.547648623236587,168.15384615384616,31.72420919957263
4017,2.8230615449579974,3.547648623236587,168.15384615384616,31.72420919957263
4018,2.8230615449579974,3.547648623236587,168.15384615384616,31.72420919957263
4019,2.8230615449579974,3.547648623236587,168.15384615384616,31.72420919957263
4020,2.8230615449579974,3.547648623236587,168.15384615384616,31.72420919957263
4021,3.0801998539587365,3.7256646792287524,175.87179487179486,32.89513161117488
4022,3.0801998539587365,3.7256646792287524,175.87179487179486,32.89513161117488
4023,3.0801998539587365,3.7256646792287524,175.87179487179486,32.89513161117488
4024,3.0801998539587365,3.7256646792287524,175.87179487179486,32.89513161117488
4025,3.0801998539587365,3.7256646792287524,175.87179487179486,32.89513161117488
4026,3.0801998539587365,3.7256646792287524,175.87179487179486,32.89513161117488
4027,3.0801998539587365,3.7256646792287524,175.87179487179486,32.89513161117488
4028,3.0801998539587365,3.7256646792287524,175.87179487179486,32.89513161117488
4029,3.0801998539587365,3.7256646792287524,175.87179487179486,32.89513161117488
4030,3.0801998539587365,3.7256646792287524,175.87179487179486,32.89513161117488
4031,3.0801998539587365,3.7256646792287524,175.87179487179486,32.89513161117488
4032,3.0801998539587365,3.7256646792287524,175.87179487179486,32.89513161117488
4033,3.0801998539587365,3.7256646792287524,175.87179487179486,32.89513161117488
4034,3.0801998539587365,3.7256646792287524,175.87179487179486,32.89513161117488
4035,3.0801998539587365,3.7256646792287524,175.87179487179486,32.89513161117488
4036,3.0801998539587365,3.7256646792287524,175.87179487179486,32.89513161117488
4037,3.0801998539587365,3.7256646792287524,175.87179487179486,32.89513161117488
4038,3.0801998539587365,3.7256646792287524,175.87179487179486,32.89513161117488
4039,3.0801998539587365,3.7256646792287524,175.87179487179486,32.89513161117488
4040,3.0801998539587365,3.7256646792287524,175.87179487179486,32.89513161117488
4041,3.0801998539587365,3.7256646792287524,175.87179487179486,32.89513161117488
4042,3.0801998539587365,3.7256646792287524,175.87179487179486,32.89513161117488
4043,3.0801998539587365,3.7256646792287524,175.87179487179486,32.89513161117488
4044,3.0801998539587365,3.7256646792287524,175.87179487179486,32.89513161117488
4045,3.0801998539587365,3.7256646792287524,175.87179487179486,32.89513161117488
4046,3.0801998539587365,3.7256646792287524,175.87179487179486,32.89513161117488
4047,3.0801998539587365,3.7256646792287524,175.87179487179486,32.89513161117488
4048,3.0801998539587365,3.7256646792287524,175.87179487179486,32.89513161117488
4049,3.0801998539587365,3.7256646792287524,175.87179487179486,32.89513161117488
4050,3.0801998539587365,3.7256646792287524,175.87179487179486,32.89513161117488
4051,3.0801998539587365,3.7256646792287524,175.87179487179486,32.89513161117488
4052,3.0801998539587365,3.7256646792287524,175.87179487179486,32.89513161117488
4053,3.0801998539587365,3.7256646792287524,175.87179487179486,32.89513161117488
4054,3.0801998539587365,3.7256646792287524,175.87179487179486,32.89513161117488
4055,3.0801998539587365,3.7256646792287524,175.87179487179486,32.89513161117488
4056,3.0801998539587365,3.7256646792287524,175.87179487179486,32.89513161117488
4057,3.0801998539587365,3.7256646792287524,175.87179487179486,32.89513161117488
4058,3.0801998539587365,3.7256646792287524,175.87179487179486,32.89513161117488
4059,3.0801998539587365,3.7256646792287524,175.87179487179486,32.89513161117488
4060,3.0801998539587365,3.7256646792287524,175.87179487179486,32.89513161117488
4061,3.0801998539587365,3.7256646792287524,175.87179487179486,32.89513161117488
4062,3.0801998539587365,3.7256646792287524,175.87179487179486,32.89513161117488
4063,3.0801998539587365,3.7256646792287524,175.87179487179486,32.89513161117488
4064,3.0801998539587365,3.7256646792287524,175.87179487179486,32.89513161117488
4065,3.0801998539587365,3.7256646792287524,175.87179487179486,32.89513161117488
4066,3.0801998539587365,3.7256646792287524,175.87179487179486,32.89513161117488
4067,3.0801998539587365,3.7256646792287524,175.87179487179486,32.89513161117488
4068,3.0801998539587365,3.7256646792287524,175.87179487179486,32.89513161117488
4069,3.0801998539587365,3.7256646792287524,175.87179487179486,32.89513161117488
4070,3.0801998539587365,3.7256646792287524,175.87179487179486,32.89513161117488
4071,2.8230615449579974,3.547648623236587,168.15384615384616,31.72420919957263
4072,2.8230615449579974,3.547648623236587,168.15384615384616,31.72420919957263
4073,2.8230615449579974,3.547648623236587,168.15384615384616,31.72420919957263
4074,2.8230615449579974,3.547648623236587,168.15384615384616,31.72420919957263
4075,2.8230615449579974,3.547648623236587,168.15384615384616,31.72420919957263
4076,2.8230615449579974,3.547648623236587,168.15384615384616,31.72420919957263
4077,2.8230615449579974,3.547648623236587,168.15384615384616,31.72420919957263
4078,2.8230615449579974,3.547648623236587,168.15384615384616,31.72420919957263
4079,2.8230615449579974,3.547648623236587,168.15384615384616,31.72420919957263
4080,2.8230615449579974,3.547648623236587,168.15384615384616,31.72420919957263
4081,2.8230615449579974,3.547648623236587,168.15384615384616,31.72420919957263
4082,2.8230615449579974,3.547648623236587,168.15384615384616,31.72420919957263
4083,2.8230615449579974,3.547648623236587,168.15384615384616,31.72420919957263
4084,2.8230615449579974,3.547648623236587,168.15384615384616,31.72420919957263
4085,2.8230615449579974,3.547648623236587,168.15384615384616,31.72420919957263
4086,2.8230615449579974,3.547648623236587,168.15384615384616,31.72420919957263
4087,2.8230615449579974,3.547648623236587,168.15384615384616,31.72420919957263
4088,2.8230615449579974,3.547648623236587,168.15384615384616,31.72420919957263
4089,2.8230615449579974,3.547648623236587,168.15384615384616,31.72420919957263
4090,2.8230615449579974,3.547648623236587,168.15384615384616,31.72420919957263
4091,2.8230615449579974,3.547648623236587,168.15384615384616,31.72420919957263
4092,2.8230615449579974,3.547648623236587,168.15384615384616,31.72420919957263
4093,2.8230615449579974,3.547648623236587,168.15384615384616,31.72420919957263
4094,2.8230615449579974,3.547648623236587,168.15384615384616,31.72420919957263
4095,2.8230615449579974,3.547648623236587,168.15384615384616,31.72420919957263
4096,2.8230615449579974,3.547648623236587,168.15384615384616,31.72420919957263
4097,2.8230615449579974,3.547648623236587,168.15384615384616,31.72420919957263
4098,2.8230615449579974,3.547648623236587,168.15384615384616,31.72420919957263
4099,2.8230615449579974,3.547648623236587,168.15384615384616,31.72420919957263
4100,2.8230615449579974,3.547648623236587,168.15384615384616,31.72420919957263
4101,2.8230615449579974,3.547648623236587,168.15384615384616,31.72420919957263
4102,2.8230615449579974,3.547648623236587,168.15384615384616,31.72420919957263
4103,2.8230615449579974,3.547648623236587,168.15384615384616,31.72420919957263
4104,2.8230615449579974,3.547648623236587,168.15384615384616,31.72420919957263
4105,2.8230615449579974,3.547648623236587,168.15384615384616,31.72420919957263
4106,2.8230615449579974,3.547648623236587,168.15384615384616,31.72420919957263
4107,2.8230615449579974,3.547648623236587,168.15384615384616,31.72420919957263
4108,2.8230615449579974,3.547648623236587,168.15384615384616,31.72420919957263
4109,2.8230615449579974,3.547648623236587,168.15384615384616,31.72420919957263
4110,2.8230615449579974,3.547648623236587,168.15384615384616,31.72420919957263
4111,2.8230615449579974,3.547648623236587,168.15384615384616,31.72420919957263
4112,2.8230615449579974,3.547648623236587,168.15384615384616,31.72420919957263
4113,2.8230615449579974,3.547648623236587,168.15384615384616,31.72420919957263
4114,2.8230615449579974,3.547648623236587,168.15384615384616,31.72420919957263
4115,2.8230615449579974,3.547648623236587,168.15384615384616,31.72420919957263
4116,2.8230615449579974,3.547648623236587,168.15384615384616,31.72420919957263
4117,2.8230615449579974,3.547648623236587,168.15384615384616,31.72420919957263
4118,2.8230615449579974,3.547648623236587,168.15384615384616,31.72420919957263
4119,2.8230615449579974,3.547648623236587,168.15384615384616,31.72420919957263
4120,3.0801998539587365,3.7256646792287524,175.87179487179486,32.89513161117488
4121,3.0801998539587365,3.7256646792287524,175.87179487179486,32.89513161117488
4122,3.0801998539587365,3.7256646792287524,175.87179487179486,32.89513161117488
4123,3.0801998539587365,3.7256646792287524,175.87179487179486,32.89513161117488
4124,3.0801998539587365,3.7256646792287524,175.87179487179486,32.89513161117488
4125,3.0801998539587365,3.7256646792287524,175.87179487179486,32.89513161117488
4126,3.0801998539587365,3.7256646792287524,175.87179487179486,32.89513161117488
4127,3.0801998539587365,3.7256646792287524,175.87179487179486,32.89513161117488
4128,3.0801998539587365,3.7256646792287524,175.87179487179486,32.89513161117488
4129,3.0801998539587365,3.7256646792287524,175.87179487179486,32.89513161117488
4130,3.0801998539587365,3.7256646792287524,175.87179487179486,32.89513161117488
4131,3.0801998539587365,3.7256646792287524,175.87179487179486,32.89513161117488
4132,3.0801998539587365,3.7256646792287524,175.87179487179486,32.89513161117488
4133,3.0801998539587365,3.7256646792287524,175.87179487179486,32.89513161117488
4134,3.0801998539587365,3.7256646792287524,175.87179487179486,32.89513161117488
4135,3.0801998539587365,3.7256646792287524,175.87179487179486,32.89513161117488
4136,3.0801998539587365,3.7256646792287524,175.87179487179486,32.89513161117488
4137,3.0801998539587365,3.7256646792287524,175.87179487179486,32.89513161117488
4138,3.0801998539587365,3.7256646792287524,175.87179487179486,32.89513161117488
4139,3.0801998539587365,3.7256646792287524,175.87179487179486,32.89513161117488
4140,3.0801998539587365,3.7256646792287524,175.87179487179486,32.89513161117488
4141,3.0801998539587365,3.7256646792287524,175.87179487179486,32.89513161117488
4142,3.0801998539587365,3.7256646792287524,175.87179487179486,32.89513161117488
4143,3.0801998539587365,3.7256646792287524,175.87179487179486,32.89513161117488
4144,3.0801998539587365,3.7256646792287524,175.87179487179486,32.89513161117488
4145,3.0801998539587365,3.7256646792287524,175.87179487179486,32.89513161117488
4146,3.0801998539587365,3.7256646792287524,175.87179487179486,32.89513161117488
4147,3.0801998539587365,3.7256646792287524,175.87179487179486,32.89513161117488
4148,3.0801998539587365,3.7256646792287524,175.87179487179486,32.89513161117488
4149,3.0801998539587365,3.7256646792287524,175.87179487179486,32.89513161117488
4150,3.0801998539587365,3.7256646792287524,175.87179487179486,32.89513161117488
4151,3.0801998539587365,3.7256646792287524,175.87179487179486,32.89513161117488
4152,3.0801998539587365,3.7256646792287524,175.87179487179486,32.89513161117488
4153,3.0801998539587365,3.7256646792287524,175.87179487179486,32.89513161117488
4154,3.0801998539587365,3.7256646792287524,175.87179487179486,32.89513161117488
4155,3.0801998539587365,3.7256646792287524,175.87179487179486,32.89513161117488
4156,3.0801998539587365,3.7256646792287524,175.87179487179486,32.89513161117488
4157,3.0801998539587365,3.7256646792287524,175.87179487179486,32.89513161117488
4158,3.0801998539587365,3.7256646792287524,175.87179487179486,32.89513161117488
4159,3.0801998539587365,3.7256646792287524,175.87179487179486,32.89513161117488
4160,3.0801998539587365,3.7256646792287524,175.87179487179486,32.89513161117488
4161,3.0801998539587365,3.7256646792287524,175.87179487179486,32.89513161117488
4162,3.0801998539587365,3.7256646792287524,175.87179487179486,32.89513161117488
4163,3.0801998539587365,3.7256646792287524,175.87179487179486,32.89513161117488
4164,3.0801998539587365,3.7256646792287524,175.87179487179486,32.89513161117488
4165,3.0801998539587365,3.7256646792287524,175.87179487179486,32.89513161117488
4166,3.0801998539587365,3.7256646792287524,175.87179487179486,32.89513161117488
4167,3.0801998539587365,3.7256646792287524,175.87179487179486,32.89513161117488
4168,3.0801998539587365,3.7256646792287524,175.87179487179486,32.89513161117488
4169,3.0801998539587365,3.7256646792287524,175.87179487179486,32.89513161117488
4170,2.8230615449579974,3.547648623236587,168.15384615384616,31.72420919957263
4171,2.8230615449579974,3.547648623236587,168.15384615384616,31.72420919957263
4172,2.8230615449579974,3.547648623236587,168.15384615384616,31.72420919957263
4173,2.8230615449579974,3.547648623236587,168.15384615384616,31.72420919957263
4174,2.8230615449579974,3.547648623236587,168.15384615384616,31.72420919957263
4175,2.8230615449579974,3.547648623236587,168.15384615384616,31.72420919957263
4176,2.8230615449579974,3.547648623236587,168.15384615384616,31.72420919957263
4177,2.8230615449579974,3.547648623236587,168.15384615384616,31.72420919957263
4178,2.8230615449579974,3.547648623236587,168.15384615384616,31.72420919957263
4179,2.8230615449579974,3.547648623236587,168.15384615384616,31.72420919957263
4180,2.8230615449579974,3.547648623236587,168.15384615384616,31.72420919957263
4181,2.8230615449579974,3.547648623236587,168.15384615384616,31.72420919957263
4182,2.8230615449579974,3.547648623236587,168.15384615384616,31.72420919957263
4183,2.8230615449579974,3.547648623236587,168.15384615384616,31.72420919957263
4184,2.8230615449579974,3.547648623236587,168.15384615384616,31.72420919957263
4185,2.8230615449579974,3.547648623236587,168.15384615384616,31.72420919957263
4186,2.8230615449579974,3.547648623236587,168.15384615384616,31.72420919957263
4187,2.8230615449579974,3.547648623236587,168.15384615384616,31.72420919957263
4188,2.8230615449579974,3.547648623236587,168.15384615384616,31.72420919957263
4189,2.8230615449579974,3.547648623236587,168.15384615384616,31.72420919957263
4190,2.8230615449579974,3.547648623236587,168.15384615384616,31.72420919957263
4191,2.8230615449579974,3.547648623236587,168.15384615384616,31.72420919957263
4192,2.8230615449579974,3.547648623236587,168.15384615384616,31.72420919957263
4193,2.8230615449579974,3.547648623236587,168.15384615384616,31.72420919957263
4194,2.8230615449579974,3.547648623236587,168.15384615384616,31.72420919957263
4195,2.8230615449579974,3.547648623236587,168.15384615384616,31.72420919957263
4196,2.8230615449579974,3.547648623236587,168.15384615384616,31.72420919957263
4197,2.8230615449579974,3.547648623236587,168.15384615384616,31.72420919957263
4198,2.8230615449579974,3.547648623236587,168.15384615384616,31.72420919957263
4199,2.8230615449579974,3.547648623236587,168.15384615384616,31.72420919957263
4200,2.8230615449579974,3.547648623236587,168.15384615384616,31.72420919957263
4201,2.8230615449579974,3.547648623236587,168.15384615384616,31.72420919957263
4202,2.8230615449579974,3.547648623236587,168.15384615384616,31.72420919957263
4203,2.8230615449579974,3.547648623236587,168.15384615384616,31.72420919957263
4204,2.8230615449579974,3.547648623236587,168.15384615384616,31.72420919957263
4205,2.8230615449579974,3.547648623236587,168.15384615384616,31.72420919957263
4206,2.8230615449579974,3.547648623236587,168.15384615384616,31.72420919957263
4207,2.8230615449579974,3.547648623236587,168.15384615384616,31.72420919957263
4208,2.8230615449579974,3.547648623236587,168.15384615384616,31.72420919957263
4209,2.8230615449579974,3.547648623236587,168.15384615384616,31.72420919957263
4210,2.8230615449579974,3.547648623236587,168.15384615384616,31.72420919957263
4211,2.8230615449579974,3.547648623236587,168.15384615384616,31.72420919957263
4212,2.8230615449579974,3.547648623236587,168.15384615384616,31.72420919957263
4213,2.8230615449579974,3.547648623236587,168.15384615384616,31.72420919957263
4214,2.8230615449579974,3.547648623236587,168.15384615384616,31.72420919957263
4215,2.8230615449579974,3.547648623236587,168.15384615384616,31.72420919957263
4216,2.8230615449579974,3.547648623236587,168.15384615384616,31.72420919957263
4217,2.8230615449579974,3.547648623236587,168.15384615384616,31.72420919957263
4218,2.8230615449579974,3.547648623236587,168.15384615384616,31.72420919957263
4219,3.0801998539587365,3.7256646792287524,175.87179487179486,32.89513161117488
4220,3.0801998539587365,3.7256646792287524,175.87179487179486,32.89513161117488
4221,3.0801998539587365,3.7256646792287524,175.87179487179486,32.89513161117488
4222,3.0801998539587365,3.7256646792287524,175.87179487179486,32.89513161117488
4223,3.0801998539587365,3.7256646792287524,175.87179487179486,32.89513161117488
4224,3.0801998539587365,3.7256646792287524,175.87179487179486,32.89513161117488
4225,3.0801998539587365,3.7256646792287524,175.87179487179486,32.89513161117488
4226,3.0801998539587365,3.7256646792287524,175.87179487179486,32.89513161117488
4227,3.0801998539587365,3.7256646792287524,175.87179487179486,32.89513161117488
4228,3.0801998539587365,3.7256646792287524,175.87179487179486,32.89513161117488
4229,3.0801998539587365,3.7256646792287524,175.87179487179486,32.89513161117488
4230,3.0801998539587365,3.7256646792287524,175.87179487179486,32.89513161117488
4231,3.0801998539587365,3.7256646792287524,175.87179487179486,32.89513161117488
4232,3.0801998539587365,3.7256646792287524,175.87179487179486,32.89513161117488
4233,3.0801998539587365,3.7256646792287524,175.87179487179486,32.89513161117488
4234,3.0801998539587365,3.7256646792287524,175.87179487179486,32.89513161117488
4235,3.0801998539587365,3.7256646792287524,175.87179487179486,32.89513161117488
4236,3.0801998539587365,3.7256646792287524,175.87179487179486,32.89513161117488
4237,3.0801998539587365,3.7256646792287524,175.87179487179486,32.89513161117488
4238,3.0801998539587365,3.7256646792287524,175.87179487179486,32.89513161117488
4239,3.0801998539587365,3.7256646792287524,175.87179487179486,32.89513161117488
4240,3.0801998539587365,3.7256646792287524,175.87179487179486,32.89513161117488
4241,3.0801998539587365,3.7256646792287524,175.87179487179486,32.89513161117488
4242,3.0801998539587365,3.7256646792287524,175.87179487179486,32.89513161117488
4243,3.0801998539587365,3.7256646792287524,175.87179487179486,32.89513161117488
4244,3.0801998539587365,3.7256646792287524,175.87179487179486,32.89513161117488
4245,3.0801998539587365,3.7256646792287524,175.87179487179486,32.89513161117488
4246,3.0801998539587365,3.7256646792287524,175.87179487179486,32.89513161117488
4247,3.0801998539587365,3.7256646792287524,175.87179487179486,32.89513161117488
4248,3.0801998539587365,3.7256646792287524,175.87179487179486,32.89513161117488
4249,3.0801998539587365,3.7256646792287524,175.87179487179486,32.89513161117488
4250,3.0801998539587365,3.7256646792287524,175.87179487179486,32.89513161117488
4251,3.0801998539587365,3.7256646792287524,175.87179487179486,32.89513161117488
4252,3.0801998539587365,3.7256646792287524,175.87179487179486,32.89513161117488
4253,3.0801998539587365,3.7256646792287524,175.87179487179486,32.89513161117488
4254,3.0801998539587365,3.7256646792287524,175.87179487179486,32.89513161117488
4255,3.0801998539587365,3.7256646792287524,175.87179487179486,32.89513161117488
4256,3.0801998539587365,3.7256646792287524,175.87179487179486,32.89513161117488
4257,3.0801998539587365,3.7256646792287524,175.87179487179486,32.89513161117488
4258,3.0801998539587365,3.7256646792287524,175.87179487179486,32.89513161117488
4259,3.0801998539587365,3.7256646792287524,175.87179487179486,32.89513161117488
4260,3.0801998539587365,3.7256646792287524,175.87179487179486,32.89513161117488
4261,3.0801998539587365,3.7256646792287524,175.87179487179486,32.89513161117488
4262,3.0801998539587365,3.7256646792287524,175.87179487179486,32.89513161117488
4263,3.0801998539587365,3.7256646792287524,175.87179487179486,32.89513161117488
4264,3.0801998539587365,3.7256646792287524,175.87179487179486,32.89513161117488
4265,3.0801998539587365,3.7256646792287524,175.87179487179486,32.89513161117488
4266,3.0801998539587365,3.7256646792287524,175.87179487179486,32.89513161117488
4267,3.0801998539587365,3.7256646792287524,175.87179487179486,32.89513161117488
4268,3.0801998539587365,3.7256646792287524,175.87179487179486,32.89513161117488
4269,2.8230615449579974,3.547648623236587,168.15384615384616,31.72420919957263
4270,2.8230615449579974,3.547648623236587,168.15384615384616,31.72420919957263
4271,2.8230615449579974,3.547648623236587,168.15384615384616,31.72420919957263
4272,2.8230615449579974,3.547648623236587,168.15384615384616,31.72420919957263
4273,2.8230615449579974,3.547648623236587,168.15384615384616,31.72420919957263
4274,2.8230615449579974,3.547648623236587,168.15384615384616,31.72420919957263
4275,2.8230615449579974,3.547648623236587,168.15384615384616,31.72420919957263
4276,2.8230615449579974,3.547648623236587,168.15384615384616,31.72420919957263
4277,2.8230615449579974,3.547648623236587,168.15384615384616,31.72420919957263
4278,2.8230615449579974,3.547648623236587,168.15384615384616,31.72420919957263
4279,2.8230615449579974,3.547648623236587,168.15384615384616,31.72420919957263
4280,2.8230615449579974,3.547648623236587,168.15384615384616,31.72420919957263
4281,2.8230615449579974,3.547648623236587,168.15384615384616,31.72420919957263
4282,2.8230615449579974,3.547648623236587,168.15384615384616,31.72420919957263
4283,2.8230615449579974,3.547648623236587,168.15384615384616,31.72420919957263
4284,2.8230615449579974,3.547648623236587,168.15384615384616,31.72420919957263
4285,2.8230615449579974,3.547648623236587,168.15384615384616,31.72420919957263
4286,2.8230615449579974,3.547648623236587,168.15384615384616,31.72420919957263
4287,2.8230615449579974,3.547648623236587,168.15384615384616,31.72420919957263
4288,2.8230615449579974,3.547648623236587,168.15384615384616,31.72420919957263
4289,2.8230615449579974,3.547648623236587,168.15384615384616,31.72420919957263
4290,2.8230615449579974,3.547648623236587,168.15384615384616,31.72420919957263
4291,2.8230615449579974,3.547648623236587,168.15384615384616,31.72420919957263
4292,2.8230615449579974,3.547648623236587,168.15384615384616,31.72420919957263
4293,2.8230615449579974,3.547648623236587,168.15384615384616,31.72420919957263
4294,2.8230615449579974,3.547648623236587,168.15384615384616,31.72420919957263
4295,2.8230615449579974,3.547648623236587,168.15384615384616,31.72420919957263
4296,2.8230615449579974,3.547648623236587,168.15384615384616,31.72420919957263
4297,2.8230615449579974,3.547648623236587,168.15384615384616,31.72420919957263
4298,2.8230615449579974,3.547648623236587,168.15384615384616,31.72420919957263
4299,2.8230615449579974,3.547648623236587,168.15384615384616,31.72420919957263
4300,2.8230615449579974,3.547648623236587,168.15384615384616,31.72420919957263
4301,2.8230615449579974,3.547648623236587,168.15384615384616,31.72420919957263
4302,2.8230615449579974,3.547648623236587,168.15384615384616,31.72420919957263
4303,2.8230615449579974,3.547648623236587,168.15384615384616,31.72420919957263
4304,2.8230615449579974,3.547648623236587,168.15384615384616,31.72420919957263
4305,2.8230615449579974,3.547648623236587,168.15384615384616,31.72420919957263
4306,2.8230615449579974,3.547648623236587,168.15384615384616,31.72420919957263
4307,2.8230615449579974,3.547648623236587,168.15384615384616,31.72420919957263
4308,2.8230615449579974,3.547648623236587,168.15384615384616,31.72420919957263
4309,2.8230615449579974,3.547648623236587,168.15384615384616,31.72420919957263
4310,2.8230615449579974,3.547648623236587,168.15384615384616,31.72420919957263
4311,2.8230615449579974,3.547648623236587,168.15384615384616,31.72420919957263
4312,2.8230615449579974,3.547648623236587,168.15384615384616,31.72420919957263
4313,2.8230615449579974,3.547648623236587,168.15384615384616,31.72420919957263
4314,2.8230615449579974,3.547648623236587,168.15384615384616,31.72420919957263
4315,2.8230615449579974,3.547648623236587,168.15384615384616,31.72420919957263
4316,2.8230615449579974,3.547648623236587,168.15384615384616,31.72420919957263
4317,2.8230615449579974,3.547648623236587,168.15384615384616,31.72420919957263
4318,3.0801998539587365,3.7256646792287524,175.87179487179486,32.89513161117488
4319,3.0801998539587365,3.7256646792287524,175.87179487179486,32.89513161117488
4320,3.0801998539587365,3.7256646792287524,175.87179487179486,32.89513161117488
4321,3.0801998539587365,3.7256646792287524,175.87179487179486,32.89513161117488
4322,3.0801998539587365,3.7256646792287524,175.87179487179486,32.89513161117488
4323,3.0801998539587365,3.7256646792287524,175.87179487179486,32.89513161117488
4324,3.0801998539587365,3.7256646792287524,175.87179487179486,32.89513161117488
4325,3.0801998539587365,3.7256646792287524,175.87179487179486,32.89513161117488
4326,3.0801998539587365,3.7256646792287524,175.87179487179486,32.89513161117488
4327,3.0801998539587365,3.7256646792287524,175.87179487179486,32.89513161117488
4328,3.0801998539587365,3.7256646792287524,175.87179487179486,32.89513161117488
4329,3.0801998539587365,3.7256646792287524,175.87179487179486,32.89513161117488
4330,3.0801998539587365,3.7256646792287524,175.87179487179486,32.89513161117488
4331,3.0801998539587365,3.7256646792287524,175.87179487179486,32.89513161117488
4332,3.0801998539587365,3.7256646792287524,175.87179487179486,32.89513161117488
4333,3.0801998539587365,3.7256646792287524,175.87179487179486,32.89513161117488
4334,3.0801998539587365,3.7256646792287524,175.87179487179486,32.89513161117488
4335,3.0801998539587365,3.7256646792287524,175.87179487179486,32.89513161117488
4336,3.0801998539587365,3.7256646792287524,175.87179487179486,32.89513161117488
4337,3.0801998539587365,3.7256646792287524,175.87179487179486,32.89513161117488
4338,3.0801998539587365,3.7256646792287524,175.87179487179486,32.89513161117488
4339,3.0801998539587365,3.7256646792287524,175.87179487179486,32.89513161117488
4340,3.0801998539587365,3.7256646792287524,175.87179487179486,32.89513161117488
4341,3.0801998539587365,3.7256646792287524,175.87179487179486,32.89513161117488
4342,3.0801998539587365,3.7256646792287524,175.87179487179486,32.89513161117488
4343,3.0801998539587365,3.7256646792287524,175.87179487179486,32.89513161117488
4344,3.0801998539587365,3.7256646792287524,175.87179487179486,32.89513161117488
4345,3.0801998539587365,3.7256646792287524,175.87179487179486,32.89513161117488
4346,3.0801998539587365,3.7256646792287524,175.87179487179486,32.89513161117488
4347,3.0801998539587365,3.7256646792287524,175.87179487179486,32.89513161117488
4348,3.0801998539587365,3.7256646792287524,175.87179487179486,32.89513161117488
4349,3.0801998539587365,3.7256646792287524,175.87179487179486,32.89513161117488
4350,3.0801998539587365,3.7256646792287524,175.87179487179486,32.89513161117488
4351,3.0801998539587365,3.7256646792287524,175.87179487179486,32.89513161117488
4352,3.0801998539587365,3.7256646792287524,175.87179487179486,32.89513161117488
4353,3.0801998539587365,3.7256646792287524,175.87179487179486,32.89513161117488
4354,3.0801998539587365,3.7256646792287524,175.87179487179486,32.89513161117488
4355,3.0801998539587365,3.7256646792287524,175.87179487179486,32.89513161117488
4356,3.0801998539587365,3.7256646792287524,175.87179487179486,32.89513161117488
4357,3.0801998539587365,3.7256646792287524,175.87179487179486,32.89513161117488
4358,3.0801998539587365,3.7256646792287524,175.87179487179486,32.89513161117488
4359,3.0801998539587365,3.7256646792287524,175.87179487179486,32.89513161117488
4360,3.0801998539587365,3.7256646792287524,175.87179487179486,32.89513161117488
4361,3.0801998539587365,3.7256646792287524,175.87179487179486,32.89513161117488
4362,3.0801998539587365,3.7256646792287524,175.87179487179486,32.89513161117488
4363,3.0801998539587365,3.7256646792287524,175.87179487179486,32.89513161117488
4364,3.0801998539587365,3.7256646792287524,175.87179487179486,32.89513161117488
4365,3.0801998539587365,3.7256646792287524,175.87179487179486,32.89513161117488
4366,3.0801998539587365,3.7256646792287524,175.87179487179486,32.89513161117488
4367,3.0801998539587365,3.7256646792287524,175.87179487179486,32.89513161117488
4368,2.8230615449579974,3.547648623236587,168.15384615384616,31.72420919957263
4369,2.8230615449579974,3.547648623236587,168.15384615384616,31.72420919957263
4370,2.8230615449579974,3.547648623236587,168.15384615384616,31.72420919957263
4371,2.8230615449579974,3.547648623236587,168.15384615384616,31.72420919957263
4372,2.8230615449579974,3.547648623236587,168.15384615384616,31.72420919957263
4373,2.8230615449579974,3.547648623236587,168.15384615384616,31.72420919957263
4374,2.8230615449579974,3.547648623236587,168.15384615384616,31.72420919957263
4375,2.8230615449579974,3.547648623236587,168.15384615384616,31.72420919957263
4376,2.8230615449579974,3.547648623236587,168.15384615384616,31.72420919957263
4377,2.8230615449579974,3.547648623236587,168.15384615384616,31.72420919957263
4378,2.8230615449579974,3.547648623236587,168.15384615384616,31.72420919957263
4379,2.8230615449579974,3.547648623236587,168.15384615384616,31.72420919957263
4380,2.8230615449579974,3.547648623236587,168.15384615384616,31.72420919957263
4381,2.8230615449579974,3.547648623236587,168.15384615384616,31.72420919957263
4382,2.8230615449579974,3.547648623236587,168.15384615384616,31.72420919957263
4383,2.8230615449579974,3.547648623236587,168.15384615384616,31.72420919957263
4384,2.8230615449579974,3.547648623236587,168.15384615384616,31.72420919957263
4385,2.8230615449579974,3.547648623236587,168.15384615384616,31.72420919957263
4386,2.8230615449579974,3.547648623236587,168.15384615384616,31.72420919957263
4387,2.8230615449579974,3.547648623236587,168.15384615384616,31.72420919957263
4388,2.8230615449579974,3.547648623236587,168.15384615384616,31.72420919957263
4389,2.8230615449579974,3.547648623236587,168.15384615384616,31.72420919957263
4390,2.8230615449579974,3.547648623236587,168.15384615384616,31.72420919957263
4391,2.8230615449579974,3.547648623236587,168.15384615384616,31.72420919957263
4392,2.8230615449579974,3.547648623236587,168.15384615384616,31.72420919957263
4393,2.8230615449579974,3.547648623236587,168.15384615384616,31.72420919957263
4394,2.8230615449579974,3.547648623236587,168.15384615384616,31.72420919957263
4395,2.8230615449579974,3.547648623236587,168.15384615384616,31.72420919957263
4396,2.8230615449579974,3.547648623236587,168.15384615384616,31.72420919957263
4397,2.8230615449579974,3.547648623236587,168.15384615384616,31.72420919957263
4398,2.8230615449579974,3.547648623236587,168.15384615384616,31.72420919957263
4399,2.8230615449579974,3.547648623236587,168.15384615384616,31.72420919957263
4400,2.8230615449579974,3.547648623236587,168.15384615384616,31.72420919957263
4401,2.8230615449579974,3.547648623236587,168.15384615384616,31.72420919957263
4402,2.8230615449579974,3.547648623236587,168.15384615384616,31.72420919957263
4403,2.8230615449579974,3.547648623236587,168.15384615384616,31.72420919957263
4404,2.8230615449579974,3.547648623236587,168.15384615384616,31.72420919957263
4405,2.8230615449579974,3.547648623236587,168.15384615384616,31.72420919957263
4406,2.8230615449579974,3.547648623236587,168.15384615384616,31.72420919957263
4407,2.8230615449579974,3.547648623236587,168.15384615384616,31.72420919957263
4408,2.8230615449579974,3.547648623236587,168.15384615384616,31.72420919957263
4409,2.8230615449579974,3.547648623236587,168.15384615384616,31.72420919957263
4410,2.8230615449579974,3.547648623236587,168.15384615384616,31.72420919957263
4411,2.8230615449579974,3.547648623236587,168.15384615384616,31.72420919957263
4412,2.8230615449579974,3.547648623236587,168.15384615384616,31.72420919957263
4413,2.8230615449579974,3.547648623236587,168.15384615384616,31.72420919957263
4414,2.8230615449579974,3.547648623236587,168.15384615384616,31.72420919957263
4415,2.8230615449579974,3.547648623236587,168.15384615384616,31.72420919957263
4416,2.8230615449579974,3.547648623236587,168.15384615384616,31.72420919957263
4417,3.0801998539587365,3.7256646792287524,175.87179487179486,32.89513161117488
4418,3.0801998539587365,3.7256646792287524,175.87179487179486,32.89513161117488
4419,3.0801998539587365,3.7256646792287524,175.87179487179486,32.89513161117488
4420,3.0801998539587365,3.7256646792287524,175.87179487179486,32.89513161117488
4421,3.0801998539587365,3.7256646792287524,175.87179487179486,32.89513161117488
4422,3.0801998539587365,3.7256646792287524,175.87179487179486,32.89513161117488
4423,3.0801998539587365,3.7256646792287524,175.87179487179486,32.89513161117488
4424,3.0801998539587365,3.7256646792287524,175.87179487179486,32.89513161117488
4425,3.0801998539587365,3.7256646792287524,175.87179487179486,32.89513161117488
4426,3.0801998539587365,3.7256646792287524,175.87179487179486,32.89513161117488
4427,3.0801998539587365,3.7256646792287524,175.87179487179486,32.89513161117488
4428,3.0801998539587365,3.7256646792287524,175.87179487179486,32.89513161117488
4429,3.0801998539587365,3.7256646792287524,175.87179487179486,32.89513161117488
4430,3.0801998539587365,3.7256646792287524,175.87179487179486,32.89513161117488
4431,3.0801998539587365,3.7256646792287524,175.87179487179486,32.89513161117488
4432,3.0801998539587365,3.7256646792287524,175.87179487179486,32.89513161117488
4433,3.0801998539587365,3.7256646792287524,175.87179487179486,32.89513161117488
4434,3.0801998539587365,3.7256646792287524,175.87179487179486,32.89513161117488
4435,3.0801998539587365,3.7256646792287524,175.87179487179486,32.89513161117488
4436,3.0801998539587365,3.7256646792287524,175.87179487179486,32.89513161117488
4437,3.0801998539587365,3.7256646792287524,175.87179487179486,32.89513161117488
4438,3.0801998539587365,3.7256646792287524,175.87179487179486,32.89513161117488
4439,3.0801998539587365,3.7256646792287524,175.87179487179486,32.89513161117488
4440,3.0801998539587365,3.7256646792287524,175.87179487179486,32.89513161117488
4441,3.0801998539587365,3.7256646792287524,175.87179487179486,32.89513161117488
4442,3.0801998539587365,3.7256646792287524,175.87179487179486,32.89513161117488
4443,3.0801998539587365,3.7256646792287524,175.87179487179486,32.89513161117488
4444,3.0801998539587365,3.7256646792287524,175.87179487179486,32.89513161117488
4445,3.0801998539587365,3.7256646792287524,175.87179487179486,32.89513161117488
4446,3.0801998539587365,3.7256646792287524,175.87179487179486,32.89513161117488
4447,3.0801998539587365,3.7256646792287524,175.87179487179486,32.89513161117488
4448,3.0801998539587365,3.7256646792287524,175.87179487179486,32.89513161117488
4449,3.0801998539587365,3.7256646792287524,175.87179487179486,32.89513161117488
4450,3.0801998539587365,3.7256646792287524,175.87179487179486,32.89513161117488
4451,3.0801998539587365,3.7256646792287524,175.87179487179486,32.89513161117488
4452,3.0801998539587365,3.7256646792287524,175.87179487179486,32.89513161117488
4453,3.0801998539587365,3.7256646792287524,175.87179487179486,32.89513161117488
4454,3.0801998539587365,3.7256646792287524,175.87179487179486,32.89513161117488
4455,3.0801998539587365,3.7256646792287524,175.87179487179486,32.89513161117488
4456,3.0801998539587365,3.7256646792287524,175.87179487179486,32.89513161117488
4457,3.0801998539587365,3.7256646792287524,175.87179487179486,32.89513161117488
4458,3.0801998539587365,3.7256646792287524,175.87179487179486,32.89513161117488
4459,3.0801998539587365,3.7256646792287524,175.87179487179486,32.89513161117488
4460,3.0801998539587365,3.7256646792287524,175.87179487179486,32.89513161117488
4461,3.0801998539587365,3.7256646792287524,175.87179487179486,32.89513161117488
4462,3.0801998539587365,3.7256646792287524,175.87179487179486,32.89513161117488
4463,3.0801998539587365,3.7256646792287524,175.87179487179486,32.89513161117488
4464,3.0801998539587365,3.7256646792287524,175.87179487179486,32.89513161117488
4465,3.0801998539587365,3.7256646792287524,175.87179487179486,32.89513161117488
4466,3.0801998539587365,3.7256646792287524,175.87179487179486,32.89513161117488
4467,2.8230615449579974,3.547648623236587,168.15384615384616,31.72420919957263
4468,2.8230615449579974,3.547648623236587,168.15384615384616,31.72420919957263
4469,2.8230615449579974,3.547648623236587,168.15384615384616,31.72420919957263
4470,2.8230615449579974,3.547648623236587,168.15384615384616,31.72420919957263
4471,2.8230615449579974,3.547648623236587,168.15384615384616,31.72420919957263
4472,2.8230615449579974,3.547648623236587,168.15384615384616,31.72420919957263
4473,2.8230615449579974,3.547648623236587,168.15384615384616,31.72420919957263
4474,2.8230615449579974,3.547648623236587,168.15384615384616,31.72420919957263
4475,2.8230615449579974,3.547648623236587,168.15384615384616,31.72420919957263
4476,2.8230615449579974,3.547648623236587,168.15384615384616,31.72420919957263
4477,2.8230615449579974,3.547648623236587,168.15384615384616,31.72420919957263
4478,2.8230615449579974,3.547648623236587,168.15384615384616,31.72420919957263
4479,2.8230615449579974,3.547648623236587,168.15384615384616,31.72420919957263
4480,2.8230615449579974,3.547648623236587,168.15384615384616,31.72420919957263
4481,2.8230615449579974,3.547648623236587,168.15384615384616,31.72420919957263
4482,2.8230615449579974,3.547648623236587,168.15384615384616,31.72420919957263
4483,2.8230615449579974,3.547648623236587,168.15384615384616,31.72420919957263
4484,2.8230615449579974,3.547648623236587,168.15384615384616,31.72420919957263
4485,2.8230615449579974,3.547648623236587,168.15384615384616,31.72420919957263
4486,2.8230615449579974,3.547648623236587,168.15384615384616,31.72420919957263
4487,2.8230615449579974,3.547648623236587,168.15384615384616,31.72420919957263
4488,2.8230615449579974,3.547648623236587,168.15384615384616,31.72420919957263
4489,2.8230615449579974,3.547648623236587,168.15384615384616,31.72420919957263
4490,2.8230615449579974,3.547648623236587,168.15384615384616,31.72420919957263
4491,2.8230615449579974,3.547648623236587,168.15384615384616,31.72420919957263
4492,2.8230615449579974,3.547648623236587,168.15384615384616,31.72420919957263
4493,2.8230615449579974,3.547648623236587,168.15384615384616,31.72420919957263
4494,2.8230615449579974,3.547648623236587,168.15384615384616,31.72420919957263
4495,2.8230615449579974,3.547648623236587,168.15384615384616,31.72420919957263
4496,2.8230615449579974,3.547648623236587,168.15384615384616,31.72420919957263
4497,2.8230615449579974,3.547648623236587,168.15384615384616,31.72420919957263
4498,2.8230615449579974,3.547648623236587,168.15384615384616,31.72420919957263
4499,2.8230615449579974,3.547648623236587,168.15384615384616,31.72420919957263
4500,2.8230615449579974,3.547648623236587,168.15384615384616,31.72420919957263
4501,2.8230615449579974,3.547648623236587,168.15384615384616,31.72420919957263
4502,2.8230615449579974,3.547648623236587,168.15384615384616,31.72420919957263
4503,2.8230615449579974,3.547648623236587,168.15384615384616,31.72420919957263
4504,2.8230615449579974,3.547648623236587,168.15384615384616,31.72420919957263
4505,2.8230615449579974,3.547648623236587,168.15384615384616,31.72420919957263
4506,2.8230615449579974,3.547648623236587,168.15384615384616,31.72420919957263
4507,2.8230615449579974,3.547648623236587,168.15384615384616,31.72420919957263
4508,2.8230615449579974,3.547648623236587,168.15384615384616,31.72420919957263
4509,2.8230615449579974,3.547648623236587,168.15384615384616,31.72420919957263
4510,2.8230615449579974,3.547648623236587,168.15384615384616,31.72420919957263
4511,2.8230615449579974,3.547648623236587,168.15384615384616,31.72420919957263
4512,2.8230615449579974,3.547648623236587,168.15384615384616,31.72420919957263
4513,2.8230615449579974,3.547648623236587,168.15384615384616,31.72420919957263
4514,2.8230615449579974,3.547648623236587,168.15384615384616,31.72420919957263
4515,2.8230615449579974,3.547648623236587,168.15384615384616,31.72420919957263
4516,3.0801998539587365,3.7256646792287524,175.87179487179486,32.89513161117488
4517,3.0801998539587365,3.7256646792287524,175.87179487179486,32.89513161117488
4518,3.0801998539587365,3.7256646792287524,175.87179487179486,32.89513161117488
4519,3.0801998539587365,3.7256646792287524,175.87179487179486,32.89513161117488
4520,3.0801998539587365,3.7256646792287524,175.87179487179486,32.89513161117488
4521,3.0801998539587365,3.7256646792287524,175.87179487179486,32.89513161117488
4522,3.0801998539587365,3.7256646792287524,175.87179487179486,32.89513161117488
4523,3.0801998539587365,3.7256646792287524,175.87179487179486,32.89513161117488
4524,3.0801998539587365,3.7256646792287524,175.87179487179486,32.89513161117488
4525,3.0801998539587365,3.7256646792287524,175.87179487179486,32.89513161117488
4526,3.0801998539587365,3.7256646792287524,175.87179487179486,32.89513161117488
4527,3.0801998539587365,3.7256646792287524,175.87179487179486,32.89513161117488
4528,3.0801998539587365,3.7256646792287524,175.87179487179486,32.89513161117488
4529,3.0801998539587365,3.7256646792287524,175.87179487179486,32.89513161117488
4530,3.0801998539587365,3.7256646792287524,175.87179487179486,32.89513161117488
4531,3.0801998539587365,3.7256646792287524,175.87179487179486,32.89513161117488
4532,3.0801998539587365,3.7256646792287524,175.87179487179486,32.89513161117488
4533,3.0801998539587365,3.7256646792287524,175.87179487179486,32.89513161117488
4534,3.0801998539587365,3.7256646792287524,175.87179487179486,32.89513161117488
4535,3.0801998539587365,3.7256646792287524,175.87179487179486,32.89513161117488
4536,3.0801998539587365,3.7256646792287524,175.87179487179486,32.89513161117488
4537,3.0801998539587365,3.7256646792287524,175.87179487179486,32.89513161117488
4538,3.0801998539587365,3.7256646792287524,175.87179487179486,32.89513161117488
4539,3.0801998539587365,3.7256646792287524,175.87179487179486,32.89513161117488
4540,3.0801998539587365,3.7256646792287524,175.87179487179486,32.89513161117488
4541,3.0801998539587365,3.7256646792287524,175.87179487179486,32.89513161117488
4542,3.0801998539587365,3.7256646792287524,175.87179487179486,32.89513161117488
4543,3.0801998539587365,3.7256646792287524,175.87179487179486,32.89513161117488
4544,3.0801998539587365,3.7256646792287524,175.87179487179486,32.89513161117488
4545,3.0801998539587365,3.7256646792287524,175.87179487179486,32.89513161117488
4546,3.0801998539587365,3.7256646792287524,175.87179487179486,32.89513161117488
4547,3.0801998539587365,3.7256646792287524,175.87179487179486,32.89513161117488
4548,3.0801998539587365,3.7256646792287524,175.87179487179486,32.89513161117488
4549,3.0801998539587365,3.7256646792287524,175.87179487179486,32.89513161117488
4550,3.0801998539587365,3.7256646792287524,175.87179487179486,32.89513161117488
4551,3.0801998539587365,3.7256646792287524,175.87179487179486,32.89513161117488
4552,3.0801998539587365,3.7256646792287524,175.87179487179486,32.89513161117488
4553,3.0801998539587365,3.7256646792287524,175.87179487179486,32.89513161117488
4554,3.0801998539587365,3.7256646792287524,175.87179487179486,32.89513161117488
4555,3.0801998539587365,3.7256646792287524,175.87179487179486,32.89513161117488
4556,3.0801998539587365,3.7256646792287524,175.87179487179486,32.89513161117488
4557,3.0801998539587365,3.7256646792287524,175.87179487179486,32.89513161117488
4558,3.0801998539587365,3.7256646792287524,175.87179487179486,32.89513161117488
4559,3.0801998539587365,3.7256646792287524,175.87179487179486,32.89513161117488
4560,3.0801998539587365,3.7256646792287524,175.87179487179486,32.89513161117488
4561,3.0801998539587365,3.7256646792287524,175.87179487179486,32.89513161117488
4562,3.0801998539587365,3.7256646792287524,175.87179487179486,32.89513161117488
4563,3.0801998539587365,3.7256646792287524,175.87179487179486,32.89513161117488
4564,3.0801998539587365,3.7256646792287524,175.87179487179486,32.89513161117488
4565,3.0801998539587365,3.7256646792287524,175.87179487179486,32.89513161117488
4566,2.8230615449579974,3.547648623236587,168.15384615384616,31.72420919957263
4567,2.8230615449579974,3.547648623236587,168.15384615384616,31.72420919957263
4568,2.8230615449579974,3.547648623236587,168.15384615384616,31.72420919957263
4569,2.8230615449579974,3.547648623236587,168.15384615384616,31.72420919957263
4570,2.8230615449579974,3.547648623236587,168.15384615384616,31.72420919957263
4571,2.8230615449579974,3.547648623236587,168.15384615384616,31.72420919957263
4572,2.8230615449579974,3.547648623236587,168.15384615384616,31.72420919957263
4573,2.8230615449579974,3.547648623236587,168.15384615384616,31.72420919957263
4574,2.8230615449579974,3.547648623236587,168.15384615384616,31.72420919957263
4575,2.8230615449579974,3.547648623236587,168.15384615384616,31.72420919957263
4576,2.8230615449579974,3.547648623236587,168.15384615384616,31.72420919957263
4577,2.8230615449579974,3.547648623236587,168.15384615384616,31.72420919957263
4578,2.8230615449579974,3.547648623236587,168.15384615384616,31.72420919957263
4579,2.8230615449579974,3.547648623236587,168.15384615384616,31.72420919957263
4580,2.8230615449579974,3.547648623236587,168.15384615384616,31.72420919957263
4581,2.8230615449579974,3.547648623236587,168.15384615384616,31.72420919957263
4582,2.8230615449579974,3.547648623236587,168.15384615384616,31.72420919957263
4583,2.8230615449579974,3.547648623236587,168.15384615384616,31.72420919957263
4584,2.8230615449579974,3.547648623236587,168.15384615384616,31.72420919957263
4585,2.8230615449579974,3.547648623236587,168.15384615384616,31.72420919957263
4586,2.8230615449579974,3.547648623236587,168.15384615384616,31.72420919957263
4587,2.8230615449579974,3.547648623236587,168.15384615384616,31.72420919957263
4588,2.8230615449579974,3.547648623236587,168.15384615384616,31.72420919957263
4589,2.8230615449579974,3.547648623236587,168.15384615384616,31.72420919957263
4590,2.8230615449579974,3.547648623236587,168.15384615384616,31.72420919957263
4591,2.8230615449579974,3.547648623236587,168.15384615384616,31.72420919957263
4592,2.8230615449579974,3.547648623236587,168.15384615384616,31.72420919957263
4593,2.8230615449579974,3.547648623236587,168.15384615384616,31.72420919957263
4594,2.8230615449579974,3.547648623236587,168.15384615384616,31.72420919957263
4595,2.8230615449579974,3.547648623236587,168.15384615384616,31.72420919957263
4596,2.8230615449579974,3.547648623236587,168.15384615384616,31.72420919957263
4597,2.8230615449579974,3.547648623236587,168.15384615384616,31.72420919957263
4598,2.8230615449579974,3.547648623236587,168.15384615384616,31.72420919957263
4599,2.8230615449579974,3.547648623236587,168.15384615384616,31.72420919957263
4600,2.8230615449579974,3.547648623236587,168.15384615384616,31.72420919957263
4601,2.8230615449579974,3.547648623236587,168.15384615384616,31.72420919957263
4602,2.8230615449579974,3.547648623236587,168.15384615384616,31.72420919957263
4603,2.8230615449579974,3.547648623236587,168.15384615384616,31.72420919957263
4604,2.8230615449579974,3.547648623236587,168.15384615384616,31.72420919957263
4605,2.8230615449579974,3.547648623236587,168.15384615384616,31.72420919957263
4606,2.8230615449579974,3.547648623236587,168.15384615384616,31.72420919957263
4607,2.8230615449579974,3.547648623236587,168.15384615384616,31.72420919957263
4608,2.8230615449579974,3.547648623236587,168.15384615384616,31.72420919957263
4609,2.8230615449579974,3.547648623236587,168.15384615384616,31.72420919957263
4610,2.8230615449579974,3.547648623236587,168.15384615384616,31.72420919957263
4611,2.8230615449579974,3.547648623236587,168.15384615384616,31.72420919957263
4612,2.8230615449579974,3.547648623236587,168.15384615384616,31.72420919957263
4613,2.8230615449579974,3.547648623236587,168.15384615384616,31.72420919957263
4614,2.8230615449579974,3.547648623236587,168.15384615384616,31.72420919957263
4615,3.0801998539587365,3.7256646792287524,175.87179487179486,32.89513161117488
4616,3.0801998539587365,3.7256646792287524,175.87179487179486,32.89513161117488
4617,3.0801998539587365,3.7256646792287524,175.87179487179486,32.89513161117488
4618,3.0801998539587365,3.7256646792287524,175.87179487179486,32.89513161117488
4619,3.0801998539587365,3.7256646792287524,175.87179487179486,32.89513161117488
4620,3.0801998539587365,3.7256646792287524,175.87179487179486,32.89513161117488
4621,3.0801998539587365,3.7256646792287524,175.87179487179486,32.89513161117488
4622,3.0801998539587365,3.7256646792287524,175.87179487179486,32.89513161117488
4623,3.0801998539587365,3.7256646792287524,175.87179487179486,32.89513161117488
4624,3.0801998539587365,3.7256646792287524,175.87179487179486,32.89513161117488
4625,3.0801998539587365,3.7256646792287524,175.87179487179486,32.89513161117488
4626,3.0801998539587365,3.7256646792287524,175.87179487179486,32.89513161117488
4627,3.0801998539587365,3.7256646792287524,175.87179487179486,32.89513161117488
4628,3.0801998539587365,3.7256646792287524,175.87179487179486,32.89513161117488
4629,3.0801998539587365,3.7256646792287524,175.87179487179486,32.89513161117488
4630,3.0801998539587365,3.7256646792287524,175.87179487179486,32.89513161117488
4631,3.0801998539587365,3.7256646792287524,175.87179487179486,32.89513161117488
4632,3.0801998539587365,3.7256646792287524,175.87179487179486,32.89513161117488
4633,3.0801998539587365,3.7256646792287524,175.87179487179486,32.89513161117488
4634,3.0801998539587365,3.7256646792287524,175.87179487179486,32.89513161117488
4635,3.0801998539587365,3.7256646792287524,175.87179487179486,32.89513161117488
4636,3.0801998539587365,3.7256646792287524,175.87179487179486,32.89513161117488
4637,3.0801998539587365,3.7256646792287524,175.87179487179486,32.89513161117488
4638,3.0801998539587365,3.7256646792287524,175.87179487179486,32.89513161117488
4639,3.0801998539587365,3.7256646792287524,175.87179487179486,32.89513161117488
4640,3.0801998539587365,3.7256646792287524,175.87179487179486,32.89513161117488
4641,3.0801998539587365,3.7256646792287524,175.87179487179486,32.89513161117488
4642,3.0801998539587365,3.7256646792287524,175.87179487179486,32.89513161117488
4643,3.0801998539587365,3.7256646792287524,175.87179487179486,32.89513161117488
4644,3.0801998539587365,3.7256646792287524,175.87179487179486,32.89513161117488
4645,3.0801998539587365,3.7256646792287524,175.87179487179486,32.89513161117488
4646,3.0801998539587365,3.7256646792287524,175.87179487179486,32.89513161117488
4647,3.0801998539587365,3.7256646792287524,175.87179487179486,32.89513161117488
4648,3.0801998539587365,3.7256646792287524,175.87179487179486,32.89513161117488
4649,3.0801998539587365,3.7256646792287524,175.87179487179486,32.89513161117488
4650,3.0801998539587365,3.7256646792287524,175.87179487179486,32.89513161117488
4651,3.0801998539587365,3.7256646792287524,175.87179487179486,32.89513161117488
4652,3.0801998539587365,3.7256646792287524,175.87179487179486,32.89513161117488
4653,3.0801998539587365,3.7256646792287524,175.87179487179486,32.89513161117488
4654,3.0801998539587365,3.7256646792287524,175.87179487179486,32.89513161117488
4655,3.0801998539587365,3.7256646792287524,175.87179487179486,32.89513161117488
4656,3.0801998539587365,3.7256646792287524,175.87179487179486,32.89513161117488
4657,3.0801998539587365,3.7256646792287524,175.87179487179486,32.89513161117488
4658,3.0801998539587365,3.7256646792287524,175.87179487179486,32.89513161117488
4659,3.0801998539587365,3.7256646792287524,175.87179487179486,32.89513161117488
4660,3.0801998539587365,3.7256646792287524,175.87179487179486,32.89513161117488
4661,3.0801998539587365,3.7256646792287524,175.87179487179486,32.89513161117488
4662,3.0801998539587365,3.7256646792287524,175.87179487179486,32.89513161117488
4663,3.0801998539587365,3.7256646792287524,175.87179487179486,32.89513161117488
4664,3.0801998539587365,3.7256646792287524,175.87179487179486,32.89513161117488
4665,2.8230615449579974,3.547648623236587,168.15384615384616,31.72420919957263
4666,2.8230615449579974,3.547648623236587,168.15384615384616,31.72420919957263
4667,2.8230615449579974,3.547648623236587,168.15384615384616,31.72420919957263
4668,2.8230615449579974,3.547648623236587,168.15384615384616,31.72420919957263
4669,2.8230615449579974,3.547648623236587,168.15384615384616,31.72420919957263
4670,2.8230615449579974,3.547648623236587,168.15384615384616,31.72420919957263
4671,2.8230615449579974,3.547648623236587,168.15384615384616,31.72420919957263
4672,2.8230615449579974,3.547648623236587,168.15384615384616,31.72420919957263
4673,2.8230615449579974,3.547648623236587,168.15384615384616,31.72420919957263
4674,2.8230615449579974,3.547648623236587,168.15384615384616,31.72420919957263
4675,2.8230615449579974,3.547648623236587,168.15384615384616,31.72420919957263
4676,2.8230615449579974,3.547648623236587,168.15384615384616,31.72420919957263
4677,2.8230615449579974,3.547648623236587,168.15384615384616,31.72420919957263
4678,2.8230615449579974,3.547648623236587,168.15384615384616,31.72420919957263
4679,2.8230615449579974,3.547648623236587,168.15384615384616,31.72420919957263
4680,2.8230615449579974,3.547648623236587,168.15384615384616,31.72420919957263
4681,2.8230615449579974,3.547648623236587,168.15384615384616,31.72420919957263
4682,2.8230615449579974,3.547648623236587,168.15384615384616,31.72420919957263
4683,2.8230615449579974,3.547648623236587,168.15384615384616,31.72420919957263
4684,2.8230615449579974,3.547648623236587,168.15384615384616,31.72420919957263
4685,2.8230615449579974,3.547648623236587,168.15384615384616,31.72420919957263
4686,2.8230615449579974,3.547648623236587,168.15384615384616,31.72420919957263
4687,2.8230615449579974,3.547648623236587,168.15384615384616,31.72420919957263
4688,2.8230615449579974,3.547648623236587,168.15384615384616,31.72420919957263
4689,2.8230615449579974,3.547648623236587,168.15384615384616,31.72420919957263
4690,2.8230615449579974,3.547648623236587,168.15384615384616,31.72420919957263
4691,2.8230615449579974,3.547648623236587,168.15384615384616,31.72420919957263
4692,2.8230615449579974,3.547648623236587,168.15384615384616,31.72420919957263
4693,2.8230615449579974,3.547648623236587,168.15384615384616,31.72420919957263
4694,2.8230615449579974,3.547648623236587,168.15384615384616,31.72420919957263
4695,2.8230615449579974,3.547648623236587,168.15384615384616,31.72420919957263
4696,2.8230615449579974,3.547648623236587,168.15384615384616,31.72420919957263
4697,2.8230615449579974,3.547648623236587,168.15384615384616,31.72420919957263
4698,2.8230615449579974,3.547648623236587,168.15384615384616,31.72420919957263
4699,2.8230615449579974,3.547648623236587,168.15384615384616,31.72420919957263
4700,2.8230615449579974,3.547648623236587,168.15384615384616,31.72420919957263
4701,2.8230615449579974,3.547648623236587,168.15384615384616,31.72420919957263
4702,2.8230615449579974,3.547648623236587,168.15384615384616,31.72420919957263
4703,2.8230615449579974,3.547648623236587,168.15384615384616,31.72420919957263
4704,2.8230615449579974,3.547648623236587,168.15384615384616,31.72420919957263
4705,2.8230615449579974,3.547648623236587,168.15384615384616,31.72420919957263
4706,2.8230615449579974,3.547648623236587,168.15384615384616,31.72420919957263
4707,2.8230615449579974,3.547648623236587,168.15384615384616,31.72420919957263
4708,2.8230615449579974,3.547648623236587,168.15384615384616,31.72420919957263
4709,2.8230615449579974,3.547648623236587,168.15384615384616,31.72420919957263
4710,2.8230615449579974,3.547648623236587,168.15384615384616,31.72420919957263
4711,2.8230615449579974,3.547648623236587,168.15384615384616,31.72420919957263
4712,2.8230615449579974,3.547648623236587,168.15384615384616,31.72420919957263
4713,2.8230615449579974,3.547648623236587,168.15384615384616,31.72420919957263
4714,3.0801998539587365,3.7256646792287524,175.87179487179486,32.89513161117488
4715,3.0801998539587365,3.7256646792287524,175.87179487179486,32.89513161117488
4716,3.0801998539587365,3.7256646792287524,175.87179487179486,32.89513161117488
4717,3.0801998539587365,3.7256646792287524,175.87179487179486,32.89513161117488
4718,3.0801998539587365,3.7256646792287524,175.87179487179486,32.89513161117488
4719,3.0801998539587365,3.7256646792287524,175.87179487179486,32.89513161117488
4720,3.0801998539587365,3.7256646792287524,175.87179487179486,32.89513161117488
4721,3.0801998539587365,3.7256646792287524,175.87179487179486,32.89513161117488
4722,3.0801998539587365,3.7256646792287524,175.87179487179486,32.89513161117488
4723,3.0801998539587365,3.7256646792287524,175.87179487179486,32.89513161117488
4724,3.0801998539587365,3.7256646792287524,175.87179487179486,32.89513161117488
4725,3.0801998539587365,3.7256646792287524,175.87179487179486,32.89513161117488
4726,3.0801998539587365,3.7256646792287524,175.87179487179486,32.89513161117488
4727,3.0801998539587365,3.7256646792287524,175.87179487179486,32.89513161117488
4728,3.0801998539587365,3.7256646792287524,175.87179487179486,32.89513161117488
4729,3.0801998539587365,3.7256646792287524,175.87179487179486,32.89513161117488
4730,3.0801998539587365,3.7256646792287524,175.87179487179486,32.89513161117488
4731,3.0801998539587365,3.7256646792287524,175.87179487179486,32.89513161117488
4732,3.0801998539587365,3.7256646792287524,175.87179487179486,32.89513161117488
4733,3.0801998539587365,3.7256646792287524,175.87179487179486,32.89513161117488
4734,3.0801998539587365,3.7256646792287524,175.87179487179486,32.89513161117488
4735,3.0801998539587365,3.7256646792287524,175.87179487179486,32.89513161117488
4736,3.0801998539587365,3.7256646792287524,175.87179487179486,32.89513161117488
4737,3.0801998539587365,3.7256646792287524,175.87179487179486,32.89513161117488
4738,3.0801998539587365,3.7256646792287524,175.87179487179486,32.89513161117488
4739,3.0801998539587365,3.7256646792287524,175.87179487179486,32.89513161117488
4740,3.0801998539587365,3.7256646792287524,175.87179487179486,32.89513161117488
4741,3.0801998539587365,3.7256646792287524,175.87179487179486,32.89513161117488
4742,3.0801998539587365,3.7256646792287524,175.87179487179486,32.89513161117488
4743,3.0801998539587365,3.7256646792287524,175.87179487179486,32.89513161117488
4744,3.0801998539587365,3.7256646792287524,175.87179487179486,32.89513161117488
4745,3.0801998539587365,3.7256646792287524,175.87179487179486,32.89513161117488
4746,3.0801998539587365,3.7256646792287524,175.87179487179486,32.89513161117488
4747,3.0801998539587365,3.7256646792287524,175.87179487179486,32.89513161117488
4748,3.0801998539587365,3.7256646792287524,175.87179487179486,32.89513161117488
4749,3.0801998539587365,3.7256646792287524,175.87179487179486,32.89513161117488
4750,3.0801998539587365,3.7256646792287524,175.87179487179486,32.89513161117488
4751,3.0801998539587365,3.7256646792287524,175.87179487179486,32.89513161117488
4752,3.0801998539587365,3.7256646792287524,175.87179487179486,32.89513161117488
4753,3.0801998539587365,3.7256646792287524,175.87179487179486,32.89513161117488
4754,3.0801998539587365,3.7256646792287524,175.87179487179486,32.89513161117488
4755,3.0801998539587365,3.7256646792287524,175.87179487179486,32.89513161117488
4756,3.0801998539587365,3.7256646792287524,175.87179487179486,32.89513161117488
4757,3.0801998539587365,3.7256646792287524,175.87179487179486,32.89513161117488
4758,3.0801998539587365,3.7256646792287524,175.87179487179486,32.89513161117488
4759,3.0801998539587365,3.7256646792287524,175.87179487179486,32.89513161117488
4760,3.0801998539587365,3.7256646792287524,175.87179487179486,32.89513161117488
4761,3.0801998539587365,3.7256646792287524,175.87179487179486,32.89513161117488
4762,3.0801998539587365,3.7256646792287524,175.87179487179486,32.89513161117488
4763,3.0801998539587365,3.7256646792287524,175.87179487179486,32.89513161117488
4764,2.8230615449579974,3.547648623236587,168.15384615384616,31.72420919957263
4765,2.8230615449579974,3.547648623236587,168.15384615384616,31.72420919957263
4766,2.8230615449579974,3.547648623236587,168.15384615384616,31.72420919957263
4767,2.8230615449579974,3.547648623236587,168.15384615384616,31.72420919957263
4768,2.8230615449579974,3.547648623236587,168.15384615384616,31.72420919957263
4769,2.8230615449579974,3.547648623236587,168.15384615384616,31.72420919957263
4770,2.8230615449579974,3.547648623236587,168.15384615384616,31.72420919957263
4771,2.8230615449579974,3.547648623236587,168.15384615384616,31.72420919957263
4772,2.8230615449579974,3.547648623236587,168.15384615384616,31.72420919957263
4773,2.8230615449579974,3.547648623236587,168.15384615384616,31.72420919957263
4774,2.8230615449579974,3.547648623236587,168.15384615384616,31.72420919957263
4775,2.8230615449579974,3.547648623236587,168.15384615384616,31.72420919957263
4776,2.8230615449579974,3.547648623236587,168.15384615384616,31.72420919957263
4777,2.8230615449579974,3.547648623236587,168.15384615384616,31.72420919957263
4778,2.8230615449579974,3.547648623236587,168.15384615384616,31.72420919957263
4779,2.8230615449579974,3.547648623236587,168.15384615384616,31.72420919957263
4780,2.8230615449579974,3.547648623236587,168.15384615384616,31.72420919957263
4781,2.8230615449579974,3.547648623236587,168.15384615384616,31.72420919957263
4782,2.8230615449579974,3.547648623236587,168.15384615384616,31.72420919957263
4783,2.8230615449579974,3.547648623236587,168.15384615384616,31.72420919957263
4784,2.8230615449579974,3.547648623236587,168.15384615384616,31.72420919957263
4785,2.8230615449579974,3.547648623236587,168.15384615384616,31.72420919957263
4786,2.8230615449579974,3.547648623236587,168.15384615384616,31.72420919957263
4787,2.8230615449579974,3.547648623236587,168.15384615384616,31.72420919957263
4788,2.8230615449579974,3.547648623236587,168.15384615384616,31.72420919957263
4789,2.8230615449579974,3.547648623236587,168.15384615384616,31.72420919957263
4790,2.8230615449579974,3.547648623236587,168.15384615384616,31.72420919957263
4791,2.8230615449579974,3.547648623236587,168.15384615384616,31.72420919957263
4792,2.8230615449579974,3.547648623236587,168.15384615384616,31.72420919957263
4793,2.8230615449579974,3.547648623236587,168.15384615384616,31.72420919957263
4794,2.8230615449579974,3.547648623236587,168.15384615384616,31.72420919957263
4795,2.8230615449579974,3.547648623236587,168.15384615384616,31.72420919957263
4796,2.8230615449579974,3.547648623236587,168.15384615384616,31.72420919957263
4797,2.8230615449579974,3.547648623236587,168.15384615384616,31.72420919957263
4798,2.8230615449579974,3.547648623236587,168.15384615384616,31.72420919957263
4799,2.8230615449579974,3.547648623236587,168.15384615384616,31.72420919957263
4800,2.8230615449579974,3.547648623236587,168.15384615384616,31.72420919957263
4801,2.8230615449579974,3.547648623236587,168.15384615384616,31.72420919957263
4802,2.8230615449579974,3.547648623236587,168.15384615384616,31.72420919957263
4803,2.8230615449579974,3.547648623236587,168.15384615384616,31.72420919957263
4804,2.8230615449579974,3.547648623236587,168.15384615384616,31.72420919957263
4805,2.8230615449579974,3.547648623236587,168.15384615384616,31.72420919957263
4806,2.8230615449579974,3.547648623236587,168.15384615384616,31.72420919957263
4807,2.8230615449579974,3.547648623236587,168.15384615384616,31.72420919957263
4808,2.8230615449579974,3.547648623236587,168.15384615384616,31.72420919957263
4809,2.8230615449579974,3.547648623236587,168.15384615384616,31.72420919957263
4810,2.8230615449579974,3.547648623236587,168.15384615384616,31.72420919957263
4811,2.8230615449579974,3.547648623236587,168.15384615384616,31.72420919957263
4812,2.8230615449579974,3.547648623236587,168.15384615384616,31.72420919957263
4813,3.0801998539587365,3.7256646792287524,175.87179487179486,32.89513161117488
4814,3.0801998539587365,3.7256646792287524,175.87179487179486,32.89513161117488
4815,3.0801998539587365,3.7256646792287524,175.87179487179486,32.89513161117488
4816,3.0801998539587365,3.7256646792287524,175.87179487179486,32.89513161117488
4817,3.0801998539587365,3.7256646792287524,175.87179487179486,32.89513161117488
4818,3.0801998539587365,3.7256646792287524,175.87179487179486,32.89513161117488
4819,3.0801998539587365,3.7256646792287524,175.87179487179486,32.89513161117488
4820,3.0801998539587365,3.7256646792287524,175.87179487179486,32.89513161117488
4821,3.0801998539587365,3.7256646792287524,175.87179487179486,32.89513161117488
4822,3.0801998539587365,3.7256646792287524,175.87179487179486,32.89513161117488
4823,3.0801998539587365,3.7256646792287524,175.87179487179486,32.89513161117488
4824,3.0801998539587365,3.7256646792287524,175.87179487179486,32.89513161117488
4825,3.0801998539587365,3.7256646792287524,175.87179487179486,32.89513161117488
4826,3.0801998539587365,3.7256646792287524,175.87179487179486,32.89513161117488
4827,3.0801998539587365,3.7256646792287524,175.87179487179486,32.89513161117488
4828,3.0801998539587365,3.7256646792287524,175.87179487179486,32.89513161117488
4829,3.0801998539587365,3.7256646792287524,175.87179487179486,32.89513161117488
4830,3.0801998539587365,3.7256646792287524,175.87179487179486,32.89513161117488
4831,3.0801998539587365,3.7256646792287524,175.87179487179486,32.89513161117488
4832,3.0801998539587365,3.7256646792287524,175.87179487179486,32.89513161117488
4833,3.0801998539587365,3.7256646792287524,175.87179487179486,32.89513161117488
4834,3.0801998539587365,3.7256646792287524,175.87179487179486,32.89513161117488
4835,3.0801998539587365,3.7256646792287524,175.87179487179486,32.89513161117488
4836,3.0801998539587365,3.7256646792287524,175.87179487179486,32.89513161117488
4837,3.0801998539587365,3.7256646792287524,175.87179487179486,32.89513161117488
4838,3.0801998539587365,3.7256646792287524,175.87179487179486,32.89513161117488
4839,3.0801998539587365,3.7256646792287524,175.87179487179486,32.89513161117488
4840,3.0801998539587365,3.7256646792287524,175.87179487179486,32.89513161117488
4841,3.0801998539587365,3.7256646792287524,175.87179487179486,32.89513161117488
4842,3.0801998539587365,3.7256646792287524,175.87179487179486,32.89513161117488
4843,3.0801998539587365,3.7256646792287524,175.87179487179486,32.89513161117488
4844,3.0801998539587365,3.7256646792287524,175.87179487179486,32.89513161117488
4845,3.0801998539587365,3.7256646792287524,175.87179487179486,32.89513161117488
4846,3.0801998539587365,3.7256646792287524,175.87179487179486,32.89513161117488
4847,3.0801998539587365,3.7256646792287524,175.87179487179486,32.89513161117488
4848,3.0801998539587365,3.7256646792287524,175.87179487179486,32.89513161117488
4849,3.0801998539587365,3.7256646792287524,175.87179487179486,32.89513161117488
4850,3.0801998539587365,3.7256646792287524,175.87179487179486,32.89513161117488
4851,3.0801998539587365,3.7256646792287524,175.87179487179486,32.89513161117488
4852,3.0801998539587365,3.7256646792287524,175.87179487179486,32.89513161117488
4853,3.0801998539587365,3.7256646792287524,175.87179487179486,32.89513161117488
4854,3.0801998539587365,3.7256646792287524,175.87179487179486,32.89513161117488
4855,3.0801998539587365,3.7256646792287524,175.87179487179486,32.89513161117488
4856,3.0801998539587365,3.7256646792287524,175.87179487179486,32.89513161117488
4857,3.0801998539587365,3.7256646792287524,175.87179487179486,32.89513161117488
4858,3.0801998539587365,3.7256646792287524,175.87179487179486,32.89513161117488
4859,3.0801998539587365,3.7256646792287524,175.87179487179486,32.89513161117488
4860,3.0801998539587365,3.7256646792287524,175.87179487179486,32.89513161117488
4861,3.0801998539587365,3.7256646792287524,175.87179487179486,32.89513161117488
4862,3.0801998539587365,3.7256646792287524,175.87179487179486,32.89513161117488
4863,2.8230615449579974,3.547648623236587,168.15384615384616,31.72420919957263
4864,2.8230615449579974,3.547648623236587,168.15384615384616,31.72420919957263
4865,2.8230615449579974,3.547648623236587,168.15384615384616,31.72420919957263
4866,2.8230615449579974,3.547648623236587,168.15384615384616,31.72420919957263
4867,2.8230615449579974,3.547648623236587,168.15384615384616,31.72420919957263
4868,2.8230615449579974,3.547648623236587,168.15384615384616,31.72420919957263
4869,2.8230615449579974,3.547648623236587,168.15384615384616,31.72420919957263
4870,2.8230615449579974,3.547648623236587,168.15384615384616,31.72420919957263
4871,2.8230615449579974,3.547648623236587,168.15384615384616,31.72420919957263
4872,2.8230615449579974,3.547648623236587,168.15384615384616,31.72420919957263
4873,2.8230615449579974,3.547648623236587,168.15384615384616,31.72420919957263
4874,2.8230615449579974,3.547648623236587,168.15384615384616,31.72420919957263
4875,2.8230615449579974,3.547648623236587,168.15384615384616,31.72420919957263
4876,2.8230615449579974,3.547648623236587,168.15384615384616,31.72420919957263
4877,2.8230615449579974,3.547648623236587,168.15384615384616,31.72420919957263
4878,2.8230615449579974,3.547648623236587,168.15384615384616,31.72420919957263
4879,2.8230615449579974,3.547648623236587,168.15384615384616,31.72420919957263
4880,2.8230615449579974,3.547648623236587,168.15384615384616,31.72420919957263
4881,2.8230615449579974,3.547648623236587,168.15384615384616,31.72420919957263
4882,2.8230615449579974,3.547648623236587,168.15384615384616,31.72420919957263
4883,2.8230615449579974,3.547648623236587,168.15384615384616,31.72420919957263
4884,2.8230615449579974,3.547648623236587,168.15384615384616,31.72420919957263
4885,2.8230615449579974,3.547648623236587,168.15384615384616,31.72420919957263
4886,2.8230615449579974,3.547648623236587,168.15384615384616,31.72420919957263
4887,2.8230615449579974,3.547648623236587,168.15384615384616,31.72420919957263
4888,2.8230615449579974,3.547648623236587,168.15384615384616,31.72420919957263
4889,2.8230615449579974,3.547648623236587,168.15384615384616,31.72420919957263
4890,2.8230615449579974,3.547648623236587,168.15384615384616,31.72420919957263
4891,2.8230615449579974,3.547648623236587,168.15384615384616,31.72420919957263
4892,2.8230615449579974,3.547648623236587,168.15384615384616,31.72420919957263
4893,2.8230615449579974,3.547648623236587,168.15384615384616,31.72420919957263
4894,2.8230615449579974,3.547648623236587,168.15384615384616,31.72420919957263
4895,2.8230615449579974,3.547648623236587,168.15384615384616,31.72420919957263
4896,2.8230615449579974,3.547648623236587,168.15384615384616,31.72420919957263
4897,2.8230615449579974,3.547648623236587,168.15384615384616,31.72420919957263
4898,2.8230615449579974,3.547648623236587,168.15384615384616,31.72420919957263
4899,2.8230615449579974,3.547648623236587,168.15384615384616,31.72420919957263
4900,2.8230615449579974,3.547648623236587,168.15384615384616,31.72420919957263
4901,2.8230615449579974,3.547648623236587,168.15384615384616,31.72420919957263
4902,2.8230615449579974,3.547648623236587,168.15384615384616,31.72420919957263
4903,2.8230615449579974,3.547648623236587,168.15384615384616,31.72420919957263
4904,2.8230615449579974,3.547648623236587,168.15384615384616,31.72420919957263
4905,2.8230615449579974,3.547648623236587,168.15384615384616,31.72420919957263
4906,2.8230615449579974,3.547648623236587,168.15384615384616,31.72420919957263
4907,2.8230615449579974,3.547648623236587,168.15384615384616,31.72420919957263
4908,2.8230615449579974,3.547648623236587,168.15384615384616,31.72420919957263
4909,2.8230615449579974,3.547648623236587,168.15384615384616,31.72420919957263
4910,2.8230615449579974,3.547648623236587,168.15384615384616,31.72420919957263
4911,3.0801998539587365,3.7256646792287524,175.87179487179486,32.89513161117488
4912,3.0801998539587365,3.7256646792287524,175.87179487179486,32.89513161117488
4913,3.0801998539587365,3.7256646792287524,175.87179487179486,32.89513161117488
4914,3.0801998539587365,3.7256646792287524,175.87179487179486,32.89513161117488
4915,3.0801998539587365,3.7256646792287524,175.87179487179486,32.89513161117488
4916,3.0801998539587365,3.7256646792287524,175.87179487179486,32.89513161117488
4917,3.0801998539587365,3.7256646792287524,175.87179487179486,32.89513161117488
4918,3.0801998539587365,3.7256646792287524,175.87179487179486,32.89513161117488
4919,3.0801998539587365,3.7256646792287524,175.87179487179486,32.89513161117488
4920,3.0801998539587365,3.7256646792287524,175.87179487179486,32.89513161117488
4921,3.0801998539587365,3.7256646792287524,175.87179487179486,32.89513161117488
4922,3.0801998539587365,3.7256646792287524,175.87179487179486,32.89513161117488
4923,3.0801998539587365,3.7256646792287524,175.87179487179486,32.89513161117488
4924,3.0801998539587365,3.7256646792287524,175.87179487179486,32.89513161117488
4925,3.0801998539587365,3.7256646792287524,175.87179487179486,32.89513161117488
4926,3.0801998539587365,3.7256646792287524,175.87179487179486,32.89513161117488
4927,3.0801998539587365,3.7256646792287524,175.87179487179486,32.89513161117488
4928,3.0801998539587365,3.7256646792287524,175.87179487179486,32.89513161117488
4929,3.0801998539587365,3.7256646792287524,175.87179487179486,32.89513161117488
4930,3.0801998539587365,3.7256646792287524,175.87179487179486,32.89513161117488
4931,3.0801998539587365,3.7256646792287524,175.87179487179486,32.89513161117488
4932,3.0801998539587365,3.7256646792287524,175.87179487179486,32.89513161117488
4933,3.0801998539587365,3.7256646792287524,175.87179487179486,32.89513161117488
4934,3.0801998539587365,3.7256646792287524,175.87179487179486,32.89513161117488
4935,3.0801998539587365,3.7256646792287524,175.87179487179486,32.89513161117488
4936,3.0801998539587365,3.7256646792287524,175.87179487179486,32.89513161117488
4937,3.0801998539587365,3.7256646792287524,175.87179487179486,32.89513161117488
4938,3.0801998539587365,3.7256646792287524,175.87179487179486,32.89513161117488
4939,3.0801998539587365,3.7256646792287524,175.87179487179486,32.89513161117488
4940,3.0801998539587365,3.7256646792287524,175.87179487179486,32.89513161117488
4941,3.0801998539587365,3.7256646792287524,175.87179487179486,32.89513161117488
4942,3.0801998539587365,3.7256646792287524,175.87179487179486,32.89513161117488
4943,3.0801998539587365,3.7256646792287524,175.87179487179486,32.89513161117488
4944,3.0801998539587365,3.7256646792287524,175.87179487179486,32.89513161117488
4945,3.0801998539587365,3.7256646792287524,175.87179487179486,32.89513161117488
4946,3.0801998539587365,3.7256646792287524,175.87179487179486,32.89513161117488
4947,3.0801998539587365,3.7256646792287524,175.87179487179486,32.89513161117488
4948,3.0801998539587365,3.7256646792287524,175.87179487179486,32.89513161117488
4949,3.0801998539587365,3.7256646792287524,175.87179487179486,32.89513161117488
4950,3.0801998539587365,3.7256646792287524,175.87179487179486,32.89513161117488
4951,3.0801998539587365,3.7256646792287524,175.87179487179486,32.89513161117488
4952,3.0801998539587365,3.7256646792287524,175.87179487179486,32.89513161117488
4953,3.0801998539587365,3.7256646792287524,175.87179487179486,32.89513161117488
4954,3.0801998539587365,3.7256646792287524,175.87179487179486,32.89513161117488
4955,3.0801998539587365,3.7256646792287524,175.87179487179486,32.89513161117488
4956,3.0801998539587365,3.7256646792287524,175.87179487179486,32.89513161117488
4957,3.0801998539587365,3.7256646792287524,175.87179487179486,32.89513161117488
4958,3.0801998539587365,3.7256646792287524,175.87179487179486,32.89513161117488
4959,3.0801998539587365,3.7256646792287524,175.87179487179486,32.89513161117488
4960,2.8230615449579974,3.547648623236587,168.15384615384616,31.72420919957263
4961,2.8230615449579974,3.547648623236587,168.15384615384616,31.72420919957263
4962,2.8230615449579974,3.547648623236587,168.15384615384616,31.72420919957263
4963,2.8230615449579974,3.547648623236587,168.15384615384616,31.72420919957263
4964,2.8230615449579974,3.547648623236587,168.15384615384616,31.72420919957263
4965,2.8230615449579974,3.547648623236587,168.15384615384616,31.72420919957263
4966,2.8230615449579974,3.547648623236587,168.15384615384616,31.72420919957263
4967,2.8230615449579974,3.547648623236587,168.15384615384616,31.72420919957263
4968,2.8230615449579974,3.547648623236587,168.15384615384616,31.72420919957263
4969,2.8230615449579974,3.547648623236587,168.15384615384616,31.72420919957263
4970,2.8230615449579974,3.547648623236587,168.15384615384616,31.72420919957263
4971,2.8230615449579974,3.547648623236587,168.15384615384616,31.72420919957263
4972,2.8230615449579974,3.547648623236587,168.15384615384616,31.72420919957263
4973,2.8230615449579974,3.547648623236587,168.15384615384616,31.72420919957263
4974,2.8230615449579974,3.547648623236587,168.15384615384616,31.72420919957263
4975,2.8230615449579974,3.547648623236587,168.15384615384616,31.72420919957263
4976,2.8230615449579974,3.547648623236587,168.15384615384616,31.72420919957263
4977,2.8230615449579974,3.547648623236587,168.15384615384616,31.72420919957263
4978,2.8230615449579974,3.547648623236587,168.15384615384616,31.72420919957263
4979,2.8230615449579974,3.547648623236587,168.15384615384616,31.72420919957263
4980,2.8230615449579974,3.547648623236587,168.15384615384616,31.72420919957263
4981,2.8230615449579974,3.547648623236587,168.15384615384616,31.72420919957263
4982,2.8230615449579974,3.547648623236587,168.15384615384616,31.72420919957263
4983,2.8230615449579974,3.547648623236587,168.15384615384616,31.72420919957263
4984,2.8230615449579974,3.547648623236587,168.15384615384616,31.72420919957263
4985,2.8230615449579974,3.547648623236587,168.15384615384616,31.72420919957263
4986,2.8230615449579974,3.547648623236587,168.15384615384616,31.72420919957263
4987,2.8230615449579974,3.547648623236587,168.15384615384616,31.72420919957263
4988,2.8230615449579974,3.547648623236587,168.15384615384616,31.72420919957263
4989,2.8230615449579974,3.547648623236587,168.15384615384616,31.72420919957263
4990,2.8230615449579974,3.547648623236587,168.15384615384616,31.72420919957263
4991,2.8230615449579974,3.547648623236587,168.15384615384616,31.72420919957263
4992,2.8230615449579974,3.547648623236587,168.15384615384616,31.72420919957263
4993,2.8230615449579974,3.547648623236587,168.15384615384616,31.72420919957263
4994,2.8230615449579974,3.547648623236587,168.15384615384616,31.72420919957263
4995,2.8230615449579974,3.547648623236587,168.15384615384616,31.72420919957263
4996,2.8230615449579974,3.547648623236587,168.15384615384616,31.72420919957263
4997,2.8230615449579974,3.547648623236587,168.15384615384616,31.72420919957263
4998,2.8230615449579974,3.547648623236587,168.15384615384616,31.72420919957263
4999,2.8230615449579974,3.547648623236587,168.15384615384616,31.72420919957263
5000,2.8230615449579974,3.547648623236587,168.15384615384616,31.72420919957263
5001,2.8230615449579974,3.547648623236587,168.15384615384616,31.72420919957263
5002,2.8230615449579974,3.547648623236587,168.15384615384616,31.72420919957263
5003,2.8230615449579974,3.547648623236587,168.15384615384616,31.72420919957263
5004,2.8230615449579974,3.547648623236587,168.15384615384616,31.72420919957263
5005,2.8230615449579974,3.547648623236587,168.15384615384616,31.72420919957263
5006,2.8230615449579974,3.547648623236587,168.15384615384616,31.72420919957263
5007,2.8230615449579974,3.547648623236587,168.15384615384616,31.72420919957263
5008,3.0801998539587365,3.7256646792287524,175.87179487179486,32.89513161117488
5009,3.0801998539587365,3.7256646792287524,175.87179487179486,32.89513161117488
5010,3.0801998539587365,3.7256646792287524,175.87179487179486,32.89513161117488
5011,3.0801998539587365,3.7256646792287524,175.87179487179486,32.89513161117488
5012,3.0801998539587365,3.7256646792287524,175.87179487179486,32.89513161117488
5013,3.0801998539587365,3.7256646792287524,175.87179487179486,32.89513161117488
5014,3.0801998539587365,3.7256646792287524,175.87179487179486,32.89513161117488
5015,3.0801998539587365,3.7256646792287524,175.87179487179486,32.89513161117488
5016,3.0801998539587365,3.7256646792287524,175.87179487179486,32.89513161117488
5017,3.0801998539587365,3.7256646792287524,175.87179487179486,32.89513161117488
5018,3.0801998539587365,3.7256646792287524,175.87179487179486,32.89513161117488
5019,3.0801998539587365,3.7256646792287524,175.87179487179486,32.89513161117488
5020,3.0801998539587365,3.7256646792287524,175.87179487179486,32.89513161117488
5021,3.0801998539587365,3.7256646792287524,175.87179487179486,32.89513161117488
5022,3.0801998539587365,3.7256646792287524,175.87179487179486,32.89513161117488
5023,3.0801998539587365,3.7256646792287524,175.87179487179486,32.89513161117488
5024,3.0801998539587365,3.7256646792287524,175.87179487179486,32.89513161117488
5025,3.0801998539587365,3.7256646792287524,175.87179487179486,32.89513161117488
5026,3.0801998539587365,3.7256646792287524,175.87179487179486,32.89513161117488
5027,3.0801998539587365,3.7256646792287524,175.87179487179486,32.89513161117488
5028,3.0801998539587365,3.7256646792287524,175.87179487179486,32.89513161117488
5029,3.0801998539587365,3.7256646792287524,175.87179487179486,32.89513161117488
5030,3.0801998539587365,3.7256646792287524,175.87179487179486,32.89513161117488
5031,3.0801998539587365,3.7256646792287524,175.87179487179486,32.89513161117488
5032,3.0801998539587365,3.7256646792287524,175.87179487179486,32.89513161117488
5033,3.0801998539587365,3.7256646792287524,175.87179487179486,32.89513161117488
5034,3.0801998539587365,3.7256646792287524,175.87179487179486,32.89513161117488
5035,3.0801998539587365,3.7256646792287524,175.87179487179486,32.89513161117488
5036,3.0801998539587365,3.7256646792287524,175.87179487179486,32.89513161117488
5037,3.0801998539587365,3.7256646792287524,175.87179487179486,32.89513161117488
5038,3.0801998539587365,3.7256646792287524,175.87179487179486,32.89513161117488
5039,3.0801998539587365,3.7256646792287524,175.87179487179486,32.89513161117488
5040,3.0801998539587365,3.7256646792287524,175.87179487179486,32.89513161117488
5041,3.0801998539587365,3.7256646792287524,175.87179487179486,32.89513161117488
5042,3.0801998539587365,3.7256646792287524,175.87179487179486,32.89513161117488
5043,3.0801998539587365,3.7256646792287524,175.87179487179486,32.89513161117488
5044,3.0801998539587365,3.7256646792287524,175.87179487179486,32.89513161117488
5045,3.0801998539587365,3.7256646792287524,175.87179487179486,32.89513161117488
5046,3.0801998539587365,3.7256646792287524,175.87179487179486,32.89513161117488
5047,3.0801998539587365,3.7256646792287524,175.87179487179486,32.89513161117488
5048,3.0801998539587365,3.7256646792287524,175.87179487179486,32.89513161117488
5049,3.0801998539587365,3.7256646792287524,175.87179487179486,32.89513161117488
5050,3.0801998539587365,3.7256646792287524,175.87179487179486,32.89513161117488
5051,3.0801998539587365,3.7256646792287524,175.87179487179486,32.89513161117488
5052,3.0801998539587365,3.7256646792287524,175.87179487179486,32.89513161117488
5053,3.0801998539587365,3.7256646792287524,175.87179487179486,32.89513161117488
5054,3.0801998539587365,3.7256646792287524,175.87179487179486,32.89513161117488
5055,3.0801998539587365,3.7256646792287524,175.87179487179486,32.89513161117488
5056,3.0801998539587365,3.7256646792287524,175.87179487179486,32.89513161117488
5057,2.8230615449579974,3.547648623236587,168.15384615384616,31.72420919957263
5058,2.8230615449579974,3.547648623236587,168.15384615384616,31.72420919957263
5059,2.8230615449579974,3.547648623236587,168.15384615384616,31.72420919957263
5060,2.8230615449579974,3.547648623236587,168.15384615384616,31.72420919957263
5061,2.8230615449579974,3.547648623236587,168.15384615384616,31.72420919957263
5062,2.8230615449579974,3.547648623236587,168.15384615384616,31.72420919957263
5063,2.8230615449579974,3.547648623236587,168.15384615384616,31.72420919957263
5064,2.8230615449579974,3.547648623236587,168.15384615384616,31.72420919957263
5065,2.8230615449579974,3.547648623236587,168.15384615384616,31.72420919957263
5066,2.8230615449579974,3.547648623236587,168.15384615384616,31.72420919957263
5067,2.8230615449579974,3.547648623236587,168.15384615384616,31.72420919957263
5068,2.8230615449579974,3.547648623236587,168.15384615384616,31.72420919957263
5069,2.8230615449579974,3.547648623236587,168.15384615384616,31.72420919957263
5070,2.8230615449579974,3.547648623236587,168.15384615384616,31.72420919957263
5071,2.8230615449579974,3.547648623236587,168.15384615384616,31.72420919957263
5072,2.8230615449579974,3.547648623236587,168.15384615384616,31.72420919957263
5073,2.8230615449579974,3.547648623236587,168.15384615384616,31.72420919957263
5074,2.8230615449579974,3.547648623236587,168.15384615384616,31.72420919957263
5075,2.8230615449579974,3.547648623236587,168.15384615384616,31.72420919957263
5076,2.8230615449579974,3.547648623236587,168.15384615384616,31.72420919957263
5077,2.8230615449579974,3.547648623236587,168.15384615384616,31.72420919957263
5078,2.8230615449579974,3.547648623236587,168.15384615384616,31.72420919957263
5079,2.8230615449579974,3.547648623236587,168.15384615384616,31.72420919957263
5080,2.8230615449579974,3.547648623236587,168.15384615384616,31.72420919957263
5081,2.8230615449579974,3.547648623236587,168.15384615384616,31.72420919957263
5082,2.8230615449579974,3.547648623236587,168.15384615384616,31.72420919957263
5083,2.8230615449579974,3.547648623236587,168.15384615384616,31.72420919957263
5084,2.8230615449579974,3.547648623236587,168.15384615384616,31.72420919957263
5085,2.8230615449579974,3.547648623236587,168.15384615384616,31.72420919957263
5086,2.8230615449579974,3.547648623236587,168.15384615384616,31.72420919957263
5087,2.8230615449579974,3.547648623236587,168.15384615384616,31.72420919957263
5088,2.8230615449579974,3.547648623236587,168.15384615384616,31.72420919957263
5089,2.8230615449579974,3.547648623236587,168.15384615384616,31.72420919957263
5090,2.8230615449579974,3.547648623236587,168.15384615384616,31.72420919957263
5091,2.8230615449579974,3.547648623236587,168.15384615384616,31.72420919957263
5092,2.8230615449579974,3.547648623236587,168.15384615384616,31.72420919957263
5093,2.8230615449579974,3.547648623236587,168.15384615384616,31.72420919957263
5094,2.8230615449579974,3.547648623236587,168.15384615384616,31.72420919957263
5095,2.8230615449579974,3.547648623236587,168.15384615384616,31.72420919957263
5096,2.8230615449579974,3.547648623236587,168.15384615384616,31.72420919957263
5097,2.8230615449579974,3.547648623236587,168.15384615384616,31.72420919957263
5098,2.8230615449579974,3.547648623236587,168.15384615384616,31.72420919957263
5099,2.8230615449579974,3.547648623236587,168.15384615384616,31.72420919957263
5100,2.8230615449579974,3.547648623236587,168.15384615384616,31.72420919957263
5101,2.8230615449579974,3.547648623236587,168.15384615384616,31.72420919957263
5102,2.8230615449579974,3.547648623236587,168.15384615384616,31.72420919957263
5103,2.8230615449579974,3.547648623236587,168.15384615384616,31.72420919957263
5104,2.8230615449579974,3.547648623236587,168.15384615384616,31.72420919957263
5105,3.0801998539587365,3.7256646792287524,175.87179487179486,32.89513161117488
5106,3.0801998539587365,3.7256646792287524,175.87179487179486,32.89513161117488
5107,3.0801998539587365,3.7256646792287524,175.87179487179486,32.89513161117488
5108,3.0801998539587365,3.7256646792287524,175.87179487179486,32.89513161117488
5109,3.0801998539587365,3.7256646792287524,175.87179487179486,32.89513161117488
5110,3.0801998539587365,3.7256646792287524,175.87179487179486,32.89513161117488
5111,3.0801998539587365,3.7256646792287524,175.87179487179486,32.89513161117488
5112,3.0801998539587365,3.7256646792287524,175.87179487179486,32.89513161117488
5113,3.0801998539587365,3.7256646792287524,175.87179487179486,32.89513161117488
5114,3.0801998539587365,3.7256646792287524,175.87179487179486,32.89513161117488
5115,3.0801998539587365,3.7256646792287524,175.87179487179486,32.89513161117488
5116,3.0801998539587365,3.7256646792287524,175.87179487179486,32.89513161117488
5117,3.0801998539587365,3.7256646792287524,175.87179487179486,32.89513161117488
5118,3.0801998539587365,3.7256646792287524,175.87179487179486,32.89513161117488
5119,3.0801998539587365,3.7256646792287524,175.87179487179486,32.89513161117488
5120,3.0801998539587365,3.7256646792287524,175.87179487179486,32.89513161117488
5121,3.0801998539587365,3.7256646792287524,175.87179487179486,32.89513161117488
5122,3.0801998539587365,3.7256646792287524,175.87179487179486,32.89513161117488
5123,3.0801998539587365,3.7256646792287524,175.87179487179486,32.89513161117488
5124,3.0801998539587365,3.7256646792287524,175.87179487179486,32.89513161117488
5125,3.0801998539587365,3.7256646792287524,175.87179487179486,32.89513161117488
5126,3.0801998539587365,3.7256646792287524,175.87179487179486,32.89513161117488
5127,3.0801998539587365,3.7256646792287524,175.87179487179486,32.89513161117488
5128,3.0801998539587365,3.7256646792287524,175.87179487179486,32.89513161117488
5129,3.0801998539587365,3.7256646792287524,175.87179487179486,32.89513161117488
5130,3.0801998539587365,3.7256646792287524,175.87179487179486,32.89513161117488
5131,3.0801998539587365,3.7256646792287524,175.87179487179486,32.89513161117488
5132,3.0801998539587365,3.7256646792287524,175.87179487179486,32.89513161117488
5133,3.0801998539587365,3.7256646792287524,175.87179487179486,32.89513161117488
5134,3.0801998539587365,3.7256646792287524,175.87179487179486,32.89513161117488
5135,3.0801998539587365,3.7256646792287524,175.87179487179486,32.89513161117488
5136,3.0801998539587365,3.7256646792287524,175.87179487179486,32.89513161117488
5137,3.0801998539587365,3.7256646792287524,175.87179487179486,32.89513161117488
5138,3.0801998539587365,3.7256646792287524,175.87179487179486,32.89513161117488
5139,3.0801998539587365,3.7256646792287524,175.87179487179486,32.89513161117488
5140,3.0801998539587365,3.7256646792287524,175.87179487179486,32.89513161117488
5141,3.0801998539587365,3.7256646792287524,175.87179487179486,32.89513161117488
5142,3.0801998539587365,3.7256646792287524,175.87179487179486,32.89513161117488
5143,3.0801998539587365,3.7256646792287524,175.87179487179486,32.89513161117488
5144,3.0801998539587365,3.7256646792287524,175.87179487179486,32.89513161117488
5145,3.0801998539587365,3.7256646792287524,175.87179487179486,32.89513161117488
5146,3.0801998539587365,3.7256646792287524,175.87179487179486,32.89513161117488
5147,3.0801998539587365,3.7256646792287524,175.87179487179486,32.89513161117488
5148,3.0801998539587365,3.7256646792287524,175.87179487179486,32.89513161117488
5149,3.0801998539587365,3.7256646792287524,175.87179487179486,32.89513161117488
5150,3.0801998539587365,3.7256646792287524,175.87179487179486,32.89513161117488
5151,3.0801998539587365,3.7256646792287524,175.87179487179486,32.89513161117488
5152,3.0801998539587365,3.7256646792287524,175.87179487179486,32.89513161117488
5153,3.0801998539587365,3.7256646792287524,175.87179487179486,32.89513161117488
5154,2.8230615449579974,3.547648623236587,168.15384615384616,31.72420919957263
5155,2.8230615449579974,3.547648623236587,168.15384615384616,31.72420919957263
5156,2.8230615449579974,3.547648623236587,168.15384615384616,31.72420919957263
5157,2.8230615449579974,3.547648623236587,168.15384615384616,31.72420919957263
5158,2.8230615449579974,3.547648623236587,168.15384615384616,31.72420919957263
5159,2.8230615449579974,3.547648623236587,168.15384615384616,31.72420919957263
5160,2.8230615449579974,3.547648623236587,168.15384615384616,31.72420919957263
5161,2.8230615449579974,3.547648623236587,168.15384615384616,31.72420919957263
5162,2.8230615449579974,3.547648623236587,168.15384615384616,31.72420919957263
5163,2.8230615449579974,3.547648623236587,168.15384615384616,31.72420919957263
5164,2.8230615449579974,3.547648623236587,168.15384615384616,31.72420919957263
5165,2.8230615449579974,3.547648623236587,168.15384615384616,31.72420919957263
5166,2.8230615449579974,3.547648623236587,168.15384615384616,31.72420919957263
5167,2.8230615449579974,3.547648623236587,168.15384615384616,31.72420919957263
5168,2.8230615449579974,3.547648623236587,168.15384615384616,31.72420919957263
5169,2.8230615449579974,3.547648623236587,168.15384615384616,31.72420919957263
5170,2.8230615449579974,3.547648623236587,168.15384615384616,31.72420919957263
5171,2.8230615449579974,3.547648623236587,168.15384615384616,31.72420919957263
5172,2.8230615449579974,3.547648623236587,168.15384615384616,31.72420919957263
5173,2.8230615449579974,3.547648623236587,168.15384615384616,31.72420919957263
5174,2.8230615449579974,3.547648623236587,168.15384615384616,31.72420919957263
5175,2.8230615449579974,3.547648623236587,168.15384615384616,31.72420919957263
5176,2.8230615449579974,3.547648623236587,168.15384615384616,31.72420919957263
5177,2.8230615449579974,3.547648623236587,168.15384615384616,31.72420919957263
5178,2.8230615449579974,3.547648623236587,168.15384615384616,31.72420919957263
5179,2.8230615449579974,3.547648623236587,168.15384615384616,31.72420919957263
5180,2.8230615449579974,3.547648623236587,168.15384615384616,31.72420919957263
5181,2.8230615449579974,3.547648623236587,168.15384615384616,31.72420919957263
5182,2.8230615449579974,3.547648623236587,168.15384615384616,31.72420919957263
5183,2.8230615449579974,3.547648623236587,168.15384615384616,31.72420919957263
5184,2.8230615449579974,3.547648623236587,168.15384615384616,31.72420919957263
5185,2.8230615449579974,3.547648623236587,168.15384615384616,31.72420919957263
5186,2.8230615449579974,3.547648623236587,168.15384615384616,31.72420919957263
5187,2.8230615449579974,3.547648623236587,168.15384615384616,31.72420919957263
5188,2.8230615449579974,3.547648623236587,168.15384615384616,31.72420919957263
5189,2.8230615449579974,3.547648623236587,168.15384615384616,31.72420919957263
5190,2.8230615449579974,3.547648623236587,168.15384615384616,31.72420919957263
5191,2.8230615449579974,3.547648623236587,168.15384615384616,31.72420919957263
5192,2.8230615449579974,3.547648623236587,168.15384615384616,31.72420919957263
5193,2.8230615449579974,3.547648623236587,168.15384615384616,31.72420919957263
5194,2.8230615449579974,3.547648623236587,168.15384615384616,31.72420919957263
5195,2.8230615449579974,3.547648623236587,168.15384615384616,31.72420919957263
5196,2.8230615449579974,3.547648623236587,168.15384615384616,31.72420919957263
5197,2.8230615449579974,3.547648623236587,168.15384615384616,31.72420919957263
5198,2.8230615449579974,3.547648623236587,168.15384615384616,31.72420919957263
5199,2.8230615449579974,3.547648623236587,168.15384615384616,31.72420919957263
5200,2.8230615449579974,3.547648623236587,168.15384615384616,31.72420919957263
5201,2.8230615449579974,3.547648623236587,168.15384615384616,31.72420919957263
5202,3.0801998539587365,3.7256646792287524,175.87179487179486,32.89513161117488
5203,3.0801998539587365,3.7256646792287524,175.87179487179486,32.89513161117488
5204,3.0801998539587365,3.7256646792287524,175.87179487179486,32.89513161117488
5205,3.0801998539587365,3.7256646792287524,175.87179487179486,32.89513161117488
5206,3.0801998539587365,3.7256646792287524,175.87179487179486,32.89513161117488
5207,3.0801998539587365,3.7256646792287524,175.87179487179486,32.89513161117488
5208,3.0801998539587365,3.7256646792287524,175.87179487179486,32.89513161117488
5209,3.0801998539587365,3.7256646792287524,175.87179487179486,32.89513161117488
5210,3.0801998539587365,3.7256646792287524,175.87179487179486,32.89513161117488
5211,3.0801998539587365,3.7256646792287524,175.87179487179486,32.89513161117488
5212,3.0801998539587365,3.7256646792287524,175.87179487179486,32.89513161117488
5213,3.0801998539587365,3.7256646792287524,175.87179487179486,32.89513161117488
5214,3.0801998539587365,3.7256646792287524,175.87179487179486,32.89513161117488
5215,3.0801998539587365,3.7256646792287524,175.87179487179486,32.89513161117488
5216,3.0801998539587365,3.7256646792287524,175.87179487179486,32.89513161117488
5217,3.0801998539587365,3.7256646792287524,175.87179487179486,32.89513161117488
5218,3.0801998539587365,3.7256646792287524,175.87179487179486,32.89513161117488
5219,3.0801998539587365,3.7256646792287524,175.87179487179486,32.89513161117488
5220,3.0801998539587365,3.7256646792287524,175.87179487179486,32.89513161117488
5221,3.0801998539587365,3.7256646792287524,175.87179487179486,32.89513161117488
5222,3.0801998539587365,3.7256646792287524,175.87179487179486,32.89513161117488
5223,3.0801998539587365,3.7256646792287524,175.87179487179486,32.89513161117488
5224,3.0801998539587365,3.7256646792287524,175.87179487179486,32.89513161117488
5225,3.0801998539587365,3.7256646792287524,175.87179487179486,32.89513161117488
5226,3.0801998539587365,3.7256646792287524,175.87179487179486,32.89513161117488
5227,3.0801998539587365,3.7256646792287524,175.87179487179486,32.89513161117488
5228,3.0801998539587365,3.7256646792287524,175.87179487179486,32.89513161117488
5229,3.0801998539587365,3.7256646792287524,175.87179487179486,32.89513161117488
5230,3.0801998539587365,3.7256646792287524,175.87179487179486,32.89513161117488
5231,3.0801998539587365,3.7256646792287524,175.87179487179486,32.89513161117488
5232,3.0801998539587365,3.7256646792287524,175.87179487179486,32.89513161117488
5233,3.0801998539587365,3.7256646792287524,175.87179487179486,32.89513161117488
5234,3.0801998539587365,3.7256646792287524,175.87179487179486,32.89513161117488
5235,3.0801998539587365,3.7256646792287524,175.87179487179486,32.89513161117488
5236,3.0801998539587365,3.7256646792287524,175.87179487179486,32.89513161117488
5237,3.0801998539587365,3.7256646792287524,175.87179487179486,32.89513161117488
5238,3.0801998539587365,3.7256646792287524,175.87179487179486,32.89513161117488
5239,3.0801998539587365,3.7256646792287524,175.87179487179486,32.89513161117488
5240,3.0801998539587365,3.7256646792287524,175.87179487179486,32.89513161117488
5241,3.0801998539587365,3.7256646792287524,175.87179487179486,32.89513161117488
5242,3.0801998539587365,3.7256646792287524,175.87179487179486,32.89513161117488
5243,3.0801998539587365,3.7256646792287524,175.87179487179486,32.89513161117488
5244,3.0801998539587365,3.7256646792287524,175.87179487179486,32.89513161117488
5245,3.0801998539587365,3.7256646792287524,175.87179487179486,32.89513161117488
5246,3.0801998539587365,3.7256646792287524,175.87179487179486,32.89513161117488
5247,3.0801998539587365,3.7256646792287524,175.87179487179486,32.89513161117488
5248,3.0801998539587365,3.7256646792287524,175.87179487179486,32.89513161117488
5249,3.0801998539587365,3.7256646792287524,175.87179487179486,32.89513161117488
5250,3.0801998539587365,3.7256646792287524,175.87179487179486,32.89513161117488
5251,2.8230615449579974,3.547648623236587,168.15384615384616,31.72420919957263
5252,2.8230615449579974,3.547648623236587,168.15384615384616,31.72420919957263
5253,2.8230615449579974,3.547648623236587,168.15384615384616,31.72420919957263
5254,2.8230615449579974,3.547648623236587,168.15384615384616,31.72420919957263
5255,2.8230615449579974,3.547648623236587,168.15384615384616,31.72420919957263
5256,2.8230615449579974,3.547648623236587,168.15384615384616,31.72420919957263
5257,2.8230615449579974,3.547648623236587,168.15384615384616,31.72420919957263
5258,2.8230615449579974,3.547648623236587,168.15384615384616,31.72420919957263
5259,2.8230615449579974,3.547648623236587,168.15384615384616,31.72420919957263
5260,2.8230615449579974,3.547648623236587,168.15384615384616,31.72420919957263
5261,2.8230615449579974,3.547648623236587,168.15384615384616,31.72420919957263
5262,2.8230615449579974,3.547648623236587,168.15384615384616,31.72420919957263
5263,2.8230615449579974,3.547648623236587,168.15384615384616,31.72420919957263
5264,2.8230615449579974,3.547648623236587,168.15384615384616,31.72420919957263
5265,2.8230615449579974,3.547648623236587,168.15384615384616,31.72420919957263
5266,2.8230615449579974,3.547648623236587,168.15384615384616,31.72420919957263
5267,2.8230615449579974,3.547648623236587,168.15384615384616,31.72420919957263
5268,2.8230615449579974,3.547648623236587,168.15384615384616,31.72420919957263
5269,2.8230615449579974,3.547648623236587,168.15384615384616,31.72420919957263
5270,2.8230615449579974,3.547648623236587,168.15384615384616,31.72420919957263
5271,2.8230615449579974,3.547648623236587,168.15384615384616,31.72420919957263
5272,2.8230615449579974,3.547648623236587,168.15384615384616,31.72420919957263
5273,2.8230615449579974,3.547648623236587,168.15384615384616,31.72420919957263
5274,2.8230615449579974,3.547648623236587,168.15384615384616,31.72420919957263
5275,2.8230615449579974,3.547648623236587,168.15384615384616,31.72420919957263
5276,2.8230615449579974,3.547648623236587,168.15384615384616,31.72420919957263
5277,2.8230615449579974,3.547648623236587,168.15384615384616,31.72420919957263
5278,2.8230615449579974,3.547648623236587,168.15384615384616,31.72420919957263
5279,2.8230615449579974,3.547648623236587,168.15384615384616,31.72420919957263
5280,2.8230615449579974,3.547648623236587,168.15384615384616,31.72420919957263
5281,2.8230615449579974,3.547648623236587,168.15384615384616,31.72420919957263
5282,2.8230615449579974,3.547648623236587,168.15384615384616,31.72420919957263
5283,2.8230615449579974,3.547648623236587,168.15384615384616,31.72420919957263
5284,2.8230615449579974,3.547648623236587,168.15384615384616,31.72420919957263
5285,2.8230615449579974,3.547648623236587,168.15384615384616,31.72420919957263
5286,2.8230615449579974,3.547648623236587,168.15384615384616,31.72420919957263
5287,2.8230615449579974,3.547648623236587,168.15384615384616,31.72420919957263
5288,2.8230615449579974,3.547648623236587,168.15384615384616,31.72420919957263
5289,2.8230615449579974,3.547648623236587,168.15384615384616,31.72420919957263
5290,2.8230615449579974,3.547648623236587,168.15384615384616,31.72420919957263
5291,2.8230615449579974,3.547648623236587,168.15384615384616,31.72420919957263
5292,2.8230615449579974,3.547648623236587,168.15384615384616,31.72420919957263
5293,2.8230615449579974,3.547648623236587,168.15384615384616,31.72420919957263
5294,2.8230615449579974,3.547648623236587,168.15384615384616,31.72420919957263
5295,2.8230615449579974,3.547648623236587,168.15384615384616,31.72420919957263
5296,2.8230615449579974,3.547648623236587,168.15384615384616,31.72420919957263
5297,2.8230615449579974,3.547648623236587,168.15384615384616,31.72420919957263
5298,2.8230615449579974,3.547648623236587,168.15384615384616,31.72420919957263
5299,3.0801998539587365,3.7256646792287524,175.87179487179486,32.89513161117488
5300,3.0801998539587365,3.7256646792287524,175.87179487179486,32.89513161117488
5301,3.0801998539587365,3.7256646792287524,175.87179487179486,32.89513161117488
5302,3.0801998539587365,3.7256646792287524,175.87179487179486,32.89513161117488
5303,3.0801998539587365,3.7256646792287524,175.87179487179486,32.89513161117488
5304,3.0801998539587365,3.7256646792287524,175.87179487179486,32.89513161117488
5305,3.0801998539587365,3.7256646792287524,175.87179487179486,32.89513161117488
5306,3.0801998539587365,3.7256646792287524,175.87179487179486,32.89513161117488
5307,3.0801998539587365,3.7256646792287524,175.87179487179486,32.89513161117488
5308,3.0801998539587365,3.7256646792287524,175.87179487179486,32.89513161117488
5309,3.0801998539587365,3.7256646792287524,175.87179487179486,32.89513161117488
5310,3.0801998539587365,3.7256646792287524,175.87179487179486,32.89513161117488
5311,3.0801998539587365,3.7256646792287524,175.87179487179486,32.89513161117488
5312,3.0801998539587365,3.7256646792287524,175.87179487179486,32.89513161117488
5313,3.0801998539587365,3.7256646792287524,175.87179487179486,32.89513161117488
5314,3.0801998539587365,3.7256646792287524,175.87179487179486,32.89513161117488
5315,3.0801998539587365,3.7256646792287524,175.87179487179486,32.89513161117488
5316,3.0801998539587365,3.7256646792287524,175.87179487179486,32.89513161117488
5317,3.0801998539587365,3.7256646792287524,175.87179487179486,32.89513161117488
5318,3.0801998539587365,3.7256646792287524,175.87179487179486,32.89513161117488
5319,3.0801998539587365,3.7256646792287524,175.87179487179486,32.89513161117488
5320,3.0801998539587365,3.7256646792287524,175.87179487179486,32.89513161117488
5321,3.0801998539587365,3.7256646792287524,175.87179487179486,32.89513161117488
5322,3.0801998539587365,3.7256646792287524,175.87179487179486,32.89513161117488
5323,3.0801998539587365,3.7256646792287524,175.87179487179486,32.89513161117488
5324,3.0801998539587365,3.7256646792287524,175.87179487179486,32.89513161117488
5325,3.0801998539587365,3.7256646792287524,175.87179487179486,32.89513161117488
5326,3.0801998539587365,3.7256646792287524,175.87179487179486,32.89513161117488
5327,3.0801998539587365,3.7256646792287524,175.87179487179486,32.89513161117488
5328,3.0801998539587365,3.7256646792287524,175.87179487179486,32.89513161117488
5329,3.0801998539587365,3.7256646792287524,175.87179487179486,32.89513161117488
5330,3.0801998539587365,3.7256646792287524,175.87179487179486,32.89513161117488
5331,3.0801998539587365,3.7256646792287524,175.87179487179486,32.89513161117488
5332,3.0801998539587365,3.7256646792287524,175.87179487179486,32.89513161117488
5333,3.0801998539587365,3.7256646792287524,175.87179487179486,32.89513161117488
5334,3.0801998539587365,3.7256646792287524,175.87179487179486,32.89513161117488
5335,3.0801998539587365,3.7256646792287524,175.87179487179486,32.89513161117488
5336,3.0801998539587365,3.7256646792287524,175.87179487179486,32.89513161117488
5337,3.0801998539587365,3.7256646792287524,175.87179487179486,32.89513161117488
5338,3.0801998539587365,3.7256646792287524,175.87179487179486,32.89513161117488
5339,3.0801998539587365,3.7256646792287524,175.87179487179486,32.89513161117488
5340,3.0801998539587365,3.7256646792287524,175.87179487179486,32.89513161117488
5341,3.0801998539587365,3.7256646792287524,175.87179487179486,32.89513161117488
5342,3.0801998539587365,3.7256646792287524,175.87179487179486,32.89513161117488
5343,3.0801998539587365,3.7256646792287524,175.87179487179486,32.89513161117488
5344,3.0801998539587365,3.7256646792287524,175.87179487179486,32.89513161117488
5345,3.0801998539587365,3.7256646792287524,175.87179487179486,32.89513161117488
5346,3.0801998539587365,3.7256646792287524,175.87179487179486,32.89513161117488
5347,3.0801998539587365,3.7256646792287524,175.87179487179486,32.89513161117488
5348,2.8230615449579974,3.547648623236587,168.15384615384616,31.72420919957263
5349,2.8230615449579974,3.547648623236587,168.15384615384616,31.72420919957263
5350,2.8230615449579974,3.547648623236587,168.15384615384616,31.72420919957263
5351,2.8230615449579974,3.547648623236587,168.15384615384616,31.72420919957263
5352,2.8230615449579974,3.547648623236587,168.15384615384616,31.72420919957263
5353,2.8230615449579974,3.547648623236587,168.15384615384616,31.72420919957263
5354,2.8230615449579974,3.547648623236587,168.15384615384616,31.72420919957263
5355,2.8230615449579974,3.547648623236587,168.15384615384616,31.72420919957263
5356,2.8230615449579974,3.547648623236587,168.15384615384616,31.72420919957263
5357,2.8230615449579974,3.547648623236587,168.15384615384616,31.72420919957263
5358,2.8230615449579974,3.547648623236587,168.15384615384616,31.72420919957263
5359,2.8230615449579974,3.547648623236587,168.15384615384616,31.72420919957263
5360,2.8230615449579974,3.547648623236587,168.15384615384616,31.72420919957263
5361,2.8230615449579974,3.547648623236587,168.15384615384616,31.72420919957263
5362,2.8230615449579974,3.547648623236587,168.15384615384616,31.72420919957263
5363,2.8230615449579974,3.547648623236587,168.15384615384616,31.72420919957263
5364,2.8230615449579974,3.547648623236587,168.15384615384616,31.72420919957263
5365,2.8230615449579974,3.547648623236587,168.15384615384616,31.72420919957263
5366,2.8230615449579974,3.547648623236587,168.15384615384616,31.72420919957263
5367,2.8230615449579974,3.547648623236587,168.15384615384616,31.72420919957263
5368,2.8230615449579974,3.547648623236587,168.15384615384616,31.72420919957263
5369,2.8230615449579974,3.547648623236587,168.15384615384616,31.72420919957263
5370,2.8230615449579974,3.547648623236587,168.15384615384616,31.72420919957263
5371,2.8230615449579974,3.547648623236587,168.15384615384616,31.72420919957263
5372,2.8230615449579974,3.547648623236587,168.15384615384616,31.72420919957263
5373,2.8230615449579974,3.547648623236587,168.15384615384616,31.72420919957263
5374,2.8230615449579974,3.547648623236587,168.15384615384616,31.72420919957263
5375,2.8230615449579974,3.547648623236587,168.15384615384616,31.72420919957263
5376,2.8230615449579974,3.547648623236587,168.15384615384616,31.72420919957263
5377,2.8230615449579974,3.547648623236587,168.15384615384616,31.72420919957263
5378,2.8230615449579974,3.547648623236587,168.15384615384616,31.72420919957263
5379,2.8230615449579974,3.547648623236587,168.15384615384616,31.72420919957263
5380,2.8230615449579974,3.547648623236587,168.15384615384616,31.72420919957263
5381,2.8230615449579974,3.547648623236587,168.15384615384616,31.72420919957263
5382,2.8230615449579974,3.547648623236587,168.15384615384616,31.72420919957263
5383,2.8230615449579974,3.547648623236587,168.15384615384616,31.72420919957263
5384,2.8230615449579974,3.547648623236587,168.15384615384616,31.72420919957263
5385,2.8230615449579974,3.547648623236587,168.15384615384616,31.72420919957263
5386,2.8230615449579974,3.547648623236587,168.15384615384616,31.72420919957263
5387,2.8230615449579974,3.547648623236587,168.15384615384616,31.72420919957263
5388,2.8230615449579974,3.547648623236587,168.15384615384616,31.72420919957263
5389,2.8230615449579974,3.547648623236587,168.15384615384616,31.72420919957263
5390,2.8230615449579974,3.547648623236587,168.15384615384616,31.72420919957263
5391,2.8230615449579974,3.547648623236587,168.15384615384616,31.72420919957263
5392,2.8230615449579974,3.547648623236587,168.15384615384616,31.72420919957263
5393,2.8230615449579974,3.547648623236587,168.15384615384616,31.72420919957263
5394,2.8230615449579974,3.547648623236587,168.15384615384616,31.72420919957263
5395,3.0801998539587365,3.7256646792287524,175.87179487179486,32.89513161117488
5396,3.0801998539587365,3.7256646792287524,175.87179487179486,32.89513161117488
5397,3.0801998539587365,3.7256646792287524,175.87179487179486,32.89513161117488
5398,3.0801998539587365,3.7256646792287524,175.87179487179486,32.89513161117488
5399,3.0801998539587365,3.7256646792287524,175.87179487179486,32.89513161117488
5400,3.0801998539587365,3.7256646792287524,175.87179487179486,32.89513161117488
5401,3.0801998539587365,3.7256646792287524,175.87179487179486,32.89513161117488
5402,3.0801998539587365,3.7256646792287524,175.87179487179486,32.89513161117488
5403,3.0801998539587365,3.7256646792287524,175.87179487179486,32.89513161117488
5404,3.0801998539587365,3.7256646792287524,175.87179487179486,32.89513161117488
5405,3.0801998539587365,3.7256646792287524,175.87179487179486,32.89513161117488
5406,3.0801998539587365,3.7256646792287524,175.87179487179486,32.89513161117488
5407,3.0801998539587365,3.7256646792287524,175.87179487179486,32.89513161117488
5408,3.0801998539587365,3.7256646792287524,175.87179487179486,32.89513161117488
5409,3.0801998539587365,3.7256646792287524,175.87179487179486,32.89513161117488
5410,3.0801998539587365,3.7256646792287524,175.87179487179486,32.89513161117488
5411,3.0801998539587365,3.7256646792287524,175.87179487179486,32.89513161117488
5412,3.0801998539587365,3.7256646792287524,175.87179487179486,32.89513161117488
5413,3.0801998539587365,3.7256646792287524,175.87179487179486,32.89513161117488
5414,3.0801998539587365,3.7256646792287524,175.87179487179486,32.89513161117488
5415,3.0801998539587365,3.7256646792287524,175.87179487179486,32.89513161117488
5416,3.0801998539587365,3.7256646792287524,175.87179487179486,32.89513161117488
5417,3.0801998539587365,3.7256646792287524,175.87179487179486,32.89513161117488
5418,3.0801998539587365,3.7256646792287524,175.87179487179486,32.89513161117488
5419,3.0801998539587365,3.7256646792287524,175.87179487179486,32.89513161117488
5420,3.0801998539587365,3.7256646792287524,175.87179487179486,32.89513161117488
5421,3.0801998539587365,3.7256646792287524,175.87179487179486,32.89513161117488
5422,3.0801998539587365,3.7256646792287524,175.87179487179486,32.89513161117488
5423,3.0801998539587365,3.7256646792287524,175.87179487179486,32.89513161117488
5424,3.0801998539587365,3.7256646792287524,175.87179487179486,32.89513161117488
5425,3.0801998539587365,3.7256646792287524,175.87179487179486,32.89513161117488
5426,3.0801998539587365,3.7256646792287524,175.87179487179486,32.89513161117488
5427,3.0801998539587365,3.7256646792287524,175.87179487179486,32.89513161117488
5428,3.0801998539587365,3.7256646792287524,175.87179487179486,32.89513161117488
5429,3.0801998539587365,3.7256646792287524,175.87179487179486,32.89513161117488
5430,3.0801998539587365,3.7256646792287524,175.87179487179486,32.89513161117488
5431,3.0801998539587365,3.7256646792287524,175.87179487179486,32.89513161117488
5432,3.0801998539587365,3.7256646792287524,175.87179487179486,32.89513161117488
5433,3.0801998539587365,3.7256646792287524,175.87179487179486,32.89513161117488
5434,3.0801998539587365,3.7256646792287524,175.87179487179486,32.89513161117488
5435,3.0801998539587365,3.7256646792287524,175.87179487179486,32.89513161117488
5436,3.0801998539587365,3.7256646792287524,175.87179487179486,32.89513161117488
5437,3.0801998539587365,3.7256646792287524,175.87179487179486,32.89513161117488
5438,3.0801998539587365,3.7256646792287524,175.87179487179486,32.89513161117488
5439,3.0801998539587365,3.7256646792287524,175.87179487179486,32.89513161117488
5440,3.0801998539587365,3.7256646792287524,175.87179487179486,32.89513161117488
5441,3.0801998539587365,3.7256646792287524,175.87179487179486,32.89513161117488
5442,3.0801998539587365,3.7256646792287524,175.87179487179486,32.89513161117488
5443,2.8230615449579974,3.547648623236587,168.15384615384616,31.72420919957263
5444,2.8230615449579974,3.547648623236587,168.15384615384616,31.72420919957263
5445,2.8230615449579974,3.547648623236587,168.15384615384616,31.72420919957263
5446,2.8230615449579974,3.547648623236587,168.15384615384616,31.72420919957263
5447,2.8230615449579974,3.547648623236587,168.15384615384616,31.72420919957263
5448,2.8230615449579974,3.547648623236587,168.15384615384616,31.72420919957263
5449,2.8230615449579974,3.547648623236587,168.15384615384616,31.72420919957263
5450,2.8230615449579974,3.547648623236587,168.15384615384616,31.72420919957263
5451,2.8230615449579974,3.547648623236587,168.15384615384616,31.72420919957263
5452,2.8230615449579974,3.547648623236587,168.15384615384616,31.72420919957263
5453,2.8230615449579974,3.547648623236587,168.15384615384616,31.72420919957263
5454,2.8230615449579974,3.547648623236587,168.15384615384616,31.72420919957263
5455,2.8230615449579974,3.547648623236587,168.15384615384616,31.72420919957263
5456,2.8230615449579974,3.547648623236587,168.15384615384616,31.72420919957263
5457,2.8230615449579974,3.547648623236587,168.15384615384616,31.72420919957263
5458,2.8230615449579974,3.547648623236587,168.15384615384616,31.72420919957263
5459,2.8230615449579974,3.547648623236587,168.15384615384616,31.72420919957263
5460,2.8230615449579974,3.547648623236587,168.15384615384616,31.72420919957263
5461,2.8230615449579974,3.547648623236587,168.15384615384616,31.72420919957263
5462,2.8230615449579974,3.547648623236587,168.15384615384616,31.72420919957263
5463,2.8230615449579974,3.547648623236587,168.15384615384616,31.72420919957263
5464,2.8230615449579974,3.547648623236587,168.15384615384616,31.72420919957263
5465,2.8230615449579974,3.547648623236587,168.15384615384616,31.72420919957263
5466,2.8230615449579974,3.547648623236587,168.15384615384616,31.72420919957263
5467,2.8230615449579974,3.547648623236587,168.15384615384616,31.72420919957263
5468,2.8230615449579974,3.547648623236587,168.15384615384616,31.72420919957263
5469,2.8230615449579974,3.547648623236587,168.15384615384616,31.72420919957263
5470,2.8230615449579974,3.547648623236587,168.15384615384616,31.72420919957263
5471,2.8230615449579974,3.547648623236587,168.15384615384616,31.72420919957263
5472,2.8230615449579974,3.547648623236587,168.15384615384616,31.72420919957263
5473,2.8230615449579974,3.547648623236587,168.15384615384616,31.72420919957263
5474,2.8230615449579974,3.547648623236587,168.15384615384616,31.72420919957263
5475,2.8230615449579974,3.547648623236587,168.15384615384616,31.72420919957263
5476,2.8230615449579974,3.547648623236587,168.15384615384616,31.72420919957263
5477,2.8230615449579974,3.547648623236587,168.15384615384616,31.72420919957263
5478,2.8230615449579974,3.547648623236587,168.15384615384616,31.72420919957263
5479,2.8230615449579974,3.547648623236587,168.15384615384616,31.72420919957263
5480,2.8230615449579974,3.547648623236587,168.15384615384616,31.72420919957263
5481,2.8230615449579974,3.547648623236587,168.15384615384616,31.72420919957263
5482,2.8230615449579974,3.547648623236587,168.15384615384616,31.72420919957263
5483,2.8230615449579974,3.547648623236587,168.15384615384616,31.72420919957263
5484,2.8230615449579974,3.547648623236587,168.15384615384616,31.72420919957263
5485,2.8230615449579974,3.547648623236587,168.15384615384616,31.72420919957263
5486,2.8230615449579974,3.547648623236587,168.15384615384616,31.72420919957263
5487,2.8230615449579974,3.547648623236587,168.15384615384616,31.72420919957263
5488,2.8230615449579974,3.547648623236587,168.15384615384616,31.72420919957263
5489,2.8230615449579974,3.547648623236587,168.15384615384616,31.72420919957263
5490,3.0801998539587365,3.7256646792287524,175.87179487179486,32.89513161117488
5491,3.0801998539587365,3.7256646792287524,175.87179487179486,32.89513161117488
5492,3.0801998539587365,3.7256646792287524,175.87179487179486,32.89513161117488
5493,3.0801998539587365,3.7256646792287524,175.87179487179486,32.89513161117488
5494,3.0801998539587365,3.7256646792287524,175.87179487179486,32.89513161117488
5495,3.0801998539587365,3.7256646792287524,175.87179487179486,32.89513161117488
5496,3.0801998539587365,3.7256646792287524,175.87179487179486,32.89513161117488
5497,3.0801998539587365,3.7256646792287524,175.87179487179486,32.89513161117488
5498,3.0801998539587365,3.7256646792287524,175.87179487179486,32.89513161117488
5499,3.0801998539587365,3.7256646792287524,175.87179487179486,32.89513161117488
5500,3.0801998539587365,3.7256646792287524,175.87179487179486,32.89513161117488
5501,3.0801998539587365,3.7256646792287524,175.87179487179486,32.89513161117488
5502,3.0801998539587365,3.7256646792287524,175.87179487179486,32.89513161117488
5503,3.0801998539587365,3.7256646792287524,175.87179487179486,32.89513161117488
5504,3.0801998539587365,3.7256646792287524,175.87179487179486,32.89513161117488
5505,3.0801998539587365,3.7256646792287524,175.87179487179486,32.89513161117488
5506,3.0801998539587365,3.7256646792287524,175.87179487179486,32.89513161117488
5507,3.0801998539587365,3.7256646792287524,175.87179487179486,32.89513161117488
5508,3.0801998539587365,3.7256646792287524,175.87179487179486,32.89513161117488
5509,3.0801998539587365,3.7256646792287524,175.87179487179486,32.89513161117488
5510,3.0801998539587365,3.7256646792287524,175.87179487179486,32.89513161117488
5511,3.0801998539587365,3.7256646792287524,175.87179487179486,32.89513161117488
5512,3.0801998539587365,3.7256646792287524,175.87179487179486,32.89513161117488
5513,3.0801998539587365,3.7256646792287524,175.87179487179486,32.89513161117488
5514,3.0801998539587365,3.7256646792287524,175.87179487179486,32.89513161117488
5515,3.0801998539587365,3.7256646792287524,175.87179487179486,32.89513161117488
5516,3.0801998539587365,3.7256646792287524,175.87179487179486,32.89513161117488
5517,3.0801998539587365,3.7256646792287524,175.87179487179486,32.89513161117488
5518,3.0801998539587365,3.7256646792287524,175.87179487179486,32.89513161117488
5519,3.0801998539587365,3.7256646792287524,175.87179487179486,32.89513161117488
5520,3.0801998539587365,3.7256646792287524,175.87179487179486,32.89513161117488
5521,3.0801998539587365,3.7256646792287524,175.87179487179486,32.89513161117488
5522,3.0801998539587365,3.7256646792287524,175.87179487179486,32.89513161117488
5523,3.0801998539587365,3.7256646792287524,175.87179487179486,32.89513161117488
5524,3.0801998539587365,3.7256646792287524,175.87179487179486,32.89513161117488
5525,3.0801998539587365,3.7256646792287524,175.87179487179486,32.89513161117488
5526,3.0801998539587365,3.7256646792287524,175.87179487179486,32.89513161117488
5527,3.0801998539587365,3.7256646792287524,175.87179487179486,32.89513161117488
5528,3.0801998539587365,3.7256646792287524,175.87179487179486,32.89513161117488
5529,3.0801998539587365,3.7256646792287524,175.87179487179486,32.89513161117488
5530,3.0801998539587365,3.7256646792287524,175.87179487179486,32.89513161117488
5531,3.0801998539587365,3.7256646792287524,175.87179487179486,32.89513161117488
5532,3.0801998539587365,3.7256646792287524,175.87179487179486,32.89513161117488
5533,3.0801998539587365,3.7256646792287524,175.87179487179486,32.89513161117488
5534,3.0801998539587365,3.7256646792287524,175.87179487179486,32.89513161117488
5535,3.0801998539587365,3.7256646792287524,175.87179487179486,32.89513161117488
5536,3.0801998539587365,3.7256646792287524,175.87179487179486,32.89513161117488
5537,3.0801998539587365,3.7256646792287524,175.87179487179486,32.89513161117488
5538,2.8230615449579974,3.547648623236587,168.15384615384616,31.72420919957263
5539,2.8230615449579974,3.547648623236587,168.15384615384616,31.72420919957263
5540,2.8230615449579974,3.547648623236587,168.15384615384616,31.72420919957263
5541,2.8230615449579974,3.547648623236587,168.15384615384616,31.72420919957263
5542,2.8230615449579974,3.547648623236587,168.15384615384616,31.72420919957263
5543,2.8230615449579974,3.547648623236587,168.15384615384616,31.72420919957263
5544,2.8230615449579974,3.547648623236587,168.15384615384616,31.72420919957263
5545,2.8230615449579974,3.547648623236587,168.15384615384616,31.72420919957263
5546,2.8230615449579974,3.547648623236587,168.15384615384616,31.72420919957263
5547,2.8230615449579974,3.547648623236587,168.15384615384616,31.72420919957263
5548,2.8230615449579974,3.547648623236587,168.15384615384616,31.72420919957263
5549,2.8230615449579974,3.547648623236587,168.15384615384616,31.72420919957263
5550,2.8230615449579974,3.547648623236587,168.15384615384616,31.72420919957263
5551,2.8230615449579974,3.547648623236587,168.15384615384616,31.72420919957263
5552,2.8230615449579974,3.547648623236587,168.15384615384616,31.72420919957263
5553,2.8230615449579974,3.547648623236587,168.15384615384616,31.72420919957263
5554,2.8230615449579974,3.547648623236587,168.15384615384616,31.72420919957263
5555,2.8230615449579974,3.547648623236587,168.15384615384616,31.72420919957263
5556,2.8230615449579974,3.547648623236587,168.15384615384616,31.72420919957263
5557,2.8230615449579974,3.547648623236587,168.15384615384616,31.72420919957263
5558,2.8230615449579974,3.547648623236587,168.15384615384616,31.72420919957263
5559,2.8230615449579974,3.547648623236587,168.15384615384616,31.72420919957263
5560,2.8230615449579974,3.547648623236587,168.15384615384616,31.72420919957263
5561,2.8230615449579974,3.547648623236587,168.15384615384616,31.72420919957263
5562,2.8230615449579974,3.547648623236587,168.15384615384616,31.72420919957263
5563,2.8230615449579974,3.547648623236587,168.15384615384616,31.72420919957263
5564,2.8230615449579974,3.547648623236587,168.15384615384616,31.72420919957263
5565,2.8230615449579974,3.547648623236587,168.15384615384616,31.72420919957263
5566,2.8230615449579974,3.547648623236587,168.15384615384616,31.72420919957263
5567,2.8230615449579974,3.547648623236587,168.15384615384616,31.72420919957263
5568,2.8230615449579974,3.547648623236587,168.15384615384616,31.72420919957263
5569,2.8230615449579974,3.547648623236587,168.15384615384616,31.72420919957263
5570,2.8230615449579974,3.547648623236587,168.15384615384616,31.72420919957263
5571,2.8230615449579974,3.547648623236587,168.15384615384616,31.72420919957263
5572,2.8230615449579974,3.547648623236587,168.15384615384616,31.72420919957263
5573,2.8230615449579974,3.547648623236587,168.15384615384616,31.72420919957263
5574,2.8230615449579974,3.547648623236587,168.15384615384616,31.72420919957263
5575,2.8230615449579974,3.547648623236587,168.15384615384616,31.72420919957263
5576,2.8230615449579974,3.547648623236587,168.15384615384616,31.72420919957263
5577,2.8230615449579974,3.547648623236587,168.15384615384616,31.72420919957263
5578,2.8230615449579974,3.547648623236587,168.15384615384616,31.72420919957263
5579,2.8230615449579974,3.547648623236587,168.15384615384616,31.72420919957263
5580,2.8230615449579974,3.547648623236587,168.15384615384616,31.72420919957263
5581,2.8230615449579974,3.547648623236587,168.15384615384616,31.72420919957263
5582,2.8230615449579974,3.547648623236587,168.15384615384616,31.72420919957263
5583,2.8230615449579974,3.547648623236587,168.15384615384616,31.72420919957263
5584,2.8230615449579974,3.547648623236587,168.15384615384616,31.72420919957263
5585,3.0801998539587365,3.7256646792287524,175.87179487179486,32.89513161117488
5586,3.0801998539587365,3.7256646792287524,175.87179487179486,32.89513161117488
5587,3.0801998539587365,3.7256646792287524,175.87179487179486,32.89513161117488
5588,3.0801998539587365,3.7256646792287524,175.87179487179486,32.89513161117488
5589,3.0801998539587365,3.7256646792287524,175.87179487179486,32.89513161117488
5590,3.0801998539587365,3.7256646792287524,175.87179487179486,32.89513161117488
5591,3.0801998539587365,3.7256646792287524,175.87179487179486,32.89513161117488
5592,3.0801998539587365,3.7256646792287524,175.87179487179486,32.89513161117488
5593,3.0801998539587365,3.7256646792287524,175.87179487179486,32.89513161117488
5594,3.0801998539587365,3.7256646792287524,175.87179487179486,32.89513161117488
5595,3.0801998539587365,3.7256646792287524,175.87179487179486,32.89513161117488
5596,3.0801998539587365,3.7256646792287524,175.87179487179486,32.89513161117488
5597,3.0801998539587365,3.7256646792287524,175.87179487179486,32.89513161117488
5598,3.0801998539587365,3.7256646792287524,175.87179487179486,32.89513161117488
5599,3.0801998539587365,3.7256646792287524,175.87179487179486,32.89513161117488
5600,3.0801998539587365,3.7256646792287524,175.87179487179486,32.89513161117488
5601,3.0801998539587365,3.7256646792287524,175.87179487179486,32.89513161117488
5602,3.0801998539587365,3.7256646792287524,175.87179487179486,32.89513161117488
5603,3.0801998539587365,3.7256646792287524,175.87179487179486,32.89513161117488
5604,3.0801998539587365,3.7256646792287524,175.87179487179486,32.89513161117488
5605,3.0801998539587365,3.7256646792287524,175.87179487179486,32.89513161117488
5606,3.0801998539587365,3.7256646792287524,175.87179487179486,32.89513161117488
5607,3.0801998539587365,3.7256646792287524,175.87179487179486,32.89513161117488
5608,3.0801998539587365,3.7256646792287524,175.87179487179486,32.89513161117488
5609,3.0801998539587365,3.7256646792287524,175.87179487179486,32.89513161117488
5610,3.0801998539587365,3.7256646792287524,175.87179487179486,32.89513161117488
5611,3.0801998539587365,3.7256646792287524,175.87179487179486,32.89513161117488
5612,3.0801998539587365,3.7256646792287524,175.87179487179486,32.89513161117488
5613,3.0801998539587365,3.7256646792287524,175.87179487179486,32.89513161117488
5614,3.0801998539587365,3.7256646792287524,175.87179487179486,32.89513161117488
5615,3.0801998539587365,3.7256646792287524,175.87179487179486,32.89513161117488
5616,3.0801998539587365,3.7256646792287524,175.87179487179486,32.89513161117488
5617,3.0801998539587365,3.7256646792287524,175.87179487179486,32.89513161117488
5618,3.0801998539587365,3.7256646792287524,175.87179487179486,32.89513161117488
5619,3.0801998539587365,3.7256646792287524,175.87179487179486,32.89513161117488
5620,3.0801998539587365,3.7256646792287524,175.87179487179486,32.89513161117488
5621,3.0801998539587365,3.7256646792287524,175.87179487179486,32.89513161117488
5622,3.0801998539587365,3.7256646792287524,175.87179487179486,32.89513161117488
5623,3.0801998539587365,3.7256646792287524,175.87179487179486,32.89513161117488
5624,3.0801998539587365,3.7256646792287524,175.87179487179486,32.89513161117488
5625,3.0801998539587365,3.7256646792287524,175.87179487179486,32.89513161117488
5626,3.0801998539587365,3.7256646792287524,175.87179487179486,32.89513161117488
5627,3.0801998539587365,3.7256646792287524,175.87179487179486,32.89513161117488
5628,3.0801998539587365,3.7256646792287524,175.87179487179486,32.89513161117488
5629,3.0801998539587365,3.7256646792287524,175.87179487179486,32.89513161117488
5630,3.0801998539587365,3.7256646792287524,175.87179487179486,32.89513161117488
5631,3.0801998539587365,3.7256646792287524,175.87179487179486,32.89513161117488
5632,3.0801998539587365,3.7256646792287524,175.87179487179486,32.89513161117488
5633,2.8230615449579974,3.547648623236587,168.15384615384616,31.72420919957263
5634,2.8230615449579974,3.547648623236587,168.15384615384616,31.72420919957263
5635,2.8230615449579974,3.547648623236587,168.15384615384616,31.72420919957263
5636,2.8230615449579974,3.547648623236587,168.15384615384616,31.72420919957263
5637,2.8230615449579974,3.547648623236587,168.15384615384616,31.72420919957263
5638,2.8230615449579974,3.547648623236587,168.15384615384616,31.72420919957263
5639,2.8230615449579974,3.547648623236587,168.15384615384616,31.72420919957263
5640,2.8230615449579974,3.547648623236587,168.15384615384616,31.72420919957263
5641,2.8230615449579974,3.547648623236587,168.15384615384616,31.72420919957263
5642,2.8230615449579974,3.547648623236587,168.15384615384616,31.72420919957263
5643,2.8230615449579974,3.547648623236587,168.15384615384616,31.72420919957263
5644,2.8230615449579974,3.547648623236587,168.15384615384616,31.72420919957263
5645,2.8230615449579974,3.547648623236587,168.15384615384616,31.72420919957263
5646,2.8230615449579974,3.547648623236587,168.15384615384616,31.72420919957263
5647,2.8230615449579974,3.547648623236587,168.15384615384616,31.72420919957263
5648,2.8230615449579974,3.547648623236587,168.15384615384616,31.72420919957263
5649,2.8230615449579974,3.547648623236587,168.15384615384616,31.72420919957263
5650,2.8230615449579974,3.547648623236587,168.15384615384616,31.72420919957263
5651,2.8230615449579974,3.547648623236587,168.15384615384616,31.72420919957263
5652,2.8230615449579974,3.547648623236587,168.15384615384616,31.72420919957263
5653,2.8230615449579974,3.547648623236587,168.15384615384616,31.72420919957263
5654,2.8230615449579974,3.547648623236587,168.15384615384616,31.72420919957263
5655,2.8230615449579974,3.547648623236587,168.15384615384616,31.72420919957263
5656,2.8230615449579974,3.547648623236587,168.15384615384616,31.72420919957263
5657,2.8230615449579974,3.547648623236587,168.15384615384616,31.72420919957263
5658,2.8230615449579974,3.547648623236587,168.15384615384616,31.72420919957263
5659,2.8230615449579974,3.547648623236587,168.15384615384616,31.72420919957263
5660,2.8230615449579974,3.547648623236587,168.15384615384616,31.72420919957263
5661,2.8230615449579974,3.547648623236587,168.15384615384616,31.72420919957263
5662,2.8230615449579974,3.547648623236587,168.15384615384616,31.72420919957263
5663,2.8230615449579974,3.547648623236587,168.15384615384616,31.72420919957263
5664,2.8230615449579974,3.547648623236587,168.15384615384616,31.72420919957263
5665,2.8230615449579974,3.547648623236587,168.15384615384616,31.72420919957263
5666,2.8230615449579974,3.547648623236587,168.15384615384616,31.72420919957263
5667,2.8230615449579974,3.547648623236587,168.15384615384616,31.72420919957263
5668,2.8230615449579974,3.547648623236587,168.15384615384616,31.72420919957263
5669,2.8230615449579974,3.547648623236587,168.15384615384616,31.72420919957263
5670,2.8230615449579974,3.547648623236587,168.15384615384616,31.72420919957263
5671,2.8230615449579974,3.547648623236587,168.15384615384616,31.72420919957263
5672,2.8230615449579974,3.547648623236587,168.15384615384616,31.72420919957263
5673,2.8230615449579974,3.547648623236587,168.15384615384616,31.72420919957263
5674,2.8230615449579974,3.547648623236587,168.15384615384616,31.72420919957263
5675,2.8230615449579974,3.547648623236587,168.15384615384616,31.72420919957263
5676,2.8230615449579974,3.547648623236587,168.15384615384616,31.72420919957263
5677,2.8230615449579974,3.547648623236587,168.15384615384616,31.72420919957263
5678,2.8230615449579974,3.547648623236587,168.15384615384616,31.72420919957263
5679,3.0801998539587365,3.7256646792287524,175.87179487179486,32.89513161117488
5680,3.0801998539587365,3.7256646792287524,175.87179487179486,32.89513161117488
5681,3.0801998539587365,3.7256646792287524,175.87179487179486,32.89513161117488
5682,3.0801998539587365,3.7256646792287524,175.87179487179486,32.89513161117488
5683,3.0801998539587365,3.7256646792287524,175.87179487179486,32.89513161117488
5684,3.0801998539587365,3.7256646792287524,175.87179487179486,32.89513161117488
5685,3.0801998539587365,3.7256646792287524,175.87179487179486,32.89513161117488
5686,3.0801998539587365,3.7256646792287524,175.87179487179486,32.89513161117488
5687,3.0801998539587365,3.7256646792287524,175.87179487179486,32.89513161117488
5688,3.0801998539587365,3.7256646792287524,175.87179487179486,32.89513161117488
5689,3.0801998539587365,3.7256646792287524,175.87179487179486,32.89513161117488
5690,3.0801998539587365,3.7256646792287524,175.87179487179486,32.89513161117488
5691,3.0801998539587365,3.7256646792287524,175.87179487179486,32.89513161117488
5692,3.0801998539587365,3.7256646792287524,175.87179487179486,32.89513161117488
5693,3.0801998539587365,3.7256646792287524,175.87179487179486,32.89513161117488
5694,3.0801998539587365,3.7256646792287524,175.87179487179486,32.89513161117488
5695,3.0801998539587365,3.7256646792287524,175.87179487179486,32.89513161117488
5696,3.0801998539587365,3.7256646792287524,175.87179487179486,32.89513161117488
5697,3.0801998539587365,3.7256646792287524,175.87179487179486,32.89513161117488
5698,3.0801998539587365,3.7256646792287524,175.87179487179486,32.89513161117488
5699,3.0801998539587365,3.7256646792287524,175.87179487179486,32.89513161117488
5700,3.0801998539587365,3.7256646792287524,175.87179487179486,32.89513161117488
5701,3.0801998539587365,3.7256646792287524,175.87179487179486,32.89513161117488
5702,3.0801998539587365,3.7256646792287524,175.87179487179486,32.89513161117488
5703,3.0801998539587365,3.7256646792287524,175.87179487179486,32.89513161117488
5704,3.0801998539587365,3.7256646792287524,175.87179487179486,32.89513161117488
5705,3.0801998539587365,3.7256646792287524,175.87179487179486,32.89513161117488
5706,3.0801998539587365,3.7256646792287524,175.87179487179486,32.89513161117488
5707,3.0801998539587365,3.7256646792287524,175.87179487179486,32.89513161117488
5708,3.0801998539587365,3.7256646792287524,175.87179487179486,32.89513161117488
5709,3.0801998539587365,3.7256646792287524,175.87179487179486,32.89513161117488
5710,3.0801998539587365,3.7256646792287524,175.87179487179486,32.89513161117488
5711,3.0801998539587365,3.7256646792287524,175.87179487179486,32.89513161117488
5712,3.0801998539587365,3.7256646792287524,175.87179487179486,32.89513161117488
5713,3.0801998539587365,3.7256646792287524,175.87179487179486,32.89513161117488
5714,3.0801998539587365,3.7256646792287524,175.87179487179486,32.89513161117488
5715,3.0801998539587365,3.7256646792287524,175.87179487179486,32.89513161117488
5716,3.0801998539587365,3.7256646792287524,175.87179487179486,32.89513161117488
5717,3.0801998539587365,3.7256646792287524,175.87179487179486,32.89513161117488
5718,3.0801998539587365,3.7256646792287524,175.87179487179486,32.89513161117488
5719,3.0801998539587365,3.7256646792287524,175.87179487179486,32.89513161117488
5720,3.0801998539587365,3.7256646792287524,175.87179487179486,32.89513161117488
5721,3.0801998539587365,3.7256646792287524,175.87179487179486,32.89513161117488
5722,3.0801998539587365,3.7256646792287524,175.87179487179486,32.89513161117488
5723,3.0801998539587365,3.7256646792287524,175.87179487179486,32.89513161117488
5724,3.0801998539587365,3.7256646792287524,175.87179487179486,32.89513161117488
5725,3.0801998539587365,3.7256646792287524,175.87179487179486,32.89513161117488
5726,2.8230615449579974,3.547648623236587,168.15384615384616,31.72420919957263
5727,2.8230615449579974,3.547648623236587,168.15384615384616,31.72420919957263
5728,2.8230615449579974,3.547648623236587,168.15384615384616,31.72420919957263
5729,2.8230615449579974,3.547648623236587,168.15384615384616,31.72420919957263
5730,2.8230615449579974,3.547648623236587,168.15384615384616,31.72420919957263
5731,2.8230615449579974,3.547648623236587,168.15384615384616,31.72420919957263
5732,2.8230615449579974,3.547648623236587,168.15384615384616,31.72420919957263
5733,2.8230615449579974,3.547648623236587,168.15384615384616,31.72420919957263
5734,2.8230615449579974,3.547648623236587,168.15384615384616,31.72420919957263
5735,2.8230615449579974,3.547648623236587,168.15384615384616,31.72420919957263
5736,2.8230615449579974,3.547648623236587,168.15384615384616,31.72420919957263
5737,2.8230615449579974,3.547648623236587,168.15384615384616,31.72420919957263
5738,2.8230615449579974,3.547648623236587,168.15384615384616,31.72420919957263
5739,2.8230615449579974,3.547648623236587,168.15384615384616,31.72420919957263
5740,2.8230615449579974,3.547648623236587,168.15384615384616,31.72420919957263
5741,2.8230615449579974,3.547648623236587,168.15384615384616,31.72420919957263
5742,2.8230615449579974,3.547648623236587,168.15384615384616,31.72420919957263
5743,2.8230615449579974,3.547648623236587,168.15384615384616,31.72420919957263
5744,2.8230615449579974,3.547648623236587,168.15384615384616,31.72420919957263
5745,2.8230615449579974,3.547648623236587,168.15384615384616,31.72420919957263
5746,2.8230615449579974,3.547648623236587,168.15384615384616,31.72420919957263
5747,2.8230615449579974,3.547648623236587,168.15384615384616,31.72420919957263
5748,2.8230615449579974,3.547648623236587,168.15384615384616,31.72420919957263
5749,2.8230615449579974,3.547648623236587,168.15384615384616,31.72420919957263
5750,2.8230615449579974,3.547648623236587,168.15384615384616,31.72420919957263
5751,2.8230615449579974,3.547648623236587,168.15384615384616,31.72420919957263
5752,2.8230615449579974,3.547648623236587,168.15384615384616,31.72420919957263
5753,2.8230615449579974,3.547648623236587,168.15384615384616,31.72420919957263
5754,2.8230615449579974,3.547648623236587,168.15384615384616,31.72420919957263
5755,2.8230615449579974,3.547648623236587,168.15384615384616,31.72420919957263
5756,2.8230615449579974,3.547648623236587,168.15384615384616,31.72420919957263
5757,2.8230615449579974,3.547648623236587,168.15384615384616,31.72420919957263
5758,2.8230615449579974,3.547648623236587,168.15384615384616,31.72420919957263
5759,2.8230615449579974,3.547648623236587,168.15384615384616,31.72420919957263
5760,2.8230615449579974,3.547648623236587,168.15384615384616,31.72420919957263
5761,2.8230615449579974,3.547648623236587,168.15384615384616,31.72420919957263
5762,2.8230615449579974,3.547648623236587,168.15384615384616,31.72420919957263
5763,2.8230615449579974,3.547648623236587,168.15384615384616,31.72420919957263
5764,2.8230615449579974,3.547648623236587,168.15384615384616,31.72420919957263
5765,2.8230615449579974,3.547648623236587,168.15384615384616,31.72420919957263
5766,2.8230615449579974,3.547648623236587,168.15384615384616,31.72420919957263
5767,2.8230615449579974,3.547648623236587,168.15384615384616,31.72420919957263
5768,2.8230615449579974,3.547648623236587,168.15384615384616,31.72420919957263
5769,2.8230615449579974,3.547648623236587,168.15384615384616,31.72420919957263
5770,2.8230615449579974,3.547648623236587,168.15384615384616,31.72420919957263
5771,2.8230615449579974,3.547648623236587,168.15384615384616,31.72420919957263
5772,3.0801998539587365,3.7256646792287524,175.87179487179486,32.89513161117488
5773,3.0801998539587365,3.7256646792287524,175.87179487179486,32.89513161117488
5774,3.0801998539587365,3.7256646792287524,175.87179487179486,32.89513161117488
5775,3.0801998539587365,3.7256646792287524,175.87179487179486,32.89513161117488
5776,3.0801998539587365,3.7256646792287524,175.87179487179486,32.89513161117488
5777,3.0801998539587365,3.7256646792287524,175.87179487179486,32.89513161117488
5778,3.0801998539587365,3.7256646792287524,175.87179487179486,32.89513161117488
5779,3.0801998539587365,3.7256646792287524,175.87179487179486,32.89513161117488
5780,3.0801998539587365,3.7256646792287524,175.87179487179486,32.89513161117488
5781,3.0801998539587365,3.7256646792287524,175.87179487179486,32.89513161117488
5782,3.0801998539587365,3.7256646792287524,175.87179487179486,32.89513161117488
5783,3.0801998539587365,3.7256646792287524,175.87179487179486,32.89513161117488
5784,3.0801998539587365,3.7256646792287524,175.87179487179486,32.89513161117488
5785,3.0801998539587365,3.7256646792287524,175.87179487179486,32.89513161117488
5786,3.0801998539587365,3.7256646792287524,175.87179487179486,32.89513161117488
5787,3.0801998539587365,3.7256646792287524,175.87179487179486,32.89513161117488
5788,3.0801998539587365,3.7256646792287524,175.87179487179486,32.89513161117488
5789,3.0801998539587365,3.7256646792287524,175.87179487179486,32.89513161117488
5790,3.0801998539587365,3.7256646792287524,175.87179487179486,32.89513161117488
5791,3.0801998539587365,3.7256646792287524,175.87179487179486,32.89513161117488
5792,3.0801998539587365,3.7256646792287524,175.87179487179486,32.89513161117488
5793,3.0801998539587365,3.7256646792287524,175.87179487179486,32.89513161117488
5794,3.0801998539587365,3.7256646792287524,175.87179487179486,32.89513161117488
5795,3.0801998539587365,3.7256646792287524,175.87179487179486,32.89513161117488
5796,3.0801998539587365,3.7256646792287524,175.87179487179486,32.89513161117488
5797,3.0801998539587365,3.7256646792287524,175.87179487179486,32.89513161117488
5798,3.0801998539587365,3.7256646792287524,175.87179487179486,32.89513161117488
5799,3.0801998539587365,3.7256646792287524,175.87179487179486,32.89513161117488
5800,3.0801998539587365,3.7256646792287524,175.87179487179486,32.89513161117488
5801,3.0801998539587365,3.7256646792287524,175.87179487179486,32.89513161117488
5802,3.0801998539587365,3.7256646792287524,175.87179487179486,32.89513161117488
5803,3.0801998539587365,3.7256646792287524,175.87179487179486,32.89513161117488
5804,3.0801998539587365,3.7256646792287524,175.87179487179486,32.89513161117488
5805,3.0801998539587365,3.7256646792287524,175.87179487179486,32.89513161117488
5806,3.0801998539587365,3.7256646792287524,175.87179487179486,32.89513161117488
5807,3.0801998539587365,3.7256646792287524,175.87179487179486,32.89513161117488
5808,3.0801998539587365,3.7256646792287524,175.87179487179486,32.89513161117488
5809,3.0801998539587365,3.7256646792287524,175.87179487179486,32.89513161117488
5810,3.0801998539587365,3.7256646792287524,175.87179487179486,32.89513161117488
5811,3.0801998539587365,3.7256646792287524,175.87179487179486,32.89513161117488
5812,3.0801998539587365,3.7256646792287524,175.87179487179486,32.89513161117488
5813,3.0801998539587365,3.7256646792287524,175.87179487179486,32.89513161117488
5814,3.0801998539587365,3.7256646792287524,175.87179487179486,32.89513161117488
5815,3.0801998539587365,3.7256646792287524,175.87179487179486,32.89513161117488
5816,3.0801998539587365,3.7256646792287524,175.87179487179486,32.89513161117488
5817,3.0801998539587365,3.7256646792287524,175.87179487179486,32.89513161117488
5818,3.0801998539587365,3.7256646792287524,175.87179487179486,32.89513161117488
5819,2.8230615449579974,3.547648623236587,168.15384615384616,31.72420919957263
5820,2.8230615449579974,3.547648623236587,168.15384615384616,31.72420919957263
5821,2.8230615449579974,3.547648623236587,168.15384615384616,31.72420919957263
5822,2.8230615449579974,3.547648623236587,168.15384615384616,31.72420919957263
5823,2.8230615449579974,3.547648623236587,168.15384615384616,31.72420919957263
5824,2.8230615449579974,3.547648623236587,168.15384615384616,31.72420919957263
5825,2.8230615449579974,3.547648623236587,168.15384615384616,31.72420919957263
5826,2.8230615449579974,3.547648623236587,168.15384615384616,31.72420919957263
5827,2.8230615449579974,3.547648623236587,168.15384615384616,31.72420919957263
5828,2.8230615449579974,3.547648623236587,168.15384615384616,31.72420919957263
5829,2.8230615449579974,3.547648623236587,168.15384615384616,31.72420919957263
5830,2.8230615449579974,3.547648623236587,168.15384615384616,31.72420919957263
5831,2.8230615449579974,3.547648623236587,168.15384615384616,31.72420919957263
5832,2.8230615449579974,3.547648623236587,168.15384615384616,31.72420919957263
5833,2.8230615449579974,3.547648623236587,168.15384615384616,31.72420919957263
5834,2.8230615449579974,3.547648623236587,168.15384615384616,31.72420919957263
5835,2.8230615449579974,3.547648623236587,168.15384615384616,31.72420919957263
5836,2.8230615449579974,3.547648623236587,168.15384615384616,31.72420919957263
5837,2.8230615449579974,3.547648623236587,168.15384615384616,31.72420919957263
5838,2.8230615449579974,3.547648623236587,168.15384615384616,31.72420919957263
5839,2.8230615449579974,3.547648623236587,168.15384615384616,31.72420919957263
5840,2.8230615449579974,3.547648623236587,168.15384615384616,31.72420919957263
5841,2.8230615449579974,3.547648623236587,168.15384615384616,31.72420919957263
5842,2.8230615449579974,3.547648623236587,168.15384615384616,31.72420919957263
5843,2.8230615449579974,3.547648623236587,168.15384615384616,31.72420919957263
5844,2.8230615449579974,3.547648623236587,168.15384615384616,31.72420919957263
5845,2.8230615449579974,3.547648623236587,168.15384615384616,31.72420919957263
5846,2.8230615449579974,3.547648623236587,168.15384615384616,31.72420919957263
5847,2.8230615449579974,3.547648623236587,168.15384615384616,31.72420919957263
5848,2.8230615449579974,3.547648623236587,168.15384615384616,31.72420919957263
5849,2.8230615449579974,3.547648623236587,168.15384615384616,31.72420919957263
5850,2.8230615449579974,3.547648623236587,168.15384615384616,31.72420919957263
5851,2.8230615449579974,3.547648623236587,168.15384615384616,31.72420919957263
5852,2.8230615449579974,3.547648623236587,168.15384615384616,31.72420919957263
5853,2.8230615449579974,3.547648623236587,168.15384615384616,31.72420919957263
5854,2.8230615449579974,3.547648623236587,168.15384615384616,31.72420919957263
5855,2.8230615449579974,3.547648623236587,168.15384615384616,31.72420919957263
5856,2.8230615449579974,3.547648623236587,168.15384615384616,31.72420919957263
5857,2.8230615449579974,3.547648623236587,168.15384615384616,31.72420919957263
5858,2.8230615449579974,3.547648623236587,168.15384615384616,31.72420919957263
5859,2.8230615449579974,3.547648623236587,168.15384615384616,31.72420919957263
5860,2.8230615449579974,3.547648623236587,168.15384615384616,31.72420919957263
5861,2.8230615449579974,3.547648623236587,168.15384615384616,31.72420919957263
5862,2.8230615449579974,3.547648623236587,168.15384615384616,31.72420919957263
5863,2.8230615449579974,3.547648623236587,168.15384615384616,31.72420919957263
5864,3.0801998539587365,3.7256646792287524,175.87179487179486,32.89513161117488
5865,3.0801998539587365,3.7256646792287524,175.87179487179486,32.89513161117488
5866,3.0801998539587365,3.7256646792287524,175.87179487179486,32.89513161117488
5867,3.0801998539587365,3.7256646792287524,175.87179487179486,32.89513161117488
5868,3.0801998539587365,3.7256646792287524,175.87179487179486,32.89513161117488
5869,3.0801998539587365,3.7256646792287524,175.87179487179486,32.89513161117488
5870,3.0801998539587365,3.7256646792287524,175.87179487179486,32.89513161117488
5871,3.0801998539587365,3.7256646792287524,175.87179487179486,32.89513161117488
5872,3.0801998539587365,3.7256646792287524,175.87179487179486,32.89513161117488
5873,3.0801998539587365,3.7256646792287524,175.87179487179486,32.89513161117488
5874,3.0801998539587365,3.7256646792287524,175.87179487179486,32.89513161117488
5875,3.0801998539587365,3.7256646792287524,175.87179487179486,32.89513161117488
5876,3.0801998539587365,3.7256646792287524,175.87179487179486,32.89513161117488
5877,3.0801998539587365,3.7256646792287524,175.87179487179486,32.89513161117488
5878,3.0801998539587365,3.7256646792287524,175.87179487179486,32.89513161117488
5879,3.0801998539587365,3.7256646792287524,175.87179487179486,32.89513161117488
5880,3.0801998539587365,3.7256646792287524,175.87179487179486,32.89513161117488
5881,3.0801998539587365,3.7256646792287524,175.87179487179486,32.89513161117488
5882,3.0801998539587365,3.7256646792287524,175.87179487179486,32.89513161117488
5883,3.0801998539587365,3.7256646792287524,175.87179487179486,32.89513161117488
5884,3.0801998539587365,3.7256646792287524,175.87179487179486,32.89513161117488
5885,3.0801998539587365,3.7256646792287524,175.87179487179486,32.89513161117488
5886,3.0801998539587365,3.7256646792287524,175.87179487179486,32.89513161117488
5887,3.0801998539587365,3.7256646792287524,175.87179487179486,32.89513161117488
5888,3.0801998539587365,3.7256646792287524,175.87179487179486,32.89513161117488
5889,3.0801998539587365,3.7256646792287524,175.87179487179486,32.89513161117488
5890,3.0801998539587365,3.7256646792287524,175.87179487179486,32.89513161117488
5891,3.0801998539587365,3.7256646792287524,175.87179487179486,32.89513161117488
5892,3.0801998539587365,3.7256646792287524,175.87179487179486,32.89513161117488
5893,3.0801998539587365,3.7256646792287524,175.87179487179486,32.89513161117488
5894,3.0801998539587365,3.7256646792287524,175.87179487179486,32.89513161117488
5895,3.0801998539587365,3.7256646792287524,175.87179487179486,32.89513161117488
5896,3.0801998539587365,3.7256646792287524,175.87179487179486,32.89513161117488
5897,3.0801998539587365,3.7256646792287524,175.87179487179486,32.89513161117488
5898,3.0801998539587365,3.7256646792287524,175.87179487179486,32.89513161117488
5899,3.0801998539587365,3.7256646792287524,175.87179487179486,32.89513161117488
5900,3.0801998539587365,3.7256646792287524,175.87179487179486,32.89513161117488
5901,3.0801998539587365,3.7256646792287524,175.87179487179486,32.89513161117488
5902,3.0801998539587365,3.7256646792287524,175.87179487179486,32.89513161117488
5903,3.0801998539587365,3.7256646792287524,175.87179487179486,32.89513161117488
5904,3.0801998539587365,3.7256646792287524,175.87179487179486,32.89513161117488
5905,3.0801998539587365,3.7256646792287524,175.87179487179486,32.89513161117488
5906,3.0801998539587365,3.7256646792287524,175.87179487179486,32.89513161117488
5907,3.0801998539587365,3.7256646792287524,175.87179487179486,32.89513161117488
5908,3.0801998539587365,3.7256646792287524,175.87179487179486,32.89513161117488
5909,3.0801998539587365,3.7256646792287524,175.87179487179486,32.89513161117488
5910,2.8230615449579974,3.547648623236587,168.15384615384616,31.72420919957263
5911,2.8230615449579974,3.547648623236587,168.15384615384616,31.72420919957263
5912,2.8230615449579974,3.547648623236587,168.15384615384616,31.72420919957263
5913,2.8230615449579974,3.547648623236587,168.15384615384616,31.72420919957263
5914,2.8230615449579974,3.547648623236587,168.15384615384616,31.72420919957263
5915,2.8230615449579974,3.547648623236587,168.15384615384616,31.72420919957263
5916,2.8230615449579974,3.547648623236587,168.15384615384616,31.72420919957263
5917,2.8230615449579974,3.547648623236587,168.15384615384616,31.72420919957263
5918,2.8230615449579974,3.547648623236587,168.15384615384616,31.72420919957263
5919,2.8230615449579974,3.547648623236587,168.15384615384616,31.72420919957263
5920,2.8230615449579974,3.547648623236587,168.15384615384616,31.72420919957263
5921,2.8230615449579974,3.547648623236587,168.15384615384616,31.72420919957263
5922,2.8230615449579974,3.547648623236587,168.15384615384616,31.72420919957263
5923,2.8230615449579974,3.547648623236587,168.15384615384616,31.72420919957263
5924,2.8230615449579974,3.547648623236587,168.15384615384616,31.72420919957263
5925,2.8230615449579974,3.547648623236587,168.15384615384616,31.72420919957263
5926,2.8230615449579974,3.547648623236587,168.15384615384616,31.72420919957263
5927,2.8230615449579974,3.547648623236587,168.15384615384616,31.72420919957263
5928,2.8230615449579974,3.547648623236587,168.15384615384616,31.72420919957263
5929,2.8230615449579974,3.547648623236587,168.15384615384616,31.72420919957263
5930,2.8230615449579974,3.547648623236587,168.15384615384616,31.72420919957263
5931,2.8230615449579974,3.547648623236587,168.15384615384616,31.72420919957263
5932,2.8230615449579974,3.547648623236587,168.15384615384616,31.72420919957263
5933,2.8230615449579974,3.547648623236587,168.15384615384616,31.72420919957263
5934,2.8230615449579974,3.547648623236587,168.15384615384616,31.72420919957263
5935,2.8230615449579974,3.547648623236587,168.15384615384616,31.72420919957263
5936,2.8230615449579974,3.547648623236587,168.15384615384616,31.72420919957263
5937,2.8230615449579974,3.547648623236587,168.15384615384616,31.72420919957263
5938,2.8230615449579974,3.547648623236587,168.15384615384616,31.72420919957263
5939,2.8230615449579974,3.547648623236587,168.15384615384616,31.72420919957263
5940,2.8230615449579974,3.547648623236587,168.15384615384616,31.72420919957263
5941,2.8230615449579974,3.547648623236587,168.15384615384616,31.72420919957263
5942,2.8230615449579974,3.547648623236587,168.15384615384616,31.72420919957263
5943,2.8230615449579974,3.547648623236587,168.15384615384616,31.72420919957263
5944,2.8230615449579974,3.547648623236587,168.15384615384616,31.72420919957263
5945,2.8230615449579974,3.547648623236587,168.15384615384616,31.72420919957263
5946,2.8230615449579974,3.547648623236587,168.15384615384616,31.72420919957263
5947,2.8230615449579974,3.547648623236587,168.15384615384616,31.72420919957263
5948,2.8230615449579974,3.547648623236587,168.15384615384616,31.72420919957263
5949,2.8230615449579974,3.547648623236587,168.15384615384616,31.72420919957263
5950,2.8230615449579974,3.547648623236587,168.15384615384616,31.72420919957263
5951,2.8230615449579974,3.547648623236587,168.15384615384616,31.72420919957263
5952,2.8230615449579974,3.547648623236587,168.15384615384616,31.72420919957263
5953,2.8230615449579974,3.547648623236587,168.15384615384616,31.72420919957263
5954,2.8230615449579974,3.547648623236587,168.15384615384616,31.72420919957263
5955,3.0801998539587365,3.7256646792287524,175.87179487179486,32.89513161117488
5956,3.0801998539587365,3.7256646792287524,175.87179487179486,32.89513161117488
5957,3.0801998539587365,3.7256646792287524,175.87179487179486,32.89513161117488
5958,3.0801998539587365,3.7256646792287524,175.87179487179486,32.89513161117488
5959,3.0801998539587365,3.7256646792287524,175.87179487179486,32.89513161117488
5960,3.0801998539587365,3.7256646792287524,175.87179487179486,32.89513161117488
5961,3.0801998539587365,3.7256646792287524,175.87179487179486,32.89513161117488
5962,3.0801998539587365,3.7256646792287524,175.87179487179486,32.89513161117488
5963,3.0801998539587365,3.7256646792287524,175.87179487179486,32.89513161117488
5964,3.0801998539587365,3.7256646792287524,175.87179487179486,32.89513161117488
5965,3.0801998539587365,3.7256646792287524,175.87179487179486,32.89513161117488
5966,3.0801998539587365,3.7256646792287524,175.87179487179486,32.89513161117488
5967,3.0801998539587365,3.7256646792287524,175.87179487179486,32.89513161117488
5968,3.0801998539587365,3.7256646792287524,175.87179487179486,32.89513161117488
5969,3.0801998539587365,3.7256646792287524,175.87179487179486,32.89513161117488
5970,3.0801998539587365,3.7256646792287524,175.87179487179486,32.89513161117488
5971,3.0801998539587365,3.7256646792287524,175.87179487179486,32.89513161117488
5972,3.0801998539587365,3.7256646792287524,175.87179487179486,32.89513161117488
5973,3.0801998539587365,3.7256646792287524,175.87179487179486,32.89513161117488
5974,3.0801998539587365,3.7256646792287524,175.87179487179486,32.89513161117488
5975,3.0801998539587365,3.7256646792287524,175.87179487179486,32.89513161117488
5976,3.0801998539587365,3.7256646792287524,175.87179487179486,32.89513161117488
5977,3.0801998539587365,3.7256646792287524,175.87179487179486,32.89513161117488
5978,3.0801998539587365,3.7256646792287524,175.87179487179486,32.89513161117488
5979,3.0801998539587365,3.7256646792287524,175.87179487179486,32.89513161117488
5980,3.0801998539587365,3.7256646792287524,175.87179487179486,32.89513161117488
5981,3.0801998539587365,3.7256646792287524,175.87179487179486,32.89513161117488
5982,3.0801998539587365,3.7256646792287524,175.87179487179486,32.89513161117488
5983,3.0801998539587365,3.7256646792287524,175.87179487179486,32.89513161117488
5984,3.0801998539587365,3.7256646792287524,175.87179487179486,32.89513161117488
5985,3.0801998539587365,3.7256646792287524,175.87179487179486,32.89513161117488
5986,3.0801998539587365,3.7256646792287524,175.87179487179486,32.89513161117488
5987,3.0801998539587365,3.7256646792287524,175.87179487179486,32.89513161117488
5988,3.0801998539587365,3.7256646792287524,175.87179487179486,32.89513161117488
5989,3.0801998539587365,3.7256646792287524,175.87179487179486,32.89513161117488
5990,3.0801998539587365,3.7256646792287524,175.87179487179486,32.89513161117488
5991,3.0801998539587365,3.7256646792287524,175.87179487179486,32.89513161117488
5992,3.0801998539587365,3.7256646792287524,175.87179487179486,32.89513161117488
5993,3.0801998539587365,3.7256646792287524,175.87179487179486,32.89513161117488
5994,3.0801998539587365,3.7256646792287524,175.87179487179486,32.89513161117488
5995,3.0801998539587365,3.7256646792287524,175.87179487179486,32.89513161117488
5996,3.0801998539587365,3.7256646792287524,175.87179487179486,32.89513161117488
5997,3.0801998539587365,3.7256646792287524,175.87179487179486,32.89513161117488
5998,3.0801998539587365,3.7256646792287524,175.87179487179486,32.89513161117488
5999,3.0801998539587365,3.7256646792287524,175.87179487179486,32.89513161117488
6000,3.0801998539587365,3.7256646792287524,175.87179487179486,32.89513161117488
6001,2.8230615449579974,3.547648623236587,168.15384615384616,31.72420919957263
6002,2.8230615449579974,3.547648623236587,168.15384615384616,31.72420919957263
6003,2.8230615449579974,3.547648623236587,168.15384615384616,31.72420919957263
6004,2.8230615449579974,3.547648623236587,168.15384615384616,31.72420919957263
6005,2.8230615449579974,3.547648623236587,168.15384615384616,31.72420919957263
6006,2.8230615449579974,3.547648623236587,168.15384615384616,31.72420919957263
6007,2.8230615449579974,3.547648623236587,168.15384615384616,31.72420919957263
6008,2.8230615449579974,3.547648623236587,168.15384615384616,31.72420919957263
6009,2.8230615449579974,3.547648623236587,168.15384615384616,31.72420919957263
6010,2.8230615449579974,3.547648623236587,168.15384615384616,31.72420919957263
6011,2.8230615449579974,3.547648623236587,168.15384615384616,31.72420919957263
6012,2.8230615449579974,3.547648623236587,168.15384615384616,31.72420919957263
6013,2.8230615449579974,3.547648623236587,168.15384615384616,31.72420919957263
6014,2.8230615449579974,3.547648623236587,168.15384615384616,31.72420919957263
6015,2.8230615449579974,3.547648623236587,168.15384615384616,31.72420919957263
6016,2.8230615449579974,3.547648623236587,168.15384615384616,31.72420919957263
6017,2.8230615449579974,3.547648623236587,168.15384615384616,31.72420919957263
6018,2.8230615449579974,3.547648623236587,168.15384615384616,31.72420919957263
6019,2.8230615449579974,3.547648623236587,168.15384615384616,31.72420919957263
6020,2.8230615449579974,3.547648623236587,168.15384615384616,31.72420919957263
6021,2.8230615449579974,3.547648623236587,168.15384615384616,31.72420919957263
6022,2.8230615449579974,3.547648623236587,168.15384615384616,31.72420919957263
6023,2.8230615449579974,3.547648623236587,168.15384615384616,31.72420919957263
6024,2.8230615449579974,3.547648623236587,168.15384615384616,31.72420919957263
6025,2.8230615449579974,3.547648623236587,168.15384615384616,31.72420919957263
6026,2.8230615449579974,3.547648623236587,168.15384615384616,31.72420919957263
6027,2.8230615449579974,3.547648623236587,168.15384615384616,31.72420919957263
6028,2.8230615449579974,3.547648623236587,168.15384615384616,31.72420919957263
6029,2.8230615449579974,3.547648623236587,168.15384615384616,31.72420919957263
6030,2.8230615449579974,3.547648623236587,168.15384615384616,31.72420919957263
6031,2.8230615449579974,3.547648623236587,168.15384615384616,31.72420919957263
6032,2.8230615449579974,3.547648623236587,168.15384615384616,31.72420919957263
6033,2.8230615449579974,3.547648623236587,168.15384615384616,31.72420919957263
6034,2.8230615449579974,3.547648623236587,168.15384615384616,31.72420919957263
6035,2.8230615449579974,3.547648623236587,168.15384615384616,31.72420919957263
6036,2.8230615449579974,3.547648623236587,168.15384615384616,31.72420919957263
6037,2.8230615449579974,3.547648623236587,168.15384615384616,31.72420919957263
6038,2.8230615449579974,3.547648623236587,168.15384615384616,31.72420919957263
6039,2.8230615449579974,3.547648623236587,168.15384615384616,31.72420919957263
6040,2.8230615449579974,3.547648623236587,168.15384615384616,31.72420919957263
6041,2.8230615449579974,3.547648623236587,168.15384615384616,31.72420919957263
6042,2.8230615449579974,3.547648623236587,168.15384615384616,31.72420919957263
6043,2.8230615449579974,3.547648623236587,168.15384615384616,31.72420919957263
6044,2.8230615449579974,3.547648623236587,168.15384615384616,31.72420919957263
6045,3.0801998539587365,3.7256646792287524,175.87179487179486,32.89513161117488
6046,3.0801998539587365,3.7256646792287524,175.87179487179486,32.89513161117488
6047,3.0801998539587365,3.7256646792287524,175.87179487179486,32.89513161117488
6048,3.0801998539587365,3.7256646792287524,175.87179487179486,32.89513161117488
6049,3.0801998539587365,3.7256646792287524,175.87179487179486,32.89513161117488
6050,3.0801998539587365,3.7256646792287524,175.87179487179486,32.89513161117488
6051,3.0801998539587365,3.7256646792287524,175.87179487179486,32.89513161117488
6052,3.0801998539587365,3.7256646792287524,175.87179487179486,32.89513161117488
6053,3.0801998539587365,3.7256646792287524,175.87179487179486,32.89513161117488
6054,3.0801998539587365,3.7256646792287524,175.87179487179486,32.89513161117488
6055,3.0801998539587365,3.7256646792287524,175.87179487179486,32.89513161117488
6056,3.0801998539587365,3.7256646792287524,175.87179487179486,32.89513161117488
6057,3.0801998539587365,3.7256646792287524,175.87179487179486,32.89513161117488
6058,3.0801998539587365,3.7256646792287524,175.87179487179486,32.89513161117488
6059,3.0801998539587365,3.7256646792287524,175.87179487179486,32.89513161117488
6060,3.0801998539587365,3.7256646792287524,175.87179487179486,32.89513161117488
6061,3.0801998539587365,3.7256646792287524,175.87179487179486,32.89513161117488
6062,3.0801998539587365,3.7256646792287524,175.87179487179486,32.89513161117488
6063,3.0801998539587365,3.7256646792287524,175.87179487179486,32.89513161117488
6064,3.0801998539587365,3.7256646792287524,175.87179487179486,32.89513161117488
6065,3.0801998539587365,3.7256646792287524,175.87179487179486,32.89513161117488
6066,3.0801998539587365,3.7256646792287524,175.87179487179486,32.89513161117488
6067,3.0801998539587365,3.7256646792287524,175.87179487179486,32.89513161117488
6068,3.0801998539587365,3.7256646792287524,175.87179487179486,32.89513161117488
6069,3.0801998539587365,3.7256646792287524,175.87179487179486,32.89513161117488
6070,3.0801998539587365,3.7256646792287524,175.87179487179486,32.89513161117488
6071,3.0801998539587365,3.7256646792287524,175.87179487179486,32.89513161117488
6072,3.0801998539587365,3.7256646792287524,175.87179487179486,32.89513161117488
6073,3.0801998539587365,3.7256646792287524,175.87179487179486,32.89513161117488
6074,3.0801998539587365,3.7256646792287524,175.87179487179486,32.89513161117488
6075,3.0801998539587365,3.7256646792287524,175.87179487179486,32.89513161117488
6076,3.0801998539587365,3.7256646792287524,175.87179487179486,32.89513161117488
6077,3.0801998539587365,3.7256646792287524,175.87179487179486,32.89513161117488
6078,3.0801998539587365,3.7256646792287524,175.87179487179486,32.89513161117488
6079,3.0801998539587365,3.7256646792287524,175.87179487179486,32.89513161117488
6080,3.0801998539587365,3.7256646792287524,175.87179487179486,32.89513161117488
6081,3.0801998539587365,3.7256646792287524,175.87179487179486,32.89513161117488
6082,3.0801998539587365,3.7256646792287524,175.87179487179486,32.89513161117488
6083,3.0801998539587365,3.7256646792287524,175.87179487179486,32.89513161117488
6084,3.0801998539587365,3.7256646792287524,175.87179487179486,32.89513161117488
6085,3.0801998539587365,3.7256646792287524,175.87179487179486,32.89513161117488
6086,3.0801998539587365,3.7256646792287524,175.87179487179486,32.89513161117488
6087,3.0801998539587365,3.7256646792287524,175.87179487179486,32.89513161117488
6088,3.0801998539587365,3.7256646792287524,175.87179487179486,32.89513161117488
6089,3.0801998539587365,3.7256646792287524,175.87179487179486,32.89513161117488
6090,2.8230615449579974,3.547648623236587,168.15384615384616,31.72420919957263
6091,2.8230615449579974,3.547648623236587,168.15384615384616,31.72420919957263
6092,2.8230615449579974,3.547648623236587,168.15384615384616,31.72420919957263
6093,2.8230615449579974,3.547648623236587,168.15384615384616,31.72420919957263
6094,2.8230615449579974,3.547648623236587,168.15384615384616,31.72420919957263
6095,2.8230615449579974,3.547648623236587,168.15384615384616,31.72420919957263
6096,2.8230615449579974,3.547648623236587,168.15384615384616,31.72420919957263
6097,2.8230615449579974,3.547648623236587,168.15384615384616,31.72420919957263
6098,2.8230615449579974,3.547648623236587,168.15384615384616,31.72420919957263
6099,2.8230615449579974,3.547648623236587,168.15384615384616,31.72420919957263
6100,2.8230615449579974,3.547648623236587,168.15384615384616,31.72420919957263
6101,2.8230615449579974,3.547648623236587,168.15384615384616,31.72420919957263
6102,2.8230615449579974,3.547648623236587,168.15384615384616,31.72420919957263
6103,2.8230615449579974,3.547648623236587,168.15384615384616,31.72420919957263
6104,2.8230615449579974,3.547648623236587,168.15384615384616,31.72420919957263
6105,2.8230615449579974,3.547648623236587,168.15384615384616,31.72420919957263
6106,2.8230615449579974,3.547648623236587,168.15384615384616,31.72420919957263
6107,2.8230615449579974,3.547648623236587,168.15384615384616,31.72420919957263
6108,2.8230615449579974,3.547648623236587,168.15384615384616,31.72420919957263
6109,2.8230615449579974,3.547648623236587,168.15384615384616,31.72420919957263
6110,2.8230615449579974,3.547648623236587,168.15384615384616,31.72420919957263
6111,2.8230615449579974,3.547648623236587,168.15384615384616,31.72420919957263
6112,2.8230615449579974,3.547648623236587,168.15384615384616,31.72420919957263
6113,2.8230615449579974,3.547648623236587,168.15384615384616,31.72420919957263
6114,2.8230615449579974,3.547648623236587,168.15384615384616,31.72420919957263
6115,2.8230615449579974,3.547648623236587,168.15384615384616,31.72420919957263
6116,2.8230615449579974,3.547648623236587,168.15384615384616,31.72420919957263
6117,2.8230615449579974,3.547648623236587,168.15384615384616,31.72420919957263
6118,2.8230615449579974,3.547648623236587,168.15384615384616,31.72420919957263
6119,2.8230615449579974,3.547648623236587,168.15384615384616,31.72420919957263
6120,2.8230615449579974,3.547648623236587,168.15384615384616,31.72420919957263
6121,2.8230615449579974,3.547648623236587,168.15384615384616,31.72420919957263
6122,2.8230615449579974,3.547648623236587,168.15384615384616,31.72420919957263
6123,2.8230615449579974,3.547648623236587,168.15384615384616,31.72420919957263
6124,2.8230615449579974,3.547648623236587,168.15384615384616,31.72420919957263
6125,2.8230615449579974,3.547648623236587,168.15384615384616,31.72420919957263
6126,2.8230615449579974,3.547648623236587,168.15384615384616,31.72420919957263
6127,2.8230615449579974,3.547648623236587,168.15384615384616,31.72420919957263
6128,2.8230615449579974,3.547648623236587,168.15384615384616,31.72420919957263
6129,2.8230615449579974,3.547648623236587,168.15384615384616,31.72420919957263
6130,2.8230615449579974,3.547648623236587,168.15384615384616,31.72420919957263
6131,2.8230615449579974,3.547648623236587,168.15384615384616,31.72420919957263
6132,2.8230615449579974,3.547648623236587,168.15384615384616,31.72420919957263
6133,2.8230615449579974,3.547648623236587,168.15384615384616,31.72420919957263
6134,3.0801998539587365,3.7256646792287524,175.87179487179486,32.89513161117488
6135,3.0801998539587365,3.7256646792287524,175.87179487179486,32.89513161117488
6136,3.0801998539587365,3.7256646792287524,175.87179487179486,32.89513161117488
6137,3.0801998539587365,3.7256646792287524,175.87179487179486,32.89513161117488
6138,3.0801998539587365,3.7256646792287524,175.87179487179486,32.89513161117488
6139,3.0801998539587365,3.7256646792287524,175.87179487179486,32.89513161117488
6140,3.0801998539587365,3.7256646792287524,175.87179487179486,32.89513161117488
6141,3.0801998539587365,3.7256646792287524,175.87179487179486,32.89513161117488
6142,3.0801998539587365,3.7256646792287524,175.87179487179486,32.89513161117488
6143,3.0801998539587365,3.7256646792287524,175.87179487179486,32.89513161117488
6144,3.0801998539587365,3.7256646792287524,175.87179487179486,32.89513161117488
6145,3.0801998539587365,3.7256646792287524,175.87179487179486,32.89513161117488
6146,3.0801998539587365,3.7256646792287524,175.87179487179486,32.89513161117488
6147,3.0801998539587365,3.7256646792287524,175.87179487179486,32.89513161117488
6148,3.0801998539587365,3.7256646792287524,175.87179487179486,32.89513161117488
6149,3.0801998539587365,3.7256646792287524,175.87179487179486,32.89513161117488
6150,3.0801998539587365,3.7256646792287524,175.87179487179486,32.89513161117488
6151,3.0801998539587365,3.7256646792287524,175.87179487179486,32.89513161117488
6152,3.0801998539587365,3.7256646792287524,175.87179487179486,32.89513161117488
6153,3.0801998539587365,3.7256646792287524,175.87179487179486,32.89513161117488
6154,3.0801998539587365,3.7256646792287524,175.87179487179486,32.89513161117488
6155,3.0801998539587365,3.7256646792287524,175.87179487179486,32.89513161117488
6156,3.0801998539587365,3.7256646792287524,175.87179487179486,32.89513161117488
6157,3.0801998539587365,3.7256646792287524,175.87179487179486,32.89513161117488
6158,3.0801998539587365,3.7256646792287524,175.87179487179486,32.89513161117488
6159,3.0801998539587365,3.7256646792287524,175.87179487179486,32.89513161117488
6160,3.0801998539587365,3.7256646792287524,175.87179487179486,32.89513161117488
6161,3.0801998539587365,3.7256646792287524,175.87179487179486,32.89513161117488
6162,3.0801998539587365,3.7256646792287524,175.87179487179486,32.89513161117488
6163,3.0801998539587365,3.7256646792287524,175.87179487179486,32.89513161117488
6164,3.0801998539587365,3.7256646792287524,175.87179487179486,32.89513161117488
6165,3.0801998539587365,3.7256646792287524,175.87179487179486,32.89513161117488
6166,3.0801998539587365,3.7256646792287524,175.87179487179486,32.89513161117488
6167,3.0801998539587365,3.7256646792287524,175.87179487179486,32.89513161117488
6168,3.0801998539587365,3.7256646792287524,175.87179487179486,32.89513161117488
6169,3.0801998539587365,3.7256646792287524,175.87179487179486,32.89513161117488
6170,3.0801998539587365,3.7256646792287524,175.87179487179486,32.89513161117488
6171,3.0801998539587365,3.7256646792287524,175.87179487179486,32.89513161117488
6172,3.0801998539587365,3.7256646792287524,175.87179487179486,32.89513161117488
6173,3.0801998539587365,3.7256646792287524,175.87179487179486,32.89513161117488
6174,3.0801998539587365,3.7256646792287524,175.87179487179486,32.89513161117488
6175,3.0801998539587365,3.7256646792287524,175.87179487179486,32.89513161117488
6176,3.0801998539587365,3.7256646792287524,175.87179487179486,32.89513161117488
6177,3.0801998539587365,3.7256646792287524,175.87179487179486,32.89513161117488
6178,3.0801998539587365,3.7256646792287524,175.87179487179486,32.89513161117488
6179,2.8230615449579974,3.547648623236587,168.15384615384616,31.72420919957263
6180,2.8230615449579974,3.547648623236587,168.15384615384616,31.72420919957263
6181,2.8230615449579974,3.547648623236587,168.15384615384616,31.72420919957263
6182,2.8230615449579974,3.547648623236587,168.15384615384616,31.72420919957263
6183,2.8230615449579974,3.547648623236587,168.15384615384616,31.72420919957263
6184,2.8230615449579974,3.547648623236587,168.15384615384616,31.72420919957263
6185,2.8230615449579974,3.547648623236587,168.15384615384616,31.72420919957263
6186,2.8230615449579974,3.547648623236587,168.15384615384616,31.72420919957263
6187,2.8230615449579974,3.547648623236587,168.15384615384616,31.72420919957263
6188,2.8230615449579974,3.547648623236587,168.15384615384616,31.72420919957263
6189,2.8230615449579974,3.547648623236587,168.15384615384616,31.72420919957263
6190,2.8230615449579974,3.547648623236587,168.15384615384616,31.72420919957263
6191,2.8230615449579974,3.547648623236587,168.15384615384616,31.72420919957263
6192,2.8230615449579974,3.547648623236587,168.15384615384616,31.72420919957263
6193,2.8230615449579974,3.547648623236587,168.15384615384616,31.72420919957263
6194,2.8230615449579974,3.547648623236587,168.15384615384616,31.72420919957263
6195,2.8230615449579974,3.547648623236587,168.15384615384616,31.72420919957263
6196,2.8230615449579974,3.547648623236587,168.15384615384616,31.72420919957263
6197,2.8230615449579974,3.547648623236587,168.15384615384616,31.72420919957263
6198,2.8230615449579974,3.547648623236587,168.15384615384616,31.72420919957263
6199,2.8230615449579974,3.547648623236587,168.15384615384616,31.72420919957263
6200,2.8230615449579974,3.547648623236587,168.15384615384616,31.72420919957263
6201,2.8230615449579974,3.547648623236587,168.15384615384616,31.72420919957263
6202,2.8230615449579974,3.547648623236587,168.15384615384616,31.72420919957263
6203,2.8230615449579974,3.547648623236587,168.15384615384616,31.72420919957263
6204,2.8230615449579974,3.547648623236587,168.15384615384616,31.72420919957263
6205,2.8230615449579974,3.547648623236587,168.15384615384616,31.72420919957263
6206,2.8230615449579974,3.547648623236587,168.15384615384616,31.72420919957263
6207,2.8230615449579974,3.547648623236587,168.15384615384616,31.72420919957263
6208,2.8230615449579974,3.547648623236587,168.15384615384616,31.72420919957263
6209,2.8230615449579974,3.547648623236587,168.15384615384616,31.72420919957263
6210,2.8230615449579974,3.547648623236587,168.15384615384616,31.72420919957263
6211,2.8230615449579974,3.547648623236587,168.15384615384616,31.72420919957263
6212,2.8230615449579974,3.547648623236587,168.15384615384616,31.72420919957263
6213,2.8230615449579974,3.547648623236587,168.15384615384616,31.72420919957263
6214,2.8230615449579974,3.547648623236587,168.15384615384616,31.72420919957263
6215,2.8230615449579974,3.547648623236587,168.15384615384616,31.72420919957263
6216,2.8230615449579974,3.547648623236587,168.15384615384616,31.72420919957263
6217,2.8230615449579974,3.547648623236587,168.15384615384616,31.72420919957263
6218,2.8230615449579974,3.547648623236587,168.15384615384616,31.72420919957263
6219,2.8230615449579974,3.547648623236587,168.15384615384616,31.72420919957263
6220,2.8230615449579974,3.547648623236587,168.15384615384616,31.72420919957263
6221,2.8230615449579974,3.547648623236587,168.15384615384616,31.72420919957263
6222,3.0801998539587365,3.7256646792287524,175.87179487179486,32.89513161117488
6223,3.0801998539587365,3.7256646792287524,175.87179487179486,32.89513161117488
6224,3.0801998539587365,3.7256646792287524,175.87179487179486,32.89513161117488
6225,3.0801998539587365,3.7256646792287524,175.87179487179486,32.89513161117488
6226,3.0801998539587365,3.7256646792287524,175.87179487179486,32.89513161117488
6227,3.0801998539587365,3.7256646792287524,175.87179487179486,32.89513161117488
6228,3.0801998539587365,3.7256646792287524,175.87179487179486,32.89513161117488
6229,3.0801998539587365,3.7256646792287524,175.87179487179486,32.89513161117488
6230,3.0801998539587365,3.7256646792287524,175.87179487179486,32.89513161117488
6231,3.0801998539587365,3.7256646792287524,175.87179487179486,32.89513161117488
6232,3.0801998539587365,3.7256646792287524,175.87179487179486,32.89513161117488
6233,3.0801998539587365,3.7256646792287524,175.87179487179486,32.89513161117488
6234,3.0801998539587365,3.7256646792287524,175.87179487179486,32.89513161117488
6235,3.0801998539587365,3.7256646792287524,175.87179487179486,32.89513161117488
6236,3.0801998539587365,3.7256646792287524,175.87179487179486,32.89513161117488
6237,3.0801998539587365,3.7256646792287524,175.87179487179486,32.89513161117488
6238,3.0801998539587365,3.7256646792287524,175.87179487179486,32.89513161117488
6239,3.0801998539587365,3.7256646792287524,175.87179487179486,32.89513161117488
6240,3.0801998539587365,3.7256646792287524,175.87179487179486,32.89513161117488
6241,3.0801998539587365,3.7256646792287524,175.87179487179486,32.89513161117488
6242,3.0801998539587365,3.7256646792287524,175.87179487179486,32.89513161117488
6243,3.0801998539587365,3.7256646792287524,175.87179487179486,32.89513161117488
6244,3.0801998539587365,3.7256646792287524,175.87179487179486,32.89513161117488
6245,3.0801998539587365,3.7256646792287524,175.87179487179486,32.89513161117488
6246,3.0801998539587365,3.7256646792287524,175.87179487179486,32.89513161117488
6247,3.0801998539587365,3.7256646792287524,175.87179487179486,32.89513161117488
6248,3.0801998539587365,3.7256646792287524,175.87179487179486,32.89513161117488
6249,3.0801998539587365,3.7256646792287524,175.87179487179486,32.89513161117488
6250,3.0801998539587365,3.7256646792287524,175.87179487179486,32.89513161117488
6251,3.0801998539587365,3.7256646792287524,175.87179487179486,32.89513161117488
6252,3.0801998539587365,3.7256646792287524,175.87179487179486,32.89513161117488
6253,3.0801998539587365,3.7256646792287524,175.87179487179486,32.89513161117488
6254,3.0801998539587365,3.7256646792287524,175.87179487179486,32.89513161117488
6255,3.0801998539587365,3.7256646792287524,175.87179487179486,32.89513161117488
6256,3.0801998539587365,3.7256646792287524,175.87179487179486,32.89513161117488
6257,3.0801998539587365,3.7256646792287524,175.87179487179486,32.89513161117488
6258,3.0801998539587365,3.7256646792287524,175.87179487179486,32.89513161117488
6259,3.0801998539587365,3.7256646792287524,175.87179487179486,32.89513161117488
6260,3.0801998539587365,3.7256646792287524,175.87179487179486,32.89513161117488
6261,3.0801998539587365,3.7256646792287524,175.87179487179486,32.89513161117488
6262,3.0801998539587365,3.7256646792287524,175.87179487179486,32.89513161117488
6263,3.0801998539587365,3.7256646792287524,175.87179487179486,32.89513161117488
6264,3.0801998539587365,3.7256646792287524,175.87179487179486,32.89513161117488
6265,3.0801998539587365,3.7256646792287524,175.87179487179486,32.89513161117488
6266,2.8230615449579974,3.547648623236587,168.15384615384616,31.72420919957263
6267,2.8230615449579974,3.547648623236587,168.15384615384616,31.72420919957263
6268,2.8230615449579974,3.547648623236587,168.15384615384616,31.72420919957263
6269,2.8230615449579974,3.547648623236587,168.15384615384616,31.72420919957263
6270,2.8230615449579974,3.547648623236587,168.15384615384616,31.72420919957263
6271,2.8230615449579974,3.547648623236587,168.15384615384616,31.72420919957263
6272,2.8230615449579974,3.547648623236587,168.15384615384616,31.72420919957263
6273,2.8230615449579974,3.547648623236587,168.15384615384616,31.72420919957263
6274,2.8230615449579974,3.547648623236587,168.15384615384616,31.72420919957263
6275,2.8230615449579974,3.547648623236587,168.15384615384616,31.72420919957263
6276,2.8230615449579974,3.547648623236587,168.15384615384616,31.72420919957263
6277,2.8230615449579974,3.547648623236587,168.15384615384616,31.72420919957263
6278,2.8230615449579974,3.547648623236587,168.15384615384616,31.72420919957263
6279,2.8230615449579974,3.547648623236587,168.15384615384616,31.72420919957263
6280,2.8230615449579974,3.547648623236587,168.15384615384616,31.72420919957263
6281,2.8230615449579974,3.547648623236587,168.15384615384616,31.72420919957263
6282,2.8230615449579974,3.547648623236587,168.15384615384616,31.72420919957263
6283,2.8230615449579974,3.547648623236587,168.15384615384616,31.72420919957263
6284,2.8230615449579974,3.547648623236587,168.15384615384616,31.72420919957263
6285,2.8230615449579974,3.547648623236587,168.15384615384616,31.72420919957263
6286,2.8230615449579974,3.547648623236587,168.15384615384616,31.72420919957263
6287,2.8230615449579974,3.547648623236587,168.15384615384616,31.72420919957263
6288,2.8230615449579974,3.547648623236587,168.15384615384616,31.72420919957263
6289,2.8230615449579974,3.547648623236587,168.15384615384616,31.72420919957263
6290,2.8230615449579974,3.547648623236587,168.15384615384616,31.72420919957263
6291,2.8230615449579974,3.547648623236587,168.15384615384616,31.72420919957263
6292,2.8230615449579974,3.547648623236587,168.15384615384616,31.72420919957263
6293,2.8230615449579974,3.547648623236587,168.15384615384616,31.72420919957263
6294,2.8230615449579974,3.547648623236587,168.15384615384616,31.72420919957263
6295,2.8230615449579974,3.547648623236587,168.15384615384616,31.72420919957263
6296,2.8230615449579974,3.547648623236587,168.15384615384616,31.72420919957263
6297,2.8230615449579974,3.547648623236587,168.15384615384616,31.72420919957263
6298,2.8230615449579974,3.547648623236587,168.15384615384616,31.72420919957263
6299,2.8230615449579974,3.547648623236587,168.15384615384616,31.72420919957263
6300,2.8230615449579974,3.547648623236587,168.15384615384616,31.72420919957263
6301,2.8230615449579974,3.547648623236587,168.15384615384616,31.72420919957263
6302,2.8230615449579974,3.547648623236587,168.15384615384616,31.72420919957263
6303,2.8230615449579974,3.547648623236587,168.15384615384616,31.72420919957263
6304,2.8230615449579974,3.547648623236587,168.15384615384616,31.72420919957263
6305,2.8230615449579974,3.547648623236587,168.15384615384616,31.72420919957263
6306,2.8230615449579974,3.547648623236587,168.15384615384616,31.72420919957263
6307,2.8230615449579974,3.547648623236587,168.15384615384616,31.72420919957263
6308,2.8230615449579974,3.547648623236587,168.15384615384616,31.72420919957263
6309,3.0801998539587365,3.7256646792287524,175.87179487179486,32.89513161117488
6310,3.0801998539587365,3.7256646792287524,175.87179487179486,32.89513161117488
6311,3.0801998539587365,3.7256646792287524,175.87179487179486,32.89513161117488
6312,3.0801998539587365,3.7256646792287524,175.87179487179486,32.89513161117488
6313,3.0801998539587365,3.7256646792287524,175.87179487179486,32.89513161117488
6314,3.0801998539587365,3.7256646792287524,175.87179487179486,32.89513161117488
6315,3.0801998539587365,3.7256646792287524,175.87179487179486,32.89513161117488
6316,3.0801998539587365,3.7256646792287524,175.87179487179486,32.89513161117488
6317,3.0801998539587365,3.7256646792287524,175.87179487179486,32.89513161117488
6318,3.0801998539587365,3.7256646792287524,175.87179487179486,32.89513161117488
6319,3.0801998539587365,3.7256646792287524,175.87179487179486,32.89513161117488
6320,3.0801998539587365,3.7256646792287524,175.87179487179486,32.89513161117488
6321,3.0801998539587365,3.7256646792287524,175.87179487179486,32.89513161117488
6322,3.0801998539587365,3.7256646792287524,175.87179487179486,32.89513161117488
6323,3.0801998539587365,3.7256646792287524,175.87179487179486,32.89513161117488
6324,3.0801998539587365,3.7256646792287524,175.87179487179486,32.89513161117488
6325,3.0801998539587365,3.7256646792287524,175.87179487179486,32.89513161117488
6326,3.0801998539587365,3.7256646792287524,175.87179487179486,32.89513161117488
6327,3.0801998539587365,3.7256646792287524,175.87179487179486,32.89513161117488
6328,3.0801998539587365,3.7256646792287524,175.87179487179486,32.89513161117488
6329,3.0801998539587365,3.7256646792287524,175.87179487179486,32.89513161117488
6330,3.0801998539587365,3.7256646792287524,175.87179487179486,32.89513161117488
6331,3.0801998539587365,3.7256646792287524,175.87179487179486,32.89513161117488
6332,3.0801998539587365,3.7256646792287524,175.87179487179486,32.89513161117488
6333,3.0801998539587365,3.7256646792287524,175.87179487179486,32.89513161117488
6334,3.0801998539587365,3.7256646792287524,175.87179487179486,32.89513161117488
6335,3.0801998539587365,3.7256646792287524,175.87179487179486,32.89513161117488
6336,3.0801998539587365,3.7256646792287524,175.87179487179486,32.89513161117488
6337,3.0801998539587365,3.7256646792287524,175.87179487179486,32.89513161117488
6338,3.0801998539587365,3.7256646792287524,175.87179487179486,32.89513161117488
6339,3.0801998539587365,3.7256646792287524,175.87179487179486,32.89513161117488
6340,3.0801998539587365,3.7256646792287524,175.87179487179486,32.89513161117488
6341,3.0801998539587365,3.7256646792287524,175.87179487179486,32.89513161117488
6342,3.0801998539587365,3.7256646792287524,175.87179487179486,32.89513161117488
6343,3.0801998539587365,3.7256646792287524,175.87179487179486,32.89513161117488
6344,3.0801998539587365,3.7256646792287524,175.87179487179486,32.89513161117488
6345,3.0801998539587365,3.7256646792287524,175.87179487179486,32.89513161117488
6346,3.0801998539587365,3.7256646792287524,175.87179487179486,32.89513161117488
6347,3.0801998539587365,3.7256646792287524,175.87179487179486,32.89513161117488
6348,3.0801998539587365,3.7256646792287524,175.87179487179486,32.89513161117488
6349,3.0801998539587365,3.7256646792287524,175.87179487179486,32.89513161117488
6350,3.0801998539587365,3.7256646792287524,175.87179487179486,32.89513161117488
6351,3.0801998539587365,3.7256646792287524,175.87179487179486,32.89513161117488
6352,3.0801998539587365,3.7256646792287524,175.87179487179486,32.89513161117488
6353,2.8230615449579974,3.547648623236587,168.15384615384616,31.72420919957263
6354,2.8230615449579974,3.547648623236587,168.15384615384616,31.72420919957263
6355,2.8230615449579974,3.547648623236587,168.15384615384616,31.72420919957263
6356,2.8230615449579974,3.547648623236587,168.15384615384616,31.72420919957263
6357,2.8230615449579974,3.547648623236587,168.15384615384616,31.72420919957263
6358,2.8230615449579974,3.547648623236587,168.15384615384616,31.72420919957263
6359,2.8230615449579974,3.547648623236587,168.15384615384616,31.72420919957263
6360,2.8230615449579974,3.547648623236587,168.15384615384616,31.72420919957263
6361,2.8230615449579974,3.547648623236587,168.15384615384616,31.72420919957263
6362,2.8230615449579974,3.547648623236587,168.15384615384616,31.72420919957263
6363,2.8230615449579974,3.547648623236587,168.15384615384616,31.72420919957263
6364,2.8230615449579974,3.547648623236587,168.15384615384616,31.72420919957263
6365,2.8230615449579974,3.547648623236587,168.15384615384616,31.72420919957263
6366,2.8230615449579974,3.547648623236587,168.15384615384616,31.72420919957263
6367,2.8230615449579974,3.547648623236587,168.15384615384616,31.72420919957263
6368,2.8230615449579974,3.547648623236587,168.15384615384616,31.72420919957263
6369,2.8230615449579974,3.547648623236587,168.15384615384616,31.72420919957263
6370,2.8230615449579974,3.547648623236587,168.15384615384616,31.72420919957263
6371,2.8230615449579974,3.547648623236587,168.15384615384616,31.72420919957263
6372,2.8230615449579974,3.547648623236587,168.15384615384616,31.72420919957263
6373,2.8230615449579974,3.547648623236587,168.15384615384616,31.72420919957263
6374,2.8230615449579974,3.547648623236587,168.15384615384616,31.72420919957263
6375,2.8230615449579974,3.547648623236587,168.15384615384616,31.72420919957263
6376,2.8230615449579974,3.547648623236587,168.15384615384616,31.72420919957263
6377,2.8230615449579974,3.547648623236587,168.15384615384616,31.72420919957263
6378,2.8230615449579974,3.547648623236587,168.15384615384616,31.72420919957263
6379,2.8230615449579974,3.547648623236587,168.15384615384616,31.72420919957263
6380,2.8230615449579974,3.547648623236587,168.15384615384616,31.72420919957263
6381,2.8230615449579974,3.547648623236587,168.15384615384616,31.72420919957263
6382,2.8230615449579974,3.547648623236587,168.15384615384616,31.72420919957263
6383,2.8230615449579974,3.547648623236587,168.15384615384616,31.72420919957263
6384,2.8230615449579974,3.547648623236587,168.15384615384616,31.72420919957263
6385,2.8230615449579974,3.547648623236587,168.15384615384616,31.72420919957263
6386,2.8230615449579974,3.547648623236587,168.15384615384616,31.72420919957263
6387,2.8230615449579974,3.547648623236587,168.15384615384616,31.72420919957263
6388,2.8230615449579974,3.547648623236587,168.15384615384616,31.72420919957263
6389,2.8230615449579974,3.547648623236587,168.15384615384616,31.72420919957263
6390,2.8230615449579974,3.547648623236587,168.15384615384616,31.72420919957263
6391,2.8230615449579974,3.547648623236587,168.15384615384616,31.72420919957263
6392,2.8230615449579974,3.547648623236587,168.15384615384616,31.72420919957263
6393,2.8230615449579974,3.547648623236587,168.15384615384616,31.72420919957263
6394,2.8230615449579974,3.547648623236587,168.15384615384616,31.72420919957263
6395,3.0801998539587365,3.7256646792287524,175.87179487179486,32.89513161117488
6396,3.0801998539587365,3.7256646792287524,175.87179487179486,32.89513161117488
6397,3.0801998539587365,3.7256646792287524,175.87179487179486,32.89513161117488
6398,3.0801998539587365,3.7256646792287524,175.87179487179486,32.89513161117488
6399,3.0801998539587365,3.7256646792287524,175.87179487179486,32.89513161117488
6400,3.0801998539587365,3.7256646792287524,175.87179487179486,32.89513161117488
6401,3.0801998539587365,3.7256646792287524,175.87179487179486,32.89513161117488
6402,3.0801998539587365,3.7256646792287524,175.87179487179486,32.89513161117488
6403,3.0801998539587365,3.7256646792287524,175.87179487179486,32.89513161117488
6404,3.0801998539587365,3.7256646792287524,175.87179487179486,32.89513161117488
6405,3.0801998539587365,3.7256646792287524,175.87179487179486,32.89513161117488
6406,3.0801998539587365,3.7256646792287524,175.87179487179486,32.89513161117488
6407,3.0801998539587365,3.7256646792287524,175.87179487179486,32.89513161117488
6408,3.0801998539587365,3.7256646792287524,175.87179487179486,32.89513161117488
6409,3.0801998539587365,3.7256646792287524,175.87179487179486,32.89513161117488
6410,3.0801998539587365,3.7256646792287524,175.87179487179486,32.89513161117488
6411,3.0801998539587365,3.7256646792287524,175.87179487179486,32.89513161117488
6412,3.0801998539587365,3.7256646792287524,175.87179487179486,32.89513161117488
6413,3.0801998539587365,3.7256646792287524,175.87179487179486,32.89513161117488
6414,3.0801998539587365,3.7256646792287524,175.87179487179486,32.89513161117488
6415,3.0801998539587365,3.7256646792287524,175.87179487179486,32.89513161117488
6416,3.0801998539587365,3.7256646792287524,175.87179487179486,32.89513161117488
6417,3.0801998539587365,3.7256646792287524,175.87179487179486,32.89513161117488
6418,3.0801998539587365,3.7256646792287524,175.87179487179486,32.89513161117488
6419,3.0801998539587365,3.7256646792287524,175.87179487179486,32.89513161117488
6420,3.0801998539587365,3.7256646792287524,175.87179487179486,32.89513161117488
6421,3.0801998539587365,3.7256646792287524,175.87179487179486,32.89513161117488
6422,3.0801998539587365,3.7256646792287524,175.87179487179486,32.89513161117488
6423,3.0801998539587365,3.7256646792287524,175.87179487179486,32.89513161117488
6424,3.0801998539587365,3.7256646792287524,175.87179487179486,32.89513161117488
6425,3.0801998539587365,3.7256646792287524,175.87179487179486,32.89513161117488
6426,3.0801998539587365,3.7256646792287524,175.87179487179486,32.89513161117488
6427,3.0801998539587365,3.7256646792287524,175.87179487179486,32.89513161117488
6428,3.0801998539587365,3.7256646792287524,175.87179487179486,32.89513161117488
6429,3.0801998539587365,3.7256646792287524,175.87179487179486,32.89513161117488
6430,3.0801998539587365,3.7256646792287524,175.87179487179486,32.89513161117488
6431,3.0801998539587365,3.7256646792287524,175.87179487179486,32.89513161117488
6432,3.0801998539587365,3.7256646792287524,175.87179487179486,32.89513161117488
6433,3.0801998539587365,3.7256646792287524,175.87179487179486,32.89513161117488
6434,3.0801998539587365,3.7256646792287524,175.87179487179486,32.89513161117488
6435,3.0801998539587365,3.7256646792287524,175.87179487179486,32.89513161117488
6436,3.0801998539587365,3.7256646792287524,175.87179487179486,32.89513161117488
6437,3.0801998539587365,3.7256646792287524,175.87179487179486,32.89513161117488
6438,2.8230615449579974,3.547648623236587,168.15384615384616,31.72420919957263
6439,2.8230615449579974,3.547648623236587,168.15384615384616,31.72420919957263
6440,2.8230615449579974,3.547648623236587,168.15384615384616,31.72420919957263
6441,2.8230615449579974,3.547648623236587,168.15384615384616,31.72420919957263
6442,2.8230615449579974,3.547648623236587,168.15384615384616,31.72420919957263
6443,2.8230615449579974,3.547648623236587,168.15384615384616,31.72420919957263
6444,2.8230615449579974,3.547648623236587,168.15384615384616,31.72420919957263
6445,2.8230615449579974,3.547648623236587,168.15384615384616,31.72420919957263
6446,2.8230615449579974,3.547648623236587,168.15384615384616,31.72420919957263
6447,2.8230615449579974,3.547648623236587,168.15384615384616,31.72420919957263
6448,2.8230615449579974,3.547648623236587,168.15384615384616,31.72420919957263
6449,2.8230615449579974,3.547648623236587,168.15384615384616,31.72420919957263
6450,2.8230615449579974,3.547648623236587,168.15384615384616,31.72420919957263
6451,2.8230615449579974,3.547648623236587,168.15384615384616,31.72420919957263
6452,2.8230615449579974,3.547648623236587,168.15384615384616,31.72420919957263
6453,2.8230615449579974,3.547648623236587,168.15384615384616,31.72420919957263
6454,2.8230615449579974,3.547648623236587,168.15384615384616,31.72420919957263
6455,2.8230615449579974,3.547648623236587,168.15384615384616,31.72420919957263
6456,2.8230615449579974,3.547648623236587,168.15384615384616,31.72420919957263
6457,2.8230615449579974,3.547648623236587,168.15384615384616,31.72420919957263
6458,2.8230615449579974,3.547648623236587,168.15384615384616,31.72420919957263
6459,2.8230615449579974,3.547648623236587,168.15384615384616,31.72420919957263
6460,2.8230615449579974,3.547648623236587,168.15384615384616,31.72420919957263
6461,2.8230615449579974,3.547648623236587,168.15384615384616,31.72420919957263
6462,2.8230615449579974,3.547648623236587,168.15384615384616,31.72420919957263
6463,2.8230615449579974,3.547648623236587,168.15384615384616,31.72420919957263
6464,2.8230615449579974,3.547648623236587,168.15384615384616,31.72420919957263
6465,2.8230615449579974,3.547648623236587,168.15384615384616,31.72420919957263
6466,2.8230615449579974,3.547648623236587,168.15384615384616,31.72420919957263
6467,2.8230615449579974,3.547648623236587,168.15384615384616,31.72420919957263
6468,2.8230615449579974,3.547648623236587,168.15384615384616,31.72420919957263
6469,2.8230615449579974,3.547648623236587,168.15384615384616,31.72420919957263
6470,2.8230615449579974,3.547648623236587,168.15384615384616,31.72420919957263
6471,2.8230615449579974,3.547648623236587,168.15384615384616,31.72420919957263
6472,2.8230615449579974,3.547648623236587,168.15384615384616,31.72420919957263
6473,2.8230615449579974,3.547648623236587,168.15384615384616,31.72420919957263
6474,2.8230615449579974,3.547648623236587,168.15384615384616,31.72420919957263
6475,2.8230615449579974,3.547648623236587,168.15384615384616,31.72420919957263
6476,2.8230615449579974,3.547648623236587,168.15384615384616,31.72420919957263
6477,2.8230615449579974,3.547648623236587,168.15384615384616,31.72420919957263
6478,2.8230615449579974,3.547648623236587,168.15384615384616,31.72420919957263
6479,2.8230615449579974,3.547648623236587,168.15384615384616,31.72420919957263
6480,3.0801998539587365,3.7256646792287524,175.87179487179486,32.89513161117488
6481,3.0801998539587365,3.7256646792287524,175.87179487179486,32.89513161117488
6482,3.0801998539587365,3.7256646792287524,175.87179487179486,32.89513161117488
6483,3.0801998539587365,3.7256646792287524,175.87179487179486,32.89513161117488
6484,3.0801998539587365,3.7256646792287524,175.87179487179486,32.89513161117488
6485,3.0801998539587365,3.7256646792287524,175.87179487179486,32.89513161117488
6486,3.0801998539587365,3.7256646792287524,175.87179487179486,32.89513161117488
6487,3.0801998539587365,3.7256646792287524,175.87179487179486,32.89513161117488
6488,3.0801998539587365,3.7256646792287524,175.87179487179486,32.89513161117488
6489,3.0801998539587365,3.7256646792287524,175.87179487179486,32.89513161117488
6490,3.0801998539587365,3.7256646792287524,175.87179487179486,32.89513161117488
6491,3.0801998539587365,3.7256646792287524,175.87179487179486,32.89513161117488
6492,3.0801998539587365,3.7256646792287524,175.87179487179486,32.89513161117488
6493,3.0801998539587365,3.7256646792287524,175.87179487179486,32.89513161117488
6494,3.0801998539587365,3.7256646792287524,175.87179487179486,32.89513161117488
6495,3.0801998539587365,3.7256646792287524,175.87179487179486,32.89513161117488
6496,3.0801998539587365,3.7256646792287524,175.87179487179486,32.89513161117488
6497,3.0801998539587365,3.7256646792287524,175.87179487179486,32.89513161117488
6498,3.0801998539587365,3.7256646792287524,175.87179487179486,32.89513161117488
6499,3.0801998539587365,3.7256646792287524,175.87179487179486,32.89513161117488
6500,3.0801998539587365,3.7256646792287524,175.87179487179486,32.89513161117488
6501,3.0801998539587365,3.7256646792287524,175.87179487179486,32.89513161117488
6502,3.0801998539587365,3.7256646792287524,175.87179487179486,32.89513161117488
6503,3.0801998539587365,3.7256646792287524,175.87179487179486,32.89513161117488
6504,3.0801998539587365,3.7256646792287524,175.87179487179486,32.89513161117488
6505,3.0801998539587365,3.7256646792287524,175.87179487179486,32.89513161117488
6506,3.0801998539587365,3.7256646792287524,175.87179487179486,32.89513161117488
6507,3.0801998539587365,3.7256646792287524,175.87179487179486,32.89513161117488
6508,3.0801998539587365,3.7256646792287524,175.87179487179486,32.89513161117488
6509,3.0801998539587365,3.7256646792287524,175.87179487179486,32.89513161117488
6510,3.0801998539587365,3.7256646792287524,175.87179487179486,32.89513161117488
6511,3.0801998539587365,3.7256646792287524,175.87179487179486,32.89513161117488
6512,3.0801998539587365,3.7256646792287524,175.87179487179486,32.89513161117488
6513,3.0801998539587365,3.7256646792287524,175.87179487179486,32.89513161117488
6514,3.0801998539587365,3.7256646792287524,175.87179487179486,32.89513161117488
6515,3.0801998539587365,3.7256646792287524,175.87179487179486,32.89513161117488
6516,3.0801998539587365,3.7256646792287524,175.87179487179486,32.89513161117488
6517,3.0801998539587365,3.7256646792287524,175.87179487179486,32.89513161117488
6518,3.0801998539587365,3.7256646792287524,175.87179487179486,32.89513161117488
6519,3.0801998539587365,3.7256646792287524,175.87179487179486,32.89513161117488
6520,3.0801998539587365,3.7256646792287524,175.87179487179486,32.89513161117488
6521,3.0801998539587365,3.7256646792287524,175.87179487179486,32.89513161117488
6522,3.0801998539587365,3.7256646792287524,175.87179487179486,32.89513161117488
6523,2.8230615449579974,3.547648623236587,168.15384615384616,31.72420919957263
6524,2.8230615449579974,3.547648623236587,168.15384615384616,31.72420919957263
6525,2.8230615449579974,3.547648623236587,168.15384615384616,31.72420919957263
6526,2.8230615449579974,3.547648623236587,168.15384615384616,31.72420919957263
6527,2.8230615449579974,3.547648623236587,168.15384615384616,31.72420919957263
6528,2.8230615449579974,3.547648623236587,168.15384615384616,31.72420919957263
6529,2.8230615449579974,3.547648623236587,168.15384615384616,31.72420919957263
6530,2.8230615449579974,3.547648623236587,168.15384615384616,31.72420919957263
6531,2.8230615449579974,3.547648623236587,168.15384615384616,31.72420919957263
6532,2.8230615449579974,3.547648623236587,168.15384615384616,31.72420919957263
6533,2.8230615449579974,3.547648623236587,168.15384615384616,31.72420919957263
6534,2.8230615449579974,3.547648623236587,168.15384615384616,31.72420919957263
6535,2.8230615449579974,3.547648623236587,168.15384615384616,31.72420919957263
6536,2.8230615449579974,3.547648623236587,168.15384615384616,31.72420919957263
6537,2.8230615449579974,3.547648623236587,168.15384615384616,31.72420919957263
6538,2.8230615449579974,3.547648623236587,168.15384615384616,31.72420919957263
6539,2.8230615449579974,3.547648623236587,168.15384615384616,31.72420919957263
6540,2.8230615449579974,3.547648623236587,168.15384615384616,31.72420919957263
6541,2.8230615449579974,3.547648623236587,168.15384615384616,31.72420919957263
6542,2.8230615449579974,3.547648623236587,168.15384615384616,31.72420919957263
6543,2.8230615449579974,3.547648623236587,168.15384615384616,31.72420919957263
6544,2.8230615449579974,3.547648623236587,168.15384615384616,31.72420919957263
6545,2.8230615449579974,3.547648623236587,168.15384615384616,31.72420919957263
6546,2.8230615449579974,3.547648623236587,168.15384615384616,31.72420919957263
6547,2.8230615449579974,3.547648623236587,168.15384615384616,31.72420919957263
6548,2.8230615449579974,3.547648623236587,168.15384615384616,31.72420919957263
6549,2.8230615449579974,3.547648623236587,168.15384615384616,31.72420919957263
6550,2.8230615449579974,3.547648623236587,168.15384615384616,31.72420919957263
6551,2.8230615449579974,3.547648623236587,168.15384615384616,31.72420919957263
6552,2.8230615449579974,3.547648623236587,168.15384615384616,31.72420919957263
6553,2.8230615449579974,3.547648623236587,168.15384615384616,31.72420919957263
6554,2.8230615449579974,3.547648623236587,168.15384615384616,31.72420919957263
6555,2.8230615449579974,3.547648623236587,168.15384615384616,31.72420919957263
6556,2.8230615449579974,3.547648623236587,168.15384615384616,31.72420919957263
6557,2.8230615449579974,3.547648623236587,168.15384615384616,31.72420919957263
6558,2.8230615449579974,3.547648623236587,168.15384615384616,31.72420919957263
6559,2.8230615449579974,3.547648623236587,168.15384615384616,31.72420919957263
6560,2.8230615449579974,3.547648623236587,168.15384615384616,31.72420919957263
6561,2.8230615449579974,3.547648623236587,168.15384615384616,31.72420919957263
6562,2.8230615449579974,3.547648623236587,168.15384615384616,31.72420919957263
6563,2.8230615449579974,3.547648623236587,168.15384615384616,31.72420919957263
6564,3.0801998539587365,3.7256646792287524,175.87179487179486,32.89513161117488
6565,3.0801998539587365,3.7256646792287524,175.87179487179486,32.89513161117488
6566,3.0801998539587365,3.7256646792287524,175.87179487179486,32.89513161117488
6567,3.0801998539587365,3.7256646792287524,175.87179487179486,32.89513161117488
6568,3.0801998539587365,3.7256646792287524,175.87179487179486,32.89513161117488
6569,3.0801998539587365,3.7256646792287524,175.87179487179486,32.89513161117488
6570,3.0801998539587365,3.7256646792287524,175.87179487179486,32.89513161117488
6571,3.0801998539587365,3.7256646792287524,175.87179487179486,32.89513161117488
6572,3.0801998539587365,3.7256646792287524,175.87179487179486,32.89513161117488
6573,3.0801998539587365,3.7256646792287524,175.87179487179486,32.89513161117488
6574,3.0801998539587365,3.7256646792287524,175.87179487179486,32.89513161117488
6575,3.0801998539587365,3.7256646792287524,175.87179487179486,32.89513161117488
6576,3.0801998539587365,3.7256646792287524,175.87179487179486,32.89513161117488
6577,3.0801998539587365,3.7256646792287524,175.87179487179486,32.89513161117488
6578,3.0801998539587365,3.7256646792287524,175.87179487179486,32.89513161117488
6579,3.0801998539587365,3.7256646792287524,175.87179487179486,32.89513161117488
6580,3.0801998539587365,3.7256646792287524,175.87179487179486,32.89513161117488
6581,3.0801998539587365,3.7256646792287524,175.87179487179486,32.89513161117488
6582,3.0801998539587365,3.7256646792287524,175.87179487179486,32.89513161117488
6583,3.0801998539587365,3.7256646792287524,175.87179487179486,32.89513161117488
6584,3.0801998539587365,3.7256646792287524,175.87179487179486,32.89513161117488
6585,3.0801998539587365,3.7256646792287524,175.87179487179486,32.89513161117488
6586,3.0801998539587365,3.7256646792287524,175.87179487179486,32.89513161117488
6587,3.0801998539587365,3.7256646792287524,175.87179487179486,32.89513161117488
6588,3.0801998539587365,3.7256646792287524,175.87179487179486,32.89513161117488
6589,3.0801998539587365,3.7256646792287524,175.87179487179486,32.89513161117488
6590,3.0801998539587365,3.7256646792287524,175.87179487179486,32.89513161117488
6591,3.0801998539587365,3.7256646792287524,175.87179487179486,32.89513161117488
6592,3.0801998539587365,3.7256646792287524,175.87179487179486,32.89513161117488
6593,3.0801998539587365,3.7256646792287524,175.87179487179486,32.89513161117488
6594,3.0801998539587365,3.7256646792287524,175.87179487179486,32.89513161117488
6595,3.0801998539587365,3.7256646792287524,175.87179487179486,32.89513161117488
6596,3.0801998539587365,3.7256646792287524,175.87179487179486,32.89513161117488
6597,3.0801998539587365,3.7256646792287524,175.87179487179486,32.89513161117488
6598,3.0801998539587365,3.7256646792287524,175.87179487179486,32.89513161117488
6599,3.0801998539587365,3.7256646792287524,175.87179487179486,32.89513161117488
6600,3.0801998539587365,3.7256646792287524,175.87179487179486,32.89513161117488
6601,3.0801998539587365,3.7256646792287524,175.87179487179486,32.89513161117488
6602,3.0801998539587365,3.7256646792287524,175.87179487179486,32.89513161117488
6603,3.0801998539587365,3.7256646792287524,175.87179487179486,32.89513161117488
6604,3.0801998539587365,3.7256646792287524,175.87179487179486,32.89513161117488
6605,3.0801998539587365,3.7256646792287524,175.87179487179486,32.89513161117488
6606,2.8230615449579974,3.547648623236587,168.15384615384616,31.72420919957263
6607,2.8230615449579974,3.547648623236587,168.15384615384616,31.72420919957263
6608,2.8230615449579974,3.547648623236587,168.15384615384616,31.72420919957263
6609,2.8230615449579974,3.547648623236587,168.15384615384616,31.72420919957263
6610,2.8230615449579974,3.547648623236587,168.15384615384616,31.72420919957263
6611,2.8230615449579974,3.547648623236587,168.15384615384616,31.72420919957263
6612,2.8230615449579974,3.547648623236587,168.15384615384616,31.72420919957263
6613,2.8230615449579974,3.547648623236587,168.15384615384616,31.72420919957263
6614,2.8230615449579974,3.547648623236587,168.15384615384616,31.72420919957263
6615,2.8230615449579974,3.547648623236587,168.15384615384616,31.72420919957263
6616,2.8230615449579974,3.547648623236587,168.15384615384616,31.72420919957263
6617,2.8230615449579974,3.547648623236587,168.15384615384616,31.72420919957263
6618,2.8230615449579974,3.547648623236587,168.15384615384616,31.72420919957263
6619,2.8230615449579974,3.547648623236587,168.15384615384616,31.72420919957263
6620,2.8230615449579974,3.547648623236587,168.15384615384616,31.72420919957263
6621,2.8230615449579974,3.547648623236587,168.15384615384616,31.72420919957263
6622,2.8230615449579974,3.547648623236587,168.15384615384616,31.72420919957263
6623,2.8230615449579974,3.547648623236587,168.15384615384616,31.72420919957263
6624,2.8230615449579974,3.547648623236587,168.15384615384616,31.72420919957263
6625,2.8230615449579974,3.547648623236587,168.15384615384616,31.72420919957263
6626,2.8230615449579974,3.547648623236587,168.15384615384616,31.72420919957263
6627,2.8230615449579974,3.547648623236587,168.15384615384616,31.72420919957263
6628,2.8230615449579974,3.547648623236587,168.15384615384616,31.72420919957263
6629,2.8230615449579974,3.547648623236587,168.15384615384616,31.72420919957263
6630,2.8230615449579974,3.547648623236587,168.15384615384616,31.72420919957263
6631,2.8230615449579974,3.547648623236587,168.15384615384616,31.72420919957263
6632,2.8230615449579974,3.547648623236587,168.15384615384616,31.72420919957263
6633,2.8230615449579974,3.547648623236587,168.15384615384616,31.72420919957263
6634,2.8230615449579974,3.547648623236587,168.15384615384616,31.72420919957263
6635,2.8230615449579974,3.547648623236587,168.15384615384616,31.72420919957263
6636,2.8230615449579974,3.547648623236587,168.15384615384616,31.72420919957263
6637,2.8230615449579974,3.547648623236587,168.15384615384616,31.72420919957263
6638,2.8230615449579974,3.547648623236587,168.15384615384616,31.72420919957263
6639,2.8230615449579974,3.547648623236587,168.15384615384616,31.72420919957263
6640,2.8230615449579974,3.547648623236587,168.15384615384616,31.72420919957263
6641,2.8230615449579974,3.547648623236587,168.15384615384616,31.72420919957263
6642,2.8230615449579974,3.547648623236587,168.15384615384616,31.72420919957263
6643,2.8230615449579974,3.547648623236587,168.15384615384616,31.72420919957263
6644,2.8230615449579974,3.547648623236587,168.15384615384616,31.72420919957263
6645,2.8230615449579974,3.547648623236587,168.15384615384616,31.72420919957263
6646,3.0801998539587365,3.7256646792287524,175.87179487179486,32.89513161117488
6647,3.0801998539587365,3.7256646792287524,175.87179487179486,32.89513161117488
6648,3.0801998539587365,3.7256646792287524,175.87179487179486,32.89513161117488
6649,3.0801998539587365,3.7256646792287524,175.87179487179486,32.89513161117488
6650,3.0801998539587365,3.7256646792287524,175.87179487179486,32.89513161117488
6651,3.0801998539587365,3.7256646792287524,175.87179487179486,32.89513161117488
6652,3.0801998539587365,3.7256646792287524,175.87179487179486,32.89513161117488
6653,3.0801998539587365,3.7256646792287524,175.87179487179486,32.89513161117488
6654,3.0801998539587365,3.7256646792287524,175.87179487179486,32.89513161117488
6655,3.0801998539587365,3.7256646792287524,175.87179487179486,32.89513161117488
6656,3.0801998539587365,3.7256646792287524,175.87179487179486,32.89513161117488
6657,3.0801998539587365,3.7256646792287524,175.87179487179486,32.89513161117488
6658,3.0801998539587365,3.7256646792287524,175.87179487179486,32.89513161117488
6659,3.0801998539587365,3.7256646792287524,175.87179487179486,32.89513161117488
6660,3.0801998539587365,3.7256646792287524,175.87179487179486,32.89513161117488
6661,3.0801998539587365,3.7256646792287524,175.87179487179486,32.89513161117488
6662,3.0801998539587365,3.7256646792287524,175.87179487179486,32.89513161117488
6663,3.0801998539587365,3.7256646792287524,175.87179487179486,32.89513161117488
6664,3.0801998539587365,3.7256646792287524,175.87179487179486,32.89513161117488
6665,3.0801998539587365,3.7256646792287524,175.87179487179486,32.89513161117488
6666,3.0801998539587365,3.7256646792287524,175.87179487179486,32.89513161117488
6667,3.0801998539587365,3.7256646792287524,175.87179487179486,32.89513161117488
6668,3.0801998539587365,3.7256646792287524,175.87179487179486,32.89513161117488
6669,3.0801998539587365,3.7256646792287524,175.87179487179486,32.89513161117488
6670,3.0801998539587365,3.7256646792287524,175.87179487179486,32.89513161117488
6671,3.0801998539587365,3.7256646792287524,175.87179487179486,32.89513161117488
6672,3.0801998539587365,3.7256646792287524,175.87179487179486,32.89513161117488
6673,3.0801998539587365,3.7256646792287524,175.87179487179486,32.89513161117488
6674,3.0801998539587365,3.7256646792287524,175.87179487179486,32.89513161117488
6675,3.0801998539587365,3.7256646792287524,175.87179487179486,32.89513161117488
6676,3.0801998539587365,3.7256646792287524,175.87179487179486,32.89513161117488
6677,3.0801998539587365,3.7256646792287524,175.87179487179486,32.89513161117488
6678,3.0801998539587365,3.7256646792287524,175.87179487179486,32.89513161117488
6679,3.0801998539587365,3.7256646792287524,175.87179487179486,32.89513161117488
6680,3.0801998539587365,3.7256646792287524,175.87179487179486,32.89513161117488
6681,3.0801998539587365,3.7256646792287524,175.87179487179486,32.89513161117488
6682,3.0801998539587365,3.7256646792287524,175.87179487179486,32.89513161117488
6683,3.0801998539587365,3.7256646792287524,175.87179487179486,32.89513161117488
6684,3.0801998539587365,3.7256646792287524,175.87179487179486,32.89513161117488
6685,3.0801998539587365,3.7256646792287524,175.87179487179486,32.89513161117488
6686,3.0801998539587365,3.7256646792287524,175.87179487179486,32.89513161117488
6687,2.8230615449579974,3.547648623236587,168.15384615384616,31.72420919957263
6688,2.8230615449579974,3.547648623236587,168.15384615384616,31.72420919957263
6689,2.8230615449579974,3.547648623236587,168.15384615384616,31.72420919957263
6690,2.8230615449579974,3.547648623236587,168.15384615384616,31.72420919957263
6691,2.8230615449579974,3.547648623236587,168.15384615384616,31.72420919957263
6692,2.8230615449579974,3.547648623236587,168.15384615384616,31.72420919957263
6693,2.8230615449579974,3.547648623236587,168.15384615384616,31.72420919957263
6694,2.8230615449579974,3.547648623236587,168.15384615384616,31.72420919957263
6695,2.8230615449579974,3.547648623236587,168.15384615384616,31.72420919957263
6696,2.8230615449579974,3.547648623236587,168.15384615384616,31.72420919957263
6697,2.8230615449579974,3.547648623236587,168.15384615384616,31.72420919957263
6698,2.8230615449579974,3.547648623236587,168.15384615384616,31.72420919957263
6699,2.8230615449579974,3.547648623236587,168.15384615384616,31.72420919957263
6700,2.8230615449579974,3.547648623236587,168.15384615384616,31.72420919957263
6701,2.8230615449579974,3.547648623236587,168.15384615384616,31.72420919957263
6702,2.8230615449579974,3.547648623236587,168.15384615384616,31.72420919957263
6703,2.8230615449579974,3.547648623236587,168.15384615384616,31.72420919957263
6704,2.8230615449579974,3.547648623236587,168.15384615384616,31.72420919957263
6705,2.8230615449579974,3.547648623236587,168.15384615384616,31.72420919957263
6706,2.8230615449579974,3.547648623236587,168.15384615384616,31.72420919957263
6707,2.8230615449579974,3.547648623236587,168.15384615384616,31.72420919957263
6708,2.8230615449579974,3.547648623236587,168.15384615384616,31.72420919957263
6709,2.8230615449579974,3.547648623236587,168.15384615384616,31.72420919957263
6710,2.8230615449579974,3.547648623236587,168.15384615384616,31.72420919957263
6711,2.8230615449579974,3.547648623236587,168.15384615384616,31.72420919957263
6712,2.8230615449579974,3.547648623236587,168.15384615384616,31.72420919957263
6713,2.8230615449579974,3.547648623236587,168.15384615384616,31.72420919957263
6714,2.8230615449579974,3.547648623236587,168.15384615384616,31.72420919957263
6715,2.8230615449579974,3.547648623236587,168.15384615384616,31.72420919957263
6716,2.8230615449579974,3.547648623236587,168.15384615384616,31.72420919957263
6717,2.8230615449579974,3.547648623236587,168.15384615384616,31.72420919957263
6718,2.8230615449579974,3.547648623236587,168.15384615384616,31.72420919957263
6719,2.8230615449579974,3.547648623236587,168.15384615384616,31.72420919957263
6720,2.8230615449579974,3.547648623236587,168.15384615384616,31.72420919957263
6721,2.8230615449579974,3.547648623236587,168.15384615384616,31.72420919957263
6722,2.8230615449579974,3.547648623236587,168.15384615384616,31.72420919957263
6723,2.8230615449579974,3.547648623236587,168.15384615384616,31.72420919957263
6724,2.8230615449579974,3.547648623236587,168.15384615384616,31.72420919957263
6725,2.8230615449579974,3.547648623236587,168.15384615384616,31.72420919957263
6726,2.8230615449579974,3.547648623236587,168.15384615384616,31.72420919957263
6727,3.0801998539587365,3.7256646792287524,175.87179487179486,32.89513161117488
6728,3.0801998539587365,3.7256646792287524,175.87179487179486,32.89513161117488
6729,3.0801998539587365,3.7256646792287524,175.87179487179486,32.89513161117488
6730,3.0801998539587365,3.7256646792287524,175.87179487179486,32.89513161117488
6731,3.0801998539587365,3.7256646792287524,175.87179487179486,32.89513161117488
6732,3.0801998539587365,3.7256646792287524,175.87179487179486,32.89513161117488
6733,3.0801998539587365,3.7256646792287524,175.87179487179486,32.89513161117488
6734,3.0801998539587365,3.7256646792287524,175.87179487179486,32.89513161117488
6735,3.0801998539587365,3.7256646792287524,175.87179487179486,32.89513161117488
6736,3.0801998539587365,3.7256646792287524,175.87179487179486,32.89513161117488
6737,3.0801998539587365,3.7256646792287524,175.87179487179486,32.89513161117488
6738,3.0801998539587365,3.7256646792287524,175.87179487179486,32.89513161117488
6739,3.0801998539587365,3.7256646792287524,175.87179487179486,32.89513161117488
6740,3.0801998539587365,3.7256646792287524,175.87179487179486,32.89513161117488
6741,3.0801998539587365,3.7256646792287524,175.87179487179486,32.89513161117488
6742,3.0801998539587365,3.7256646792287524,175.87179487179486,32.89513161117488
6743,3.0801998539587365,3.7256646792287524,175.87179487179486,32.89513161117488
6744,3.0801998539587365,3.7256646792287524,175.87179487179486,32.89513161117488
6745,3.0801998539587365,3.7256646792287524,175.87179487179486,32.89513161117488
6746,3.0801998539587365,3.7256646792287524,175.87179487179486,32.89513161117488
6747,3.0801998539587365,3.7256646792287524,175.87179487179486,32.89513161117488
6748,3.0801998539587365,3.7256646792287524,175.87179487179486,32.89513161117488
6749,3.0801998539587365,3.7256646792287524,175.87179487179486,32.89513161117488
6750,3.0801998539587365,3.7256646792287524,175.87179487179486,32.89513161117488
6751,3.0801998539587365,3.7256646792287524,175.87179487179486,32.89513161117488
6752,3.0801998539587365,3.7256646792287524,175.87179487179486,32.89513161117488
6753,3.0801998539587365,3.7256646792287524,175.87179487179486,32.89513161117488
6754,3.0801998539587365,3.7256646792287524,175.87179487179486,32.89513161117488
6755,3.0801998539587365,3.7256646792287524,175.87179487179486,32.89513161117488
6756,3.0801998539587365,3.7256646792287524,175.87179487179486,32.89513161117488
6757,3.0801998539587365,3.7256646792287524,175.87179487179486,32.89513161117488
6758,3.0801998539587365,3.7256646792287524,175.87179487179486,32.89513161117488
6759,3.0801998539587365,3.7256646792287524,175.87179487179486,32.89513161117488
6760,3.0801998539587365,3.7256646792287524,175.87179487179486,32.89513161117488
6761,3.0801998539587365,3.7256646792287524,175.87179487179486,32.89513161117488
6762,3.0801998539587365,3.7256646792287524,175.87179487179486,32.89513161117488
6763,3.0801998539587365,3.7256646792287524,175.87179487179486,32.89513161117488
6764,3.0801998539587365,3.7256646792287524,175.87179487179486,32.89513161117488
6765,3.0801998539587365,3.7256646792287524,175.87179487179486,32.89513161117488
6766,3.0801998539587365,3.7256646792287524,175.87179487179486,32.89513161117488
6767,3.0801998539587365,3.7256646792287524,175.87179487179486,32.89513161117488
6768,2.8230615449579974,3.547648623236587,168.15384615384616,31.72420919957263
6769,2.8230615449579974,3.547648623236587,168.15384615384616,31.72420919957263
6770,2.8230615449579974,3.547648623236587,168.15384615384616,31.72420919957263
6771,2.8230615449579974,3.547648623236587,168.15384615384616,31.72420919957263
6772,2.8230615449579974,3.547648623236587,168.15384615384616,31.72420919957263
6773,2.8230615449579974,3.547648623236587,168.15384615384616,31.72420919957263
6774,2.8230615449579974,3.547648623236587,168.15384615384616,31.72420919957263
6775,2.8230615449579974,3.547648623236587,168.15384615384616,31.72420919957263
6776,2.8230615449579974,3.547648623236587,168.15384615384616,31.72420919957263
6777,2.8230615449579974,3.547648623236587,168.15384615384616,31.72420919957263
6778,2.8230615449579974,3.547648623236587,168.15384615384616,31.72420919957263
6779,2.8230615449579974,3.547648623236587,168.15384615384616,31.72420919957263
6780,2.8230615449579974,3.547648623236587,168.15384615384616,31.72420919957263
6781,2.8230615449579974,3.547648623236587,168.15384615384616,31.72420919957263
6782,2.8230615449579974,3.547648623236587,168.15384615384616,31.72420919957263
6783,2.8230615449579974,3.547648623236587,168.15384615384616,31.72420919957263
6784,2.8230615449579974,3.547648623236587,168.15384615384616,31.72420919957263
6785,2.8230615449579974,3.547648623236587,168.15384615384616,31.72420919957263
6786,2.8230615449579974,3.547648623236587,168.15384615384616,31.72420919957263
6787,2.8230615449579974,3.547648623236587,168.15384615384616,31.72420919957263
6788,2.8230615449579974,3.547648623236587,168.15384615384616,31.72420919957263
6789,2.8230615449579974,3.547648623236587,168.15384615384616,31.72420919957263
6790,2.8230615449579974,3.547648623236587,168.15384615384616,31.72420919957263
6791,2.8230615449579974,3.547648623236587,168.15384615384616,31.72420919957263
6792,2.8230615449579974,3.547648623236587,168.15384615384616,31.72420919957263
6793,2.8230615449579974,3.547648623236587,168.15384615384616,31.72420919957263
6794,2.8230615449579974,3.547648623236587,168.15384615384616,31.72420919957263
6795,2.8230615449579974,3.547648623236587,168.15384615384616,31.72420919957263
6796,2.8230615449579974,3.547648623236587,168.15384615384616,31.72420919957263
6797,2.8230615449579974,3.547648623236587,168.15384615384616,31.72420919957263
6798,2.8230615449579974,3.547648623236587,168.15384615384616,31.72420919957263
6799,2.8230615449579974,3.547648623236587,168.15384615384616,31.72420919957263
6800,2.8230615449579974,3.547648623236587,168.15384615384616,31.72420919957263
6801,2.8230615449579974,3.547648623236587,168.15384615384616,31.72420919957263
6802,2.8230615449579974,3.547648623236587,168.15384615384616,31.72420919957263
6803,2.8230615449579974,3.547648623236587,168.15384615384616,31.72420919957263
6804,2.8230615449579974,3.547648623236587,168.15384615384616,31.72420919957263
6805,2.8230615449579974,3.547648623236587,168.15384615384616,31.72420919957263
6806,2.8230615449579974,3.547648623236587,168.15384615384616,31.72420919957263
6807,3.0801998539587365,3.7256646792287524,175.87179487179486,32.89513161117488
6808,3.0801998539587365,3.7256646792287524,175.87179487179486,32.89513161117488
6809,3.0801998539587365,3.7256646792287524,175.87179487179486,32.89513161117488
6810,3.0801998539587365,3.7256646792287524,175.87179487179486,32.89513161117488
6811,3.0801998539587365,3.7256646792287524,175.87179487179486,32.89513161117488
6812,3.0801998539587365,3.7256646792287524,175.87179487179486,32.89513161117488
6813,3.0801998539587365,3.7256646792287524,175.87179487179486,32.89513161117488
6814,3.0801998539587365,3.7256646792287524,175.87179487179486,32.89513161117488
6815,3.0801998539587365,3.7256646792287524,175.87179487179486,32.89513161117488
6816,3.0801998539587365,3.7256646792287524,175.87179487179486,32.89513161117488
6817,3.0801998539587365,3.7256646792287524,175.87179487179486,32.89513161117488
6818,3.0801998539587365,3.7256646792287524,175.87179487179486,32.89513161117488
6819,3.0801998539587365,3.7256646792287524,175.87179487179486,32.89513161117488
6820,3.0801998539587365,3.7256646792287524,175.87179487179486,32.89513161117488
6821,3.0801998539587365,3.7256646792287524,175.87179487179486,32.89513161117488
6822,3.0801998539587365,3.7256646792287524,175.87179487179486,32.89513161117488
6823,3.0801998539587365,3.7256646792287524,175.87179487179486,32.89513161117488
6824,3.0801998539587365,3.7256646792287524,175.87179487179486,32.89513161117488
6825,3.0801998539587365,3.7256646792287524,175.87179487179486,32.89513161117488
6826,3.0801998539587365,3.7256646792287524,175.87179487179486,32.89513161117488
6827,3.0801998539587365,3.7256646792287524,175.87179487179486,32.89513161117488
6828,3.0801998539587365,3.7256646792287524,175.87179487179486,32.89513161117488
6829,3.0801998539587365,3.7256646792287524,175.87179487179486,32.89513161117488
6830,3.0801998539587365,3.7256646792287524,175.87179487179486,32.89513161117488
6831,3.0801998539587365,3.7256646792287524,175.87179487179486,32.89513161117488
6832,3.0801998539587365,3.7256646792287524,175.87179487179486,32.89513161117488
6833,3.0801998539587365,3.7256646792287524,175.87179487179486,32.89513161117488
6834,3.0801998539587365,3.7256646792287524,175.87179487179486,32.89513161117488
6835,3.0801998539587365,3.7256646792287524,175.87179487179486,32.89513161117488
6836,3.0801998539587365,3.7256646792287524,175.87179487179486,32.89513161117488
6837,3.0801998539587365,3.7256646792287524,175.87179487179486,32.89513161117488
6838,3.0801998539587365,3.7256646792287524,175.87179487179486,32.89513161117488
6839,3.0801998539587365,3.7256646792287524,175.87179487179486,32.89513161117488
6840,3.0801998539587365,3.7256646792287524,175.87179487179486,32.89513161117488
6841,3.0801998539587365,3.7256646792287524,175.87179487179486,32.89513161117488
6842,3.0801998539587365,3.7256646792287524,175.87179487179486,32.89513161117488
6843,3.0801998539587365,3.7256646792287524,175.87179487179486,32.89513161117488
6844,3.0801998539587365,3.7256646792287524,175.87179487179486,32.89513161117488
6845,3.0801998539587365,3.7256646792287524,175.87179487179486,32.89513161117488
6846,3.0801998539587365,3.7256646792287524,175.87179487179486,32.89513161117488
6847,2.8230615449579974,3.547648623236587,168.15384615384616,31.72420919957263
6848,2.8230615449579974,3.547648623236587,168.15384615384616,31.72420919957263
6849,2.8230615449579974,3.547648623236587,168.15384615384616,31.72420919957263
6850,2.8230615449579974,3.547648623236587,168.15384615384616,31.72420919957263
6851,2.8230615449579974,3.547648623236587,168.15384615384616,31.72420919957263
6852,2.8230615449579974,3.547648623236587,168.15384615384616,31.72420919957263
6853,2.8230615449579974,3.547648623236587,168.15384615384616,31.72420919957263
6854,2.8230615449579974,3.547648623236587,168.15384615384616,31.72420919957263
6855,2.8230615449579974,3.547648623236587,168.15384615384616,31.72420919957263
6856,2.8230615449579974,3.547648623236587,168.15384615384616,31.72420919957263
6857,2.8230615449579974,3.547648623236587,168.15384615384616,31.72420919957263
6858,2.8230615449579974,3.547648623236587,168.15384615384616,31.72420919957263
6859,2.8230615449579974,3.547648623236587,168.15384615384616,31.72420919957263
6860,2.8230615449579974,3.547648623236587,168.15384615384616,31.72420919957263
6861,2.8230615449579974,3.547648623236587,168.15384615384616,31.72420919957263
6862,2.8230615449579974,3.547648623236587,168.15384615384616,31.72420919957263
6863,2.8230615449579974,3.547648623236587,168.15384615384616,31.72420919957263
6864,2.8230615449579974,3.547648623236587,168.15384615384616,31.72420919957263
6865,2.8230615449579974,3.547648623236587,168.15384615384616,31.72420919957263
6866,2.8230615449579974,3.547648623236587,168.15384615384616,31.72420919957263
6867,2.8230615449579974,3.547648623236587,168.15384615384616,31.72420919957263
6868,2.8230615449579974,3.547648623236587,168.15384615384616,31.72420919957263
6869,2.8230615449579974,3.547648623236587,168.15384615384616,31.72420919957263
6870,2.8230615449579974,3.547648623236587,168.15384615384616,31.72420919957263
6871,2.8230615449579974,3.547648623236587,168.15384615384616,31.72420919957263
6872,2.8230615449579974,3.547648623236587,168.15384615384616,31.72420919957263
6873,2.8230615449579974,3.547648623236587,168.15384615384616,31.72420919957263
6874,2.8230615449579974,3.547648623236587,168.15384615384616,31.72420919957263
6875,2.8230615449579974,3.547648623236587,168.15384615384616,31.72420919957263
6876,2.8230615449579974,3.547648623236587,168.15384615384616,31.72420919957263
6877,2.8230615449579974,3.547648623236587,168.15384615384616,31.72420919957263
6878,2.8230615449579974,3.547648623236587,168.15384615384616,31.72420919957263
6879,2.8230615449579974,3.547648623236587,168.15384615384616,31.72420919957263
6880,2.8230615449579974,3.547648623236587,168.15384615384616,31.72420919957263
6881,2.8230615449579974,3.547648623236587,168.15384615384616,31.72420919957263
6882,2.8230615449579974,3.547648623236587,168.15384615384616,31.72420919957263
6883,2.8230615449579974,3.547648623236587,168.15384615384616,31.72420919957263
6884,2.8230615449579974,3.547648623236587,168.15384615384616,31.72420919957263
6885,3.0801998539587365,3.7256646792287524,175.87179487179486,32.89513161117488
6886,3.0801998539587365,3.7256646792287524,175.87179487179486,32.89513161117488
6887,3.0801998539587365,3.7256646792287524,175.87179487179486,32.89513161117488
6888,3.0801998539587365,3.7256646792287524,175.87179487179486,32.89513161117488
6889,3.0801998539587365,3.7256646792287524,175.87179487179486,32.89513161117488
6890,3.0801998539587365,3.7256646792287524,175.87179487179486,32.89513161117488
6891,3.0801998539587365,3.7256646792287524,175.87179487179486,32.89513161117488
6892,3.0801998539587365,3.7256646792287524,175.87179487179486,32.89513161117488
6893,3.0801998539587365,3.7256646792287524,175.87179487179486,32.89513161117488
6894,3.0801998539587365,3.7256646792287524,175.87179487179486,32.89513161117488
6895,3.0801998539587365,3.7256646792287524,175.87179487179486,32.89513161117488
6896,3.0801998539587365,3.7256646792287524,175.87179487179486,32.89513161117488
6897,3.0801998539587365,3.7256646792287524,175.87179487179486,32.89513161117488
6898,3.0801998539587365,3.7256646792287524,175.87179487179486,32.89513161117488
6899,3.0801998539587365,3.7256646792287524,175.87179487179486,32.89513161117488
6900,3.0801998539587365,3.7256646792287524,175.87179487179486,32.89513161117488
6901,3.0801998539587365,3.7256646792287524,175.87179487179486,32.89513161117488
6902,3.0801998539587365,3.7256646792287524,175.87179487179486,32.89513161117488
6903,3.0801998539587365,3.7256646792287524,175.87179487179486,32.89513161117488
6904,3.0801998539587365,3.7256646792287524,175.87179487179486,32.89513161117488
6905,3.0801998539587365,3.7256646792287524,175.87179487179486,32.89513161117488
6906,3.0801998539587365,3.7256646792287524,175.87179487179486,32.89513161117488
6907,3.0801998539587365,3.7256646792287524,175.87179487179486,32.89513161117488
6908,3.0801998539587365,3.7256646792287524,175.87179487179486,32.89513161117488
6909,3.0801998539587365,3.7256646792287524,175.87179487179486,32.89513161117488
6910,3.0801998539587365,3.7256646792287524,175.87179487179486,32.89513161117488
6911,3.0801998539587365,3.7256646792287524,175.87179487179486,32.89513161117488
6912,3.0801998539587365,3.7256646792287524,175.87179487179486,32.89513161117488
6913,3.0801998539587365,3.7256646792287524,175.87179487179486,32.89513161117488
6914,3.0801998539587365,3.7256646792287524,175.87179487179486,32.89513161117488
6915,3.0801998539587365,3.7256646792287524,175.87179487179486,32.89513161117488
6916,3.0801998539587365,3.7256646792287524,175.87179487179486,32.89513161117488
6917,3.0801998539587365,3.7256646792287524,175.87179487179486,32.89513161117488
6918,3.0801998539587365,3.7256646792287524,175.87179487179486,32.89513161117488
6919,3.0801998539587365,3.7256646792287524,175.87179487179486,32.89513161117488
6920,3.0801998539587365,3.7256646792287524,175.87179487179486,32.89513161117488
6921,3.0801998539587365,3.7256646792287524,175.87179487179486,32.89513161117488
6922,3.0801998539587365,3.7256646792287524,175.87179487179486,32.89513161117488
6923,3.0801998539587365,3.7256646792287524,175.87179487179486,32.89513161117488
6924,2.8230615449579974,3.547648623236587,168.15384615384616,31.72420919957263
6925,2.8230615449579974,3.547648623236587,168.15384615384616,31.72420919957263
6926,2.8230615449579974,3.547648623236587,168.15384615384616,31.72420919957263
6927,2.8230615449579974,3.547648623236587,168.15384615384616,31.72420919957263
6928,2.8230615449579974,3.547648623236587,168.15384615384616,31.72420919957263
6929,2.8230615449579974,3.547648623236587,168.15384615384616,31.72420919957263
6930,2.8230615449579974,3.547648623236587,168.15384615384616,31.72420919957263
6931,2.8230615449579974,3.547648623236587,168.15384615384616,31.72420919957263
6932,2.8230615449579974,3.547648623236587,168.15384615384616,31.72420919957263
6933,2.8230615449579974,3.547648623236587,168.15384615384616,31.72420919957263
6934,2.8230615449579974,3.547648623236587,168.15384615384616,31.72420919957263
6935,2.8230615449579974,3.547648623236587,168.15384615384616,31.72420919957263
6936,2.8230615449579974,3.547648623236587,168.15384615384616,31.72420919957263
6937,2.8230615449579974,3.547648623236587,168.15384615384616,31.72420919957263
6938,2.8230615449579974,3.547648623236587,168.15384615384616,31.72420919957263
6939,2.8230615449579974,3.547648623236587,168.15384615384616,31.72420919957263
6940,2.8230615449579974,3.547648623236587,168.15384615384616,31.72420919957263
6941,2.8230615449579974,3.547648623236587,168.15384615384616,31.72420919957263
6942,2.8230615449579974,3.547648623236587,168.15384615384616,31.72420919957263
6943,2.8230615449579974,3.547648623236587,168.15384615384616,31.72420919957263
6944,2.8230615449579974,3.547648623236587,168.15384615384616,31.72420919957263
6945,2.8230615449579974,3.547648623236587,168.15384615384616,31.72420919957263
6946,2.8230615449579974,3.547648623236587,168.15384615384616,31.72420919957263
6947,2.8230615449579974,3.547648623236587,168.15384615384616,31.72420919957263
6948,2.8230615449579974,3.547648623236587,168.15384615384616,31.72420919957263
6949,2.8230615449579974,3.547648623236587,168.15384615384616,31.72420919957263
6950,2.8230615449579974,3.547648623236587,168.15384615384616,31.72420919957263
6951,2.8230615449579974,3.547648623236587,168.15384615384616,31.72420919957263
6952,2.8230615449579974,3.547648623236587,168.15384615384616,31.72420919957263
6953,2.8230615449579974,3.547648623236587,168.15384615384616,31.72420919957263
6954,2.8230615449579974,3.547648623236587,168.15384615384616,31.72420919957263
6955,2.8230615449579974,3.547648623236587,168.15384615384616,31.72420919957263
6956,2.8230615449579974,3.547648623236587,168.15384615384616,31.72420919957263
6957,2.8230615449579974,3.547648623236587,168.15384615384616,31.72420919957263
6958,2.8230615449579974,3.547648623236587,168.15384615384616,31.72420919957263
6959,2.8230615449579974,3.547648623236587,168.15384615384616,31.72420919957263
6960,2.8230615449579974,3.547648623236587,168.15384615384616,31.72420919957263
6961,3.0801998539587365,3.7256646792287524,175.87179487179486,32.89513161117488
6962,3.0801998539587365,3.7256646792287524,175.87179487179486,32.89513161117488
6963,3.0801998539587365,3.7256646792287524,175.87179487179486,32.89513161117488
6964,3.0801998539587365,3.7256646792287524,175.87179487179486,32.89513161117488
6965,3.0801998539587365,3.7256646792287524,175.87179487179486,32.89513161117488
6966,3.0801998539587365,3.7256646792287524,175.87179487179486,32.89513161117488
6967,3.0801998539587365,3.7256646792287524,175.87179487179486,32.89513161117488
6968,3.0801998539587365,3.7256646792287524,175.87179487179486,32.89513161117488
6969,3.0801998539587365,3.7256646792287524,175.87179487179486,32.89513161117488
6970,3.0801998539587365,3.7256646792287524,175.87179487179486,32.89513161117488
6971,3.0801998539587365,3.7256646792287524,175.87179487179486,32.89513161117488
6972,3.0801998539587365,3.7256646792287524,175.87179487179486,32.89513161117488
6973,3.0801998539587365,3.7256646792287524,175.87179487179486,32.89513161117488
6974,3.0801998539587365,3.7256646792287524,175.87179487179486,32.89513161117488
6975,3.0801998539587365,3.7256646792287524,175.87179487179486,32.89513161117488
6976,3.0801998539587365,3.7256646792287524,175.87179487179486,32.89513161117488
6977,3.0801998539587365,3.7256646792287524,175.87179487179486,32.89513161117488
6978,3.0801998539587365,3.7256646792287524,175.87179487179486,32.89513161117488
6979,3.0801998539587365,3.7256646792287524,175.87179487179486,32.89513161117488
6980,3.0801998539587365,3.7256646792287524,175.87179487179486,32.89513161117488
6981,3.0801998539587365,3.7256646792287524,175.87179487179486,32.89513161117488
6982,3.0801998539587365,3.7256646792287524,175.87179487179486,32.89513161117488
6983,3.0801998539587365,3.7256646792287524,175.87179487179486,32.89513161117488
6984,3.0801998539587365,3.7256646792287524,175.87179487179486,32.89513161117488
6985,3.0801998539587365,3.7256646792287524,175.87179487179486,32.89513161117488
6986,3.0801998539587365,3.7256646792287524,175.87179487179486,32.89513161117488
6987,3.0801998539587365,3.7256646792287524,175.87179487179486,32.89513161117488
6988,3.0801998539587365,3.7256646792287524,175.87179487179486,32.89513161117488
6989,3.0801998539587365,3.7256646792287524,175.87179487179486,32.89513161117488
6990,3.0801998539587365,3.7256646792287524,175.87179487179486,32.89513161117488
6991,3.0801998539587365,3.7256646792287524,175.87179487179486,32.89513161117488
6992,3.0801998539587365,3.7256646792287524,175.87179487179486,32.89513161117488
6993,3.0801998539587365,3.7256646792287524,175.87179487179486,32.89513161117488
6994,3.0801998539587365,3.7256646792287524,175.87179487179486,32.89513161117488
6995,3.0801998539587365,3.7256646792287524,175.87179487179486,32.89513161117488
6996,3.0801998539587365,3.7256646792287524,175.87179487179486,32.89513161117488
6997,3.0801998539587365,3.7256646792287524,175.87179487179486,32.89513161117488
6998,3.0801998539587365,3.7256646792287524,175.87179487179486,32.89513161117488
6999,2.8230615449579974,3.547648623236587,168.15384615384616,31.72420919957263
7000,2.8230615449579974,3.547648623236587,168.15384615384616,31.72420919957263
7001,2.8230615449579974,3.547648623236587,168.15384615384616,31.72420919957263
7002,2.8230615449579974,3.547648623236587,168.15384615384616,31.72420919957263
7003,2.8230615449579974,3.547648623236587,168.15384615384616,31.72420919957263
7004,2.8230615449579974,3.547648623236587,168.15384615384616,31.72420919957263
7005,2.8230615449579974,3.547648623236587,168.15384615384616,31.72420919957263
7006,2.8230615449579974,3.547648623236587,168.15384615384616,31.72420919957263
7007,2.8230615449579974,3.547648623236587,168.15384615384616,31.72420919957263
7008,2.8230615449579974,3.547648623236587,168.15384615384616,31.72420919957263
7009,2.8230615449579974,3.547648623236587,168.15384615384616,31.72420919957263
7010,2.8230615449579974,3.547648623236587,168.15384615384616,31.72420919957263
7011,2.8230615449579974,3.547648623236587,168.15384615384616,31.72420919957263
7012,2.8230615449579974,3.547648623236587,168.15384615384616,31.72420919957263
7013,2.8230615449579974,3.547648623236587,168.15384615384616,31.72420919957263
7014,2.8230615449579974,3.547648623236587,168.15384615384616,31.72420919957263
7015,2.8230615449579974,3.547648623236587,168.15384615384616,31.72420919957263
7016,2.8230615449579974,3.547648623236587,168.15384615384616,31.72420919957263
7017,2.8230615449579974,3.547648623236587,168.15384615384616,31.72420919957263
7018,2.8230615449579974,3.547648623236587,168.15384615384616,31.72420919957263
7019,2.8230615449579974,3.547648623236587,168.15384615384616,31.72420919957263
7020,2.8230615449579974,3.547648623236587,168.15384615384616,31.72420919957263
7021,2.8230615449579974,3.547648623236587,168.15384615384616,31.72420919957263
7022,2.8230615449579974,3.547648623236587,168.15384615384616,31.72420919957263
7023,2.8230615449579974,3.547648623236587,168.15384615384616,31.72420919957263
7024,2.8230615449579974,3.547648623236587,168.15384615384616,31.72420919957263
7025,2.8230615449579974,3.547648623236587,168.15384615384616,31.72420919957263
7026,2.8230615449579974,3.547648623236587,168.15384615384616,31.72420919957263
7027,2.8230615449579974,3.547648623236587,168.15384615384616,31.72420919957263
7028,2.8230615449579974,3.547648623236587,168.15384615384616,31.72420919957263
7029,2.8230615449579974,3.547648623236587,168.15384615384616,31.72420919957263
7030,2.8230615449579974,3.547648623236587,168.15384615384616,31.72420919957263
7031,2.8230615449579974,3.547648623236587,168.15384615384616,31.72420919957263
7032,2.8230615449579974,3.547648623236587,168.15384615384616,31.72420919957263
7033,2.8230615449579974,3.547648623236587,168.15384615384616,31.72420919957263
7034,2.8230615449579974,3.547648623236587,168.15384615384616,31.72420919957263
7035,3.0801998539587365,3.7256646792287524,175.87179487179486,32.89513161117488
7036,3.0801998539587365,3.7256646792287524,175.87179487179486,32.89513161117488
7037,3.0801998539587365,3.7256646792287524,175.87179487179486,32.89513161117488
7038,3.0801998539587365,3.7256646792287524,175.87179487179486,32.89513161117488
7039,3.0801998539587365,3.7256646792287524,175.87179487179486,32.89513161117488
7040,3.0801998539587365,3.7256646792287524,175.87179487179486,32.89513161117488
7041,3.0801998539587365,3.7256646792287524,175.87179487179486,32.89513161117488
7042,3.0801998539587365,3.7256646792287524,175.87179487179486,32.89513161117488
7043,3.0801998539587365,3.7256646792287524,175.87179487179486,32.89513161117488
7044,3.0801998539587365,3.7256646792287524,175.87179487179486,32.89513161117488
7045,3.0801998539587365,3.7256646792287524,175.87179487179486,32.89513161117488
7046,3.0801998539587365,3.7256646792287524,175.87179487179486,32.89513161117488
7047,3.0801998539587365,3.7256646792287524,175.87179487179486,32.89513161117488
7048,3.0801998539587365,3.7256646792287524,175.87179487179486,32.89513161117488
7049,3.0801998539587365,3.7256646792287524,175.87179487179486,32.89513161117488
7050,3.0801998539587365,3.7256646792287524,175.87179487179486,32.89513161117488
7051,3.0801998539587365,3.7256646792287524,175.87179487179486,32.89513161117488
7052,3.0801998539587365,3.7256646792287524,175.87179487179486,32.89513161117488
7053,3.0801998539587365,3.7256646792287524,175.87179487179486,32.89513161117488
7054,3.0801998539587365,3.7256646792287524,175.87179487179486,32.89513161117488
7055,3.0801998539587365,3.7256646792287524,175.87179487179486,32.89513161117488
7056,3.0801998539587365,3.7256646792287524,175.87179487179486,32.89513161117488
7057,3.0801998539587365,3.7256646792287524,175.87179487179486,32.89513161117488
7058,3.0801998539587365,3.7256646792287524,175.87179487179486,32.89513161117488
7059,3.0801998539587365,3.7256646792287524,175.87179487179486,32.89513161117488
7060,3.0801998539587365,3.7256646792287524,175.87179487179486,32.89513161117488
7061,3.0801998539587365,3.7256646792287524,175.87179487179486,32.89513161117488
7062,3.0801998539587365,3.7256646792287524,175.87179487179486,32.89513161117488
7063,3.0801998539587365,3.7256646792287524,175.87179487179486,32.89513161117488
7064,3.0801998539587365,3.7256646792287524,175.87179487179486,32.89513161117488
7065,3.0801998539587365,3.7256646792287524,175.87179487179486,32.89513161117488
7066,3.0801998539587365,3.7256646792287524,175.87179487179486,32.89513161117488
7067,3.0801998539587365,3.7256646792287524,175.87179487179486,32.89513161117488
7068,3.0801998539587365,3.7256646792287524,175.87179487179486,32.89513161117488
7069,3.0801998539587365,3.7256646792287524,175.87179487179486,32.89513161117488
7070,3.0801998539587365,3.7256646792287524,175.87179487179486,32.89513161117488
7071,3.0801998539587365,3.7256646792287524,175.87179487179486,32.89513161117488
7072,2.8230615449579974,3.547648623236587,168.15384615384616,31.72420919957263
7073,2.8230615449579974,3.547648623236587,168.15384615384616,31.72420919957263
7074,2.8230615449579974,3.547648623236587,168.15384615384616,31.72420919957263
7075,2.8230615449579974,3.547648623236587,168.15384615384616,31.72420919957263
7076,2.8230615449579974,3.547648623236587,168.15384615384616,31.72420919957263
7077,2.8230615449579974,3.547648623236587,168.15384615384616,31.72420919957263
7078,2.8230615449579974,3.547648623236587,168.15384615384616,31.72420919957263
7079,2.8230615449579974,3.547648623236587,168.15384615384616,31.72420919957263
7080,2.8230615449579974,3.547648623236587,168.15384615384616,31.72420919957263
7081,2.8230615449579974,3.547648623236587,168.15384615384616,31.72420919957263
7082,2.8230615449579974,3.547648623236587,168.15384615384616,31.72420919957263
7083,2.8230615449579974,3.547648623236587,168.15384615384616,31.72420919957263
7084,2.8230615449579974,3.547648623236587,168.15384615384616,31.72420919957263
7085,2.8230615449579974,3.547648623236587,168.15384615384616,31.72420919957263
7086,2.8230615449579974,3.547648623236587,168.15384615384616,31.72420919957263
7087,2.8230615449579974,3.547648623236587,168.15384615384616,31.72420919957263
7088,2.8230615449579974,3.547648623236587,168.15384615384616,31.72420919957263
7089,2.8230615449579974,3.547648623236587,168.15384615384616,31.72420919957263
7090,2.8230615449579974,3.547648623236587,168.15384615384616,31.72420919957263
7091,2.8230615449579974,3.547648623236587,168.15384615384616,31.72420919957263
7092,2.8230615449579974,3.547648623236587,168.15384615384616,31.72420919957263
7093,2.8230615449579974,3.547648623236587,168.15384615384616,31.72420919957263
7094,2.8230615449579974,3.547648623236587,168.15384615384616,31.72420919957263
7095,2.8230615449579974,3.547648623236587,168.15384615384616,31.72420919957263
7096,2.8230615449579974,3.547648623236587,168.15384615384616,31.72420919957263
7097,2.8230615449579974,3.547648623236587,168.15384615384616,31.72420919957263
7098,2.8230615449579974,3.547648623236587,168.15384615384616,31.72420919957263
7099,2.8230615449579974,3.547648623236587,168.15384615384616,31.72420919957263
7100,2.8230615449579974,3.547648623236587,168.15384615384616,31.72420919957263
7101,2.8230615449579974,3.547648623236587,168.15384615384616,31.72420919957263
7102,2.8230615449579974,3.547648623236587,168.15384615384616,31.72420919957263
7103,2.8230615449579974,3.547648623236587,168.15384615384616,31.72420919957263
7104,2.8230615449579974,3.547648623236587,168.15384615384616,31.72420919957263
7105,2.8230615449579974,3.547648623236587,168.15384615384616,31.72420919957263
7106,2.8230615449579974,3.547648623236587,168.15384615384616,31.72420919957263
7107,3.0801998539587365,3.7256646792287524,175.87179487179486,32.89513161117488
7108,3.0801998539587365,3.7256646792287524,175.87179487179486,32.89513161117488
7109,3.0801998539587365,3.7256646792287524,175.87179487179486,32.89513161117488
7110,3.0801998539587365,3.7256646792287524,175.87179487179486,32.89513161117488
7111,3.0801998539587365,3.7256646792287524,175.87179487179486,32.89513161117488
7112,3.0801998539587365,3.7256646792287524,175.87179487179486,32.89513161117488
7113,3.0801998539587365,3.7256646792287524,175.87179487179486,32.89513161117488
7114,3.0801998539587365,3.7256646792287524,175.87179487179486,32.89513161117488
7115,3.0801998539587365,3.7256646792287524,175.87179487179486,32.89513161117488
7116,3.0801998539587365,3.7256646792287524,175.87179487179486,32.89513161117488
7117,3.0801998539587365,3.7256646792287524,175.87179487179486,32.89513161117488
7118,3.0801998539587365,3.7256646792287524,175.87179487179486,32.89513161117488
7119,3.0801998539587365,3.7256646792287524,175.87179487179486,32.89513161117488
7120,3.0801998539587365,3.7256646792287524,175.87179487179486,32.89513161117488
7121,3.0801998539587365,3.7256646792287524,175.87179487179486,32.89513161117488
7122,3.0801998539587365,3.7256646792287524,175.87179487179486,32.89513161117488
7123,3.0801998539587365,3.7256646792287524,175.87179487179486,32.89513161117488
7124,3.0801998539587365,3.7256646792287524,175.87179487179486,32.89513161117488
7125,3.0801998539587365,3.7256646792287524,175.87179487179486,32.89513161117488
7126,3.0801998539587365,3.7256646792287524,175.87179487179486,32.89513161117488
7127,3.0801998539587365,3.7256646792287524,175.87179487179486,32.89513161117488
7128,3.0801998539587365,3.7256646792287524,175.87179487179486,32.89513161117488
7129,3.0801998539587365,3.7256646792287524,175.87179487179486,32.89513161117488
7130,3.0801998539587365,3.7256646792287524,175.87179487179486,32.89513161117488
7131,3.0801998539587365,3.7256646792287524,175.87179487179486,32.89513161117488
7132,3.0801998539587365,3.7256646792287524,175.87179487179486,32.89513161117488
7133,3.0801998539587365,3.7256646792287524,175.87179487179486,32.89513161117488
7134,3.0801998539587365,3.7256646792287524,175.87179487179486,32.89513161117488
7135,3.0801998539587365,3.7256646792287524,175.87179487179486,32.89513161117488
7136,3.0801998539587365,3.7256646792287524,175.87179487179486,32.89513161117488
7137,3.0801998539587365,3.7256646792287524,175.87179487179486,32.89513161117488
7138,3.0801998539587365,3.7256646792287524,175.87179487179486,32.89513161117488
7139,3.0801998539587365,3.7256646792287524,175.87179487179486,32.89513161117488
7140,3.0801998539587365,3.7256646792287524,175.87179487179486,32.89513161117488
7141,3.0801998539587365,3.7256646792287524,175.87179487179486,32.89513161117488
7142,3.0801998539587365,3.7256646792287524,175.87179487179486,32.89513161117488
7143,2.8230615449579974,3.547648623236587,168.15384615384616,31.72420919957263
7144,2.8230615449579974,3.547648623236587,168.15384615384616,31.72420919957263
7145,2.8230615449579974,3.547648623236587,168.15384615384616,31.72420919957263
7146,2.8230615449579974,3.547648623236587,168.15384615384616,31.72420919957263
7147,2.8230615449579974,3.547648623236587,168.15384615384616,31.72420919957263
7148,2.8230615449579974,3.547648623236587,168.15384615384616,31.72420919957263
7149,2.8230615449579974,3.547648623236587,168.15384615384616,31.72420919957263
7150,2.8230615449579974,3.547648623236587,168.15384615384616,31.72420919957263
7151,2.8230615449579974,3.547648623236587,168.15384615384616,31.72420919957263
7152,2.8230615449579974,3.547648623236587,168.15384615384616,31.72420919957263
7153,2.8230615449579974,3.547648623236587,168.15384615384616,31.72420919957263
7154,2.8230615449579974,3.547648623236587,168.15384615384616,31.72420919957263
7155,2.8230615449579974,3.547648623236587,168.15384615384616,31.72420919957263
7156,2.8230615449579974,3.547648623236587,168.15384615384616,31.72420919957263
7157,2.8230615449579974,3.547648623236587,168.15384615384616,31.72420919957263
7158,2.8230615449579974,3.547648623236587,168.15384615384616,31.72420919957263
7159,2.8230615449579974,3.547648623236587,168.15384615384616,31.72420919957263
7160,2.8230615449579974,3.547648623236587,168.15384615384616,31.72420919957263
7161,2.8230615449579974,3.547648623236587,168.15384615384616,31.72420919957263
7162,2.8230615449579974,3.547648623236587,168.15384615384616,31.72420919957263
7163,2.8230615449579974,3.547648623236587,168.15384615384616,31.72420919957263
7164,2.8230615449579974,3.547648623236587,168.15384615384616,31.72420919957263
7165,2.8230615449579974,3.547648623236587,168.15384615384616,31.72420919957263
7166,2.8230615449579974,3.547648623236587,168.15384615384616,31.72420919957263
7167,2.8230615449579974,3.547648623236587,168.15384615384616,31.72420919957263
7168,2.8230615449579974,3.547648623236587,168.15384615384616,31.72420919957263
7169,2.8230615449579974,3.547648623236587,168.15384615384616,31.72420919957263
7170,2.8230615449579974,3.547648623236587,168.15384615384616,31.72420919957263
7171,2.8230615449579974,3.547648623236587,168.15384615384616,31.72420919957263
7172,2.8230615449579974,3.547648623236587,168.15384615384616,31.72420919957263
7173,2.8230615449579974,3.547648623236587,168.15384615384616,31.72420919957263
7174,2.8230615449579974,3.547648623236587,168.15384615384616,31.72420919957263
7175,2.8230615449579974,3.547648623236587,168.15384615384616,31.72420919957263
7176,2.8230615449579974,3.547648623236587,168.15384615384616,31.72420919957263
7177,3.0801998539587365,3.7256646792287524,175.87179487179486,32.89513161117488
7178,3.0801998539587365,3.7256646792287524,175.87179487179486,32.89513161117488
7179,3.0801998539587365,3.7256646792287524,175.87179487179486,32.89513161117488
7180,3.0801998539587365,3.7256646792287524,175.87179487179486,32.89513161117488
7181,3.0801998539587365,3.7256646792287524,175.87179487179486,32.89513161117488
7182,3.0801998539587365,3.7256646792287524,175.87179487179486,32.89513161117488
7183,3.0801998539587365,3.7256646792287524,175.87179487179486,32.89513161117488
7184,3.0801998539587365,3.7256646792287524,175.87179487179486,32.89513161117488
7185,3.0801998539587365,3.7256646792287524,175.87179487179486,32.89513161117488
7186,3.0801998539587365,3.7256646792287524,175.87179487179486,32.89513161117488
7187,3.0801998539587365,3.7256646792287524,175.87179487179486,32.89513161117488
7188,3.0801998539587365,3.7256646792287524,175.87179487179486,32.89513161117488
7189,3.0801998539587365,3.7256646792287524,175.87179487179486,32.89513161117488
7190,3.0801998539587365,3.7256646792287524,175.87179487179486,32.89513161117488
7191,3.0801998539587365,3.7256646792287524,175.87179487179486,32.89513161117488
7192,3.0801998539587365,3.7256646792287524,175.87179487179486,32.89513161117488
7193,3.0801998539587365,3.7256646792287524,175.87179487179486,32.89513161117488
7194,3.0801998539587365,3.7256646792287524,175.87179487179486,32.89513161117488
7195,3.0801998539587365,3.7256646792287524,175.87179487179486,32.89513161117488
7196,3.0801998539587365,3.7256646792287524,175.87179487179486,32.89513161117488
7197,3.0801998539587365,3.7256646792287524,175.87179487179486,32.89513161117488
7198,3.0801998539587365,3.7256646792287524,175.87179487179486,32.89513161117488
7199,3.0801998539587365,3.7256646792287524,175.87179487179486,32.89513161117488
7200,3.0801998539587365,3.7256646792287524,175.87179487179486,32.89513161117488
7201,3.0801998539587365,3.7256646792287524,175.87179487179486,32.89513161117488
7202,3.0801998539587365,3.7256646792287524,175.87179487179486,32.89513161117488
7203,3.0801998539587365,3.7256646792287524,175.87179487179486,32.89513161117488
7204,3.0801998539587365,3.7256646792287524,175.87179487179486,32.89513161117488
7205,3.0801998539587365,3.7256646792287524,175.87179487179486,32.89513161117488
7206,3.0801998539587365,3.7256646792287524,175.87179487179486,32.89513161117488
7207,3.0801998539587365,3.7256646792287524,175.87179487179486,32.89513161117488
7208,3.0801998539587365,3.7256646792287524,175.87179487179486,32.89513161117488
7209,3.0801998539587365,3.7256646792287524,175.87179487179486,32.89513161117488
7210,3.0801998539587365,3.7256646792287524,175.87179487179486,32.89513161117488
7211,3.0801998539587365,3.7256646792287524,175.87179487179486,32.89513161117488
7212,2.8230615449579974,3.547648623236587,168.15384615384616,31.72420919957263
7213,2.8230615449579974,3.547648623236587,168.15384615384616,31.72420919957263
7214,2.8230615449579974,3.547648623236587,168.15384615384616,31.72420919957263
7215,2.8230615449579974,3.547648623236587,168.15384615384616,31.72420919957263
7216,2.8230615449579974,3.547648623236587,168.15384615384616,31.72420919957263
7217,2.8230615449579974,3.547648623236587,168.15384615384616,31.72420919957263
7218,2.8230615449579974,3.547648623236587,168.15384615384616,31.72420919957263
7219,2.8230615449579974,3.547648623236587,168.15384615384616,31.72420919957263
7220,2.8230615449579974,3.547648623236587,168.15384615384616,31.72420919957263
7221,2.8230615449579974,3.547648623236587,168.15384615384616,31.72420919957263
7222,2.8230615449579974,3.547648623236587,168.15384615384616,31.72420919957263
7223,2.8230615449579974,3.547648623236587,168.15384615384616,31.72420919957263
7224,2.8230615449579974,3.547648623236587,168.15384615384616,31.72420919957263
7225,2.8230615449579974,3.547648623236587,168.15384615384616,31.72420919957263
7226,2.8230615449579974,3.547648623236587,168.15384615384616,31.72420919957263
7227,2.8230615449579974,3.547648623236587,168.15384615384616,31.72420919957263
7228,2.8230615449579974,3.547648623236587,168.15384615384616,31.72420919957263
7229,2.8230615449579974,3.547648623236587,168.15384615384616,31.72420919957263
7230,2.8230615449579974,3.547648623236587,168.15384615384616,31.72420919957263
7231,2.8230615449579974,3.547648623236587,168.15384615384616,31.72420919957263
7232,2.8230615449579974,3.547648623236587,168.15384615384616,31.72420919957263
7233,2.8230615449579974,3.547648623236587,168.15384615384616,31.72420919957263
7234,2.8230615449579974,3.547648623236587,168.15384615384616,31.72420919957263
7235,2.8230615449579974,3.547648623236587,168.15384615384616,31.72420919957263
7236,2.8230615449579974,3.547648623236587,168.15384615384616,31.72420919957263
7237,2.8230615449579974,3.547648623236587,168.15384615384616,31.72420919957263
7238,2.8230615449579974,3.547648623236587,168.15384615384616,31.72420919957263
7239,2.8230615449579974,3.547648623236587,168.15384615384616,31.72420919957263
7240,2.8230615449579974,3.547648623236587,168.15384615384616,31.72420919957263
7241,2.8230615449579974,3.547648623236587,168.15384615384616,31.72420919957263
7242,2.8230615449579974,3.547648623236587,168.15384615384616,31.72420919957263
7243,2.8230615449579974,3.547648623236587,168.15384615384616,31.72420919957263
7244,2.8230615449579974,3.547648623236587,168.15384615384616,31.72420919957263
7245,3.0801998539587365,3.7256646792287524,175.87179487179486,32.89513161117488
7246,3.0801998539587365,3.7256646792287524,175.87179487179486,32.89513161117488
7247,3.0801998539587365,3.7256646792287524,175.87179487179486,32.89513161117488
7248,3.0801998539587365,3.7256646792287524,175.87179487179486,32.89513161117488
7249,3.0801998539587365,3.7256646792287524,175.87179487179486,32.89513161117488
7250,3.0801998539587365,3.7256646792287524,175.87179487179486,32.89513161117488
7251,3.0801998539587365,3.7256646792287524,175.87179487179486,32.89513161117488
7252,3.0801998539587365,3.7256646792287524,175.87179487179486,32.89513161117488
7253,3.0801998539587365,3.7256646792287524,175.87179487179486,32.89513161117488
7254,3.0801998539587365,3.7256646792287524,175.87179487179486,32.89513161117488
7255,3.0801998539587365,3.7256646792287524,175.87179487179486,32.89513161117488
7256,3.0801998539587365,3.7256646792287524,175.87179487179486,32.89513161117488
7257,3.0801998539587365,3.7256646792287524,175.87179487179486,32.89513161117488
7258,3.0801998539587365,3.7256646792287524,175.87179487179486,32.89513161117488
7259,3.0801998539587365,3.7256646792287524,175.87179487179486,32.89513161117488
7260,3.0801998539587365,3.7256646792287524,175.87179487179486,32.89513161117488
7261,3.0801998539587365,3.7256646792287524,175.87179487179486,32.89513161117488
7262,3.0801998539587365,3.7256646792287524,175.87179487179486,32.89513161117488
7263,3.0801998539587365,3.7256646792287524,175.87179487179486,32.89513161117488
7264,3.0801998539587365,3.7256646792287524,175.87179487179486,32.89513161117488
7265,3.0801998539587365,3.7256646792287524,175.87179487179486,32.89513161117488
7266,3.0801998539587365,3.7256646792287524,175.87179487179486,32.89513161117488
7267,3.0801998539587365,3.7256646792287524,175.87179487179486,32.89513161117488
7268,3.0801998539587365,3.7256646792287524,175.87179487179486,32.89513161117488
7269,3.0801998539587365,3.7256646792287524,175.87179487179486,32.89513161117488
7270,3.0801998539587365,3.7256646792287524,175.87179487179486,32.89513161117488
7271,3.0801998539587365,3.7256646792287524,175.87179487179486,32.89513161117488
7272,3.0801998539587365,3.7256646792287524,175.87179487179486,32.89513161117488
7273,3.0801998539587365,3.7256646792287524,175.87179487179486,32.89513161117488
7274,3.0801998539587365,3.7256646792287524,175.87179487179486,32.89513161117488
7275,3.0801998539587365,3.7256646792287524,175.87179487179486,32.89513161117488
7276,3.0801998539587365,3.7256646792287524,175.87179487179486,32.89513161117488
7277,3.0801998539587365,3.7256646792287524,175.87179487179486,32.89513161117488
7278,3.0801998539587365,3.7256646792287524,175.87179487179486,32.89513161117488
7279,2.8230615449579974,3.547648623236587,168.15384615384616,31.72420919957263
7280,2.8230615449579974,3.547648623236587,168.15384615384616,31.72420919957263
7281,2.8230615449579974,3.547648623236587,168.15384615384616,31.72420919957263
7282,2.8230615449579974,3.547648623236587,168.15384615384616,31.72420919957263
7283,2.8230615449579974,3.547648623236587,168.15384615384616,31.72420919957263
7284,2.8230615449579974,3.547648623236587,168.15384615384616,31.72420919957263
7285,2.8230615449579974,3.547648623236587,168.15384615384616,31.72420919957263
7286,2.8230615449579974,3.547648623236587,168.15384615384616,31.72420919957263
7287,2.8230615449579974,3.547648623236587,168.15384615384616,31.72420919957263
7288,2.8230615449579974,3.547648623236587,168.15384615384616,31.72420919957263
7289,2.8230615449579974,3.547648623236587,168.15384615384616,31.72420919957263
7290,2.8230615449579974,3.547648623236587,168.15384615384616,31.72420919957263
7291,2.8230615449579974,3.547648623236587,168.15384615384616,31.72420919957263
7292,2.8230615449579974,3.547648623236587,168.15384615384616,31.72420919957263
7293,2.8230615449579974,3.547648623236587,168.15384615384616,31.72420919957263
7294,2.8230615449579974,3.547648623236587,168.15384615384616,31.72420919957263
7295,2.8230615449579974,3.547648623236587,168.15384615384616,31.72420919957263
7296,2.8230615449579974,3.547648623236587,168.15384615384616,31.72420919957263
7297,2.8230615449579974,3.547648623236587,168.15384615384616,31.72420919957263
7298,2.8230615449579974,3.547648623236587,168.15384615384616,31.72420919957263
7299,2.8230615449579974,3.547648623236587,168.15384615384616,31.72420919957263
7300,2.8230615449579974,3.547648623236587,168.15384615384616,31.72420919957263
7301,2.8230615449579974,3.547648623236587,168.15384615384616,31.72420919957263
7302,2.8230615449579974,3.547648623236587,168.15384615384616,31.72420919957263
7303,2.8230615449579974,3.547648623236587,168.15384615384616,31.72420919957263
7304,2.8230615449579974,3.547648623236587,168.15384615384616,31.72420919957263
7305,2.8230615449579974,3.547648623236587,168.15384615384616,31.72420919957263
7306,2.8230615449579974,3.547648623236587,168.15384615384616,31.72420919957263
7307,2.8230615449579974,3.547648623236587,168.15384615384616,31.72420919957263
7308,2.8230615449579974,3.547648623236587,168.15384615384616,31.72420919957263
7309,2.8230615449579974,3.547648623236587,168.15384615384616,31.72420919957263
7310,2.8230615449579974,3.547648623236587,168.15384615384616,31.72420919957263
7311,3.0801998539587365,3.7256646792287524,175.87179487179486,32.89513161117488
7312,3.0801998539587365,3.7256646792287524,175.87179487179486,32.89513161117488
7313,3.0801998539587365,3.7256646792287524,175.87179487179486,32.89513161117488
7314,3.0801998539587365,3.7256646792287524,175.87179487179486,32.89513161117488
7315,3.0801998539587365,3.7256646792287524,175.87179487179486,32.89513161117488
7316,3.0801998539587365,3.7256646792287524,175.87179487179486,32.89513161117488
7317,3.0801998539587365,3.7256646792287524,175.87179487179486,32.89513161117488
7318,3.0801998539587365,3.7256646792287524,175.87179487179486,32.89513161117488
7319,3.0801998539587365,3.7256646792287524,175.87179487179486,32.89513161117488
7320,3.0801998539587365,3.7256646792287524,175.87179487179486,32.89513161117488
7321,3.0801998539587365,3.7256646792287524,175.87179487179486,32.89513161117488
7322,3.0801998539587365,3.7256646792287524,175.87179487179486,32.89513161117488
7323,3.0801998539587365,3.7256646792287524,175.87179487179486,32.89513161117488
7324,3.0801998539587365,3.7256646792287524,175.87179487179486,32.89513161117488
7325,3.0801998539587365,3.7256646792287524,175.87179487179486,32.89513161117488
7326,3.0801998539587365,3.7256646792287524,175.87179487179486,32.89513161117488
7327,3.0801998539587365,3.7256646792287524,175.87179487179486,32.89513161117488
7328,3.0801998539587365,3.7256646792287524,175.87179487179486,32.89513161117488
7329,3.0801998539587365,3.7256646792287524,175.87179487179486,32.89513161117488
7330,3.0801998539587365,3.7256646792287524,175.87179487179486,32.89513161117488
7331,3.0801998539587365,3.7256646792287524,175.87179487179486,32.89513161117488
7332,3.0801998539587365,3.7256646792287524,175.87179487179486,32.89513161117488
7333,3.0801998539587365,3.7256646792287524,175.87179487179486,32.89513161117488
7334,3.0801998539587365,3.7256646792287524,175.87179487179486,32.89513161117488
7335,3.0801998539587365,3.7256646792287524,175.87179487179486,32.89513161117488
7336,3.0801998539587365,3.7256646792287524,175.87179487179486,32.89513161117488
7337,3.0801998539587365,3.7256646792287524,175.87179487179486,32.89513161117488
7338,3.0801998539587365,3.7256646792287524,175.87179487179486,32.89513161117488
7339,3.0801998539587365,3.7256646792287524,175.87179487179486,32.89513161117488
7340,3.0801998539587365,3.7256646792287524,175.87179487179486,32.89513161117488
7341,3.0801998539587365,3.7256646792287524,175.87179487179486,32.89513161117488
7342,3.0801998539587365,3.7256646792287524,175.87179487179486,32.89513161117488
7343,3.0801998539587365,3.7256646792287524,175.87179487179486,32.89513161117488
7344,2.8230615449579974,3.547648623236587,168.15384615384616,31.72420919957263
7345,2.8230615449579974,3.547648623236587,168.15384615384616,31.72420919957263
7346,2.8230615449579974,3.547648623236587,168.15384615384616,31.72420919957263
7347,2.8230615449579974,3.547648623236587,168.15384615384616,31.72420919957263
7348,2.8230615449579974,3.547648623236587,168.15384615384616,31.72420919957263
7349,2.8230615449579974,3.547648623236587,168.15384615384616,31.72420919957263
7350,2.8230615449579974,3.547648623236587,168.15384615384616,31.72420919957263
7351,2.8230615449579974,3.547648623236587,168.15384615384616,31.72420919957263
7352,2.8230615449579974,3.547648623236587,168.15384615384616,31.72420919957263
7353,2.8230615449579974,3.547648623236587,168.15384615384616,31.72420919957263
7354,2.8230615449579974,3.547648623236587,168.15384615384616,31.72420919957263
7355,2.8230615449579974,3.547648623236587,168.15384615384616,31.72420919957263
7356,2.8230615449579974,3.547648623236587,168.15384615384616,31.72420919957263
7357,2.8230615449579974,3.547648623236587,168.15384615384616,31.72420919957263
7358,2.8230615449579974,3.547648623236587,168.15384615384616,31.72420919957263
7359,2.8230615449579974,3.547648623236587,168.15384615384616,31.72420919957263
7360,2.8230615449579974,3.547648623236587,168.15384615384616,31.72420919957263
7361,2.8230615449579974,3.547648623236587,168.15384615384616,31.72420919957263
7362,2.8230615449579974,3.547648623236587,168.15384615384616,31.72420919957263
7363,2.8230615449579974,3.547648623236587,168.15384615384616,31.72420919957263
7364,2.8230615449579974,3.547648623236587,168.15384615384616,31.72420919957263
7365,2.8230615449579974,3.547648623236587,168.15384615384616,31.72420919957263
7366,2.8230615449579974,3.547648623236587,168.15384615384616,31.72420919957263
7367,2.8230615449579974,3.547648623236587,168.15384615384616,31.72420919957263
7368,2.8230615449579974,3.547648623236587,168.15384615384616,31.72420919957263
7369,2.8230615449579974,3.547648623236587,168.15384615384616,31.72420919957263
7370,2.8230615449579974,3.547648623236587,168.15384615384616,31.72420919957263
7371,2.8230615449579974,3.547648623236587,168.15384615384616,31.72420919957263
7372,2.8230615449579974,3.547648623236587,168.15384615384616,31.72420919957263
7373,2.8230615449579974,3.547648623236587,168.15384615384616,31.72420919957263
7374,2.8230615449579974,3.547648623236587,168.15384615384616,31.72420919957263
7375,3.0801998539587365,3.7256646792287524,175.87179487179486,32.89513161117488
7376,3.0801998539587365,3.7256646792287524,175.87179487179486,32.89513161117488
7377,3.0801998539587365,3.7256646792287524,175.87179487179486,32.89513161117488
7378,3.0801998539587365,3.7256646792287524,175.87179487179486,32.89513161117488
7379,3.0801998539587365,3.7256646792287524,175.87179487179486,32.89513161117488
7380,3.0801998539587365,3.7256646792287524,175.87179487179486,32.89513161117488
7381,3.0801998539587365,3.7256646792287524,175.87179487179486,32.89513161117488
7382,3.0801998539587365,3.7256646792287524,175.87179487179486,32.89513161117488
7383,3.0801998539587365,3.7256646792287524,175.87179487179486,32.89513161117488
7384,3.0801998539587365,3.7256646792287524,175.87179487179486,32.89513161117488
7385,3.0801998539587365,3.7256646792287524,175.87179487179486,32.89513161117488
7386,3.0801998539587365,3.7256646792287524,175.87179487179486,32.89513161117488
7387,3.0801998539587365,3.7256646792287524,175.87179487179486,32.89513161117488
7388,3.0801998539587365,3.7256646792287524,175.87179487179486,32.89513161117488
7389,3.0801998539587365,3.7256646792287524,175.87179487179486,32.89513161117488
7390,3.0801998539587365,3.7256646792287524,175.87179487179486,32.89513161117488
7391,3.0801998539587365,3.7256646792287524,175.87179487179486,32.89513161117488
7392,3.0801998539587365,3.7256646792287524,175.87179487179486,32.89513161117488
7393,3.0801998539587365,3.7256646792287524,175.87179487179486,32.89513161117488
7394,3.0801998539587365,3.7256646792287524,175.87179487179486,32.89513161117488
7395,3.0801998539587365,3.7256646792287524,175.87179487179486,32.89513161117488
7396,3.0801998539587365,3.7256646792287524,175.87179487179486,32.89513161117488
7397,3.0801998539587365,3.7256646792287524,175.87179487179486,32.89513161117488
7398,3.0801998539587365,3.7256646792287524,175.87179487179486,32.89513161117488
7399,3.0801998539587365,3.7256646792287524,175.87179487179486,32.89513161117488
7400,3.0801998539587365,3.7256646792287524,175.87179487179486,32.89513161117488
7401,3.0801998539587365,3.7256646792287524,175.87179487179486,32.89513161117488
7402,3.0801998539587365,3.7256646792287524,175.87179487179486,32.89513161117488
7403,3.0801998539587365,3.7256646792287524,175.87179487179486,32.89513161117488
7404,3.0801998539587365,3.7256646792287524,175.87179487179486,32.89513161117488
7405,3.0801998539587365,3.7256646792287524,175.87179487179486,32.89513161117488
7406,3.0801998539587365,3.7256646792287524,175.87179487179486,32.89513161117488
7407,2.8230615449579974,3.547648623236587,168.15384615384616,31.72420919957263
7408,2.8230615449579974,3.547648623236587,168.15384615384616,31.72420919957263
7409,2.8230615449579974,3.547648623236587,168.15384615384616,31.72420919957263
7410,2.8230615449579974,3.547648623236587,168.15384615384616,31.72420919957263
7411,2.8230615449579974,3.547648623236587,168.15384615384616,31.72420919957263
7412,2.8230615449579974,3.547648623236587,168.15384615384616,31.72420919957263
7413,2.8230615449579974,3.547648623236587,168.15384615384616,31.72420919957263
7414,2.8230615449579974,3.547648623236587,168.15384615384616,31.72420919957263
7415,2.8230615449579974,3.547648623236587,168.15384615384616,31.72420919957263
7416,2.8230615449579974,3.547648623236587,168.15384615384616,31.72420919957263
7417,2.8230615449579974,3.547648623236587,168.15384615384616,31.72420919957263
7418,2.8230615449579974,3.547648623236587,168.15384615384616,31.72420919957263
7419,2.8230615449579974,3.547648623236587,168.15384615384616,31.72420919957263
7420,2.8230615449579974,3.547648623236587,168.15384615384616,31.72420919957263
7421,2.8230615449579974,3.547648623236587,168.15384615384616,31.72420919957263
7422,2.8230615449579974,3.547648623236587,168.15384615384616,31.72420919957263
7423,2.8230615449579974,3.547648623236587,168.15384615384616,31.72420919957263
7424,2.8230615449579974,3.547648623236587,168.15384615384616,31.72420919957263
7425,2.8230615449579974,3.547648623236587,168.15384615384616,31.72420919957263
7426,2.8230615449579974,3.547648623236587,168.15384615384616,31.72420919957263
7427,2.8230615449579974,3.547648623236587,168.15384615384616,31.72420919957263
7428,2.8230615449579974,3.547648623236587,168.15384615384616,31.72420919957263
7429,2.8230615449579974,3.547648623236587,168.15384615384616,31.72420919957263
7430,2.8230615449579974,3.547648623236587,168.15384615384616,31.72420919957263
7431,2.8230615449579974,3.547648623236587,168.15384615384616,31.72420919957263
7432,2.8230615449579974,3.547648623236587,168.15384615384616,31.72420919957263
7433,2.8230615449579974,3.547648623236587,168.15384615384616,31.72420919957263
7434,2.8230615449579974,3.547648623236587,168.15384615384616,31.72420919957263
7435,2.8230615449579974,3.547648623236587,168.15384615384616,31.72420919957263
7436,2.8230615449579974,3.547648623236587,168.15384615384616,31.72420919957263
7437,3.0801998539587365,3.7256646792287524,175.87179487179486,32.89513161117488
7438,3.0801998539587365,3.7256646792287524,175.87179487179486,32.89513161117488
7439,3.0801998539587365,3.7256646792287524,175.87179487179486,32.89513161117488
7440,3.0801998539587365,3.7256646792287524,175.87179487179486,32.89513161117488
7441,3.0801998539587365,3.7256646792287524,175.87179487179486,32.89513161117488
7442,3.0801998539587365,3.7256646792287524,175.87179487179486,32.89513161117488
7443,3.0801998539587365,3.7256646792287524,175.87179487179486,32.89513161117488
7444,3.0801998539587365,3.7256646792287524,175.87179487179486,32.89513161117488
7445,3.0801998539587365,3.7256646792287524,175.87179487179486,32.89513161117488
7446,3.0801998539587365,3.7256646792287524,175.87179487179486,32.89513161117488
7447,3.0801998539587365,3.7256646792287524,175.87179487179486,32.89513161117488
7448,3.0801998539587365,3.7256646792287524,175.87179487179486,32.89513161117488
7449,3.0801998539587365,3.7256646792287524,175.87179487179486,32.89513161117488
7450,3.0801998539587365,3.7256646792287524,175.87179487179486,32.89513161117488
7451,3.0801998539587365,3.7256646792287524,175.87179487179486,32.89513161117488
7452,3.0801998539587365,3.7256646792287524,175.87179487179486,32.89513161117488
7453,3.0801998539587365,3.7256646792287524,175.87179487179486,32.89513161117488
7454,3.0801998539587365,3.7256646792287524,175.87179487179486,32.89513161117488
7455,3.0801998539587365,3.7256646792287524,175.87179487179486,32.89513161117488
7456,3.0801998539587365,3.7256646792287524,175.87179487179486,32.89513161117488
7457,3.0801998539587365,3.7256646792287524,175.87179487179486,32.89513161117488
7458,3.0801998539587365,3.7256646792287524,175.87179487179486,32.89513161117488
7459,3.0801998539587365,3.7256646792287524,175.87179487179486,32.89513161117488
7460,3.0801998539587365,3.7256646792287524,175.87179487179486,32.89513161117488
7461,3.0801998539587365,3.7256646792287524,175.87179487179486,32.89513161117488
7462,3.0801998539587365,3.7256646792287524,175.87179487179486,32.89513161117488
7463,3.0801998539587365,3.7256646792287524,175.87179487179486,32.89513161117488
7464,3.0801998539587365,3.7256646792287524,175.87179487179486,32.89513161117488
7465,3.0801998539587365,3.7256646792287524,175.87179487179486,32.89513161117488
7466,3.0801998539587365,3.7256646792287524,175.87179487179486,32.89513161117488
7467,3.0801998539587365,3.7256646792287524,175.87179487179486,32.89513161117488
7468,2.705265103608962,3.3338296869876403,165.33333333333334,31.798484268220875
7469,2.705265103608962,3.3338296869876403,165.33333333333334,31.798484268220875
7470,2.705265103608962,3.3338296869876403,165.33333333333334,31.798484268220875
7471,2.705265103608962,3.3338296869876403,165.33333333333334,31.798484268220875
7472,2.705265103608962,3.3338296869876403,165.33333333333334,31.798484268220875
7473,2.705265103608962,3.3338296869876403,165.33333333333334,31.798484268220875
7474,2.705265103608962,3.3338296869876403,165.33333333333334,31.798484268220875
7475,2.705265103608962,3.3338296869876403,165.33333333333334,31.798484268220875
7476,2.705265103608962,3.3338296869876403,165.33333333333334,31.798484268220875
7477,2.705265103608962,3.3338296869876403,165.33333333333334,31.798484268220875
7478,2.705265103608962,3.3338296869876403,165.33333333333334,31.798484268220875
7479,2.705265103608962,3.3338296869876403,165.33333333333334,31.798484268220875
7480,2.705265103608962,3.3338296869876403,165.33333333333334,31.798484268220875
7481,2.705265103608962,3.3338296869876403,165.33333333333334,31.798484268220875
7482,2.705265103608962,3.3338296869876403,165.33333333333334,31.798484268220875
7483,2.705265103608962,3.3338296869876403,165.33333333333334,31.798484268220875
7484,2.705265103608962,3.3338296869876403,165.33333333333334,31.798484268220875
7485,2.705265103608962,3.3338296869876403,165.33333333333334,31.798484268220875
7486,2.705265103608962,3.3338296869876403,165.33333333333334,31.798484268220875
7487,2.705265103608962,3.3338296869876403,165.33333333333334,31.798484268220875
7488,2.705265103608962,3.3338296869876403,165.33333333333334,31.798484268220875
7489,2.705265103608962,3.3338296869876403,165.33333333333334,31.798484268220875
7490,2.705265103608962,3.3338296869876403,165.33333333333334,31.798484268220875
7491,2.705265103608962,3.3338296869876403,165.33333333333334,31.798484268220875
7492,2.705265103608962,3.3338296869876403,165.33333333333334,31.798484268220875
7493,2.705265103608962,3.3338296869876403,165.33333333333334,31.798484268220875
7494,2.705265103608962,3.3338296869876403,165.33333333333334,31.798484268220875
7495,2.705265103608962,3.3338296869876403,165.33333333333334,31.798484268220875
7496,3.010811924094926,3.6673676963853836,175.5897435897436,33.3170280917897
7497,3.010811924094926,3.6673676963853836,175.5897435897436,33.3170280917897
7498,3.010811924094926,3.6673676963853836,175.5897435897436,33.3170280917897
7499,3.010811924094926,3.6673676963853836,175.5897435897436,33.3170280917897
7500,3.010811924094926,3.6673676963853836,175.5897435897436,33.3170280917897
7501,3.010811924094926,3.6673676963853836,175.5897435897436,33.3170280917897
7502,3.010811924094926,3.6673676963853836,175.5897435897436,33.3170280917897
7503,3.010811924094926,3.6673676963853836,175.5897435897436,33.3170280917897
7504,3.010811924094926,3.6673676963853836,175.5897435897436,33.3170280917897
7505,3.010811924094926,3.6673676963853836,175.5897435897436,33.3170280917897
7506,3.010811924094926,3.6673676963853836,175.5897435897436,33.3170280917897
7507,3.010811924094926,3.6673676963853836,175.5897435897436,33.3170280917897
7508,3.010811924094926,3.6673676963853836,175.5897435897436,33.3170280917897
7509,3.010811924094926,3.6673676963853836,175.5897435897436,33.3170280917897
7510,3.010811924094926,3.6673676963853836,175.5897435897436,33.3170280917897
7511,3.010811924094926,3.6673676963853836,175.5897435897436,33.3170280917897
7512,3.010811924094926,3.6673676963853836,175.5897435897436,33.3170280917897
7513,3.010811924094926,3.6673676963853836,175.5897435897436,33.3170280917897
7514,3.010811924094926,3.6673676963853836,175.5897435897436,33.3170280917897
7515,3.010811924094926,3.6673676963853836,175.5897435897436,33.3170280917897
7516,3.010811924094926,3.6673676963853836,175.5897435897436,33.3170280917897
7517,3.010811924094926,3.6673676963853836,175.5897435897436,33.3170280917897
7518,3.010811924094926,3.6673676963853836,175.5897435897436,33.3170280917897
7519,3.010811924094926,3.6673676963853836,175.5897435897436,33.3170280917897
7520,3.010811924094926,3.6673676963853836,175.5897435897436,33.3170280917897
7521,3.010811924094926,3.6673676963853836,175.5897435897436,33.3170280917897
7522,3.010811924094926,3.6673676963853836,175.5897435897436,33.3170280917897
7523,3.010811924094926,3.6673676963853836,175.5897435897436,33.3170280917897
7524,3.010811924094926,3.6673676963853836,175.5897435897436,33.3170280917897
7525,2.705265103608962,3.3338296869876403,165.33333333333334,31.798484268220875
7526,2.705265103608962,3.3338296869876403,165.33333333333334,31.798484268220875
7527,2.705265103608962,3.3338296869876403,165.33333333333334,31.798484268220875
7528,2.705265103608962,3.3338296869876403,165.33333333333334,31.798484268220875
7529,2.705265103608962,3.3338296869876403,165.33333333333334,31.798484268220875
7530,2.705265103608962,3.3338296869876403,165.33333333333334,31.798484268220875
7531,2.705265103608962,3.3338296869876403,165.33333333333334,31.798484268220875
7532,2.705265103608962,3.3338296869876403,165.33333333333334,31.798484268220875
7533,2.705265103608962,3.3338296869876403,165.33333333333334,31.798484268220875
7534,2.705265103608962,3.3338296869876403,165.33333333333334,31.798484268220875
7535,2.705265103608962,3.3338296869876403,165.33333333333334,31.798484268220875
7536,2.705265103608962,3.3338296869876403,165.33333333333334,31.798484268220875
7537,2.705265103608962,3.3338296869876403,165.33333333333334,31.798484268220875
7538,2.705265103608962,3.3338296869876403,165.33333333333334,31.798484268220875
7539,2.705265103608962,3.3338296869876403,165.33333333333334,31.798484268220875
7540,2.705265103608962,3.3338296869876403,165.33333333333334,31.798484268220875
7541,2.705265103608962,3.3338296869876403,165.33333333333334,31.798484268220875
7542,2.705265103608962,3.3338296869876403,165.33333333333334,31.798484268220875
7543,2.705265103608962,3.3338296869876403,165.33333333333334,31.798484268220875
7544,2.705265103608962,3.3338296869876403,165.33333333333334,31.798484268220875
7545,2.705265103608962,3.3338296869876403,165.33333333333334,31.798484268220875
7546,2.705265103608962,3.3338296869876403,165.33333333333334,31.798484268220875
7547,2.705265103608962,3.3338296869876403,165.33333333333334,31.798484268220875
7548,2.705265103608962,3.3338296869876403,165.33333333333334,31.798484268220875
7549,2.705265103608962,3.3338296869876403,165.33333333333334,31.798484268220875
7550,2.705265103608962,3.3338296869876403,165.33333333333334,31.798484268220875
7551,2.705265103608962,3.3338296869876403,165.33333333333334,31.798484268220875
7552,3.010811924094926,3.6673676963853836,175.5897435897436,33.3170280917897
7553,3.010811924094926,3.6673676963853836,175.5897435897436,33.3170280917897
7554,3.010811924094926,3.6673676963853836,175.5897435897436,33.3170280917897
7555,3.010811924094926,3.6673676963853836,175.5897435897436,33.3170280917897
7556,3.010811924094926,3.6673676963853836,175.5897435897436,33.3170280917897
7557,3.010811924094926,3.6673676963853836,175.5897435897436,33.3170280917897
7558,3.010811924094926,3.6673676963853836,175.5897435897436,33.3170280917897
7559,3.010811924094926,3.6673676963853836,175.5897435897436,33.3170280917897
7560,3.010811924094926,3.6673676963853836,175.5897435897436,33.3170280917897
7561,3.010811924094926,3.6673676963853836,175.5897435897436,33.3170280917897
7562,3.010811924094926,3.6673676963853836,175.5897435897436,33.3170280917897
7563,3.010811924094926,3.6673676963853836,175.5897435897436,33.3170280917897
7564,3.010811924094926,3.6673676963853836,175.5897435897436,33.3170280917897
7565,3.010811924094926,3.6673676963853836,175.5897435897436,33.3170280917897
7566,3.010811924094926,3.6673676963853836,175.5897435897436,33.3170280917897
7567,3.010811924094926,3.6673676963853836,175.5897435897436,33.3170280917897
7568,3.010811924094926,3.6673676963853836,175.5897435897436,33.3170280917897
7569,3.010811924094926,3.6673676963853836,175.5897435897436,33.3170280917897
7570,3.010811924094926,3.6673676963853836,175.5897435897436,33.3170280917897
7571,3.010811924094926,3.6673676963853836,175.5897435897436,33.3170280917897
7572,3.010811924094926,3.6673676963853836,175.5897435897436,33.3170280917897
7573,3.010811924094926,3.6673676963853836,175.5897435897436,33.3170280917897
7574,3.010811924094926,3.6673676963853836,175.5897435897436,33.3170280917897
7575,3.010811924094926,3.6673676963853836,175.5897435897436,33.3170280917897
7576,3.010811924094926,3.6673676963853836,175.5897435897436,33.3170280917897
7577,3.010811924094926,3.6673676963853836,175.5897435897436,33.3170280917897
7578,3.010811924094926,3.6673676963853836,175.5897435897436,33.3170280917897
7579,3.010811924094926,3.6673676963853836,175.5897435897436,33.3170280917897
7580,2.705265103608962,3.3338296869876403,165.33333333333334,31.798484268220875
7581,2.705265103608962,3.3338296869876403,165.33333333333334,31.798484268220875
7582,2.705265103608962,3.3338296869876403,165.33333333333334,31.798484268220875
7583,2.705265103608962,3.3338296869876403,165.33333333333334,31.798484268220875
7584,2.705265103608962,3.3338296869876403,165.33333333333334,31.798484268220875
7585,2.705265103608962,3.3338296869876403,165.33333333333334,31.798484268220875
7586,2.705265103608962,3.3338296869876403,165.33333333333334,31.798484268220875
7587,2.705265103608962,3.3338296869876403,165.33333333333334,31.798484268220875
7588,2.705265103608962,3.3338296869876403,165.33333333333334,31.798484268220875
7589,2.705265103608962,3.3338296869876403,165.33333333333334,31.798484268220875
7590,2.705265103608962,3.3338296869876403,165.33333333333334,31.798484268220875
7591,2.705265103608962,3.3338296869876403,165.33333333333334,31.798484268220875
7592,2.705265103608962,3.3338296869876403,165.33333333333334,31.798484268220875
7593,2.705265103608962,3.3338296869876403,165.33333333333334,31.798484268220875
7594,2.705265103608962,3.3338296869876403,165.33333333333334,31.798484268220875
7595,2.705265103608962,3.3338296869876403,165.33333333333334,31.798484268220875
7596,2.705265103608962,3.3338296869876403,165.33333333333334,31.798484268220875
7597,2.705265103608962,3.3338296869876403,165.33333333333334,31.798484268220875
7598,2.705265103608962,3.3338296869876403,165.33333333333334,31.798484268220875
7599,2.705265103608962,3.3338296869876403,165.33333333333334,31.798484268220875
7600,2.705265103608962,3.3338296869876403,165.33333333333334,31.798484268220875
7601,2.705265103608962,3.3338296869876403,165.33333333333334,31.798484268220875
7602,2.705265103608962,3.3338296869876403,165.33333333333334,31.798484268220875
7603,2.705265103608962,3.3338296869876403,165.33333333333334,31.798484268220875
7604,2.705265103608962,3.3338296869876403,165.33333333333334,31.798484268220875
7605,3.010811924094926,3.6673676963853836,175.5897435897436,33.3170280917897
7606,3.010811924094926,3.6673676963853836,175.5897435897436,33.3170280917897
7607,3.010811924094926,3.6673676963853836,175.5897435897436,33.3170280917897
7608,3.010811924094926,3.6673676963853836,175.5897435897436,33.3170280917897
7609,3.010811924094926,3.6673676963853836,175.5897435897436,33.3170280917897
7610,3.010811924094926,3.6673676963853836,175.5897435897436,33.3170280917897
7611,3.010811924094926,3.6673676963853836,175.5897435897436,33.3170280917897
7612,3.010811924094926,3.6673676963853836,175.5897435897436,33.3170280917897
7613,3.010811924094926,3.6673676963853836,175.5897435897436,33.3170280917897
7614,3.010811924094926,3.6673676963853836,175.5897435897436,33.3170280917897
7615,3.010811924094926,3.6673676963853836,175.5897435897436,33.3170280917897
7616,3.010811924094926,3.6673676963853836,175.5897435897436,33.3170280917897
7617,3.010811924094926,3.6673676963853836,175.5897435897436,33.3170280917897
7618,3.010811924094926,3.6673676963853836,175.5897435897436,33.3170280917897
7619,3.010811924094926,3.6673676963853836,175.5897435897436,33.3170280917897
7620,3.010811924094926,3.6673676963853836,175.5897435897436,33.3170280917897
7621,3.010811924094926,3.6673676963853836,175.5897435897436,33.3170280917897
7622,3.010811924094926,3.6673676963853836,175.5897435897436,33.3170280917897
7623,3.010811924094926,3.6673676963853836,175.5897435897436,33.3170280917897
7624,3.010811924094926,3.6673676963853836,175.5897435897436,33.3170280917897
7625,3.010811924094926,3.6673676963853836,175.5897435897436,33.3170280917897
7626,3.010811924094926,3.6673676963853836,175.5897435897436,33.3170280917897
7627,3.010811924094926,3.6673676963853836,175.5897435897436,33.3170280917897
7628,3.010811924094926,3.6673676963853836,175.5897435897436,33.3170280917897
7629,3.010811924094926,3.6673676963853836,175.5897435897436,33.3170280917897
7630,3.010811924094926,3.6673676963853836,175.5897435897436,33.3170280917897
7631,2.705265103608962,3.3338296869876403,165.33333333333334,31.798484268220875
7632,2.705265103608962,3.3338296869876403,165.33333333333334,31.798484268220875
7633,2.705265103608962,3.3338296869876403,165.33333333333334,31.798484268220875
7634,2.705265103608962,3.3338296869876403,165.33333333333334,31.798484268220875
7635,2.705265103608962,3.3338296869876403,165.33333333333334,31.798484268220875
7636,2.705265103608962,3.3338296869876403,165.33333333333334,31.798484268220875
7637,2.705265103608962,3.3338296869876403,165.33333333333334,31.798484268220875
7638,2.705265103608962,3.3338296869876403,165.33333333333334,31.798484268220875
7639,2.705265103608962,3.3338296869876403,165.33333333333334,31.798484268220875
7640,2.705265103608962,3.3338296869876403,165.33333333333334,31.798484268220875
7641,2.705265103608962,3.3338296869876403,165.33333333333334,31.798484268220875
7642,2.705265103608962,3.3338296869876403,165.33333333333334,31.798484268220875
7643,2.705265103608962,3.3338296869876403,165.33333333333334,31.798484268220875
7644,2.705265103608962,3.3338296869876403,165.33333333333334,31.798484268220875
7645,2.705265103608962,3.3338296869876403,165.33333333333334,31.798484268220875
7646,2.705265103608962,3.3338296869876403,165.33333333333334,31.798484268220875
7647,2.705265103608962,3.3338296869876403,165.33333333333334,31.798484268220875
7648,2.705265103608962,3.3338296869876403,165.33333333333334,31.798484268220875
7649,2.705265103608962,3.3338296869876403,165.33333333333334,31.798484268220875
7650,2.705265103608962,3.3338296869876403,165.33333333333334,31.798484268220875
7651,2.705265103608962,3.3338296869876403,165.33333333333334,31.798484268220875
7652,2.705265103608962,3.3338296869876403,165.33333333333334,31.798484268220875
7653,2.705265103608962,3.3338296869876403,165.33333333333334,31.798484268220875
7654,3.010811924094926,3.6673676963853836,175.5897435897436,33.3170280917897
7655,3.010811924094926,3.6673676963853836,175.5897435897436,33.3170280917897
7656,3.010811924094926,3.6673676963853836,175.5897435897436,33.3170280917897
7657,3.010811924094926,3.6673676963853836,175.5897435897436,33.3170280917897
7658,3.010811924094926,3.6673676963853836,175.5897435897436,33.3170280917897
7659,3.010811924094926,3.6673676963853836,175.5897435897436,33.3170280917897
7660,3.010811924094926,3.6673676963853836,175.5897435897436,33.3170280917897
7661,3.010811924094926,3.6673676963853836,175.5897435897436,33.3170280917897
7662,3.010811924094926,3.6673676963853836,175.5897435897436,33.3170280917897
7663,3.010811924094926,3.6673676963853836,175.5897435897436,33.3170280917897
7664,3.010811924094926,3.6673676963853836,175.5897435897436,33.3170280917897
7665,3.010811924094926,3.6673676963853836,175.5897435897436,33.3170280917897
7666,3.010811924094926,3.6673676963853836,175.5897435897436,33.3170280917897
7667,3.010811924094926,3.6673676963853836,175.5897435897436,33.3170280917897
7668,3.010811924094926,3.6673676963853836,175.5897435897436,33.3170280917897
7669,3.010811924094926,3.6673676963853836,175.5897435897436,33.3170280917897
7670,3.010811924094926,3.6673676963853836,175.5897435897436,33.3170280917897
7671,3.010811924094926,3.6673676963853836,175.5897435897436,33.3170280917897
7672,3.010811924094926,3.6673676963853836,175.5897435897436,33.3170280917897
7673,3.010811924094926,3.6673676963853836,175.5897435897436,33.3170280917897
7674,3.010811924094926,3.6673676963853836,175.5897435897436,33.3170280917897
7675,3.010811924094926,3.6673676963853836,175.5897435897436,33.3170280917897
7676,3.010811924094926,3.6673676963853836,175.5897435897436,33.3170280917897
7677,3.010811924094926,3.6673676963853836,175.5897435897436,33.3170280917897
7678,2.705265103608962,3.3338296869876403,165.33333333333334,31.798484268220875
7679,2.705265103608962,3.3338296869876403,165.33333333333334,31.798484268220875
7680,2.705265103608962,3.3338296869876403,165.33333333333334,31.798484268220875
7681,2.705265103608962,3.3338296869876403,165.33333333333334,31.798484268220875
7682,2.705265103608962,3.3338296869876403,165.33333333333334,31.798484268220875
7683,2.705265103608962,3.3338296869876403,165.33333333333334,31.798484268220875
7684,2.705265103608962,3.3338296869876403,165.33333333333334,31.798484268220875
7685,2.705265103608962,3.3338296869876403,165.33333333333334,31.798484268220875
7686,2.705265103608962,3.3338296869876403,165.33333333333334,31.798484268220875
7687,2.705265103608962,3.3338296869876403,165.33333333333334,31.798484268220875
7688,2.705265103608962,3.3338296869876403,165.33333333333334,31.798484268220875
7689,2.705265103608962,3.3338296869876403,165.33333333333334,31.798484268220875
7690,2.705265103608962,3.3338296869876403,165.33333333333334,31.798484268220875
7691,2.705265103608962,3.3338296869876403,165.33333333333334,31.798484268220875
7692,2.705265103608962,3.3338296869876403,165.33333333333334,31.798484268220875
7693,2.705265103608962,3.3338296869876403,165.33333333333334,31.798484268220875
7694,2.705265103608962,3.3338296869876403,165.33333333333334,31.798484268220875
7695,2.705265103608962,3.3338296869876403,165.33333333333334,31.798484268220875
7696,2.705265103608962,3.3338296869876403,165.33333333333334,31.798484268220875
7697,2.705265103608962,3.3338296869876403,165.33333333333334,31.798484268220875
7698,2.705265103608962,3.3338296869876403,165.33333333333334,31.798484268220875
7699,3.010811924094926,3.6673676963853836,175.5897435897436,33.3170280917897
7700,3.010811924094926,3.6673676963853836,175.5897435897436,33.3170280917897
7701,3.010811924094926,3.6673676963853836,175.5897435897436,33.3170280917897
7702,3.010811924094926,3.6673676963853836,175.5897435897436,33.3170280917897
7703,3.010811924094926,3.6673676963853836,175.5897435897436,33.3170280917897
7704,3.010811924094926,3.6673676963853836,175.5897435897436,33.3170280917897
7705,3.010811924094926,3.6673676963853836,175.5897435897436,33.3170280917897
7706,3.010811924094926,3.6673676963853836,175.5897435897436,33.3170280917897
7707,3.010811924094926,3.6673676963853836,175.5897435897436,33.3170280917897
7708,3.010811924094926,3.6673676963853836,175.5897435897436,33.3170280917897
7709,3.010811924094926,3.6673676963853836,175.5897435897436,33.3170280917897
7710,3.010811924094926,3.6673676963853836,175.5897435897436,33.3170280917897
7711,3.010811924094926,3.6673676963853836,175.5897435897436,33.3170280917897
7712,3.010811924094926,3.6673676963853836,175.5897435897436,33.3170280917897
7713,3.010811924094926,3.6673676963853836,175.5897435897436,33.3170280917897
7714,3.010811924094926,3.6673676963853836,175.5897435897436,33.3170280917897
7715,3.010811924094926,3.6673676963853836,175.5897435897436,33.3170280917897
7716,3.010811924094926,3.6673676963853836,175.5897435897436,33.3170280917897
7717,3.010811924094926,3.6673676963853836,175.5897435897436,33.3170280917897
7718,3.010811924094926,3.6673676963853836,175.5897435897436,33.3170280917897
7719,3.010811924094926,3.6673676963853836,175.5897435897436,33.3170280917897
7720,3.010811924094926,3.6673676963853836,175.5897435897436,33.3170280917897
7721,2.705265103608962,3.3338296869876403,165.33333333333334,31.798484268220875
7722,2.705265103608962,3.3338296869876403,165.33333333333334,31.798484268220875
7723,2.705265103608962,3.3338296869876403,165.33333333333334,31.798484268220875
7724,2.705265103608962,3.3338296869876403,165.33333333333334,31.798484268220875
7725,2.705265103608962,3.3338296869876403,165.33333333333334,31.798484268220875
7726,2.705265103608962,3.3338296869876403,165.33333333333334,31.798484268220875
7727,2.705265103608962,3.3338296869876403,165.33333333333334,31.798484268220875
7728,2.705265103608962,3.3338296869876403,165.33333333333334,31.798484268220875
7729,2.705265103608962,3.3338296869876403,165.33333333333334,31.798484268220875
7730,2.705265103608962,3.3338296869876403,165.33333333333334,31.798484268220875
7731,2.705265103608962,3.3338296869876403,165.33333333333334,31.798484268220875
7732,2.705265103608962,3.3338296869876403,165.33333333333334,31.798484268220875
7733,2.705265103608962,3.3338296869876403,165.33333333333334,31.798484268220875
7734,2.705265103608962,3.3338296869876403,165.33333333333334,31.798484268220875
7735,2.705265103608962,3.3338296869876403,165.33333333333334,31.798484268220875
7736,2.705265103608962,3.3338296869876403,165.33333333333334,31.798484268220875
7737,2.705265103608962,3.3338296869876403,165.33333333333334,31.798484268220875
7738,2.705265103608962,3.3338296869876403,165.33333333333334,31.798484268220875
7739,2.705265103608962,3.3338296869876403,165.33333333333334,31.798484268220875
7740,3.010811924094926,3.6673676963853836,175.5897435897436,33.3170280917897
7741,3.010811924094926,3.6673676963853836,175.5897435897436,33.3170280917897
7742,3.010811924094926,3.6673676963853836,175.5897435897436,33.3170280917897
7743,3.010811924094926,3.6673676963853836,175.5897435897436,33.3170280917897
7744,3.010811924094926,3.6673676963853836,175.5897435897436,33.3170280917897
7745,3.010811924094926,3.6673676963853836,175.5897435897436,33.3170280917897
7746,3.010811924094926,3.6673676963853836,175.5897435897436,33.3170280917897
7747,3.010811924094926,3.6673676963853836,175.5897435897436,33.3170280917897
7748,3.010811924094926,3.6673676963853836,175.5897435897436,33.3170280917897
7749,3.010811924094926,3.6673676963853836,175.5897435897436,33.3170280917897
7750,3.010811924094926,3.6673676963853836,175.5897435897436,33.3170280917897
7751,3.010811924094926,3.6673676963853836,175.5897435897436,33.3170280917897
7752,3.010811924094926,3.6673676963853836,175.5897435897436,33.3170280917897
7753,3.010811924094926,3.6673676963853836,175.5897435897436,33.3170280917897
7754,3.010811924094926,3.6673676963853836,175.5897435897436,33.3170280917897
7755,3.010811924094926,3.6673676963853836,175.5897435897436,33.3170280917897
7756,3.010811924094926,3.6673676963853836,175.5897435897436,33.3170280917897
7757,3.010811924094926,3.6673676963853836,175.5897435897436,33.3170280917897
7758,3.010811924094926,3.6673676963853836,175.5897435897436,33.3170280917897
7759,3.010811924094926,3.6673676963853836,175.5897435897436,33.3170280917897
7760,2.705265103608962,3.3338296869876403,165.33333333333334,31.798484268220875
7761,2.705265103608962,3.3338296869876403,165.33333333333334,31.798484268220875
7762,2.705265103608962,3.3338296869876403,165.33333333333334,31.798484268220875
7763,2.705265103608962,3.3338296869876403,165.33333333333334,31.798484268220875
7764,2.705265103608962,3.3338296869876403,165.33333333333334,31.798484268220875
7765,2.705265103608962,3.3338296869876403,165.33333333333334,31.798484268220875
7766,2.705265103608962,3.3338296869876403,165.33333333333334,31.798484268220875
7767,2.705265103608962,3.3338296869876403,165.33333333333334,31.798484268220875
7768,2.705265103608962,3.3338296869876403,165.33333333333334,31.798484268220875
7769,2.705265103608962,3.3338296869876403,165.33333333333334,31.798484268220875
7770,2.705265103608962,3.3338296869876403,165.33333333333334,31.798484268220875
7771,2.705265103608962,3.3338296869876403,165.33333333333334,31.798484268220875
7772,2.705265103608962,3.3338296869876403,165.33333333333334,31.798484268220875
7773,2.705265103608962,3.3338296869876403,165.33333333333334,31.798484268220875
7774,2.705265103608962,3.3338296869876403,165.33333333333334,31.798484268220875
7775,2.705265103608962,3.3338296869876403,165.33333333333334,31.798484268220875
7776,2.705265103608962,3.3338296869876403,165.33333333333334,31.798484268220875
7777,3.010811924094926,3.6673676963853836,175.5897435897436,33.3170280917897
7778,3.010811924094926,3.6673676963853836,175.5897435897436,33.3170280917897
7779,3.010811924094926,3.6673676963853836,175.5897435897436,33.3170280917897
7780,3.010811924094926,3.6673676963853836,175.5897435897436,33.3170280917897
7781,3.010811924094926,3.6673676963853836,175.5897435897436,33.3170280917897
7782,3.010811924094926,3.6673676963853836,175.5897435897436,33.3170280917897
7783,3.010811924094926,3.6673676963853836,175.5897435897436,33.3170280917897
7784,3.010811924094926,3.6673676963853836,175.5897435897436,33.3170280917897
7785,3.010811924094926,3.6673676963853836,175.5897435897436,33.3170280917897
7786,3.010811924094926,3.6673676963853836,175.5897435897436,33.3170280917897
7787,3.010811924094926,3.6673676963853836,175.5897435897436,33.3170280917897
7788,3.010811924094926,3.6673676963853836,175.5897435897436,33.3170280917897
7789,3.010811924094926,3.6673676963853836,175.5897435897436,33.3170280917897
7790,3.010811924094926,3.6673676963853836,175.5897435897436,33.3170280917897
7791,3.010811924094926,3.6673676963853836,175.5897435897436,33.3170280917897
7792,3.010811924094926,3.6673676963853836,175.5897435897436,33.3170280917897
7793,3.010811924094926,3.6673676963853836,175.5897435897436,33.3170280917897
7794,3.010811924094926,3.6673676963853836,175.5897435897436,33.3170280917897
7795,2.705265103608962,3.3338296869876403,165.33333333333334,31.798484268220875
7796,2.705265103608962,3.3338296869876403,165.33333333333334,31.798484268220875
7797,2.705265103608962,3.3338296869876403,165.33333333333334,31.798484268220875
7798,2.705265103608962,3.3338296869876403,165.33333333333334,31.798484268220875
7799,2.705265103608962,3.3338296869876403,165.33333333333334,31.798484268220875
7800,2.705265103608962,3.3338296869876403,165.33333333333334,31.798484268220875
7801,2.705265103608962,3.3338296869876403,165.33333333333334,31.798484268220875
7802,2.705265103608962,3.3338296869876403,165.33333333333334,31.798484268220875
7803,2.705265103608962,3.3338296869876403,165.33333333333334,31.798484268220875
7804,2.705265103608962,3.3338296869876403,165.33333333333334,31.798484268220875
7805,2.705265103608962,3.3338296869876403,165.33333333333334,31.798484268220875
7806,2.705265103608962,3.3338296869876403,165.33333333333334,31.798484268220875
7807,2.705265103608962,3.3338296869876403,165.33333333333334,31.798484268220875
7808,2.705265103608962,3.3338296869876403,165.33333333333334,31.798484268220875
7809,3.010811924094926,3.6673676963853836,175.5897435897436,33.3170280917897
7810,3.010811924094926,3.6673676963853836,175.5897435897436,33.3170280917897
7811,3.010811924094926,3.6673676963853836,175.5897435897436,33.3170280917897
7812,3.010811924094926,3.6673676963853836,175.5897435897436,33.3170280917897
7813,3.010811924094926,3.6673676963853836,175.5897435897436,33.3170280917897
7814,3.010811924094926,3.6673676963853836,175.5897435897436,33.3170280917897
7815,3.010811924094926,3.6673676963853836,175.5897435897436,33.3170280917897
7816,3.010811924094926,3.6673676963853836,175.5897435897436,33.3170280917897
7817,3.010811924094926,3.6673676963853836,175.5897435897436,33.3170280917897
7818,3.010811924094926,3.6673676963853836,175.5897435897436,33.3170280917897
7819,3.010811924094926,3.6673676963853836,175.5897435897436,33.3170280917897
7820,3.010811924094926,3.6673676963853836,175.5897435897436,33.3170280917897
7821,3.010811924094926,3.6673676963853836,175.5897435897436,33.3170280917897
7822,3.010811924094926,3.6673676963853836,175.5897435897436,33.3170280917897
7823,3.010811924094926,3.6673676963853836,175.5897435897436,33.3170280917897
7824,2.705265103608962,3.3338296869876403,165.33333333333334,31.798484268220875
7825,2.705265103608962,3.3338296869876403,165.33333333333334,31.798484268220875
7826,2.705265103608962,3.3338296869876403,165.33333333333334,31.798484268220875
7827,2.705265103608962,3.3338296869876403,165.33333333333334,31.798484268220875
7828,2.705265103608962,3.3338296869876403,165.33333333333334,31.798484268220875
7829,2.705265103608962,3.3338296869876403,165.33333333333334,31.798484268220875
7830,2.705265103608962,3.3338296869876403,165.33333333333334,31.798484268220875
7831,2.705265103608962,3.3338296869876403,165.33333333333334,31.798484268220875
7832,2.705265103608962,3.3338296869876403,165.33333333333334,31.798484268220875
7833,3.010811924094926,3.6673676963853836,175.5897435897436,33.3170280917897
7834,3.010811924094926,3.6673676963853836,175.5897435897436,33.3170280917897
7835,3.010811924094926,3.6673676963853836,175.5897435897436,33.3170280917897
7836,3.010811924094926,3.6673676963853836,175.5897435897436,33.3170280917897
7837,3.010811924094926,3.6673676963853836,175.5897435897436,33.3170280917897
7838,3.010811924094926,3.6673676963853836,175.5897435897436,33.3170280917897
7839,3.010811924094926,3.6673676963853836,175.5897435897436,33.3170280917897
7840,3.010811924094926,3.6673676963853836,175.5897435897436,33.3170280917897
7841,3.010811924094926,3.6673676963853836,175.5897435897436,33.3170280917897
7842,3.010811924094926,3.6673676963853836,175.5897435897436,33.3170280917897
